# Blender 5.0.0
# www.blender.org
mtllib kamien2.mtl
o Sześcian
v -0.975774 -0.975774 0.975774
v -0.975774 0.975774 0.975774
v -0.973585 -0.973585 -0.973585
v -0.973585 0.973585 -0.973585
v 0.975774 -0.975774 0.975774
v 0.975774 0.975774 0.975774
v 0.973585 -0.973585 -0.973585
v 0.973585 0.973585 -0.973585
v -0.967179 -0.967179 -0.968750
v -0.968819 -0.968819 -0.937500
v -0.969186 -0.969186 -0.906250
v -0.966638 -0.966638 -0.781250
v -0.966736 -0.966736 -0.750000
v -0.966723 -0.966723 -0.718750
v -0.968004 -0.968004 -0.687500
v -0.966337 -0.966337 -0.625000
v -0.966382 -0.966382 -0.593750
v -0.966632 -0.966632 -0.562500
v -0.967767 -0.967767 -0.437500
v -0.966857 -0.966857 -0.406250
v -0.966551 -0.966551 -0.250000
v -0.967987 -0.967987 -0.218750
v -0.968960 -0.968960 -0.187500
v -0.969173 -0.969172 -0.156250
v -0.969521 -0.969521 -0.125000
v -0.969549 -0.969549 -0.093750
v -0.969609 -0.969609 -0.031250
v -0.968989 -0.968989 0.000000
v -0.966464 -0.966465 0.187500
v -0.966964 -0.966964 0.218750
v -0.966840 -0.966840 0.250000
v -0.967932 -0.967932 0.281250
v -0.968097 -0.968097 0.312500
v -0.971119 -0.971119 0.343750
v -0.967712 -0.967712 0.375000
v -0.967413 -0.967413 0.406250
v -0.967435 -0.967435 0.437500
v -0.967439 -0.967439 0.468750
v -0.969497 -0.969498 0.500000
v -0.970607 -0.970607 0.531250
v -0.968741 -0.968741 0.562500
v -0.968094 -0.968094 0.625000
v -0.967441 -0.967441 0.750000
v -0.967080 -0.967080 0.812500
v -0.967328 -0.967328 0.843750
v -0.968075 -0.968075 0.968750
v -0.967681 -0.968750 0.967681
v -0.974055 -0.937500 0.974055
v -0.967045 -0.843750 0.967045
v -0.966938 -0.812500 0.966938
v -0.967510 -0.781250 0.967510
v -0.975921 -0.750000 0.975921
v -0.981817 -0.718750 0.981817
v -0.982698 -0.656250 0.982698
v -0.976002 -0.625000 0.976002
v -0.966837 -0.593750 0.966837
v -0.967366 -0.562500 0.967366
v -0.967704 -0.531250 0.967704
v -0.966854 -0.468750 0.966854
v -0.967828 -0.437500 0.967828
v -0.966973 -0.406250 0.966973
v -0.973252 -0.375000 0.973252
v -0.977813 -0.281250 0.977813
v -0.966540 -0.250000 0.966540
v -0.972432 -0.218750 0.972432
v -0.980231 -0.187500 0.980231
v -0.977553 -0.093750 0.977553
v -0.966609 -0.062500 0.966609
v -0.965956 0.093750 0.965956
v -0.976638 0.125000 0.976638
v -0.979171 0.218750 0.979171
v -0.968157 0.250000 0.968157
v -0.979214 0.281250 0.979214
v -0.967504 0.531250 0.967504
v -0.967608 0.562500 0.967608
v -0.966343 0.593750 0.966343
v -0.968042 0.625000 0.968042
v -0.968478 0.656250 0.968478
v -0.982860 0.687500 0.982860
v -0.982692 0.750000 0.982692
v -0.974197 0.781250 0.974197
v -0.966338 0.812500 0.966338
v -0.966516 0.875000 0.966516
v -0.965965 0.906250 0.965965
v -0.966716 0.968750 0.966716
v -0.968075 0.968075 0.968750
v -0.967328 0.967328 0.843750
v -0.967080 0.967080 0.812500
v -0.967441 0.967441 0.750000
v -0.967397 0.967397 0.656250
v -0.968094 0.968094 0.625000
v -0.968741 0.968741 0.562500
v -0.970607 0.970607 0.531250
v -0.969497 0.969497 0.500000
v -0.967439 0.967439 0.468750
v -0.967435 0.967435 0.437500
v -0.967414 0.967413 0.406250
v -0.967712 0.967712 0.375000
v -0.971119 0.971119 0.343750
v -0.968097 0.968096 0.312500
v -0.967932 0.967932 0.281250
v -0.966840 0.966840 0.250000
v -0.966964 0.966964 0.218750
v -0.966465 0.966464 0.187500
v -0.969109 0.969109 0.156250
v -0.968995 0.968995 0.125000
v -0.967555 0.967555 0.093750
v -0.968989 0.968989 -0.000000
v -0.969609 0.969609 -0.031250
v -0.969549 0.969549 -0.093750
v -0.969520 0.969520 -0.125000
v -0.969172 0.969172 -0.156250
v -0.968960 0.968960 -0.187500
v -0.967987 0.967987 -0.218750
v -0.966551 0.966551 -0.250000
v -0.967883 0.967883 -0.312500
v -0.967449 0.967449 -0.343750
v -0.966956 0.966956 -0.375000
v -0.966632 0.966632 -0.562500
v -0.966382 0.966382 -0.593750
v -0.966338 0.966338 -0.625000
v -0.967795 0.967795 -0.656250
v -0.968004 0.968004 -0.687500
v -0.966723 0.966723 -0.718750
v -0.966736 0.966736 -0.750000
v -0.966638 0.966638 -0.781250
v -0.968181 0.968181 -0.875000
v -0.969186 0.969186 -0.906250
v -0.968818 0.968819 -0.937500
v -0.967180 0.967180 -0.968750
v -0.975433 0.968750 -0.975433
v -0.976256 0.875000 -0.976256
v -0.973625 0.781250 -0.973625
v -0.973842 0.750000 -0.973842
v -0.972369 0.687500 -0.972369
v -0.973123 0.593750 -0.973123
v -0.975165 0.562500 -0.975165
v -0.974258 0.437500 -0.974258
v -0.973253 0.406250 -0.973253
v -0.973750 0.281250 -0.973750
v -0.974258 0.218750 -0.974258
v -0.973195 0.000000 -0.973195
v -0.974598 -0.062500 -0.974598
v -0.974937 -0.093750 -0.974937
v -0.975448 -0.125000 -0.975448
v -0.973686 -0.187500 -0.973686
v -0.973120 -0.218750 -0.973120
v -0.974096 -0.250000 -0.974096
v -0.973865 -0.281250 -0.973866
v -0.972387 -0.375000 -0.972386
v -0.974570 -0.625000 -0.974570
v -0.972661 -0.656250 -0.972661
v -0.972049 -0.718750 -0.972048
v -0.971092 -0.750000 -0.971092
v -0.968871 -0.968750 -0.968871
v 0.968750 -0.967179 -0.967179
v 0.937500 -0.968819 -0.968819
v 0.875000 -0.968180 -0.968180
v 0.718750 -0.966723 -0.966723
v 0.656250 -0.967795 -0.967795
v 0.625000 -0.966337 -0.966337
v 0.593750 -0.966382 -0.966382
v 0.562500 -0.966632 -0.966632
v 0.500000 -0.966748 -0.966748
v 0.437500 -0.967767 -0.967767
v 0.406250 -0.966857 -0.966857
v 0.375000 -0.966956 -0.966956
v 0.343750 -0.967449 -0.967450
v 0.312500 -0.967883 -0.967883
v -0.093750 -0.967555 -0.967555
v -0.125000 -0.968995 -0.968995
v -0.156250 -0.969109 -0.969109
v -0.187500 -0.966465 -0.966465
v -0.218750 -0.966964 -0.966964
v -0.500000 -0.969497 -0.969497
v -0.562500 -0.968741 -0.968741
v -0.625000 -0.968094 -0.968094
v -0.656250 -0.967397 -0.967397
v -0.968750 -0.968075 -0.968075
v -0.968750 0.968075 -0.968075
v -0.656250 0.967397 -0.967397
v -0.625000 0.968094 -0.968094
v -0.562500 0.968741 -0.968741
v -0.500000 0.969497 -0.969497
v -0.218750 0.966964 -0.966964
v -0.187500 0.966464 -0.966465
v -0.156250 0.969109 -0.969109
v -0.125000 0.968995 -0.968995
v 0.312500 0.967883 -0.967883
v 0.343750 0.967449 -0.967449
v 0.656250 0.967795 -0.967795
v 0.718750 0.966723 -0.966723
v 0.875000 0.968181 -0.968181
v 0.937500 0.968819 -0.968819
v 0.968750 0.967180 -0.967180
v 0.975433 0.968750 -0.975433
v 0.973625 0.781250 -0.973625
v 0.973842 0.750000 -0.973842
v 0.972369 0.687500 -0.972369
v 0.974258 0.437500 -0.974258
v 0.973253 0.406250 -0.973253
v 0.973750 0.281250 -0.973750
v 0.974258 0.218750 -0.974258
v 0.973195 0.000000 -0.973195
v 0.974598 -0.062500 -0.974598
v 0.974937 -0.093750 -0.974937
v 0.973686 -0.187500 -0.973686
v 0.974570 -0.625000 -0.974570
v 0.972661 -0.656250 -0.972661
v 0.972048 -0.718750 -0.972048
v 0.971092 -0.750000 -0.971092
v 0.968871 -0.968750 -0.968871
v 0.968075 -0.968075 0.968750
v 0.967441 -0.967441 0.750000
v 0.967109 -0.967108 0.687500
v 0.968094 -0.968094 0.625000
v 0.969415 -0.969415 0.593750
v 0.966964 -0.966964 0.218750
v 0.966465 -0.966464 0.187500
v 0.967555 -0.967555 0.093750
v 0.968937 -0.968937 0.062500
v 0.969609 -0.969609 -0.031250
v 0.969645 -0.969645 -0.062500
v 0.969549 -0.969549 -0.093750
v 0.969521 -0.969521 -0.125000
v 0.969173 -0.969173 -0.156250
v 0.968960 -0.968960 -0.187500
v 0.967987 -0.967987 -0.218750
v 0.966551 -0.966551 -0.250000
v 0.967486 -0.967486 -0.281250
v 0.966857 -0.966857 -0.406250
v 0.967767 -0.967767 -0.437500
v 0.966748 -0.966748 -0.500000
v 0.966632 -0.966632 -0.562500
v 0.966382 -0.966382 -0.593750
v 0.966337 -0.966337 -0.625000
v 0.968004 -0.968004 -0.687500
v 0.966638 -0.966638 -0.781250
v 0.967179 -0.967179 -0.968750
v 0.967179 0.967179 -0.968750
v 0.968819 0.968819 -0.937500
v 0.969186 0.969186 -0.906250
v 0.968180 0.968180 -0.875000
v 0.966638 0.966638 -0.781250
v 0.966723 0.966723 -0.718750
v 0.968004 0.968004 -0.687500
v 0.967795 0.967795 -0.656250
v 0.966337 0.966337 -0.625000
v 0.967767 0.967767 -0.437500
v 0.966857 0.966857 -0.406250
v 0.966956 0.966956 -0.375000
v 0.967450 0.967450 -0.343750
v 0.967883 0.967883 -0.312500
v 0.967486 0.967486 -0.281250
v 0.966551 0.966551 -0.250000
v 0.967987 0.967987 -0.218750
v 0.968960 0.968960 -0.187500
v 0.969172 0.969172 -0.156250
v 0.969520 0.969520 -0.125000
v 0.969549 0.969549 -0.093750
v 0.969645 0.969645 -0.062500
v 0.969609 0.969609 -0.031250
v 0.968937 0.968937 0.062500
v 0.967555 0.967555 0.093750
v 0.968995 0.968995 0.125000
v 0.969109 0.969109 0.156250
v 0.966464 0.966465 0.187500
v 0.966964 0.966964 0.218750
v 0.969497 0.969497 0.500000
v 0.968741 0.968741 0.562500
v 0.968094 0.968094 0.625000
v 0.967397 0.967397 0.656250
v 0.967441 0.967441 0.750000
v 0.966719 0.966719 0.937500
v 0.968075 0.968075 0.968750
v 0.966716 0.968750 0.966716
v 0.965965 0.906250 0.965965
v 0.966516 0.875000 0.966516
v 0.966337 0.812500 0.966337
v 0.974197 0.781250 0.974197
v 0.982692 0.750000 0.982692
v 0.982860 0.687500 0.982860
v 0.968478 0.656250 0.968478
v 0.968041 0.625000 0.968042
v 0.966343 0.593750 0.966343
v 0.967608 0.562500 0.967608
v 0.967504 0.531250 0.967504
v 0.972132 0.500000 0.972132
v 0.969139 0.468750 0.969139
v 0.975442 0.437500 0.975442
v 0.979214 0.281250 0.979214
v 0.968157 0.250000 0.968157
v 0.979171 0.218750 0.979171
v 0.976638 0.125000 0.976638
v 0.965956 0.093750 0.965956
v 0.967400 0.031250 0.967400
v 0.966863 0.000000 0.966863
v 0.966609 -0.062500 0.966609
v 0.977553 -0.093750 0.977553
v 0.980636 -0.125000 0.980636
v 0.980231 -0.187500 0.980231
v 0.972432 -0.218750 0.972432
v 0.966540 -0.250000 0.966540
v 0.977813 -0.281250 0.977813
v 0.973253 -0.375000 0.973252
v 0.966973 -0.406250 0.966973
v 0.967828 -0.437500 0.967828
v 0.966854 -0.468750 0.966854
v 0.967704 -0.531250 0.967704
v 0.967366 -0.562500 0.967366
v 0.966837 -0.593750 0.966837
v 0.976002 -0.625000 0.976002
v 0.982698 -0.656250 0.982698
v 0.981817 -0.718750 0.981817
v 0.975921 -0.750000 0.975921
v 0.967510 -0.781250 0.967510
v 0.966938 -0.812500 0.966938
v 0.967045 -0.843750 0.967045
v 0.967814 -0.906250 0.967813
v 0.974055 -0.937500 0.974055
v 0.967681 -0.968750 0.967681
v -0.968750 -0.968075 0.968075
v 0.406250 -0.966857 0.966857
v 0.437500 -0.967767 0.967767
v 0.562500 -0.966632 0.966632
v 0.593750 -0.966382 0.966382
v 0.625000 -0.966337 0.966337
v 0.968750 -0.967179 0.967179
v 0.968750 0.967179 0.967179
v 0.937500 0.968819 0.968819
v 0.875000 0.968180 0.968180
v 0.718750 0.966723 0.966723
v 0.656250 0.967795 0.967795
v 0.625000 0.966337 0.966337
v 0.593750 0.966382 0.966382
v 0.562500 0.966632 0.966632
v 0.500000 0.966748 0.966748
v 0.437500 0.967767 0.967767
v 0.406250 0.966858 0.966857
v 0.375000 0.966956 0.966956
v 0.343750 0.967450 0.967450
v 0.312500 0.967883 0.967883
v -0.093750 0.967555 0.967555
v -0.125000 0.968995 0.968995
v -0.156250 0.969109 0.969109
v -0.187500 0.966465 0.966465
v -0.218750 0.966964 0.966964
v -0.500000 0.969497 0.969497
v -0.562500 0.968741 0.968741
v -0.625000 0.968094 0.968094
v -0.656250 0.967397 0.967397
v -0.968750 0.968075 0.968075
v -0.953620 -0.968750 0.968750
v -0.956778 -0.937500 0.968750
v -0.958623 -0.843750 0.968750
v -0.974441 -0.812500 0.968750
v -0.952509 -0.781250 0.968750
v -0.967735 -0.750000 0.968750
v -0.965622 -0.625000 0.968750
v -0.965154 -0.593750 0.968750
v -0.965375 -0.562500 0.968750
v -0.971720 -0.531250 0.968750
v -0.972320 -0.468750 0.968750
v -0.963062 -0.437500 0.968750
v -0.964691 -0.406250 0.968750
v -0.973841 -0.375000 0.968750
v -0.978060 -0.281250 0.968750
v -0.954662 -0.250000 0.968750
v -0.964617 -0.218750 0.968750
v -0.972719 -0.187500 0.968750
v -0.975643 -0.093750 0.968750
v -0.971228 -0.062500 0.968750
v -0.969976 0.093750 0.968750
v -0.965643 0.125000 0.968750
v -0.971139 0.218750 0.968750
v -0.953460 0.250000 0.968750
v -0.953671 0.312500 0.968750
v -0.959490 0.406250 0.968750
v -0.958181 0.437500 0.968750
v -0.960427 0.468750 0.968750
v -0.959829 0.531250 0.968750
v -0.960083 0.562500 0.968750
v -0.975190 0.593750 0.968750
v -0.952798 0.625000 0.968750
v -0.956346 0.656250 0.968750
v -0.975613 0.687500 0.968750
v -0.975999 0.750000 0.968750
v -0.963601 0.781250 0.968750
v -0.951471 0.812500 0.968750
v -0.960957 0.843750 0.968750
v -0.964579 0.875000 0.968750
v -0.970777 0.906250 0.968750
v -0.970262 0.968750 0.968750
v -0.972686 -0.937500 0.937500
v -0.973201 -0.875000 0.937500
v -0.973843 -0.843750 0.937500
v -0.974498 -0.812500 0.937500
v -0.957789 -0.468750 0.937500
v -0.970994 -0.437500 0.937500
v -0.960868 -0.406250 0.937500
v -0.969874 0.312500 0.937500
v -0.970054 0.406250 0.937500
v -0.972993 0.468750 0.937500
v -0.973448 0.562500 0.937500
v -0.967756 0.593750 0.937500
v -0.968893 -0.218750 0.906250
v -0.968126 -0.187500 0.906250
v -0.971975 -0.156250 0.906250
v -0.969453 -0.062500 0.906250
v -0.972814 0.062500 0.906250
v -0.967693 0.093750 0.906250
v -0.968288 -0.218750 0.875000
v -0.961759 -0.156250 0.875000
v -0.956969 -0.125000 0.875000
v -0.957109 -0.062500 0.875000
v -0.970551 -0.031250 0.875000
v -0.968866 0.062500 0.875000
v -0.969442 0.343750 0.875000
v -0.969034 0.375000 0.875000
v -0.969920 0.406250 0.875000
v -0.971300 -0.750000 0.843750
v -0.975347 -0.718750 0.843750
v -0.953617 -0.218750 0.843750
v -0.953255 -0.156250 0.843750
v -0.955229 -0.125000 0.843750
v -0.958787 -0.031250 0.843750
v -0.959142 0.062500 0.843750
v -0.954780 0.093750 0.843750
v -0.968252 0.343750 0.843750
v -0.955139 0.375000 0.843750
v -0.953288 -0.781250 0.812500
v -0.974643 -0.718750 0.812500
v -0.952992 -0.250000 0.812500
v -0.964989 -0.218750 0.812500
v -0.964983 -0.156250 0.812500
v -0.970588 0.406250 0.812500
v -0.954936 -0.781250 0.781250
v -0.968861 -0.750000 0.781250
v -0.976291 -0.718750 0.781250
v -0.973544 -0.656250 0.781250
v -0.956096 -0.625000 0.781250
v -0.968498 -0.406250 0.781250
v -0.976965 -0.375000 0.781250
v -0.977681 -0.281250 0.781250
v -0.954801 -0.250000 0.781250
v -0.971262 0.218750 0.781250
v -0.962680 0.250000 0.781250
v -0.969588 0.343750 0.781250
v -0.963270 0.375000 0.781250
v -0.964609 0.406250 0.781250
v -0.969704 0.656250 0.781250
v -0.969351 0.687500 0.781250
v -0.975859 0.750000 0.781250
v -0.970757 0.781250 0.781250
v -0.954265 0.812500 0.781250
v -0.974093 -0.875000 0.750000
v -0.973839 -0.843750 0.750000
v -0.972794 -0.812500 0.750000
v -0.953537 -0.781250 0.750000
v -0.954224 -0.750000 0.750000
v -0.952076 -0.656250 0.750000
v -0.951148 -0.625000 0.750000
v -0.956329 -0.468750 0.750000
v -0.971577 -0.437500 0.750000
v -0.956471 -0.406250 0.750000
v -0.957453 -0.281250 0.750000
v -0.955842 -0.250000 0.750000
v -0.972763 0.531250 0.750000
v -0.971920 0.562500 0.750000
v -0.960149 0.593750 0.750000
v -0.954437 0.656250 0.750000
v -0.952304 0.781250 0.750000
v -0.952880 0.812500 0.750000
v -0.970355 0.906250 0.750000
v -0.966939 0.937500 0.750000
v -0.976383 0.968750 0.750000
v -0.973868 -0.875000 0.718750
v -0.954429 -0.843750 0.718750
v -0.966510 -0.812500 0.718750
v -0.968118 -0.750000 0.718750
v -0.964190 -0.625000 0.718750
v -0.954487 0.093750 0.718750
v -0.953185 0.250000 0.718750
v -0.970892 0.531250 0.718750
v -0.954657 0.562500 0.718750
v -0.969742 0.593750 0.718750
v -0.968846 0.656250 0.718750
v -0.969430 0.781250 0.718750
v -0.954531 0.812500 0.718750
v -0.977556 0.968750 0.718750
v -0.973135 -0.875000 0.687500
v -0.972866 -0.843750 0.687500
v -0.962678 -0.812500 0.687500
v -0.964733 -0.625000 0.687500
v -0.961168 -0.437500 0.687500
v -0.970324 -0.406250 0.687500
v -0.952888 -0.250000 0.687500
v -0.973336 -0.218750 0.687500
v -0.968889 -0.156250 0.687500
v -0.957163 0.093750 0.687500
v -0.970405 0.125000 0.687500
v -0.970856 0.250000 0.687500
v -0.954008 0.281250 0.687500
v -0.966894 0.312500 0.687500
v -0.973067 0.531250 0.687500
v -0.971842 0.562500 0.687500
v -0.971991 0.593750 0.687500
v -0.955524 0.812500 0.687500
v -0.968942 -0.656250 0.656250
v -0.962232 -0.625000 0.656250
v -0.958576 -0.468750 0.656250
v -0.956934 -0.437500 0.656250
v -0.969420 -0.250000 0.656250
v -0.953511 -0.218750 0.656250
v -0.953992 -0.156250 0.656250
v -0.958402 0.812500 0.656250
v -0.970320 0.843750 0.656250
v -0.975263 0.968750 0.656250
v -0.972935 -0.875000 0.625000
v -0.973427 -0.843750 0.625000
v -0.968115 -0.812500 0.625000
v -0.959485 -0.625000 0.625000
v -0.973135 -0.593750 0.625000
v -0.963121 -0.500000 0.625000
v -0.965435 -0.468750 0.625000
v -0.968697 -0.250000 0.625000
v -0.965640 -0.218750 0.625000
v -0.963850 -0.156250 0.625000
v -0.972861 0.531250 0.625000
v -0.972869 0.562500 0.625000
v -0.972471 0.593750 0.625000
v -0.962062 0.812500 0.625000
v -0.957530 0.906250 0.625000
v -0.960048 0.937500 0.625000
v -0.959878 0.968750 0.625000
v -0.969218 -0.875000 0.593750
v -0.958860 -0.812500 0.593750
v -0.951653 -0.781250 0.593750
v -0.954643 -0.625000 0.593750
v -0.953567 -0.593750 0.593750
v -0.952436 -0.468750 0.593750
v -0.951278 -0.437500 0.593750
v -0.967060 0.062500 0.593750
v -0.953381 0.093750 0.593750
v -0.952464 0.437500 0.593750
v -0.969736 0.468750 0.593750
v -0.974040 0.500000 0.593750
v -0.971431 0.531250 0.593750
v -0.955330 0.562500 0.593750
v -0.962197 0.593750 0.593750
v -0.953216 0.812500 0.593750
v -0.952802 0.968750 0.593750
v -0.967097 -0.843750 0.562500
v -0.953438 -0.812500 0.562500
v -0.966601 -0.593750 0.562500
v -0.969554 -0.562500 0.562500
v -0.962173 -0.468750 0.562500
v -0.962042 -0.156250 0.562500
v -0.955153 0.093750 0.562500
v -0.953455 0.281250 0.562500
v -0.953509 0.437500 0.562500
v -0.966430 0.500000 0.562500
v -0.960495 0.781250 0.562500
v -0.968495 0.812500 0.562500
v -0.967909 0.968750 0.562500
v -0.965225 -0.156250 0.531250
v -0.962672 0.062500 0.531250
v -0.952766 0.093750 0.531250
v -0.952883 0.437500 0.531250
v -0.967507 0.468750 0.531250
v -0.957799 0.781250 0.531250
v -0.954745 0.281250 0.500000
v -0.966769 0.312500 0.500000
v -0.954208 0.781250 0.500000
v -0.964690 0.812500 0.500000
v -0.969630 0.843750 0.500000
v -0.968688 0.968750 0.500000
v -0.961272 -0.593750 0.468750
v -0.967682 -0.562500 0.468750
v -0.968745 -0.406250 0.468750
v -0.972159 -0.156250 0.468750
v -0.968390 0.125000 0.468750
v -0.971437 0.250000 0.468750
v -0.954873 0.281250 0.468750
v -0.951239 -0.437500 0.437500
v -0.953979 -0.406250 0.437500
v -0.957957 -0.156250 0.437500
v -0.963198 0.062500 0.437500
v -0.956267 0.093750 0.437500
v -0.959050 0.125000 0.437500
v -0.969097 0.250000 0.437500
v -0.958817 0.281250 0.437500
v -0.966816 0.312500 0.437500
v -0.963540 0.812500 0.437500
v -0.967886 0.843750 0.437500
v -0.952218 -0.437500 0.406250
v -0.971544 -0.406250 0.406250
v -0.970060 -0.281250 0.406250
v -0.966977 -0.250000 0.406250
v -0.973321 -0.218750 0.406250
v -0.972976 -0.156250 0.406250
v -0.960915 0.093750 0.406250
v -0.978103 0.125000 0.406250
v -0.954754 -0.812500 0.375000
v -0.956975 -0.781250 0.375000
v -0.953280 -0.437500 0.375000
v -0.979860 -0.406250 0.375000
v -0.976724 -0.281250 0.375000
v -0.973220 0.125000 0.375000
v -0.979804 0.156250 0.375000
v -0.969001 0.375000 0.375000
v -0.967142 0.562500 0.375000
v -0.966528 0.593750 0.375000
v -0.952362 -0.812500 0.343750
v -0.966139 -0.781250 0.343750
v -0.966953 -0.750000 0.343750
v -0.953837 -0.437500 0.343750
v -0.979049 -0.406250 0.343750
v -0.975737 -0.375000 0.343750
v -0.955366 -0.250000 0.343750
v -0.961777 0.093750 0.343750
v -0.967066 0.125000 0.343750
v -0.968168 0.375000 0.343750
v -0.968970 0.406250 0.343750
v -0.957029 0.593750 0.343750
v -0.953218 0.625000 0.343750
v -0.953296 -0.437500 0.312500
v -0.961389 -0.406250 0.312500
v -0.975437 -0.375000 0.312500
v -0.964565 -0.218750 0.312500
v -0.972953 -0.187500 0.312500
v -0.955482 0.343750 0.312500
v -0.959859 0.406250 0.312500
v -0.969923 0.625000 0.312500
v -0.970050 0.656250 0.312500
v -0.961080 -0.468750 0.281250
v -0.952978 -0.437500 0.281250
v -0.977013 -0.406250 0.281250
v -0.975419 -0.375000 0.281250
v -0.974475 -0.312500 0.281250
v -0.972344 -0.281250 0.281250
v -0.962551 -0.218750 0.281250
v -0.970151 -0.187500 0.281250
v -0.973985 -0.156250 0.281250
v -0.962547 -0.125000 0.281250
v -0.960385 -0.093750 0.281250
v -0.950678 -0.062500 0.281250
v -0.975376 0.093750 0.281250
v -0.960085 0.125000 0.281250
v -0.979487 0.250000 0.281250
v -0.968863 0.281250 0.281250
v -0.966578 0.343750 0.281250
v -0.971046 0.406250 0.281250
v -0.961210 0.468750 0.281250
v -0.966953 0.500000 0.281250
v -0.967297 -0.843750 0.250000
v -0.953946 -0.812500 0.250000
v -0.950302 -0.625000 0.250000
v -0.972198 -0.468750 0.250000
v -0.956095 -0.437500 0.250000
v -0.974278 -0.406250 0.250000
v -0.974337 -0.343750 0.250000
v -0.959480 -0.281250 0.250000
v -0.957173 -0.250000 0.250000
v -0.977178 -0.218750 0.250000
v -0.978824 -0.187500 0.250000
v -0.963364 -0.156250 0.250000
v -0.956413 0.281250 0.250000
v -0.959045 0.468750 0.250000
v -0.966046 0.500000 0.250000
v -0.952476 0.968750 0.250000
v -0.968116 -0.593750 0.218750
v -0.966582 -0.531250 0.218750
v -0.965342 -0.468750 0.218750
v -0.954948 -0.437500 0.218750
v -0.956122 -0.406250 0.218750
v -0.957484 -0.375000 0.218750
v -0.959874 -0.343750 0.218750
v -0.978145 -0.187500 0.218750
v -0.977913 -0.156250 0.218750
v -0.955456 0.781250 0.218750
v -0.969445 0.812500 0.218750
v -0.959110 0.968750 0.218750
v -0.969309 -0.843750 0.187500
v -0.953839 -0.812500 0.187500
v -0.954986 -0.593750 0.187500
v -0.963438 -0.531250 0.187500
v -0.972739 -0.468750 0.187500
v -0.971584 -0.375000 0.187500
v -0.962445 -0.312500 0.187500
v -0.952805 -0.281250 0.187500
v -0.956150 -0.250000 0.187500
v -0.954180 0.781250 0.187500
v -0.954038 0.875000 0.187500
v -0.962740 0.906250 0.187500
v -0.972550 0.968750 0.187500
v -0.972477 -0.593750 0.156250
v -0.972784 -0.531250 0.156250
v -0.955148 0.781250 0.156250
v -0.972266 0.812500 0.156250
v -0.969143 0.906250 0.156250
v -0.969687 0.968750 0.156250
v -0.972766 -0.593750 0.125000
v -0.959007 -0.312500 0.125000
v -0.953527 -0.281250 0.125000
v -0.963905 -0.250000 0.125000
v -0.962949 0.593750 0.125000
v -0.967946 0.625000 0.125000
v -0.958053 0.781250 0.125000
v -0.972363 0.812500 0.125000
v -0.970231 0.968750 0.125000
v -0.954090 -0.625000 0.093750
v -0.954015 -0.593750 0.093750
v -0.951731 -0.375000 0.093750
v -0.952664 -0.312500 0.093750
v -0.970327 0.062500 0.093750
v -0.963847 0.093750 0.093750
v -0.975791 0.250000 0.093750
v -0.953603 0.281250 0.093750
v -0.964198 0.750000 0.093750
v -0.959768 0.781250 0.093750
v -0.953858 0.812500 0.093750
v -0.953538 0.968750 0.093750
v -0.952417 -0.968750 0.062500
v -0.967891 -0.937500 0.062500
v -0.969039 -0.843750 0.062500
v -0.953119 -0.812500 0.062500
v -0.954284 -0.625000 0.062500
v -0.962841 -0.593750 0.062500
v -0.952303 -0.437500 0.062500
v -0.962618 -0.406250 0.062500
v -0.958784 0.093750 0.062500
v -0.951059 0.125000 0.062500
v -0.958380 0.156250 0.062500
v -0.956536 0.250000 0.062500
v -0.952591 0.281250 0.062500
v -0.970610 0.468750 0.062500
v -0.968311 0.562500 0.062500
v -0.965728 0.593750 0.062500
v -0.964653 0.625000 0.062500
v -0.968499 0.656250 0.062500
v -0.954940 0.968750 0.062500
v -0.954299 -0.968750 0.031250
v -0.953164 -0.937500 0.031250
v -0.951290 -0.906250 0.031250
v -0.953215 -0.843750 0.031250
v -0.951679 -0.812500 0.031250
v -0.968331 -0.781250 0.031250
v -0.955111 -0.625000 0.031250
v -0.965971 -0.593750 0.031250
v -0.963877 -0.468750 0.031250
v -0.952977 -0.437500 0.031250
v -0.971449 -0.375000 0.031250
v -0.971255 -0.250000 0.031250
v -0.977863 -0.218750 0.031250
v -0.977582 -0.187500 0.031250
v -0.955920 -0.062500 0.031250
v -0.972280 0.250000 0.031250
v -0.952304 0.281250 0.031250
v -0.969074 0.312500 0.031250
v -0.954727 0.437500 0.031250
v -0.953763 0.468750 0.031250
v -0.952104 0.593750 0.031250
v -0.955004 0.625000 0.031250
v -0.961686 0.812500 0.031250
v -0.969733 0.843750 0.031250
v -0.956365 -0.968750 0.000000
v -0.968521 -0.937500 -0.000000
v -0.977022 -0.843750 0.000000
v -0.970662 -0.812500 -0.000000
v -0.969600 -0.781250 0.000000
v -0.970360 -0.750000 0.000000
v -0.972565 -0.656250 -0.000000
v -0.954199 -0.625000 0.000000
v -0.959869 -0.062500 -0.000000
v -0.962018 -0.031250 0.000000
v -0.967312 0.468750 0.000000
v -0.977606 0.593750 0.000000
v -0.952565 0.625000 0.000000
v -0.974681 -0.750000 -0.031250
v -0.975587 -0.656250 -0.031250
v -0.954059 -0.625000 -0.031250
v -0.969734 -0.250000 -0.031250
v -0.978799 -0.218750 -0.031250
v -0.973723 -0.187500 -0.031250
v -0.972789 -0.156250 -0.031250
v -0.974124 -0.093750 -0.031250
v -0.961302 -0.062500 -0.031250
v -0.971603 0.250000 -0.031250
v -0.951055 0.281250 -0.031250
v -0.972993 0.375000 -0.031250
v -0.965759 0.406250 -0.031250
v -0.970401 0.656250 -0.031250
v -0.969261 -0.937500 -0.062500
v -0.976546 -0.906250 -0.062500
v -0.968904 -0.812500 -0.062500
v -0.955103 -0.781250 -0.062500
v -0.956473 -0.750000 -0.062500
v -0.953684 -0.656250 -0.062500
v -0.955246 -0.625000 -0.062500
v -0.965529 -0.593750 -0.062500
v -0.956766 -0.281250 -0.062500
v -0.956054 -0.250000 -0.062500
v -0.953486 -0.093750 -0.062500
v -0.963037 -0.062500 -0.062500
v -0.963511 -0.031250 -0.062500
v -0.972300 0.000000 -0.062500
v -0.972292 0.062500 -0.062500
v -0.955956 0.093750 -0.062500
v -0.953016 0.125000 -0.062500
v -0.955976 0.156250 -0.062500
v -0.957518 0.187500 -0.062500
v -0.959131 0.218750 -0.062500
v -0.954614 0.250000 -0.062500
v -0.952312 0.281250 -0.062500
v -0.960580 0.406250 -0.062500
v -0.953002 0.437500 -0.062500
v -0.968126 0.468750 -0.062500
v -0.976936 0.500000 -0.062500
v -0.957020 0.656250 -0.062500
v -0.961305 0.781250 -0.062500
v -0.956686 0.812500 -0.062500
v -0.969389 -0.812500 -0.093750
v -0.966173 -0.593750 -0.093750
v -0.961029 -0.250000 -0.093750
v -0.970845 -0.218750 -0.093750
v -0.976019 -0.093750 -0.093750
v -0.956381 -0.062500 -0.093750
v -0.961466 0.093750 -0.093750
v -0.966900 0.125000 -0.093750
v -0.967854 0.187500 -0.093750
v -0.957137 0.218750 -0.093750
v -0.952730 0.250000 -0.093750
v -0.953121 0.281250 -0.093750
v -0.972206 0.312500 -0.093750
v -0.972166 0.375000 -0.093750
v -0.958224 0.406250 -0.093750
v -0.952587 0.437500 -0.093750
v -0.969623 0.656250 -0.093750
v -0.971386 0.781250 -0.093750
v -0.968607 -0.562500 -0.125000
v -0.958459 -0.062500 -0.125000
v -0.971145 -0.031250 -0.125000
v -0.970752 0.125000 -0.125000
v -0.971148 0.218750 -0.125000
v -0.971565 0.250000 -0.125000
v -0.953621 0.281250 -0.125000
v -0.959625 0.312500 -0.125000
v -0.956850 0.375000 -0.125000
v -0.952872 0.406250 -0.125000
v -0.950687 0.437500 -0.125000
v -0.953377 0.812500 -0.125000
v -0.977144 -0.812500 -0.156250
v -0.971249 -0.781250 -0.156250
v -0.961181 -0.593750 -0.156250
v -0.966773 0.250000 -0.156250
v -0.961344 0.281250 -0.156250
v -0.971141 0.312500 -0.156250
v -0.966195 0.343750 -0.156250
v -0.971063 0.406250 -0.156250
v -0.951407 0.437500 -0.156250
v -0.971228 0.656250 -0.156250
v -0.972283 0.781250 -0.156250
v -0.952478 0.812500 -0.156250
v -0.953453 -0.781250 -0.187500
v -0.959338 -0.593750 -0.187500
v -0.968100 0.062500 -0.187500
v -0.966605 0.250000 -0.187500
v -0.953579 0.625000 -0.187500
v -0.953359 0.656250 -0.187500
v -0.952757 0.687500 -0.187500
v -0.952622 0.781250 -0.187500
v -0.951489 0.812500 -0.187500
v -0.957349 -0.781250 -0.218750
v -0.968240 -0.750000 -0.218750
v -0.960114 -0.593750 -0.218750
v -0.954618 -0.437500 -0.218750
v -0.963914 -0.406250 -0.218750
v -0.963090 -0.250000 -0.218750
v -0.962061 0.062500 -0.218750
v -0.953828 0.093750 -0.218750
v -0.953107 0.125000 -0.218750
v -0.955634 0.218750 -0.218750
v -0.955334 0.250000 -0.218750
v -0.953554 0.625000 -0.218750
v -0.969394 0.656250 -0.218750
v -0.951824 -0.406250 -0.250000
v -0.952124 -0.375000 -0.250000
v -0.952136 -0.343750 -0.250000
v -0.953945 -0.281250 -0.250000
v -0.960588 -0.250000 -0.250000
v -0.953037 0.093750 -0.250000
v -0.972762 0.125000 -0.250000
v -0.979359 0.218750 -0.250000
v -0.956552 0.250000 -0.250000
v -0.970864 0.312500 -0.250000
v -0.955497 0.343750 -0.250000
v -0.954297 0.625000 -0.250000
v -0.969403 -0.656250 -0.281250
v -0.959736 -0.625000 -0.281250
v -0.961702 -0.593750 -0.281250
v -0.970425 -0.562500 -0.281250
v -0.971162 -0.468750 -0.281250
v -0.970560 -0.375000 -0.281250
v -0.965513 -0.281250 -0.281250
v -0.956712 -0.250000 -0.281250
v -0.958539 0.250000 -0.281250
v -0.968681 0.843750 -0.281250
v -0.969498 0.937500 -0.281250
v -0.953416 0.968750 -0.281250
v -0.961811 -0.937500 -0.312500
v -0.976729 -0.906250 -0.312500
v -0.951521 -0.781250 -0.312500
v -0.958301 -0.625000 -0.312500
v -0.951967 -0.593750 -0.312500
v -0.953380 -0.562500 -0.312500
v -0.952834 -0.531250 -0.312500
v -0.954023 -0.468750 -0.312500
v -0.958001 -0.437500 -0.312500
v -0.962139 -0.406250 -0.312500
v -0.971025 -0.375000 -0.312500
v -0.952492 0.812500 -0.312500
v -0.951859 0.843750 -0.312500
v -0.952600 0.937500 -0.312500
v -0.951864 0.968750 -0.312500
v -0.956833 -0.968750 -0.343750
v -0.970955 -0.937500 -0.343750
v -0.969282 -0.812500 -0.343750
v -0.951636 -0.781250 -0.343750
v -0.957803 -0.625000 -0.343750
v -0.964887 -0.593750 -0.343750
v -0.971900 -0.562500 -0.343750
v -0.957566 -0.531250 -0.343750
v -0.975094 -0.500000 -0.343750
v -0.972379 -0.437500 -0.343750
v -0.952093 0.250000 -0.343750
v -0.966944 0.281250 -0.343750
v -0.968525 0.343750 -0.343750
v -0.968945 0.375000 -0.343750
v -0.969194 0.406250 -0.343750
v -0.952432 0.437500 -0.343750
v -0.972297 0.468750 -0.343750
v -0.974395 0.500000 -0.343750
v -0.977836 0.531250 -0.343750
v -0.973154 0.593750 -0.343750
v -0.952843 0.625000 -0.343750
v -0.953557 0.812500 -0.343750
v -0.971844 0.843750 -0.343750
v -0.973635 0.875000 -0.343750
v -0.976838 0.906250 -0.343750
v -0.977577 0.968750 -0.343750
v -0.954757 -0.968750 -0.375000
v -0.953560 -0.937500 -0.375000
v -0.950784 -0.812500 -0.375000
v -0.950952 -0.781250 -0.375000
v -0.957290 -0.625000 -0.375000
v -0.953987 -0.250000 -0.375000
v -0.970734 -0.218750 -0.375000
v -0.978541 -0.093750 -0.375000
v -0.958236 -0.062500 -0.375000
v -0.951805 0.281250 -0.375000
v -0.953817 0.406250 -0.375000
v -0.955175 0.437500 -0.375000
v -0.954566 0.468750 -0.375000
v -0.952270 0.593750 -0.375000
v -0.952902 0.625000 -0.375000
v -0.961925 -0.968750 -0.406250
v -0.952439 -0.781250 -0.406250
v -0.969159 -0.656250 -0.406250
v -0.961075 -0.625000 -0.406250
v -0.971328 -0.562500 -0.406250
v -0.958898 -0.531250 -0.406250
v -0.975304 -0.468750 -0.406250
v -0.962702 -0.437500 -0.406250
v -0.950453 -0.250000 -0.406250
v -0.955931 -0.093750 -0.406250
v -0.972538 -0.031250 -0.406250
v -0.970047 0.281250 -0.406250
v -0.972800 0.312500 -0.406250
v -0.953029 0.625000 -0.406250
v -0.958934 0.812500 -0.406250
v -0.971236 0.843750 -0.406250
v -0.954463 0.875000 -0.406250
v -0.975906 0.906250 -0.406250
v -0.971980 -0.968750 -0.437500
v -0.969286 -0.593750 -0.437500
v -0.956718 -0.562500 -0.437500
v -0.959073 -0.531250 -0.437500
v -0.974918 -0.500000 -0.437500
v -0.966493 -0.125000 -0.437500
v -0.955065 -0.093750 -0.437500
v -0.974337 0.312500 -0.437500
v -0.953580 0.625000 -0.437500
v -0.960909 0.843750 -0.437500
v -0.973087 0.875000 -0.437500
v -0.975702 0.906250 -0.437500
v -0.975193 -0.562500 -0.468750
v -0.974319 -0.531250 -0.468750
v -0.976083 -0.500000 -0.468750
v -0.968863 0.281250 -0.468750
v -0.972510 0.312500 -0.468750
v -0.952600 0.625000 -0.468750
v -0.972792 0.843750 -0.468750
v -0.975596 0.875000 -0.468750
v -0.952711 -0.781250 -0.500000
v -0.967337 -0.750000 -0.500000
v -0.968440 -0.625000 -0.500000
v -0.971177 -0.375000 -0.500000
v -0.967184 -0.281250 -0.500000
v -0.976160 0.187500 -0.500000
v -0.976260 0.218750 -0.500000
v -0.953399 0.250000 -0.500000
v -0.952851 0.625000 -0.500000
v -0.968385 0.656250 -0.500000
v -0.969242 0.781250 -0.500000
v -0.953493 0.812500 -0.500000
v -0.954456 -0.781250 -0.531250
v -0.953094 -0.750000 -0.531250
v -0.952853 -0.625000 -0.531250
v -0.968086 -0.593750 -0.531250
v -0.959199 -0.437500 -0.531250
v -0.952213 -0.406250 -0.531250
v -0.971477 -0.375000 -0.531250
v -0.961722 -0.281250 -0.531250
v -0.952231 0.093750 -0.531250
v -0.968949 0.125000 -0.531250
v -0.977496 0.187500 -0.531250
v -0.962629 0.218750 -0.531250
v -0.953302 0.250000 -0.531250
v -0.952913 0.625000 -0.531250
v -0.952234 0.656250 -0.531250
v -0.953747 0.781250 -0.531250
v -0.955242 0.812500 -0.531250
v -0.971367 -0.968750 -0.562500
v -0.953906 -0.781250 -0.562500
v -0.971189 -0.750000 -0.562500
v -0.965743 -0.625000 -0.562500
v -0.972165 -0.593750 -0.562500
v -0.977305 -0.468750 -0.562500
v -0.973890 -0.437500 -0.562500
v -0.950370 -0.406250 -0.562500
v -0.956590 -0.375000 -0.562500
v -0.956669 -0.281250 -0.562500
v -0.951310 0.093750 -0.562500
v -0.950933 0.125000 -0.562500
v -0.952718 0.218750 -0.562500
v -0.962566 0.250000 -0.562500
v -0.969306 0.281250 -0.562500
v -0.952599 0.625000 -0.562500
v -0.968694 0.656250 -0.562500
v -0.972434 0.781250 -0.562500
v -0.957105 0.812500 -0.562500
v -0.966489 -0.968750 -0.593750
v -0.969947 0.062500 -0.593750
v -0.963882 0.093750 -0.593750
v -0.968318 0.156250 -0.593750
v -0.968547 0.218750 -0.593750
v -0.969553 0.250000 -0.593750
v -0.958630 0.812500 -0.593750
v -0.975499 0.843750 -0.593750
v -0.977288 0.875000 -0.593750
v -0.955734 -0.968750 -0.625000
v -0.957599 -0.937500 -0.625000
v -0.967413 -0.812500 -0.625000
v -0.954753 -0.781250 -0.625000
v -0.970619 0.156250 -0.625000
v -0.969666 0.218750 -0.625000
v -0.970532 0.437500 -0.625000
v -0.953652 0.468750 -0.625000
v -0.968432 0.500000 -0.625000
v -0.967953 0.593750 -0.625000
v -0.951209 0.625000 -0.625000
v -0.959957 0.812500 -0.625000
v -0.973753 -0.593750 -0.656250
v -0.978159 -0.437500 -0.656250
v -0.953779 -0.406250 -0.656250
v -0.969964 0.031250 -0.656250
v -0.965768 0.062500 -0.656250
v -0.960872 0.812500 -0.656250
v -0.976612 0.968750 -0.656250
v -0.950804 -0.593750 -0.687500
v -0.952208 -0.437500 -0.687500
v -0.954764 -0.406250 -0.687500
v -0.970319 0.781250 -0.687500
v -0.952630 0.812500 -0.687500
v -0.952484 0.968750 -0.687500
v -0.970212 -0.656250 -0.718750
v -0.960519 -0.625000 -0.718750
v -0.975007 -0.593750 -0.718750
v -0.974514 -0.437500 -0.718750
v -0.953018 -0.406250 -0.718750
v -0.968710 -0.218750 -0.718750
v -0.968097 -0.125000 -0.718750
v -0.957726 -0.093750 -0.718750
v -0.969541 0.781250 -0.718750
v -0.972166 0.968750 -0.718750
v -0.959575 -0.187500 -0.750000
v -0.959033 -0.156250 -0.750000
v -0.958145 -0.125000 -0.750000
v -0.953108 -0.093750 -0.750000
v -0.959714 -0.062500 -0.750000
v -0.970528 0.218750 -0.750000
v -0.966144 0.250000 -0.750000
v -0.970087 0.281250 -0.750000
v -0.968172 0.812500 -0.750000
v -0.967707 -0.156250 -0.781250
v -0.979684 -0.125000 -0.781250
v -0.973570 -0.093750 -0.781250
v -0.955844 -0.062500 -0.781250
v -0.961250 0.062500 -0.781250
v -0.955710 0.093750 -0.781250
v -0.953419 -0.781250 -0.812500
v -0.971640 -0.750000 -0.812500
v -0.971205 -0.656250 -0.812500
v -0.957175 -0.625000 -0.812500
v -0.956048 0.093750 -0.812500
v -0.967652 0.125000 -0.812500
v -0.954933 0.625000 -0.812500
v -0.973710 0.656250 -0.812500
v -0.966306 0.781250 -0.812500
v -0.953957 -0.750000 -0.843750
v -0.954154 -0.625000 -0.843750
v -0.955183 0.656250 -0.843750
v -0.951855 0.781250 -0.843750
v -0.956185 0.812500 -0.843750
v -0.975357 -0.843750 -0.875000
v -0.976894 -0.812500 -0.875000
v -0.953377 -0.781250 -0.875000
v -0.959971 -0.750000 -0.875000
v -0.966459 -0.718750 -0.875000
v -0.959718 -0.625000 -0.875000
v -0.973265 -0.593750 -0.875000
v -0.977692 0.031250 -0.875000
v -0.975798 0.062500 -0.875000
v -0.973094 0.281250 -0.875000
v -0.972689 0.437500 -0.875000
v -0.952034 0.468750 -0.875000
v -0.977514 0.562500 -0.875000
v -0.976945 0.593750 -0.875000
v -0.954273 0.625000 -0.875000
v -0.969702 0.656250 -0.875000
v -0.965656 0.687500 -0.875000
v -0.971275 0.781250 -0.875000
v -0.955420 0.812500 -0.875000
v -0.972844 0.968750 -0.875000
v -0.954950 -0.968750 -0.906250
v -0.964772 -0.937500 -0.906250
v -0.975326 -0.843750 -0.906250
v -0.950629 -0.781250 -0.906250
v -0.975855 -0.718750 -0.906250
v -0.970358 -0.625000 -0.906250
v -0.975302 -0.500000 -0.906250
v -0.975150 -0.468750 -0.906250
v -0.957582 -0.406250 -0.906250
v -0.952495 0.250000 -0.906250
v -0.954134 0.281250 -0.906250
v -0.953769 0.437500 -0.906250
v -0.952715 0.468750 -0.906250
v -0.976676 0.562500 -0.906250
v -0.954080 0.625000 -0.906250
v -0.978437 0.687500 -0.906250
v -0.977795 0.750000 -0.906250
v -0.968715 0.781250 -0.906250
v -0.953361 0.812500 -0.906250
v -0.968063 -0.937500 -0.937500
v -0.978635 -0.906250 -0.937500
v -0.975733 -0.843750 -0.937500
v -0.974983 -0.812500 -0.937500
v -0.951175 -0.781250 -0.937500
v -0.968401 -0.593750 -0.937500
v -0.976863 -0.500000 -0.937500
v -0.962180 -0.468750 -0.937500
v -0.979049 -0.437500 -0.937500
v -0.957145 -0.406250 -0.937500
v -0.977392 -0.031250 -0.937500
v -0.975087 0.031250 -0.937500
v -0.953424 0.093750 -0.937500
v -0.966554 0.125000 -0.937500
v -0.953207 0.250000 -0.937500
v -0.972723 0.281250 -0.937500
v -0.965269 0.437500 -0.937500
v -0.952805 0.468750 -0.937500
v -0.979902 0.500000 -0.937500
v -0.977554 0.562500 -0.937500
v -0.973209 0.593750 -0.937500
v -0.951999 0.625000 -0.937500
v -0.971125 0.968750 -0.937500
v -0.957465 -0.968750 -0.968750
v -0.960691 -0.937500 -0.968750
v -0.952514 -0.812500 -0.968750
v -0.951434 -0.781250 -0.968750
v -0.968610 -0.750000 -0.968750
v -0.974684 -0.718750 -0.968750
v -0.974590 -0.656250 -0.968750
v -0.969986 -0.625000 -0.968750
v -0.961762 -0.593750 -0.968750
v -0.960993 -0.500000 -0.968750
v -0.959856 -0.468750 -0.968750
v -0.953668 -0.437500 -0.968750
v -0.956989 -0.406250 -0.968750
v -0.959385 -0.375000 -0.968750
v -0.961090 -0.281250 -0.968750
v -0.952649 -0.250000 -0.968750
v -0.973135 -0.187500 -0.968750
v -0.978205 -0.093750 -0.968750
v -0.955169 -0.062500 -0.968750
v -0.957140 -0.031250 -0.968750
v -0.965921 -0.000000 -0.968750
v -0.967671 0.031250 -0.968750
v -0.970677 0.062500 -0.968750
v -0.971022 0.093750 -0.968750
v -0.971129 0.218750 -0.968750
v -0.952915 0.250000 -0.968750
v -0.972040 0.281250 -0.968750
v -0.971903 0.406250 -0.968750
v -0.965776 0.437500 -0.968750
v -0.955140 0.468750 -0.968750
v -0.959375 0.500000 -0.968750
v -0.950972 0.593750 -0.968750
v -0.951246 0.625000 -0.968750
v -0.953646 0.656250 -0.968750
v -0.973937 0.687500 -0.968750
v -0.977109 0.750000 -0.968750
v -0.968307 0.781250 -0.968750
v -0.953926 0.812500 -0.968750
v -0.961066 0.843750 -0.968750
v -0.959640 0.968750 -0.968750
v -0.968750 -0.968750 -0.953620
v -0.968750 -0.937500 -0.956778
v -0.968750 -0.843750 -0.958623
v -0.968750 -0.812500 -0.974441
v -0.968750 -0.781250 -0.952509
v -0.968750 -0.750000 -0.967735
v -0.968750 -0.718750 -0.974899
v -0.968750 -0.656250 -0.975453
v -0.968750 -0.625000 -0.965622
v -0.968750 -0.406250 -0.964691
v -0.968750 -0.375000 -0.973841
v -0.968750 -0.281250 -0.978060
v -0.968750 -0.250000 -0.954662
v -0.968750 -0.218750 -0.964617
v -0.968750 -0.187500 -0.972719
v -0.968750 -0.125000 -0.972655
v -0.968750 -0.062500 -0.971228
v -0.968750 0.218750 -0.971139
v -0.968750 0.250000 -0.953460
v -0.968750 0.312500 -0.953671
v -0.968750 0.406250 -0.959490
v -0.968750 0.437500 -0.958181
v -0.968750 0.468750 -0.960427
v -0.968750 0.562500 -0.960083
v -0.968750 0.593750 -0.975190
v -0.968750 0.625000 -0.952798
v -0.968750 0.656250 -0.956346
v -0.968750 0.687500 -0.975613
v -0.968750 0.750000 -0.975999
v -0.968750 0.781250 -0.963601
v -0.968750 0.812500 -0.951471
v -0.968750 0.843750 -0.960957
v -0.968750 0.875000 -0.964579
v -0.968750 0.906250 -0.970777
v -0.968750 0.968750 -0.970262
v -0.937500 -0.937500 -0.972686
v -0.937500 -0.875000 -0.973201
v -0.937500 -0.843750 -0.973843
v -0.937500 -0.812500 -0.974498
v -0.937500 -0.468750 -0.957789
v -0.937500 -0.437500 -0.970994
v -0.937500 -0.406250 -0.960868
v -0.937500 0.312500 -0.969874
v -0.937500 0.406250 -0.970054
v -0.937500 0.468750 -0.972993
v -0.937500 0.562500 -0.973448
v -0.937500 0.593750 -0.967756
v -0.906250 -0.218750 -0.968893
v -0.906250 -0.187500 -0.968126
v -0.906250 -0.156250 -0.971975
v -0.906250 -0.062500 -0.969453
v -0.906250 0.062500 -0.972814
v -0.906250 0.093750 -0.967693
v -0.875000 -0.218750 -0.968288
v -0.875000 -0.156250 -0.961759
v -0.875000 -0.125000 -0.956969
v -0.875000 -0.062500 -0.957109
v -0.875000 -0.031250 -0.970551
v -0.875000 0.062500 -0.968866
v -0.875000 0.343750 -0.969442
v -0.875000 0.375000 -0.969034
v -0.875000 0.406250 -0.969920
v -0.843750 -0.750000 -0.971300
v -0.843750 -0.718750 -0.975347
v -0.843750 -0.218750 -0.953617
v -0.843750 -0.156250 -0.953255
v -0.843750 -0.125000 -0.955229
v -0.843750 -0.031250 -0.958787
v -0.843750 0.062500 -0.959142
v -0.843750 0.093750 -0.954780
v -0.843750 0.343750 -0.968252
v -0.843750 0.375000 -0.955139
v -0.812500 -0.781250 -0.953288
v -0.812500 -0.718750 -0.974643
v -0.812500 -0.250000 -0.952992
v -0.812500 -0.218750 -0.964989
v -0.812500 -0.156250 -0.964983
v -0.812500 0.406250 -0.970588
v -0.781250 -0.781250 -0.954936
v -0.781250 -0.750000 -0.968861
v -0.781250 -0.718750 -0.976291
v -0.781250 -0.656250 -0.973544
v -0.781250 -0.625000 -0.956096
v -0.781250 -0.406250 -0.968498
v -0.781250 -0.375000 -0.976965
v -0.781250 -0.281250 -0.977681
v -0.781250 -0.250000 -0.954801
v -0.781250 0.218750 -0.971262
v -0.781250 0.250000 -0.962680
v -0.781250 0.343750 -0.969588
v -0.781250 0.375000 -0.963270
v -0.781250 0.406250 -0.964609
v -0.781250 0.656250 -0.969704
v -0.781250 0.687500 -0.969351
v -0.781250 0.750000 -0.975859
v -0.781250 0.781250 -0.970757
v -0.781250 0.812500 -0.954265
v -0.750000 -0.875000 -0.974093
v -0.750000 -0.843750 -0.973839
v -0.750000 -0.812500 -0.972794
v -0.750000 -0.781250 -0.953537
v -0.750000 -0.750000 -0.954224
v -0.750000 -0.656250 -0.952076
v -0.750000 -0.625000 -0.951148
v -0.750000 -0.468750 -0.956329
v -0.750000 -0.437500 -0.971577
v -0.750000 -0.406250 -0.956471
v -0.750000 -0.281250 -0.957453
v -0.750000 -0.250000 -0.955842
v -0.750000 0.531250 -0.972763
v -0.750000 0.562500 -0.971920
v -0.750000 0.593750 -0.960149
v -0.750000 0.656250 -0.954437
v -0.750000 0.781250 -0.952304
v -0.750000 0.812500 -0.952880
v -0.750000 0.906250 -0.970355
v -0.750000 0.937500 -0.966939
v -0.750000 0.968750 -0.976383
v -0.718750 -0.875000 -0.973868
v -0.718750 -0.843750 -0.954429
v -0.718750 -0.812500 -0.966510
v -0.718750 -0.750000 -0.968118
v -0.718750 -0.625000 -0.964190
v -0.718750 0.093750 -0.954487
v -0.718750 0.250000 -0.953185
v -0.718750 0.531250 -0.970892
v -0.718750 0.562500 -0.954657
v -0.718750 0.593750 -0.969742
v -0.718750 0.656250 -0.968846
v -0.718750 0.781250 -0.969430
v -0.718750 0.812500 -0.954531
v -0.718750 0.968750 -0.977556
v -0.687500 -0.875000 -0.973135
v -0.687500 -0.843750 -0.972866
v -0.687500 -0.812500 -0.962678
v -0.687500 -0.625000 -0.964733
v -0.687500 -0.437500 -0.961168
v -0.687500 -0.406250 -0.970324
v -0.687500 -0.250000 -0.952888
v -0.687500 -0.218750 -0.973336
v -0.687500 -0.156250 -0.968889
v -0.687500 0.093750 -0.957163
v -0.687500 0.125000 -0.970405
v -0.687500 0.250000 -0.970856
v -0.687500 0.281250 -0.954008
v -0.687500 0.312500 -0.966894
v -0.687500 0.531250 -0.973067
v -0.687500 0.562500 -0.971842
v -0.687500 0.593750 -0.971991
v -0.687500 0.812500 -0.955524
v -0.656250 -0.656250 -0.968942
v -0.656250 -0.625000 -0.962232
v -0.656250 -0.468750 -0.958576
v -0.656250 -0.437500 -0.956934
v -0.656250 -0.250000 -0.969420
v -0.656250 -0.218750 -0.953511
v -0.656250 -0.156250 -0.953992
v -0.656250 0.812500 -0.958402
v -0.656250 0.843750 -0.970320
v -0.656250 0.968750 -0.975263
v -0.625000 -0.875000 -0.972935
v -0.625000 -0.843750 -0.973427
v -0.625000 -0.812500 -0.968115
v -0.625000 -0.625000 -0.959485
v -0.625000 -0.593750 -0.973135
v -0.625000 -0.500000 -0.963121
v -0.625000 -0.468750 -0.965435
v -0.625000 -0.250000 -0.968697
v -0.625000 -0.218750 -0.965640
v -0.625000 -0.156250 -0.963850
v -0.625000 0.531250 -0.972861
v -0.625000 0.562500 -0.972869
v -0.625000 0.593750 -0.972471
v -0.625000 0.812500 -0.962062
v -0.625000 0.906250 -0.957530
v -0.625000 0.937500 -0.960048
v -0.625000 0.968750 -0.959878
v -0.593750 -0.875000 -0.969218
v -0.593750 -0.812500 -0.958860
v -0.593750 -0.781250 -0.951653
v -0.593750 -0.625000 -0.954643
v -0.593750 -0.593750 -0.953567
v -0.593750 -0.468750 -0.952436
v -0.593750 -0.437500 -0.951278
v -0.593750 0.062500 -0.967060
v -0.593750 0.093750 -0.953381
v -0.593750 0.437500 -0.952464
v -0.593750 0.468750 -0.969736
v -0.593750 0.500000 -0.974040
v -0.593750 0.531250 -0.971431
v -0.593750 0.562500 -0.955330
v -0.593750 0.593750 -0.962197
v -0.593750 0.812500 -0.953216
v -0.593750 0.968750 -0.952802
v -0.562500 -0.843750 -0.967097
v -0.562500 -0.812500 -0.953438
v -0.562500 -0.593750 -0.966601
v -0.562500 -0.562500 -0.969554
v -0.562500 -0.468750 -0.962173
v -0.562500 -0.156250 -0.962042
v -0.562500 0.093750 -0.955153
v -0.562500 0.281250 -0.953455
v -0.562500 0.437500 -0.953509
v -0.562500 0.500000 -0.966430
v -0.562500 0.781250 -0.960495
v -0.562500 0.812500 -0.968495
v -0.562500 0.968750 -0.967909
v -0.531250 -0.156250 -0.965225
v -0.531250 0.062500 -0.962672
v -0.531250 0.093750 -0.952766
v -0.531250 0.437500 -0.952883
v -0.531250 0.468750 -0.967507
v -0.531250 0.781250 -0.957799
v -0.500000 0.281250 -0.954745
v -0.500000 0.312500 -0.966769
v -0.500000 0.781250 -0.954208
v -0.500000 0.812500 -0.964690
v -0.500000 0.843750 -0.969630
v -0.500000 0.968750 -0.968688
v -0.468750 -0.593750 -0.961272
v -0.468750 -0.562500 -0.967682
v -0.468750 -0.406250 -0.968745
v -0.468750 -0.156250 -0.972159
v -0.468750 0.125000 -0.968390
v -0.468750 0.250000 -0.971437
v -0.468750 0.281250 -0.954873
v -0.437500 -0.437500 -0.951239
v -0.437500 -0.406250 -0.953979
v -0.437500 -0.156250 -0.957957
v -0.437500 0.062500 -0.963198
v -0.437500 0.093750 -0.956267
v -0.437500 0.125000 -0.959050
v -0.437500 0.250000 -0.969097
v -0.437500 0.281250 -0.958817
v -0.437500 0.312500 -0.966816
v -0.437500 0.812500 -0.963540
v -0.437500 0.843750 -0.967886
v -0.406250 -0.437500 -0.952218
v -0.406250 -0.406250 -0.971544
v -0.406250 -0.281250 -0.970060
v -0.406250 -0.250000 -0.966977
v -0.406250 -0.218750 -0.973321
v -0.406250 -0.156250 -0.972976
v -0.406250 0.093750 -0.960915
v -0.406250 0.125000 -0.978103
v -0.375000 -0.812500 -0.954754
v -0.375000 -0.781250 -0.956975
v -0.375000 -0.437500 -0.953280
v -0.375000 -0.406250 -0.979860
v -0.375000 -0.281250 -0.976724
v -0.375000 0.125000 -0.973220
v -0.375000 0.156250 -0.979804
v -0.375000 0.375000 -0.969001
v -0.375000 0.562500 -0.967142
v -0.375000 0.593750 -0.966528
v -0.343750 -0.812500 -0.952362
v -0.343750 -0.781250 -0.966139
v -0.343750 -0.750000 -0.966953
v -0.343750 -0.437500 -0.953837
v -0.343750 -0.406250 -0.979049
v -0.343750 -0.375000 -0.975737
v -0.343750 -0.250000 -0.955366
v -0.343750 0.093750 -0.961777
v -0.343750 0.125000 -0.967066
v -0.343750 0.375000 -0.968168
v -0.343750 0.406250 -0.968970
v -0.343750 0.593750 -0.957029
v -0.343750 0.625000 -0.953218
v -0.312500 -0.437500 -0.953296
v -0.312500 -0.406250 -0.961389
v -0.312500 -0.375000 -0.975437
v -0.312500 -0.218750 -0.964565
v -0.312500 -0.187500 -0.972953
v -0.312500 0.343750 -0.955482
v -0.312500 0.406250 -0.959859
v -0.312500 0.625000 -0.969923
v -0.312500 0.656250 -0.970050
v -0.281250 -0.468750 -0.961080
v -0.281250 -0.437500 -0.952978
v -0.281250 -0.406250 -0.977013
v -0.281250 -0.375000 -0.975419
v -0.281250 -0.312500 -0.974475
v -0.281250 -0.281250 -0.972344
v -0.281250 -0.218750 -0.962551
v -0.281250 -0.187500 -0.970151
v -0.281250 -0.156250 -0.973985
v -0.281250 -0.125000 -0.962547
v -0.281250 -0.093750 -0.960385
v -0.281250 -0.062500 -0.950678
v -0.281250 0.093750 -0.975376
v -0.281250 0.125000 -0.960085
v -0.281250 0.250000 -0.979487
v -0.281250 0.281250 -0.968863
v -0.281250 0.343750 -0.966578
v -0.281250 0.406250 -0.971046
v -0.281250 0.468750 -0.961210
v -0.281250 0.500000 -0.966953
v -0.250000 -0.843750 -0.967297
v -0.250000 -0.812500 -0.953946
v -0.250000 -0.625000 -0.950302
v -0.250000 -0.468750 -0.972198
v -0.250000 -0.437500 -0.956095
v -0.250000 -0.406250 -0.974278
v -0.250000 -0.343750 -0.974337
v -0.250000 -0.281250 -0.959480
v -0.250000 -0.250000 -0.957173
v -0.250000 -0.218750 -0.977178
v -0.250000 -0.187500 -0.978824
v -0.250000 -0.156250 -0.963364
v -0.250000 0.281250 -0.956413
v -0.250000 0.468750 -0.959045
v -0.250000 0.500000 -0.966046
v -0.218750 -0.593750 -0.968116
v -0.218750 -0.531250 -0.966582
v -0.218750 -0.468750 -0.965342
v -0.218750 -0.437500 -0.954948
v -0.218750 -0.406250 -0.956122
v -0.218750 -0.375000 -0.957484
v -0.218750 -0.343750 -0.959874
v -0.218750 -0.187500 -0.978145
v -0.218750 -0.156250 -0.977913
v -0.218750 0.781250 -0.955456
v -0.218750 0.812500 -0.969445
v -0.218750 0.968750 -0.959110
v -0.187500 -0.843750 -0.969309
v -0.187500 -0.812500 -0.953839
v -0.187500 -0.593750 -0.954986
v -0.187500 -0.531250 -0.963438
v -0.187500 -0.468750 -0.972739
v -0.187500 -0.375000 -0.971584
v -0.187500 -0.312500 -0.962445
v -0.187500 -0.281250 -0.952805
v -0.187500 -0.250000 -0.956150
v -0.187500 0.781250 -0.954180
v -0.187500 0.875000 -0.954038
v -0.187500 0.906250 -0.962740
v -0.187500 0.968750 -0.972550
v -0.156250 -0.593750 -0.972477
v -0.156250 -0.531250 -0.972784
v -0.156250 0.781250 -0.955148
v -0.156250 0.812500 -0.972266
v -0.156250 0.906250 -0.969143
v -0.156250 0.968750 -0.969687
v -0.125000 -0.593750 -0.972766
v -0.125000 -0.312500 -0.959007
v -0.125000 -0.281250 -0.953527
v -0.125000 -0.250000 -0.963905
v -0.125000 0.593750 -0.962949
v -0.125000 0.625000 -0.967946
v -0.125000 0.781250 -0.958053
v -0.125000 0.812500 -0.972363
v -0.125000 0.968750 -0.970231
v -0.093750 -0.625000 -0.954090
v -0.093750 -0.593750 -0.954015
v -0.093750 -0.375000 -0.951731
v -0.093750 -0.312500 -0.952664
v -0.093750 0.062500 -0.970327
v -0.093750 0.093750 -0.963847
v -0.093750 0.250000 -0.975791
v -0.093750 0.281250 -0.953603
v -0.093750 0.750000 -0.964198
v -0.093750 0.781250 -0.959768
v -0.093750 0.812500 -0.953858
v -0.093750 0.968750 -0.953538
v -0.062500 -0.968750 -0.952417
v -0.062500 -0.937500 -0.967891
v -0.062500 -0.843750 -0.969039
v -0.062500 -0.812500 -0.953119
v -0.062500 -0.625000 -0.954284
v -0.062500 -0.593750 -0.962841
v -0.062500 -0.437500 -0.952303
v -0.062500 -0.406250 -0.962618
v -0.062500 0.093750 -0.958784
v -0.062500 0.125000 -0.951059
v -0.062500 0.156250 -0.958380
v -0.062500 0.250000 -0.956536
v -0.062500 0.281250 -0.952591
v -0.062500 0.468750 -0.970610
v -0.062500 0.562500 -0.968311
v -0.062500 0.593750 -0.965728
v -0.062500 0.625000 -0.964653
v -0.062500 0.656250 -0.968499
v -0.062500 0.968750 -0.954940
v -0.031250 -0.968750 -0.954299
v -0.031250 -0.937500 -0.953164
v -0.031250 -0.906250 -0.951290
v -0.031250 -0.843750 -0.953215
v -0.031250 -0.812500 -0.951679
v -0.031250 -0.781250 -0.968331
v -0.031250 -0.625000 -0.955111
v -0.031250 -0.593750 -0.965971
v -0.031250 -0.468750 -0.963877
v -0.031250 -0.437500 -0.952977
v -0.031250 -0.375000 -0.971449
v -0.031250 -0.250000 -0.971255
v -0.031250 -0.218750 -0.977863
v -0.031250 -0.187500 -0.977582
v -0.031250 -0.062500 -0.955920
v -0.031250 0.250000 -0.972280
v -0.031250 0.281250 -0.952304
v -0.031250 0.312500 -0.969074
v -0.031250 0.437500 -0.954727
v -0.031250 0.468750 -0.953763
v -0.031250 0.593750 -0.952104
v -0.031250 0.625000 -0.955004
v -0.031250 0.812500 -0.961686
v -0.031250 0.843750 -0.969733
v -0.000000 -0.968750 -0.956365
v 0.000000 -0.937500 -0.968521
v -0.000000 -0.843750 -0.977022
v -0.000000 -0.812500 -0.970662
v -0.000000 -0.781250 -0.969600
v -0.000000 -0.750000 -0.970360
v 0.000000 -0.656250 -0.972565
v -0.000000 -0.625000 -0.954199
v 0.000000 -0.062500 -0.959869
v 0.000000 -0.031250 -0.962018
v -0.000000 0.468750 -0.967312
v -0.000000 0.593750 -0.977606
v -0.000000 0.625000 -0.952565
v 0.031250 -0.750000 -0.974681
v 0.031250 -0.656250 -0.975587
v 0.031250 -0.625000 -0.954059
v 0.031250 -0.250000 -0.969734
v 0.031250 -0.218750 -0.978799
v 0.031250 -0.187500 -0.973723
v 0.031250 -0.156250 -0.972789
v 0.031250 -0.093750 -0.974124
v 0.031250 -0.062500 -0.961302
v 0.031250 0.250000 -0.971603
v 0.031250 0.281250 -0.951055
v 0.031250 0.375000 -0.972993
v 0.031250 0.406250 -0.965759
v 0.031250 0.656250 -0.970401
v 0.062500 -0.937500 -0.969261
v 0.062500 -0.906250 -0.976546
v 0.062500 -0.812500 -0.968904
v 0.062500 -0.781250 -0.955103
v 0.062500 -0.750000 -0.956473
v 0.062500 -0.656250 -0.953684
v 0.062500 -0.625000 -0.955246
v 0.062500 -0.593750 -0.965529
v 0.062500 -0.281250 -0.956766
v 0.062500 -0.250000 -0.956054
v 0.062500 -0.093750 -0.953486
v 0.062500 -0.062500 -0.963037
v 0.062500 -0.031250 -0.963511
v 0.062500 0.000000 -0.972300
v 0.062500 0.062500 -0.972292
v 0.062500 0.093750 -0.955956
v 0.062500 0.125000 -0.953016
v 0.062500 0.156250 -0.955976
v 0.062500 0.187500 -0.957518
v 0.062500 0.218750 -0.959131
v 0.062500 0.250000 -0.954614
v 0.062500 0.281250 -0.952312
v 0.062500 0.406250 -0.960580
v 0.062500 0.437500 -0.953002
v 0.062500 0.468750 -0.968126
v 0.062500 0.500000 -0.976936
v 0.062500 0.656250 -0.957020
v 0.062500 0.781250 -0.961305
v 0.062500 0.812500 -0.956686
v 0.093750 -0.812500 -0.969389
v 0.093750 -0.593750 -0.966173
v 0.093750 -0.250000 -0.961029
v 0.093750 -0.218750 -0.970845
v 0.093750 -0.093750 -0.976019
v 0.093750 -0.062500 -0.956381
v 0.093750 0.093750 -0.961466
v 0.093750 0.125000 -0.966900
v 0.093750 0.187500 -0.967854
v 0.093750 0.218750 -0.957137
v 0.093750 0.250000 -0.952730
v 0.093750 0.281250 -0.953121
v 0.093750 0.312500 -0.972206
v 0.093750 0.375000 -0.972166
v 0.093750 0.406250 -0.958224
v 0.093750 0.437500 -0.952587
v 0.093750 0.656250 -0.969623
v 0.093750 0.781250 -0.971386
v 0.125000 -0.562500 -0.968607
v 0.125000 -0.062500 -0.958459
v 0.125000 -0.031250 -0.971145
v 0.125000 0.125000 -0.970752
v 0.125000 0.218750 -0.971148
v 0.125000 0.250000 -0.971565
v 0.125000 0.281250 -0.953621
v 0.125000 0.312500 -0.959625
v 0.125000 0.375000 -0.956850
v 0.125000 0.406250 -0.952872
v 0.125000 0.437500 -0.950687
v 0.125000 0.812500 -0.953377
v 0.156250 -0.812500 -0.977144
v 0.156250 -0.781250 -0.971249
v 0.156250 -0.593750 -0.961181
v 0.156250 0.250000 -0.966773
v 0.156250 0.281250 -0.961344
v 0.156250 0.312500 -0.971141
v 0.156250 0.343750 -0.966195
v 0.156250 0.406250 -0.971063
v 0.156250 0.437500 -0.951407
v 0.156250 0.656250 -0.971228
v 0.156250 0.781250 -0.972283
v 0.156250 0.812500 -0.952478
v 0.187500 -0.781250 -0.953453
v 0.187500 -0.593750 -0.959338
v 0.187500 0.062500 -0.968100
v 0.187500 0.250000 -0.966605
v 0.187500 0.625000 -0.953579
v 0.187500 0.656250 -0.953359
v 0.187500 0.687500 -0.952757
v 0.187500 0.781250 -0.952622
v 0.187500 0.812500 -0.951489
v 0.218750 -0.781250 -0.957349
v 0.218750 -0.750000 -0.968240
v 0.218750 -0.593750 -0.960114
v 0.218750 -0.437500 -0.954618
v 0.218750 -0.406250 -0.963914
v 0.218750 -0.250000 -0.963090
v 0.218750 0.062500 -0.962061
v 0.218750 0.093750 -0.953828
v 0.218750 0.125000 -0.953107
v 0.218750 0.218750 -0.955634
v 0.218750 0.250000 -0.955334
v 0.218750 0.625000 -0.953554
v 0.218750 0.656250 -0.969394
v 0.250000 -0.406250 -0.951824
v 0.250000 -0.375000 -0.952124
v 0.250000 -0.343750 -0.952136
v 0.250000 -0.281250 -0.953945
v 0.250000 -0.250000 -0.960588
v 0.250000 0.093750 -0.953037
v 0.250000 0.125000 -0.972762
v 0.250000 0.218750 -0.979359
v 0.250000 0.250000 -0.956552
v 0.250000 0.312500 -0.970864
v 0.250000 0.343750 -0.955497
v 0.250000 0.625000 -0.954297
v 0.281250 -0.656250 -0.969403
v 0.281250 -0.625000 -0.959736
v 0.281250 -0.593750 -0.961702
v 0.281250 -0.562500 -0.970425
v 0.281250 -0.468750 -0.971162
v 0.281250 -0.375000 -0.970560
v 0.281250 -0.281250 -0.965513
v 0.281250 -0.250000 -0.956712
v 0.281250 0.250000 -0.958539
v 0.281250 0.843750 -0.968681
v 0.281250 0.937500 -0.969498
v 0.281250 0.968750 -0.953416
v 0.312500 -0.937500 -0.961811
v 0.312500 -0.906250 -0.976729
v 0.312500 -0.781250 -0.951521
v 0.312500 -0.625000 -0.958301
v 0.312500 -0.593750 -0.951967
v 0.312500 -0.562500 -0.953380
v 0.312500 -0.531250 -0.952834
v 0.312500 -0.468750 -0.954023
v 0.312500 -0.437500 -0.958001
v 0.312500 -0.406250 -0.962139
v 0.312500 -0.375000 -0.971025
v 0.312500 0.812500 -0.952492
v 0.312500 0.843750 -0.951859
v 0.312500 0.937500 -0.952600
v 0.312500 0.968750 -0.951864
v 0.343750 -0.968750 -0.956833
v 0.343750 -0.937500 -0.970955
v 0.343750 -0.812500 -0.969282
v 0.343750 -0.781250 -0.951636
v 0.343750 -0.625000 -0.957803
v 0.343750 -0.593750 -0.964887
v 0.343750 -0.562500 -0.971900
v 0.343750 -0.531250 -0.957566
v 0.343750 -0.500000 -0.975094
v 0.343750 -0.437500 -0.972379
v 0.343750 0.250000 -0.952093
v 0.343750 0.281250 -0.966944
v 0.343750 0.343750 -0.968525
v 0.343750 0.375000 -0.968945
v 0.343750 0.406250 -0.969194
v 0.343750 0.437500 -0.952432
v 0.343750 0.468750 -0.972297
v 0.343750 0.500000 -0.974395
v 0.343750 0.531250 -0.977836
v 0.343750 0.593750 -0.973154
v 0.343750 0.625000 -0.952843
v 0.343750 0.812500 -0.953557
v 0.343750 0.843750 -0.971844
v 0.343750 0.875000 -0.973635
v 0.343750 0.906250 -0.976838
v 0.343750 0.968750 -0.977577
v 0.375000 -0.968750 -0.954757
v 0.375000 -0.937500 -0.953560
v 0.375000 -0.812500 -0.950784
v 0.375000 -0.781250 -0.950952
v 0.375000 -0.625000 -0.957290
v 0.375000 -0.250000 -0.953987
v 0.375000 -0.218750 -0.970734
v 0.375000 -0.093750 -0.978541
v 0.375000 -0.062500 -0.958236
v 0.375000 0.281250 -0.951805
v 0.375000 0.406250 -0.953817
v 0.375000 0.437500 -0.955175
v 0.375000 0.468750 -0.954566
v 0.375000 0.593750 -0.952270
v 0.375000 0.625000 -0.952902
v 0.406250 -0.968750 -0.961925
v 0.406250 -0.781250 -0.952439
v 0.406250 -0.656250 -0.969159
v 0.406250 -0.625000 -0.961075
v 0.406250 -0.562500 -0.971328
v 0.406250 -0.531250 -0.958898
v 0.406250 -0.468750 -0.975304
v 0.406250 -0.437500 -0.962702
v 0.406250 -0.250000 -0.950453
v 0.406250 -0.093750 -0.955931
v 0.406250 -0.031250 -0.972538
v 0.406250 0.281250 -0.970047
v 0.406250 0.312500 -0.972800
v 0.406250 0.625000 -0.953029
v 0.406250 0.812500 -0.958934
v 0.406250 0.843750 -0.971236
v 0.406250 0.875000 -0.954463
v 0.406250 0.906250 -0.975906
v 0.437500 -0.968750 -0.971980
v 0.437500 -0.593750 -0.969286
v 0.437500 -0.562500 -0.956718
v 0.437500 -0.531250 -0.959073
v 0.437500 -0.500000 -0.974918
v 0.437500 -0.125000 -0.966493
v 0.437500 -0.093750 -0.955065
v 0.437500 0.312500 -0.974337
v 0.437500 0.625000 -0.953580
v 0.437500 0.843750 -0.960909
v 0.437500 0.875000 -0.973087
v 0.437500 0.906250 -0.975702
v 0.468750 -0.562500 -0.975193
v 0.468750 -0.531250 -0.974319
v 0.468750 -0.500000 -0.976083
v 0.468750 0.281250 -0.968863
v 0.468750 0.312500 -0.972510
v 0.468750 0.625000 -0.952600
v 0.468750 0.843750 -0.972792
v 0.468750 0.875000 -0.975596
v 0.500000 -0.781250 -0.952711
v 0.500000 -0.750000 -0.967337
v 0.500000 -0.625000 -0.968440
v 0.500000 -0.375000 -0.971177
v 0.500000 -0.281250 -0.967184
v 0.500000 0.187500 -0.976160
v 0.500000 0.218750 -0.976260
v 0.500000 0.250000 -0.953399
v 0.500000 0.625000 -0.952851
v 0.500000 0.656250 -0.968385
v 0.500000 0.781250 -0.969242
v 0.500000 0.812500 -0.953493
v 0.531250 -0.781250 -0.954456
v 0.531250 -0.750000 -0.953094
v 0.531250 -0.625000 -0.952853
v 0.531250 -0.593750 -0.968086
v 0.531250 -0.437500 -0.959199
v 0.531250 -0.406250 -0.952213
v 0.531250 -0.375000 -0.971477
v 0.531250 -0.281250 -0.961722
v 0.531250 0.093750 -0.952231
v 0.531250 0.125000 -0.968949
v 0.531250 0.187500 -0.977496
v 0.531250 0.218750 -0.962629
v 0.531250 0.250000 -0.953302
v 0.531250 0.625000 -0.952913
v 0.531250 0.656250 -0.952234
v 0.531250 0.781250 -0.953747
v 0.531250 0.812500 -0.955242
v 0.562500 -0.968750 -0.971367
v 0.562500 -0.781250 -0.953906
v 0.562500 -0.750000 -0.971189
v 0.562500 -0.625000 -0.965743
v 0.562500 -0.593750 -0.972165
v 0.562500 -0.468750 -0.977305
v 0.562500 -0.437500 -0.973890
v 0.562500 -0.406250 -0.950370
v 0.562500 -0.375000 -0.956590
v 0.562500 -0.281250 -0.956669
v 0.562500 0.093750 -0.951310
v 0.562500 0.125000 -0.950933
v 0.562500 0.218750 -0.952718
v 0.562500 0.250000 -0.962566
v 0.562500 0.281250 -0.969306
v 0.562500 0.625000 -0.952599
v 0.562500 0.656250 -0.968694
v 0.562500 0.781250 -0.972434
v 0.562500 0.812500 -0.957105
v 0.593750 -0.968750 -0.966489
v 0.593750 0.062500 -0.969947
v 0.593750 0.093750 -0.963882
v 0.593750 0.156250 -0.968318
v 0.593750 0.218750 -0.968547
v 0.593750 0.250000 -0.969553
v 0.593750 0.812500 -0.958630
v 0.593750 0.843750 -0.975499
v 0.593750 0.875000 -0.977288
v 0.625000 -0.968750 -0.955734
v 0.625000 -0.937500 -0.957599
v 0.625000 -0.812500 -0.967413
v 0.625000 -0.781250 -0.954753
v 0.625000 0.156250 -0.970619
v 0.625000 0.218750 -0.969666
v 0.625000 0.437500 -0.970532
v 0.625000 0.468750 -0.953652
v 0.625000 0.500000 -0.968432
v 0.625000 0.593750 -0.967953
v 0.625000 0.625000 -0.951209
v 0.625000 0.812500 -0.959957
v 0.656250 -0.593750 -0.973753
v 0.656250 -0.437500 -0.978159
v 0.656250 -0.406250 -0.953779
v 0.656250 0.031250 -0.969964
v 0.656250 0.062500 -0.965768
v 0.656250 0.812500 -0.960872
v 0.656250 0.968750 -0.976612
v 0.687500 -0.593750 -0.950804
v 0.687500 -0.437500 -0.952208
v 0.687500 -0.406250 -0.954764
v 0.687500 0.781250 -0.970319
v 0.687500 0.812500 -0.952630
v 0.687500 0.968750 -0.952484
v 0.718750 -0.656250 -0.970212
v 0.718750 -0.625000 -0.960519
v 0.718750 -0.593750 -0.975007
v 0.718750 -0.437500 -0.974514
v 0.718750 -0.406250 -0.953018
v 0.718750 -0.218750 -0.968710
v 0.718750 -0.125000 -0.968097
v 0.718750 -0.093750 -0.957726
v 0.718750 0.781250 -0.969541
v 0.718750 0.968750 -0.972166
v 0.750000 -0.187500 -0.959575
v 0.750000 -0.156250 -0.959033
v 0.750000 -0.125000 -0.958145
v 0.750000 -0.093750 -0.953108
v 0.750000 -0.062500 -0.959714
v 0.750000 0.218750 -0.970528
v 0.750000 0.250000 -0.966144
v 0.750000 0.281250 -0.970087
v 0.750000 0.812500 -0.968172
v 0.781250 -0.156250 -0.967707
v 0.781250 -0.125000 -0.979684
v 0.781250 -0.093750 -0.973570
v 0.781250 -0.062500 -0.955844
v 0.781250 0.062500 -0.961250
v 0.781250 0.093750 -0.955710
v 0.812500 -0.781250 -0.953419
v 0.812500 -0.750000 -0.971640
v 0.812500 -0.656250 -0.971205
v 0.812500 -0.625000 -0.957175
v 0.812500 0.093750 -0.956048
v 0.812500 0.125000 -0.967652
v 0.812500 0.625000 -0.954933
v 0.812500 0.656250 -0.973710
v 0.812500 0.781250 -0.966306
v 0.843750 -0.750000 -0.953957
v 0.843750 -0.625000 -0.954154
v 0.843750 0.656250 -0.955183
v 0.843750 0.781250 -0.951855
v 0.843750 0.812500 -0.956185
v 0.875000 -0.843750 -0.975357
v 0.875000 -0.812500 -0.976894
v 0.875000 -0.781250 -0.953377
v 0.875000 -0.750000 -0.959971
v 0.875000 -0.718750 -0.966459
v 0.875000 -0.625000 -0.959718
v 0.875000 -0.593750 -0.973265
v 0.875000 0.031250 -0.977692
v 0.875000 0.062500 -0.975798
v 0.875000 0.281250 -0.973094
v 0.875000 0.437500 -0.972689
v 0.875000 0.468750 -0.952034
v 0.875000 0.562500 -0.977514
v 0.875000 0.593750 -0.976945
v 0.875000 0.625000 -0.954273
v 0.875000 0.656250 -0.969702
v 0.875000 0.687500 -0.965656
v 0.875000 0.781250 -0.971275
v 0.875000 0.812500 -0.955420
v 0.875000 0.968750 -0.972844
v 0.906250 -0.968750 -0.954950
v 0.906250 -0.937500 -0.964772
v 0.906250 -0.843750 -0.975326
v 0.906250 -0.781250 -0.950629
v 0.906250 -0.718750 -0.975855
v 0.906250 -0.625000 -0.970358
v 0.906250 -0.500000 -0.975302
v 0.906250 -0.468750 -0.975150
v 0.906250 -0.406250 -0.957582
v 0.906250 0.250000 -0.952495
v 0.906250 0.281250 -0.954134
v 0.906250 0.437500 -0.953769
v 0.906250 0.468750 -0.952715
v 0.906250 0.562500 -0.976676
v 0.906250 0.625000 -0.954080
v 0.906250 0.687500 -0.978437
v 0.906250 0.750000 -0.977795
v 0.906250 0.781250 -0.968715
v 0.906250 0.812500 -0.953361
v 0.937500 -0.937500 -0.968063
v 0.937500 -0.906250 -0.978635
v 0.937500 -0.843750 -0.975733
v 0.937500 -0.812500 -0.974983
v 0.937500 -0.781250 -0.951175
v 0.937500 -0.593750 -0.968401
v 0.937500 -0.500000 -0.976863
v 0.937500 -0.468750 -0.962180
v 0.937500 -0.437500 -0.979049
v 0.937500 -0.406250 -0.957145
v 0.937500 -0.031250 -0.977392
v 0.937500 0.031250 -0.975087
v 0.937500 0.093750 -0.953424
v 0.937500 0.125000 -0.966554
v 0.937500 0.250000 -0.953207
v 0.937500 0.281250 -0.972723
v 0.937500 0.437500 -0.965269
v 0.937500 0.468750 -0.952805
v 0.937500 0.500000 -0.979902
v 0.937500 0.562500 -0.977554
v 0.937500 0.593750 -0.973209
v 0.937500 0.625000 -0.951999
v 0.937500 0.968750 -0.971125
v 0.968750 -0.968750 -0.957465
v 0.968750 -0.937500 -0.960691
v 0.968750 -0.812500 -0.952514
v 0.968750 -0.781250 -0.951434
v 0.968750 -0.750000 -0.968610
v 0.968750 -0.718750 -0.974684
v 0.968750 -0.656250 -0.974590
v 0.968750 -0.625000 -0.969986
v 0.968750 -0.593750 -0.961762
v 0.968750 -0.500000 -0.960993
v 0.968750 -0.468750 -0.959856
v 0.968750 -0.437500 -0.953668
v 0.968750 -0.406250 -0.956989
v 0.968750 -0.375000 -0.959385
v 0.968750 -0.281250 -0.961090
v 0.968750 -0.250000 -0.952649
v 0.968750 -0.187500 -0.973135
v 0.968750 -0.093750 -0.978205
v 0.968750 -0.062500 -0.955169
v 0.968750 -0.031250 -0.957140
v 0.968750 0.000000 -0.965921
v 0.968750 0.031250 -0.967671
v 0.968750 0.062500 -0.970677
v 0.968750 0.093750 -0.971022
v 0.968750 0.218750 -0.971129
v 0.968750 0.250000 -0.952915
v 0.968750 0.281250 -0.972040
v 0.968750 0.406250 -0.971903
v 0.968750 0.437500 -0.965776
v 0.968750 0.468750 -0.955140
v 0.968750 0.500000 -0.959375
v 0.968750 0.593750 -0.950972
v 0.968750 0.625000 -0.951246
v 0.968750 0.656250 -0.953646
v 0.968750 0.687500 -0.973937
v 0.968750 0.750000 -0.977109
v 0.968750 0.781250 -0.968307
v 0.968750 0.812500 -0.953926
v 0.968750 0.843750 -0.961066
v 0.968750 0.968750 -0.959640
v 0.957465 -0.968750 -0.968750
v 0.960691 -0.937500 -0.968750
v 0.952514 -0.812500 -0.968750
v 0.951435 -0.781250 -0.968750
v 0.968610 -0.750000 -0.968750
v 0.974684 -0.718750 -0.968750
v 0.974590 -0.656250 -0.968750
v 0.969986 -0.625000 -0.968750
v 0.961762 -0.593750 -0.968750
v 0.960993 -0.500000 -0.968750
v 0.959855 -0.468750 -0.968750
v 0.953668 -0.437500 -0.968750
v 0.956989 -0.406250 -0.968750
v 0.959385 -0.375000 -0.968750
v 0.961091 -0.281250 -0.968750
v 0.952649 -0.250000 -0.968750
v 0.973135 -0.187500 -0.968750
v 0.978205 -0.093750 -0.968750
v 0.955169 -0.062500 -0.968750
v 0.957140 -0.031250 -0.968750
v 0.965921 -0.000000 -0.968750
v 0.967670 0.031250 -0.968750
v 0.970677 0.062500 -0.968750
v 0.971023 0.093750 -0.968750
v 0.971129 0.218750 -0.968750
v 0.952915 0.250000 -0.968750
v 0.972040 0.281250 -0.968750
v 0.971903 0.406250 -0.968750
v 0.965776 0.437500 -0.968750
v 0.955140 0.468750 -0.968750
v 0.959375 0.500000 -0.968750
v 0.950972 0.593750 -0.968750
v 0.951246 0.625000 -0.968750
v 0.953646 0.656250 -0.968750
v 0.973937 0.687500 -0.968750
v 0.977109 0.750000 -0.968750
v 0.968307 0.781250 -0.968750
v 0.953926 0.812500 -0.968750
v 0.961066 0.843750 -0.968750
v 0.959640 0.968750 -0.968750
v 0.968063 -0.937500 -0.937500
v 0.978635 -0.906250 -0.937500
v 0.975733 -0.843750 -0.937500
v 0.974983 -0.812500 -0.937500
v 0.951175 -0.781250 -0.937500
v 0.968401 -0.593750 -0.937500
v 0.976863 -0.500000 -0.937500
v 0.962180 -0.468750 -0.937500
v 0.979049 -0.437500 -0.937500
v 0.957145 -0.406250 -0.937500
v 0.977391 -0.031250 -0.937500
v 0.975087 0.031250 -0.937500
v 0.953424 0.093750 -0.937500
v 0.966554 0.125000 -0.937500
v 0.953207 0.250000 -0.937500
v 0.972723 0.281250 -0.937500
v 0.965268 0.437500 -0.937500
v 0.952805 0.468750 -0.937500
v 0.979902 0.500000 -0.937500
v 0.977554 0.562500 -0.937500
v 0.973209 0.593750 -0.937500
v 0.951999 0.625000 -0.937500
v 0.971125 0.968750 -0.937500
v 0.954950 -0.968750 -0.906250
v 0.964772 -0.937500 -0.906250
v 0.975326 -0.843750 -0.906250
v 0.950629 -0.781250 -0.906250
v 0.975855 -0.718750 -0.906250
v 0.970358 -0.625000 -0.906250
v 0.975302 -0.500000 -0.906250
v 0.975149 -0.468750 -0.906250
v 0.957582 -0.406250 -0.906250
v 0.952495 0.250000 -0.906250
v 0.954135 0.281250 -0.906250
v 0.953769 0.437500 -0.906250
v 0.952715 0.468750 -0.906250
v 0.976676 0.562500 -0.906250
v 0.954080 0.625000 -0.906250
v 0.978437 0.687500 -0.906250
v 0.977795 0.750000 -0.906250
v 0.968715 0.781250 -0.906250
v 0.953361 0.812500 -0.906250
v 0.975357 -0.843750 -0.875000
v 0.976894 -0.812500 -0.875000
v 0.953377 -0.781250 -0.875000
v 0.959972 -0.750000 -0.875000
v 0.966458 -0.718750 -0.875000
v 0.959718 -0.625000 -0.875000
v 0.973265 -0.593750 -0.875000
v 0.977692 0.031250 -0.875000
v 0.975798 0.062500 -0.875000
v 0.973094 0.281250 -0.875000
v 0.972689 0.437500 -0.875000
v 0.952034 0.468750 -0.875000
v 0.977514 0.562500 -0.875000
v 0.976945 0.593750 -0.875000
v 0.954273 0.625000 -0.875000
v 0.969702 0.656250 -0.875000
v 0.965656 0.687500 -0.875000
v 0.971275 0.781250 -0.875000
v 0.955420 0.812500 -0.875000
v 0.972844 0.968750 -0.875000
v 0.953957 -0.750000 -0.843750
v 0.954154 -0.625000 -0.843750
v 0.955183 0.656250 -0.843750
v 0.951855 0.781250 -0.843750
v 0.956185 0.812500 -0.843750
v 0.953419 -0.781250 -0.812500
v 0.971640 -0.750000 -0.812500
v 0.971205 -0.656250 -0.812500
v 0.957175 -0.625000 -0.812500
v 0.956048 0.093750 -0.812500
v 0.967652 0.125000 -0.812500
v 0.954933 0.625000 -0.812500
v 0.973710 0.656250 -0.812500
v 0.966306 0.781250 -0.812500
v 0.967707 -0.156250 -0.781250
v 0.979685 -0.125000 -0.781250
v 0.973570 -0.093750 -0.781250
v 0.955844 -0.062500 -0.781250
v 0.961250 0.062500 -0.781250
v 0.955710 0.093750 -0.781250
v 0.959575 -0.187500 -0.750000
v 0.959033 -0.156250 -0.750000
v 0.958145 -0.125000 -0.750000
v 0.953108 -0.093750 -0.750000
v 0.959714 -0.062500 -0.750000
v 0.970528 0.218750 -0.750000
v 0.966144 0.250000 -0.750000
v 0.970087 0.281250 -0.750000
v 0.968172 0.812500 -0.750000
v 0.970213 -0.656250 -0.718750
v 0.960519 -0.625000 -0.718750
v 0.975007 -0.593750 -0.718750
v 0.974514 -0.437500 -0.718750
v 0.953018 -0.406250 -0.718750
v 0.968710 -0.218750 -0.718750
v 0.968097 -0.125000 -0.718750
v 0.957726 -0.093750 -0.718750
v 0.969541 0.781250 -0.718750
v 0.972166 0.968750 -0.718750
v 0.950804 -0.593750 -0.687500
v 0.952208 -0.437500 -0.687500
v 0.954764 -0.406250 -0.687500
v 0.970319 0.781250 -0.687500
v 0.952630 0.812500 -0.687500
v 0.952484 0.968750 -0.687500
v 0.973753 -0.593750 -0.656250
v 0.978159 -0.437500 -0.656250
v 0.953779 -0.406250 -0.656250
v 0.969964 0.031250 -0.656250
v 0.965768 0.062500 -0.656250
v 0.960871 0.812500 -0.656250
v 0.976612 0.968750 -0.656250
v 0.955734 -0.968750 -0.625000
v 0.957599 -0.937500 -0.625000
v 0.967413 -0.812500 -0.625000
v 0.954753 -0.781250 -0.625000
v 0.970619 0.156250 -0.625000
v 0.969666 0.218750 -0.625000
v 0.970532 0.437500 -0.625000
v 0.953652 0.468750 -0.625000
v 0.968431 0.500000 -0.625000
v 0.967953 0.593750 -0.625000
v 0.951209 0.625000 -0.625000
v 0.959956 0.812500 -0.625000
v 0.966489 -0.968750 -0.593750
v 0.969947 0.062500 -0.593750
v 0.963881 0.093750 -0.593750
v 0.968318 0.156250 -0.593750
v 0.968547 0.218750 -0.593750
v 0.969553 0.250000 -0.593750
v 0.958630 0.812500 -0.593750
v 0.975499 0.843750 -0.593750
v 0.977288 0.875000 -0.593750
v 0.971367 -0.968750 -0.562500
v 0.953906 -0.781250 -0.562500
v 0.971189 -0.750000 -0.562500
v 0.965743 -0.625000 -0.562500
v 0.972165 -0.593750 -0.562500
v 0.977305 -0.468750 -0.562500
v 0.973890 -0.437500 -0.562500
v 0.950370 -0.406250 -0.562500
v 0.956590 -0.375000 -0.562500
v 0.956669 -0.281250 -0.562500
v 0.951310 0.093750 -0.562500
v 0.950933 0.125000 -0.562500
v 0.952718 0.218750 -0.562500
v 0.962566 0.250000 -0.562500
v 0.969306 0.281250 -0.562500
v 0.952599 0.625000 -0.562500
v 0.968694 0.656250 -0.562500
v 0.972434 0.781250 -0.562500
v 0.957105 0.812500 -0.562500
v 0.954456 -0.781250 -0.531250
v 0.953094 -0.750000 -0.531250
v 0.952853 -0.625000 -0.531250
v 0.968086 -0.593750 -0.531250
v 0.959199 -0.437500 -0.531250
v 0.952213 -0.406250 -0.531250
v 0.971477 -0.375000 -0.531250
v 0.961722 -0.281250 -0.531250
v 0.952231 0.093750 -0.531250
v 0.968948 0.125000 -0.531250
v 0.977496 0.187500 -0.531250
v 0.962630 0.218750 -0.531250
v 0.953302 0.250000 -0.531250
v 0.952913 0.625000 -0.531250
v 0.952234 0.656250 -0.531250
v 0.953747 0.781250 -0.531250
v 0.955242 0.812500 -0.531250
v 0.952710 -0.781250 -0.500000
v 0.967337 -0.750000 -0.500000
v 0.968440 -0.625000 -0.500000
v 0.971177 -0.375000 -0.500000
v 0.967184 -0.281250 -0.500000
v 0.976160 0.187500 -0.500000
v 0.976260 0.218750 -0.500000
v 0.953399 0.250000 -0.500000
v 0.952851 0.625000 -0.500000
v 0.968385 0.656250 -0.500000
v 0.969242 0.781250 -0.500000
v 0.953493 0.812500 -0.500000
v 0.975193 -0.562500 -0.468750
v 0.974319 -0.531250 -0.468750
v 0.976083 -0.500000 -0.468750
v 0.968863 0.281250 -0.468750
v 0.972510 0.312500 -0.468750
v 0.952600 0.625000 -0.468750
v 0.972792 0.843750 -0.468750
v 0.975596 0.875000 -0.468750
v 0.971980 -0.968750 -0.437500
v 0.969286 -0.593750 -0.437500
v 0.956718 -0.562500 -0.437500
v 0.959074 -0.531250 -0.437500
v 0.974918 -0.500000 -0.437500
v 0.966493 -0.125000 -0.437500
v 0.955065 -0.093750 -0.437500
v 0.974337 0.312500 -0.437500
v 0.953580 0.625000 -0.437500
v 0.960909 0.843750 -0.437500
v 0.973087 0.875000 -0.437500
v 0.975702 0.906250 -0.437500
v 0.961926 -0.968750 -0.406250
v 0.952439 -0.781250 -0.406250
v 0.969159 -0.656250 -0.406250
v 0.961074 -0.625000 -0.406250
v 0.971328 -0.562500 -0.406250
v 0.958898 -0.531250 -0.406250
v 0.975304 -0.468750 -0.406250
v 0.962702 -0.437500 -0.406250
v 0.950453 -0.250000 -0.406250
v 0.955931 -0.093750 -0.406250
v 0.972538 -0.031250 -0.406250
v 0.970047 0.281250 -0.406250
v 0.972800 0.312500 -0.406250
v 0.953029 0.625000 -0.406250
v 0.958934 0.812500 -0.406250
v 0.971236 0.843750 -0.406250
v 0.954463 0.875000 -0.406250
v 0.975906 0.906250 -0.406250
v 0.954757 -0.968750 -0.375000
v 0.953560 -0.937500 -0.375000
v 0.950784 -0.812500 -0.375000
v 0.950952 -0.781250 -0.375000
v 0.957289 -0.625000 -0.375000
v 0.953987 -0.250000 -0.375000
v 0.970734 -0.218750 -0.375000
v 0.978541 -0.093750 -0.375000
v 0.958236 -0.062500 -0.375000
v 0.951805 0.281250 -0.375000
v 0.953817 0.406250 -0.375000
v 0.955175 0.437500 -0.375000
v 0.954566 0.468750 -0.375000
v 0.952270 0.593750 -0.375000
v 0.952902 0.625000 -0.375000
v 0.956833 -0.968750 -0.343750
v 0.970955 -0.937500 -0.343750
v 0.969282 -0.812500 -0.343750
v 0.951636 -0.781250 -0.343750
v 0.957803 -0.625000 -0.343750
v 0.964887 -0.593750 -0.343750
v 0.971900 -0.562500 -0.343750
v 0.957567 -0.531250 -0.343750
v 0.975094 -0.500000 -0.343750
v 0.972379 -0.437500 -0.343750
v 0.952093 0.250000 -0.343750
v 0.966944 0.281250 -0.343750
v 0.968525 0.343750 -0.343750
v 0.968945 0.375000 -0.343750
v 0.969194 0.406250 -0.343750
v 0.952432 0.437500 -0.343750
v 0.972298 0.468750 -0.343750
v 0.974395 0.500000 -0.343750
v 0.977836 0.531250 -0.343750
v 0.973155 0.593750 -0.343750
v 0.952843 0.625000 -0.343750
v 0.953558 0.812500 -0.343750
v 0.971844 0.843750 -0.343750
v 0.973635 0.875000 -0.343750
v 0.976838 0.906250 -0.343750
v 0.977577 0.968750 -0.343750
v 0.961810 -0.937500 -0.312500
v 0.976729 -0.906250 -0.312500
v 0.951521 -0.781250 -0.312500
v 0.958301 -0.625000 -0.312500
v 0.951967 -0.593750 -0.312500
v 0.953380 -0.562500 -0.312500
v 0.952834 -0.531250 -0.312500
v 0.954023 -0.468750 -0.312500
v 0.958001 -0.437500 -0.312500
v 0.962139 -0.406250 -0.312500
v 0.971025 -0.375000 -0.312500
v 0.952492 0.812500 -0.312500
v 0.951859 0.843750 -0.312500
v 0.952600 0.937500 -0.312500
v 0.951864 0.968750 -0.312500
v 0.969404 -0.656250 -0.281250
v 0.959736 -0.625000 -0.281250
v 0.961702 -0.593750 -0.281250
v 0.970425 -0.562500 -0.281250
v 0.971162 -0.468750 -0.281250
v 0.970560 -0.375000 -0.281250
v 0.965512 -0.281250 -0.281250
v 0.956712 -0.250000 -0.281250
v 0.958539 0.250000 -0.281250
v 0.968681 0.843750 -0.281250
v 0.969498 0.937500 -0.281250
v 0.953416 0.968750 -0.281250
v 0.951824 -0.406250 -0.250000
v 0.952124 -0.375000 -0.250000
v 0.952136 -0.343750 -0.250000
v 0.953945 -0.281250 -0.250000
v 0.960588 -0.250000 -0.250000
v 0.953037 0.093750 -0.250000
v 0.972762 0.125000 -0.250000
v 0.979359 0.218750 -0.250000
v 0.956552 0.250000 -0.250000
v 0.970864 0.312500 -0.250000
v 0.955497 0.343750 -0.250000
v 0.954298 0.625000 -0.250000
v 0.957349 -0.781250 -0.218750
v 0.968239 -0.750000 -0.218750
v 0.960114 -0.593750 -0.218750
v 0.954618 -0.437500 -0.218750
v 0.963914 -0.406250 -0.218750
v 0.963090 -0.250000 -0.218750
v 0.962060 0.062500 -0.218750
v 0.953828 0.093750 -0.218750
v 0.953107 0.125000 -0.218750
v 0.955634 0.218750 -0.218750
v 0.955334 0.250000 -0.218750
v 0.953554 0.625000 -0.218750
v 0.969394 0.656250 -0.218750
v 0.953453 -0.781250 -0.187500
v 0.959338 -0.593750 -0.187500
v 0.968100 0.062500 -0.187500
v 0.966605 0.250000 -0.187500
v 0.953580 0.625000 -0.187500
v 0.953359 0.656250 -0.187500
v 0.952757 0.687500 -0.187500
v 0.952622 0.781250 -0.187500
v 0.951489 0.812500 -0.187500
v 0.977144 -0.812500 -0.156250
v 0.971249 -0.781250 -0.156250
v 0.961181 -0.593750 -0.156250
v 0.966773 0.250000 -0.156250
v 0.961344 0.281250 -0.156250
v 0.971141 0.312500 -0.156250
v 0.966196 0.343750 -0.156250
v 0.971063 0.406250 -0.156250
v 0.951407 0.437500 -0.156250
v 0.971228 0.656250 -0.156250
v 0.972283 0.781250 -0.156250
v 0.952478 0.812500 -0.156250
v 0.968607 -0.562500 -0.125000
v 0.958459 -0.062500 -0.125000
v 0.971145 -0.031250 -0.125000
v 0.970752 0.125000 -0.125000
v 0.971148 0.218750 -0.125000
v 0.971565 0.250000 -0.125000
v 0.953621 0.281250 -0.125000
v 0.959625 0.312500 -0.125000
v 0.956851 0.375000 -0.125000
v 0.952872 0.406250 -0.125000
v 0.950687 0.437500 -0.125000
v 0.953377 0.812500 -0.125000
v 0.969389 -0.812500 -0.093750
v 0.966173 -0.593750 -0.093750
v 0.961029 -0.250000 -0.093750
v 0.970845 -0.218750 -0.093750
v 0.976019 -0.093750 -0.093750
v 0.956381 -0.062500 -0.093750
v 0.961466 0.093750 -0.093750
v 0.966900 0.125000 -0.093750
v 0.967855 0.187500 -0.093750
v 0.957137 0.218750 -0.093750
v 0.952730 0.250000 -0.093750
v 0.953121 0.281250 -0.093750
v 0.972206 0.312500 -0.093750
v 0.972166 0.375000 -0.093750
v 0.958224 0.406250 -0.093750
v 0.952587 0.437500 -0.093750
v 0.969623 0.656250 -0.093750
v 0.971386 0.781250 -0.093750
v 0.969261 -0.937500 -0.062500
v 0.976546 -0.906250 -0.062500
v 0.968904 -0.812500 -0.062500
v 0.955103 -0.781250 -0.062500
v 0.956473 -0.750000 -0.062500
v 0.953683 -0.656250 -0.062500
v 0.955246 -0.625000 -0.062500
v 0.965529 -0.593750 -0.062500
v 0.956766 -0.281250 -0.062500
v 0.956054 -0.250000 -0.062500
v 0.953486 -0.093750 -0.062500
v 0.963037 -0.062500 -0.062500
v 0.963511 -0.031250 -0.062500
v 0.972300 0.000000 -0.062500
v 0.972292 0.062500 -0.062500
v 0.955956 0.093750 -0.062500
v 0.953016 0.125000 -0.062500
v 0.955976 0.156250 -0.062500
v 0.957518 0.187500 -0.062500
v 0.959131 0.218750 -0.062500
v 0.954614 0.250000 -0.062500
v 0.952312 0.281250 -0.062500
v 0.960580 0.406250 -0.062500
v 0.953002 0.437500 -0.062500
v 0.968126 0.468750 -0.062500
v 0.976936 0.500000 -0.062500
v 0.957019 0.656250 -0.062500
v 0.961305 0.781250 -0.062500
v 0.956686 0.812500 -0.062500
v 0.974681 -0.750000 -0.031250
v 0.975587 -0.656250 -0.031250
v 0.954059 -0.625000 -0.031250
v 0.969734 -0.250000 -0.031250
v 0.978799 -0.218750 -0.031250
v 0.973723 -0.187500 -0.031250
v 0.972789 -0.156250 -0.031250
v 0.974124 -0.093750 -0.031250
v 0.961301 -0.062500 -0.031250
v 0.971603 0.250000 -0.031250
v 0.951055 0.281250 -0.031250
v 0.972993 0.375000 -0.031250
v 0.965759 0.406250 -0.031250
v 0.970401 0.656250 -0.031250
v 0.956365 -0.968750 -0.000000
v 0.968521 -0.937500 0.000000
v 0.977022 -0.843750 -0.000000
v 0.970662 -0.812500 0.000000
v 0.969600 -0.781250 -0.000000
v 0.970360 -0.750000 -0.000000
v 0.972565 -0.656250 0.000000
v 0.954199 -0.625000 -0.000000
v 0.959869 -0.062500 0.000000
v 0.962018 -0.031250 0.000000
v 0.967312 0.468750 -0.000000
v 0.977606 0.593750 -0.000000
v 0.952565 0.625000 -0.000000
v 0.954299 -0.968750 0.031250
v 0.953164 -0.937500 0.031250
v 0.951290 -0.906250 0.031250
v 0.953215 -0.843750 0.031250
v 0.951679 -0.812500 0.031250
v 0.968331 -0.781250 0.031250
v 0.955111 -0.625000 0.031250
v 0.965971 -0.593750 0.031250
v 0.963877 -0.468750 0.031250
v 0.952977 -0.437500 0.031250
v 0.971449 -0.375000 0.031250
v 0.971255 -0.250000 0.031250
v 0.977863 -0.218750 0.031250
v 0.977582 -0.187500 0.031250
v 0.955920 -0.062500 0.031250
v 0.972280 0.250000 0.031250
v 0.952304 0.281250 0.031250
v 0.969074 0.312500 0.031250
v 0.954727 0.437500 0.031250
v 0.953763 0.468750 0.031250
v 0.952104 0.593750 0.031250
v 0.955003 0.625000 0.031250
v 0.961686 0.812500 0.031250
v 0.969733 0.843750 0.031250
v 0.952417 -0.968750 0.062500
v 0.967891 -0.937500 0.062500
v 0.969039 -0.843750 0.062500
v 0.953120 -0.812500 0.062500
v 0.954284 -0.625000 0.062500
v 0.962841 -0.593750 0.062500
v 0.952303 -0.437500 0.062500
v 0.962619 -0.406250 0.062500
v 0.958784 0.093750 0.062500
v 0.951059 0.125000 0.062500
v 0.958379 0.156250 0.062500
v 0.956536 0.250000 0.062500
v 0.952591 0.281250 0.062500
v 0.970610 0.468750 0.062500
v 0.968311 0.562500 0.062500
v 0.965728 0.593750 0.062500
v 0.964653 0.625000 0.062500
v 0.968499 0.656250 0.062500
v 0.954940 0.968750 0.062500
v 0.954090 -0.625000 0.093750
v 0.954015 -0.593750 0.093750
v 0.951731 -0.375000 0.093750
v 0.952664 -0.312500 0.093750
v 0.970327 0.062500 0.093750
v 0.963847 0.093750 0.093750
v 0.975791 0.250000 0.093750
v 0.953603 0.281250 0.093750
v 0.964198 0.750000 0.093750
v 0.959768 0.781250 0.093750
v 0.953858 0.812500 0.093750
v 0.953538 0.968750 0.093750
v 0.972766 -0.593750 0.125000
v 0.959007 -0.312500 0.125000
v 0.953527 -0.281250 0.125000
v 0.963905 -0.250000 0.125000
v 0.962949 0.593750 0.125000
v 0.967945 0.625000 0.125000
v 0.958053 0.781250 0.125000
v 0.972363 0.812500 0.125000
v 0.970231 0.968750 0.125000
v 0.972477 -0.593750 0.156250
v 0.972784 -0.531250 0.156250
v 0.955148 0.781250 0.156250
v 0.972266 0.812500 0.156250
v 0.969143 0.906250 0.156250
v 0.969687 0.968750 0.156250
v 0.969309 -0.843750 0.187500
v 0.953839 -0.812500 0.187500
v 0.954986 -0.593750 0.187500
v 0.963438 -0.531250 0.187500
v 0.972739 -0.468750 0.187500
v 0.971584 -0.375000 0.187500
v 0.962445 -0.312500 0.187500
v 0.952805 -0.281250 0.187500
v 0.956150 -0.250000 0.187500
v 0.954180 0.781250 0.187500
v 0.954038 0.875000 0.187500
v 0.962740 0.906250 0.187500
v 0.972550 0.968750 0.187500
v 0.968116 -0.593750 0.218750
v 0.966582 -0.531250 0.218750
v 0.965342 -0.468750 0.218750
v 0.954949 -0.437500 0.218750
v 0.956122 -0.406250 0.218750
v 0.957484 -0.375000 0.218750
v 0.959874 -0.343750 0.218750
v 0.978145 -0.187500 0.218750
v 0.977913 -0.156250 0.218750
v 0.955456 0.781250 0.218750
v 0.969445 0.812500 0.218750
v 0.959110 0.968750 0.218750
v 0.967297 -0.843750 0.250000
v 0.953946 -0.812500 0.250000
v 0.950302 -0.625000 0.250000
v 0.972198 -0.468750 0.250000
v 0.956095 -0.437500 0.250000
v 0.974278 -0.406250 0.250000
v 0.974337 -0.343750 0.250000
v 0.959480 -0.281250 0.250000
v 0.957173 -0.250000 0.250000
v 0.977178 -0.218750 0.250000
v 0.978824 -0.187500 0.250000
v 0.963364 -0.156250 0.250000
v 0.956413 0.281250 0.250000
v 0.959045 0.468750 0.250000
v 0.966046 0.500000 0.250000
v 0.961080 -0.468750 0.281250
v 0.952978 -0.437500 0.281250
v 0.977013 -0.406250 0.281250
v 0.975419 -0.375000 0.281250
v 0.974475 -0.312500 0.281250
v 0.972344 -0.281250 0.281250
v 0.962551 -0.218750 0.281250
v 0.970151 -0.187500 0.281250
v 0.973985 -0.156250 0.281250
v 0.962547 -0.125000 0.281250
v 0.960385 -0.093750 0.281250
v 0.950678 -0.062500 0.281250
v 0.975376 0.093750 0.281250
v 0.960085 0.125000 0.281250
v 0.979487 0.250000 0.281250
v 0.968864 0.281250 0.281250
v 0.966578 0.343750 0.281250
v 0.971046 0.406250 0.281250
v 0.961210 0.468750 0.281250
v 0.966953 0.500000 0.281250
v 0.953296 -0.437500 0.312500
v 0.961389 -0.406250 0.312500
v 0.975437 -0.375000 0.312500
v 0.964565 -0.218750 0.312500
v 0.972953 -0.187500 0.312500
v 0.955482 0.343750 0.312500
v 0.959859 0.406250 0.312500
v 0.969923 0.625000 0.312500
v 0.970050 0.656250 0.312500
v 0.952362 -0.812500 0.343750
v 0.966139 -0.781250 0.343750
v 0.966953 -0.750000 0.343750
v 0.953837 -0.437500 0.343750
v 0.979049 -0.406250 0.343750
v 0.975737 -0.375000 0.343750
v 0.955366 -0.250000 0.343750
v 0.961777 0.093750 0.343750
v 0.967066 0.125000 0.343750
v 0.968168 0.375000 0.343750
v 0.968969 0.406250 0.343750
v 0.957029 0.593750 0.343750
v 0.953218 0.625000 0.343750
v 0.954754 -0.812500 0.375000
v 0.956975 -0.781250 0.375000
v 0.953280 -0.437500 0.375000
v 0.979860 -0.406250 0.375000
v 0.976724 -0.281250 0.375000
v 0.973220 0.125000 0.375000
v 0.979804 0.156250 0.375000
v 0.969001 0.375000 0.375000
v 0.967142 0.562500 0.375000
v 0.966528 0.593750 0.375000
v 0.952218 -0.437500 0.406250
v 0.971544 -0.406250 0.406250
v 0.970060 -0.281250 0.406250
v 0.966977 -0.250000 0.406250
v 0.973321 -0.218750 0.406250
v 0.972976 -0.156250 0.406250
v 0.960915 0.093750 0.406250
v 0.978103 0.125000 0.406250
v 0.951239 -0.437500 0.437500
v 0.953979 -0.406250 0.437500
v 0.957957 -0.156250 0.437500
v 0.963198 0.062500 0.437500
v 0.956267 0.093750 0.437500
v 0.959050 0.125000 0.437500
v 0.969097 0.250000 0.437500
v 0.958817 0.281250 0.437500
v 0.966816 0.312500 0.437500
v 0.963541 0.812500 0.437500
v 0.967886 0.843750 0.437500
v 0.961272 -0.593750 0.468750
v 0.967682 -0.562500 0.468750
v 0.968745 -0.406250 0.468750
v 0.972159 -0.156250 0.468750
v 0.968391 0.125000 0.468750
v 0.971437 0.250000 0.468750
v 0.954873 0.281250 0.468750
v 0.954745 0.281250 0.500000
v 0.966769 0.312500 0.500000
v 0.954208 0.781250 0.500000
v 0.964690 0.812500 0.500000
v 0.969630 0.843750 0.500000
v 0.968688 0.968750 0.500000
v 0.965225 -0.156250 0.531250
v 0.962672 0.062500 0.531250
v 0.952766 0.093750 0.531250
v 0.952883 0.437500 0.531250
v 0.967507 0.468750 0.531250
v 0.957799 0.781250 0.531250
v 0.967098 -0.843750 0.562500
v 0.953438 -0.812500 0.562500
v 0.966601 -0.593750 0.562500
v 0.969554 -0.562500 0.562500
v 0.962173 -0.468750 0.562500
v 0.962042 -0.156250 0.562500
v 0.955153 0.093750 0.562500
v 0.953455 0.281250 0.562500
v 0.953509 0.437500 0.562500
v 0.966430 0.500000 0.562500
v 0.960495 0.781250 0.562500
v 0.968495 0.812500 0.562500
v 0.967910 0.968750 0.562500
v 0.969218 -0.875000 0.593750
v 0.958860 -0.812500 0.593750
v 0.951653 -0.781250 0.593750
v 0.954643 -0.625000 0.593750
v 0.953567 -0.593750 0.593750
v 0.952436 -0.468750 0.593750
v 0.951278 -0.437500 0.593750
v 0.967060 0.062500 0.593750
v 0.953381 0.093750 0.593750
v 0.952464 0.437500 0.593750
v 0.969736 0.468750 0.593750
v 0.974040 0.500000 0.593750
v 0.971432 0.531250 0.593750
v 0.955330 0.562500 0.593750
v 0.962197 0.593750 0.593750
v 0.953216 0.812500 0.593750
v 0.952802 0.968750 0.593750
v 0.972935 -0.875000 0.625000
v 0.973427 -0.843750 0.625000
v 0.968115 -0.812500 0.625000
v 0.959485 -0.625000 0.625000
v 0.973135 -0.593750 0.625000
v 0.963121 -0.500000 0.625000
v 0.965434 -0.468750 0.625000
v 0.968697 -0.250000 0.625000
v 0.965640 -0.218750 0.625000
v 0.963850 -0.156250 0.625000
v 0.972861 0.531250 0.625000
v 0.972869 0.562500 0.625000
v 0.972471 0.593750 0.625000
v 0.962063 0.812500 0.625000
v 0.957530 0.906250 0.625000
v 0.960048 0.937500 0.625000
v 0.959878 0.968750 0.625000
v 0.968942 -0.656250 0.656250
v 0.962232 -0.625000 0.656250
v 0.958576 -0.468750 0.656250
v 0.956934 -0.437500 0.656250
v 0.969420 -0.250000 0.656250
v 0.953511 -0.218750 0.656250
v 0.953992 -0.156250 0.656250
v 0.958403 0.812500 0.656250
v 0.970320 0.843750 0.656250
v 0.975263 0.968750 0.656250
v 0.973135 -0.875000 0.687500
v 0.972866 -0.843750 0.687500
v 0.962678 -0.812500 0.687500
v 0.964734 -0.625000 0.687500
v 0.961168 -0.437500 0.687500
v 0.970324 -0.406250 0.687500
v 0.952888 -0.250000 0.687500
v 0.973337 -0.218750 0.687500
v 0.968889 -0.156250 0.687500
v 0.957163 0.093750 0.687500
v 0.970405 0.125000 0.687500
v 0.970856 0.250000 0.687500
v 0.954008 0.281250 0.687500
v 0.966893 0.312500 0.687500
v 0.973067 0.531250 0.687500
v 0.971842 0.562500 0.687500
v 0.971991 0.593750 0.687500
v 0.955525 0.812500 0.687500
v 0.973867 -0.875000 0.718750
v 0.954429 -0.843750 0.718750
v 0.966510 -0.812500 0.718750
v 0.968118 -0.750000 0.718750
v 0.964190 -0.625000 0.718750
v 0.954487 0.093750 0.718750
v 0.953185 0.250000 0.718750
v 0.970892 0.531250 0.718750
v 0.954657 0.562500 0.718750
v 0.969742 0.593750 0.718750
v 0.968846 0.656250 0.718750
v 0.969430 0.781250 0.718750
v 0.954531 0.812500 0.718750
v 0.977556 0.968750 0.718750
v 0.974093 -0.875000 0.750000
v 0.973839 -0.843750 0.750000
v 0.972794 -0.812500 0.750000
v 0.953537 -0.781250 0.750000
v 0.954224 -0.750000 0.750000
v 0.952076 -0.656250 0.750000
v 0.951148 -0.625000 0.750000
v 0.956329 -0.468750 0.750000
v 0.971577 -0.437500 0.750000
v 0.956471 -0.406250 0.750000
v 0.957453 -0.281250 0.750000
v 0.955842 -0.250000 0.750000
v 0.972763 0.531250 0.750000
v 0.971920 0.562500 0.750000
v 0.960149 0.593750 0.750000
v 0.954436 0.656250 0.750000
v 0.952304 0.781250 0.750000
v 0.952880 0.812500 0.750000
v 0.970355 0.906250 0.750000
v 0.966940 0.937500 0.750000
v 0.976383 0.968750 0.750000
v 0.954936 -0.781250 0.781250
v 0.968861 -0.750000 0.781250
v 0.976291 -0.718750 0.781250
v 0.973544 -0.656250 0.781250
v 0.956096 -0.625000 0.781250
v 0.968498 -0.406250 0.781250
v 0.976965 -0.375000 0.781250
v 0.977681 -0.281250 0.781250
v 0.954801 -0.250000 0.781250
v 0.971262 0.218750 0.781250
v 0.962680 0.250000 0.781250
v 0.969588 0.343750 0.781250
v 0.963270 0.375000 0.781250
v 0.964609 0.406250 0.781250
v 0.969704 0.656250 0.781250
v 0.969351 0.687500 0.781250
v 0.975859 0.750000 0.781250
v 0.970757 0.781250 0.781250
v 0.954265 0.812500 0.781250
v 0.953288 -0.781250 0.812500
v 0.974643 -0.718750 0.812500
v 0.952992 -0.250000 0.812500
v 0.964989 -0.218750 0.812500
v 0.964983 -0.156250 0.812500
v 0.970588 0.406250 0.812500
v 0.971300 -0.750000 0.843750
v 0.975347 -0.718750 0.843750
v 0.953617 -0.218750 0.843750
v 0.953255 -0.156250 0.843750
v 0.955229 -0.125000 0.843750
v 0.958787 -0.031250 0.843750
v 0.959142 0.062500 0.843750
v 0.954780 0.093750 0.843750
v 0.968252 0.343750 0.843750
v 0.955139 0.375000 0.843750
v 0.968288 -0.218750 0.875000
v 0.961759 -0.156250 0.875000
v 0.956969 -0.125000 0.875000
v 0.957109 -0.062500 0.875000
v 0.970551 -0.031250 0.875000
v 0.968866 0.062500 0.875000
v 0.969442 0.343750 0.875000
v 0.969034 0.375000 0.875000
v 0.969920 0.406250 0.875000
v 0.968893 -0.218750 0.906250
v 0.968126 -0.187500 0.906250
v 0.971975 -0.156250 0.906250
v 0.969453 -0.062500 0.906250
v 0.972814 0.062500 0.906250
v 0.967693 0.093750 0.906250
v 0.972686 -0.937500 0.937500
v 0.973843 -0.843750 0.937500
v 0.974498 -0.812500 0.937500
v 0.957788 -0.468750 0.937500
v 0.970994 -0.437500 0.937500
v 0.960868 -0.406250 0.937500
v 0.969873 0.312500 0.937500
v 0.970054 0.406250 0.937500
v 0.972993 0.468750 0.937500
v 0.973448 0.562500 0.937500
v 0.967756 0.593750 0.937500
v 0.953620 -0.968750 0.968750
v 0.956778 -0.937500 0.968750
v 0.958623 -0.843750 0.968750
v 0.974441 -0.812500 0.968750
v 0.952509 -0.781250 0.968750
v 0.967735 -0.750000 0.968750
v 0.965622 -0.625000 0.968750
v 0.965154 -0.593750 0.968750
v 0.965375 -0.562500 0.968750
v 0.971720 -0.531250 0.968750
v 0.972321 -0.468750 0.968750
v 0.963062 -0.437500 0.968750
v 0.964691 -0.406250 0.968750
v 0.973841 -0.375000 0.968750
v 0.978060 -0.281250 0.968750
v 0.954662 -0.250000 0.968750
v 0.964617 -0.218750 0.968750
v 0.972719 -0.187500 0.968750
v 0.975643 -0.093750 0.968750
v 0.971228 -0.062500 0.968750
v 0.969976 0.093750 0.968750
v 0.965642 0.125000 0.968750
v 0.971139 0.218750 0.968750
v 0.953460 0.250000 0.968750
v 0.953671 0.312500 0.968750
v 0.959490 0.406250 0.968750
v 0.958181 0.437500 0.968750
v 0.960427 0.468750 0.968750
v 0.959829 0.531250 0.968750
v 0.960083 0.562500 0.968750
v 0.975190 0.593750 0.968750
v 0.952798 0.625000 0.968750
v 0.956346 0.656250 0.968750
v 0.975613 0.687500 0.968750
v 0.975999 0.750000 0.968750
v 0.963601 0.781250 0.968750
v 0.951471 0.812500 0.968750
v 0.960957 0.843750 0.968750
v 0.964579 0.875000 0.968750
v 0.970777 0.906250 0.968750
v 0.970262 0.968750 0.968750
v 0.968750 -0.968750 0.957465
v 0.968750 -0.937500 0.960691
v 0.968750 -0.906250 0.958809
v 0.968750 -0.843750 0.956811
v 0.968750 -0.812500 0.952514
v 0.968750 -0.781250 0.951435
v 0.968750 -0.750000 0.968610
v 0.968750 -0.718750 0.974684
v 0.968750 -0.625000 0.969986
v 0.968750 -0.593750 0.961762
v 0.968750 -0.500000 0.960993
v 0.968750 -0.468750 0.959855
v 0.968750 -0.437500 0.953668
v 0.968750 -0.406250 0.956989
v 0.968750 -0.375000 0.959385
v 0.968750 -0.281250 0.961091
v 0.968750 -0.250000 0.952649
v 0.968750 -0.218750 0.956429
v 0.968750 -0.187500 0.973135
v 0.968750 -0.125000 0.975523
v 0.968750 -0.093750 0.978205
v 0.968750 -0.062500 0.955169
v 0.968750 -0.031250 0.957140
v 0.968750 0.000000 0.965921
v 0.968750 0.031250 0.967670
v 0.968750 0.062500 0.970677
v 0.968750 0.093750 0.971023
v 0.968750 0.218750 0.971129
v 0.968750 0.250000 0.952915
v 0.968750 0.281250 0.972040
v 0.968750 0.437500 0.965776
v 0.968750 0.468750 0.955140
v 0.968750 0.500000 0.959375
v 0.968750 0.593750 0.950972
v 0.968750 0.625000 0.951246
v 0.968750 0.656250 0.953646
v 0.968750 0.687500 0.973937
v 0.968750 0.750000 0.977109
v 0.968750 0.781250 0.968307
v 0.968750 0.812500 0.953926
v 0.968750 0.843750 0.961066
v 0.968750 0.968750 0.959640
v 0.937500 -0.937500 0.968063
v 0.937500 -0.906250 0.978635
v 0.937500 -0.843750 0.975733
v 0.937500 -0.812500 0.974983
v 0.937500 -0.781250 0.951175
v 0.937500 -0.593750 0.968401
v 0.937500 -0.500000 0.976863
v 0.937500 -0.468750 0.962180
v 0.937500 -0.437500 0.979049
v 0.937500 -0.406250 0.957145
v 0.937500 -0.093750 0.983026
v 0.937500 -0.031250 0.977391
v 0.937500 0.031250 0.975087
v 0.937500 0.093750 0.953424
v 0.937500 0.125000 0.966554
v 0.937500 0.250000 0.953207
v 0.937500 0.281250 0.972723
v 0.937500 0.437500 0.965268
v 0.937500 0.468750 0.952805
v 0.937500 0.500000 0.979902
v 0.937500 0.562500 0.977554
v 0.937500 0.593750 0.973209
v 0.937500 0.625000 0.951999
v 0.937500 0.968750 0.971125
v 0.906250 -0.968750 0.954950
v 0.906250 -0.937500 0.964772
v 0.906250 -0.843750 0.975326
v 0.906250 -0.781250 0.950629
v 0.906250 -0.718750 0.975855
v 0.906250 -0.625000 0.970358
v 0.906250 -0.500000 0.975302
v 0.906250 -0.468750 0.975149
v 0.906250 -0.406250 0.957582
v 0.906250 0.250000 0.952495
v 0.906250 0.281250 0.954135
v 0.906250 0.437500 0.953769
v 0.906250 0.468750 0.952715
v 0.906250 0.562500 0.976676
v 0.906250 0.625000 0.954080
v 0.906250 0.687500 0.978437
v 0.906250 0.750000 0.977795
v 0.906250 0.781250 0.968715
v 0.906250 0.812500 0.953361
v 0.875000 -0.843750 0.975357
v 0.875000 -0.812500 0.976894
v 0.875000 -0.781250 0.953377
v 0.875000 -0.750000 0.959972
v 0.875000 -0.718750 0.966458
v 0.875000 -0.625000 0.959718
v 0.875000 -0.593750 0.973265
v 0.875000 0.031250 0.977692
v 0.875000 0.062500 0.975798
v 0.875000 0.281250 0.973094
v 0.875000 0.437500 0.972689
v 0.875000 0.468750 0.952034
v 0.875000 0.562500 0.977514
v 0.875000 0.593750 0.976945
v 0.875000 0.625000 0.954273
v 0.875000 0.656250 0.969702
v 0.875000 0.687500 0.965656
v 0.875000 0.781250 0.971275
v 0.875000 0.812500 0.955420
v 0.875000 0.968750 0.972844
v 0.843750 -0.750000 0.953957
v 0.843750 -0.625000 0.954154
v 0.843750 0.656250 0.955183
v 0.843750 0.781250 0.951855
v 0.843750 0.812500 0.956185
v 0.812500 -0.781250 0.953419
v 0.812500 -0.750000 0.971640
v 0.812500 -0.656250 0.971205
v 0.812500 -0.625000 0.957175
v 0.812500 0.093750 0.956048
v 0.812500 0.125000 0.967652
v 0.812500 0.625000 0.954933
v 0.812500 0.656250 0.973710
v 0.812500 0.781250 0.966306
v 0.781250 -0.156250 0.967707
v 0.781250 -0.125000 0.979685
v 0.781250 -0.093750 0.973570
v 0.781250 -0.062500 0.955844
v 0.781250 0.062500 0.961250
v 0.781250 0.093750 0.955710
v 0.750000 -0.187500 0.959575
v 0.750000 -0.156250 0.959033
v 0.750000 -0.125000 0.958145
v 0.750000 -0.093750 0.953108
v 0.750000 -0.062500 0.959714
v 0.750000 0.218750 0.970528
v 0.750000 0.250000 0.966144
v 0.750000 0.281250 0.970087
v 0.750000 0.812500 0.968172
v 0.718750 -0.656250 0.970213
v 0.718750 -0.625000 0.960519
v 0.718750 -0.593750 0.975007
v 0.718750 -0.437500 0.974514
v 0.718750 -0.406250 0.953018
v 0.718750 -0.218750 0.968710
v 0.718750 -0.125000 0.968097
v 0.718750 -0.093750 0.957726
v 0.718750 0.781250 0.969541
v 0.718750 0.968750 0.972166
v 0.687500 -0.593750 0.950804
v 0.687500 -0.437500 0.952208
v 0.687500 -0.406250 0.954764
v 0.687500 0.781250 0.970319
v 0.687500 0.812500 0.952630
v 0.687500 0.968750 0.952484
v 0.656250 -0.593750 0.973753
v 0.656250 -0.437500 0.978159
v 0.656250 -0.406250 0.953779
v 0.656250 0.031250 0.969964
v 0.656250 0.062500 0.965768
v 0.656250 0.812500 0.960871
v 0.656250 0.968750 0.976612
v 0.625000 -0.968750 0.955734
v 0.625000 -0.937500 0.957599
v 0.625000 -0.812500 0.967413
v 0.625000 -0.781250 0.954753
v 0.625000 0.156250 0.970619
v 0.625000 0.218750 0.969666
v 0.625000 0.437500 0.970532
v 0.625000 0.468750 0.953652
v 0.625000 0.500000 0.968431
v 0.625000 0.593750 0.967953
v 0.625000 0.625000 0.951209
v 0.625000 0.812500 0.959956
v 0.593750 -0.968750 0.966489
v 0.593750 0.062500 0.969947
v 0.593750 0.093750 0.963881
v 0.593750 0.156250 0.968318
v 0.593750 0.218750 0.968547
v 0.593750 0.250000 0.969553
v 0.593750 0.812500 0.958630
v 0.593750 0.843750 0.975499
v 0.593750 0.875000 0.977288
v 0.562500 -0.968750 0.971367
v 0.562500 -0.781250 0.953906
v 0.562500 -0.750000 0.971189
v 0.562500 -0.625000 0.965743
v 0.562500 -0.593750 0.972165
v 0.562500 -0.468750 0.977305
v 0.562500 -0.437500 0.973890
v 0.562500 -0.406250 0.950370
v 0.562500 -0.375000 0.956590
v 0.562500 -0.281250 0.956669
v 0.562500 0.093750 0.951310
v 0.562500 0.125000 0.950933
v 0.562500 0.218750 0.952718
v 0.562500 0.250000 0.962566
v 0.562500 0.281250 0.969306
v 0.562500 0.625000 0.952599
v 0.562500 0.656250 0.968694
v 0.562500 0.781250 0.972434
v 0.562500 0.812500 0.957105
v 0.531250 -0.781250 0.954456
v 0.531250 -0.750000 0.953094
v 0.531250 -0.625000 0.952853
v 0.531250 -0.593750 0.968086
v 0.531250 -0.437500 0.959199
v 0.531250 -0.406250 0.952213
v 0.531250 -0.375000 0.971477
v 0.531250 -0.281250 0.961722
v 0.531250 0.093750 0.952231
v 0.531250 0.125000 0.968948
v 0.531250 0.187500 0.977496
v 0.531250 0.218750 0.962630
v 0.531250 0.250000 0.953302
v 0.531250 0.625000 0.952913
v 0.531250 0.656250 0.952234
v 0.531250 0.781250 0.953747
v 0.531250 0.812500 0.955242
v 0.500000 -0.781250 0.952710
v 0.500000 -0.750000 0.967337
v 0.500000 -0.625000 0.968440
v 0.500000 -0.375000 0.971177
v 0.500000 -0.281250 0.967184
v 0.500000 0.187500 0.976160
v 0.500000 0.218750 0.976260
v 0.500000 0.250000 0.953399
v 0.500000 0.625000 0.952851
v 0.500000 0.656250 0.968385
v 0.500000 0.781250 0.969242
v 0.500000 0.812500 0.953493
v 0.468750 -0.562500 0.975193
v 0.468750 -0.531250 0.974319
v 0.468750 -0.500000 0.976083
v 0.468750 0.281250 0.968863
v 0.468750 0.312500 0.972510
v 0.468750 0.625000 0.952600
v 0.468750 0.843750 0.972792
v 0.468750 0.875000 0.975596
v 0.437500 -0.968750 0.971980
v 0.437500 -0.593750 0.969286
v 0.437500 -0.562500 0.956718
v 0.437500 -0.531250 0.959074
v 0.437500 -0.500000 0.974918
v 0.437500 -0.125000 0.966493
v 0.437500 -0.093750 0.955065
v 0.437500 0.312500 0.974337
v 0.437500 0.625000 0.953580
v 0.437500 0.843750 0.960909
v 0.437500 0.875000 0.973087
v 0.437500 0.906250 0.975702
v 0.406250 -0.968750 0.961926
v 0.406250 -0.781250 0.952439
v 0.406250 -0.656250 0.969159
v 0.406250 -0.625000 0.961074
v 0.406250 -0.562500 0.971328
v 0.406250 -0.531250 0.958898
v 0.406250 -0.468750 0.975304
v 0.406250 -0.437500 0.962702
v 0.406250 -0.250000 0.950453
v 0.406250 -0.093750 0.955931
v 0.406250 -0.031250 0.972538
v 0.406250 0.281250 0.970047
v 0.406250 0.312500 0.972800
v 0.406250 0.625000 0.953029
v 0.406250 0.812500 0.958934
v 0.406250 0.843750 0.971236
v 0.406250 0.875000 0.954463
v 0.406250 0.906250 0.975906
v 0.375000 -0.968750 0.954757
v 0.375000 -0.937500 0.953560
v 0.375000 -0.812500 0.950784
v 0.375000 -0.781250 0.950952
v 0.375000 -0.625000 0.957289
v 0.375000 -0.250000 0.953987
v 0.375000 -0.218750 0.970734
v 0.375000 -0.093750 0.978541
v 0.375000 -0.062500 0.958236
v 0.375000 0.281250 0.951805
v 0.375000 0.406250 0.953817
v 0.375000 0.437500 0.955175
v 0.375000 0.468750 0.954566
v 0.375000 0.593750 0.952270
v 0.375000 0.625000 0.952902
v 0.343750 -0.968750 0.956833
v 0.343750 -0.937500 0.970955
v 0.343750 -0.812500 0.969282
v 0.343750 -0.781250 0.951636
v 0.343750 -0.625000 0.957803
v 0.343750 -0.593750 0.964887
v 0.343750 -0.562500 0.971900
v 0.343750 -0.531250 0.957567
v 0.343750 -0.500000 0.975094
v 0.343750 -0.437500 0.972379
v 0.343750 0.250000 0.952093
v 0.343750 0.281250 0.966944
v 0.343750 0.343750 0.968525
v 0.343750 0.375000 0.968945
v 0.343750 0.406250 0.969194
v 0.343750 0.437500 0.952432
v 0.343750 0.468750 0.972298
v 0.343750 0.500000 0.974395
v 0.343750 0.531250 0.977836
v 0.343750 0.593750 0.973155
v 0.343750 0.625000 0.952843
v 0.343750 0.812500 0.953558
v 0.343750 0.843750 0.971844
v 0.343750 0.875000 0.973635
v 0.343750 0.906250 0.976838
v 0.343750 0.968750 0.977577
v 0.312500 -0.937500 0.961810
v 0.312500 -0.906250 0.976729
v 0.312500 -0.781250 0.951521
v 0.312500 -0.625000 0.958301
v 0.312500 -0.593750 0.951967
v 0.312500 -0.562500 0.953380
v 0.312500 -0.531250 0.952834
v 0.312500 -0.468750 0.954023
v 0.312500 -0.437500 0.958001
v 0.312500 -0.406250 0.962139
v 0.312500 -0.375000 0.971025
v 0.312500 0.812500 0.952492
v 0.312500 0.843750 0.951859
v 0.312500 0.937500 0.952600
v 0.312500 0.968750 0.951864
v 0.281250 -0.656250 0.969404
v 0.281250 -0.625000 0.959736
v 0.281250 -0.593750 0.961702
v 0.281250 -0.562500 0.970425
v 0.281250 -0.468750 0.971162
v 0.281250 -0.375000 0.970560
v 0.281250 -0.281250 0.965512
v 0.281250 -0.250000 0.956712
v 0.281250 0.250000 0.958539
v 0.281250 0.843750 0.968681
v 0.281250 0.937500 0.969498
v 0.281250 0.968750 0.953416
v 0.250000 -0.406250 0.951824
v 0.250000 -0.375000 0.952124
v 0.250000 -0.343750 0.952136
v 0.250000 -0.281250 0.953945
v 0.250000 -0.250000 0.960588
v 0.250000 0.093750 0.953037
v 0.250000 0.125000 0.972762
v 0.250000 0.218750 0.979359
v 0.250000 0.250000 0.956552
v 0.250000 0.312500 0.970864
v 0.250000 0.343750 0.955497
v 0.250000 0.625000 0.954298
v 0.218750 -0.781250 0.957349
v 0.218750 -0.750000 0.968239
v 0.218750 -0.593750 0.960114
v 0.218750 -0.437500 0.954618
v 0.218750 -0.406250 0.963914
v 0.218750 -0.250000 0.963090
v 0.218750 0.062500 0.962060
v 0.218750 0.093750 0.953828
v 0.218750 0.125000 0.953107
v 0.218750 0.218750 0.955634
v 0.218750 0.250000 0.955334
v 0.218750 0.625000 0.953554
v 0.218750 0.656250 0.969394
v 0.187500 -0.781250 0.953453
v 0.187500 -0.593750 0.959338
v 0.187500 0.062500 0.968100
v 0.187500 0.250000 0.966605
v 0.187500 0.625000 0.953580
v 0.187500 0.656250 0.953359
v 0.187500 0.687500 0.952757
v 0.187500 0.781250 0.952622
v 0.187500 0.812500 0.951489
v 0.156250 -0.812500 0.977144
v 0.156250 -0.781250 0.971249
v 0.156250 -0.593750 0.961181
v 0.156250 0.250000 0.966773
v 0.156250 0.281250 0.961344
v 0.156250 0.312500 0.971141
v 0.156250 0.343750 0.966196
v 0.156250 0.406250 0.971063
v 0.156250 0.437500 0.951407
v 0.156250 0.656250 0.971228
v 0.156250 0.781250 0.972283
v 0.156250 0.812500 0.952478
v 0.125000 -0.562500 0.968607
v 0.125000 -0.062500 0.958459
v 0.125000 -0.031250 0.971145
v 0.125000 0.125000 0.970752
v 0.125000 0.218750 0.971148
v 0.125000 0.250000 0.971565
v 0.125000 0.281250 0.953621
v 0.125000 0.312500 0.959625
v 0.125000 0.375000 0.956851
v 0.125000 0.406250 0.952872
v 0.125000 0.437500 0.950687
v 0.125000 0.812500 0.953377
v 0.093750 -0.812500 0.969389
v 0.093750 -0.593750 0.966173
v 0.093750 -0.250000 0.961029
v 0.093750 -0.218750 0.970845
v 0.093750 -0.093750 0.976019
v 0.093750 -0.062500 0.956381
v 0.093750 0.093750 0.961466
v 0.093750 0.125000 0.966900
v 0.093750 0.187500 0.967855
v 0.093750 0.218750 0.957137
v 0.093750 0.250000 0.952730
v 0.093750 0.281250 0.953121
v 0.093750 0.312500 0.972206
v 0.093750 0.375000 0.972166
v 0.093750 0.406250 0.958224
v 0.093750 0.437500 0.952587
v 0.093750 0.656250 0.969623
v 0.093750 0.781250 0.971386
v 0.062500 -0.937500 0.969261
v 0.062500 -0.906250 0.976546
v 0.062500 -0.812500 0.968904
v 0.062500 -0.781250 0.955103
v 0.062500 -0.750000 0.956473
v 0.062500 -0.656250 0.953683
v 0.062500 -0.625000 0.955246
v 0.062500 -0.593750 0.965529
v 0.062500 -0.281250 0.956766
v 0.062500 -0.250000 0.956054
v 0.062500 -0.093750 0.953486
v 0.062500 -0.062500 0.963037
v 0.062500 -0.031250 0.963511
v 0.062500 0.000000 0.972300
v 0.062500 0.062500 0.972292
v 0.062500 0.093750 0.955956
v 0.062500 0.125000 0.953016
v 0.062500 0.156250 0.955976
v 0.062500 0.187500 0.957518
v 0.062500 0.218750 0.959131
v 0.062500 0.250000 0.954614
v 0.062500 0.281250 0.952312
v 0.062500 0.406250 0.960580
v 0.062500 0.437500 0.953002
v 0.062500 0.468750 0.968126
v 0.062500 0.500000 0.976936
v 0.062500 0.656250 0.957019
v 0.062500 0.781250 0.961305
v 0.062500 0.812500 0.956686
v 0.031250 -0.750000 0.974681
v 0.031250 -0.656250 0.975587
v 0.031250 -0.625000 0.954059
v 0.031250 -0.250000 0.969734
v 0.031250 -0.218750 0.978799
v 0.031250 -0.187500 0.973723
v 0.031250 -0.156250 0.972789
v 0.031250 -0.093750 0.974124
v 0.031250 -0.062500 0.961301
v 0.031250 0.250000 0.971603
v 0.031250 0.281250 0.951055
v 0.031250 0.375000 0.972993
v 0.031250 0.406250 0.965759
v 0.031250 0.656250 0.970401
v 0.000000 -0.968750 0.956365
v -0.000000 -0.937500 0.968521
v 0.000000 -0.843750 0.977022
v 0.000000 -0.812500 0.970662
v 0.000000 -0.781250 0.969600
v 0.000000 -0.750000 0.970360
v -0.000000 -0.656250 0.972565
v 0.000000 -0.625000 0.954199
v -0.000000 -0.062500 0.959869
v -0.000000 -0.031250 0.962018
v 0.000000 0.468750 0.967312
v 0.000000 0.593750 0.977606
v 0.000000 0.625000 0.952565
v -0.031250 -0.968750 0.954299
v -0.031250 -0.937500 0.953164
v -0.031250 -0.906250 0.951290
v -0.031250 -0.843750 0.953215
v -0.031250 -0.812500 0.951679
v -0.031250 -0.781250 0.968331
v -0.031250 -0.625000 0.955111
v -0.031250 -0.593750 0.965971
v -0.031250 -0.468750 0.963877
v -0.031250 -0.437500 0.952977
v -0.031250 -0.375000 0.971449
v -0.031250 -0.250000 0.971255
v -0.031250 -0.218750 0.977863
v -0.031250 -0.187500 0.977582
v -0.031250 -0.062500 0.955920
v -0.031250 0.250000 0.972280
v -0.031250 0.281250 0.952304
v -0.031250 0.312500 0.969074
v -0.031250 0.437500 0.954727
v -0.031250 0.468750 0.953763
v -0.031250 0.593750 0.952104
v -0.031250 0.625000 0.955003
v -0.031250 0.812500 0.961686
v -0.031250 0.843750 0.969733
v -0.062500 -0.968750 0.952417
v -0.062500 -0.937500 0.967891
v -0.062500 -0.843750 0.969039
v -0.062500 -0.812500 0.953120
v -0.062500 -0.625000 0.954284
v -0.062500 -0.593750 0.962841
v -0.062500 -0.437500 0.952303
v -0.062500 -0.406250 0.962619
v -0.062500 0.093750 0.958784
v -0.062500 0.125000 0.951059
v -0.062500 0.156250 0.958379
v -0.062500 0.250000 0.956536
v -0.062500 0.281250 0.952591
v -0.062500 0.468750 0.970610
v -0.062500 0.562500 0.968311
v -0.062500 0.593750 0.965728
v -0.062500 0.625000 0.964653
v -0.062500 0.656250 0.968499
v -0.062500 0.968750 0.954940
v -0.093750 -0.625000 0.954090
v -0.093750 -0.593750 0.954015
v -0.093750 -0.375000 0.951731
v -0.093750 -0.312500 0.952664
v -0.093750 0.062500 0.970327
v -0.093750 0.093750 0.963847
v -0.093750 0.250000 0.975791
v -0.093750 0.281250 0.953603
v -0.093750 0.750000 0.964198
v -0.093750 0.781250 0.959768
v -0.093750 0.812500 0.953858
v -0.093750 0.968750 0.953538
v -0.125000 -0.593750 0.972766
v -0.125000 -0.312500 0.959007
v -0.125000 -0.281250 0.953527
v -0.125000 -0.250000 0.963905
v -0.125000 0.593750 0.962949
v -0.125000 0.625000 0.967945
v -0.125000 0.781250 0.958053
v -0.125000 0.812500 0.972363
v -0.125000 0.968750 0.970231
v -0.156250 -0.593750 0.972477
v -0.156250 -0.531250 0.972784
v -0.156250 0.781250 0.955148
v -0.156250 0.812500 0.972266
v -0.156250 0.906250 0.969143
v -0.156250 0.968750 0.969687
v -0.187500 -0.843750 0.969309
v -0.187500 -0.812500 0.953839
v -0.187500 -0.593750 0.954986
v -0.187500 -0.531250 0.963438
v -0.187500 -0.468750 0.972739
v -0.187500 -0.375000 0.971584
v -0.187500 -0.312500 0.962445
v -0.187500 -0.281250 0.952805
v -0.187500 -0.250000 0.956150
v -0.187500 0.781250 0.954180
v -0.187500 0.875000 0.954038
v -0.187500 0.906250 0.962740
v -0.187500 0.968750 0.972550
v -0.218750 -0.593750 0.968116
v -0.218750 -0.531250 0.966582
v -0.218750 -0.468750 0.965342
v -0.218750 -0.437500 0.954949
v -0.218750 -0.406250 0.956122
v -0.218750 -0.375000 0.957484
v -0.218750 -0.343750 0.959874
v -0.218750 -0.187500 0.978145
v -0.218750 -0.156250 0.977913
v -0.218750 0.781250 0.955456
v -0.218750 0.812500 0.969445
v -0.218750 0.968750 0.959110
v -0.250000 -0.843750 0.967297
v -0.250000 -0.812500 0.953946
v -0.250000 -0.625000 0.950302
v -0.250000 -0.468750 0.972198
v -0.250000 -0.437500 0.956095
v -0.250000 -0.406250 0.974278
v -0.250000 -0.343750 0.974337
v -0.250000 -0.281250 0.959480
v -0.250000 -0.250000 0.957173
v -0.250000 -0.218750 0.977178
v -0.250000 -0.187500 0.978824
v -0.250000 -0.156250 0.963364
v -0.250000 0.281250 0.956413
v -0.250000 0.468750 0.959045
v -0.250000 0.500000 0.966046
v -0.281250 -0.468750 0.961080
v -0.281250 -0.437500 0.952978
v -0.281250 -0.406250 0.977013
v -0.281250 -0.375000 0.975419
v -0.281250 -0.312500 0.974475
v -0.281250 -0.281250 0.972344
v -0.281250 -0.218750 0.962551
v -0.281250 -0.187500 0.970151
v -0.281250 -0.156250 0.973985
v -0.281250 -0.125000 0.962547
v -0.281250 -0.093750 0.960385
v -0.281250 -0.062500 0.950678
v -0.281250 0.093750 0.975376
v -0.281250 0.125000 0.960085
v -0.281250 0.250000 0.979487
v -0.281250 0.281250 0.968864
v -0.281250 0.343750 0.966578
v -0.281250 0.406250 0.971046
v -0.281250 0.468750 0.961210
v -0.281250 0.500000 0.966953
v -0.312500 -0.437500 0.953296
v -0.312500 -0.406250 0.961389
v -0.312500 -0.375000 0.975437
v -0.312500 -0.218750 0.964565
v -0.312500 -0.187500 0.972953
v -0.312500 0.343750 0.955482
v -0.312500 0.406250 0.959859
v -0.312500 0.625000 0.969923
v -0.312500 0.656250 0.970050
v -0.343750 -0.812500 0.952362
v -0.343750 -0.781250 0.966139
v -0.343750 -0.750000 0.966953
v -0.343750 -0.437500 0.953837
v -0.343750 -0.406250 0.979049
v -0.343750 -0.375000 0.975737
v -0.343750 -0.250000 0.955366
v -0.343750 0.093750 0.961777
v -0.343750 0.125000 0.967066
v -0.343750 0.375000 0.968168
v -0.343750 0.406250 0.968969
v -0.343750 0.593750 0.957029
v -0.343750 0.625000 0.953218
v -0.375000 -0.812500 0.954754
v -0.375000 -0.781250 0.956975
v -0.375000 -0.437500 0.953280
v -0.375000 -0.406250 0.979860
v -0.375000 -0.281250 0.976724
v -0.375000 0.125000 0.973220
v -0.375000 0.156250 0.979804
v -0.375000 0.375000 0.969001
v -0.375000 0.562500 0.967142
v -0.375000 0.593750 0.966528
v -0.406250 -0.437500 0.952218
v -0.406250 -0.406250 0.971544
v -0.406250 -0.281250 0.970060
v -0.406250 -0.250000 0.966977
v -0.406250 -0.218750 0.973321
v -0.406250 -0.156250 0.972976
v -0.406250 0.093750 0.960915
v -0.406250 0.125000 0.978103
v -0.437500 -0.437500 0.951239
v -0.437500 -0.406250 0.953979
v -0.437500 -0.156250 0.957957
v -0.437500 0.062500 0.963198
v -0.437500 0.093750 0.956267
v -0.437500 0.125000 0.959050
v -0.437500 0.250000 0.969097
v -0.437500 0.281250 0.958817
v -0.437500 0.312500 0.966816
v -0.437500 0.812500 0.963541
v -0.437500 0.843750 0.967886
v -0.468750 -0.593750 0.961272
v -0.468750 -0.562500 0.967682
v -0.468750 -0.406250 0.968745
v -0.468750 -0.156250 0.972159
v -0.468750 0.125000 0.968391
v -0.468750 0.250000 0.971437
v -0.468750 0.281250 0.954873
v -0.500000 0.281250 0.954745
v -0.500000 0.312500 0.966769
v -0.500000 0.781250 0.954208
v -0.500000 0.812500 0.964690
v -0.500000 0.843750 0.969630
v -0.500000 0.968750 0.968688
v -0.531250 -0.156250 0.965225
v -0.531250 0.062500 0.962672
v -0.531250 0.093750 0.952766
v -0.531250 0.437500 0.952883
v -0.531250 0.468750 0.967507
v -0.531250 0.781250 0.957799
v -0.562500 -0.843750 0.967098
v -0.562500 -0.812500 0.953438
v -0.562500 -0.593750 0.966601
v -0.562500 -0.562500 0.969554
v -0.562500 -0.468750 0.962173
v -0.562500 -0.156250 0.962042
v -0.562500 0.093750 0.955153
v -0.562500 0.281250 0.953455
v -0.562500 0.437500 0.953509
v -0.562500 0.500000 0.966430
v -0.562500 0.781250 0.960495
v -0.562500 0.812500 0.968495
v -0.562500 0.968750 0.967910
v -0.593750 -0.875000 0.969218
v -0.593750 -0.812500 0.958860
v -0.593750 -0.781250 0.951653
v -0.593750 -0.625000 0.954643
v -0.593750 -0.593750 0.953567
v -0.593750 -0.468750 0.952436
v -0.593750 -0.437500 0.951278
v -0.593750 0.062500 0.967060
v -0.593750 0.093750 0.953381
v -0.593750 0.437500 0.952464
v -0.593750 0.468750 0.969736
v -0.593750 0.500000 0.974040
v -0.593750 0.531250 0.971432
v -0.593750 0.562500 0.955330
v -0.593750 0.593750 0.962197
v -0.593750 0.812500 0.953216
v -0.593750 0.968750 0.952802
v -0.625000 -0.875000 0.972935
v -0.625000 -0.843750 0.973427
v -0.625000 -0.812500 0.968115
v -0.625000 -0.625000 0.959485
v -0.625000 -0.593750 0.973135
v -0.625000 -0.500000 0.963121
v -0.625000 -0.468750 0.965434
v -0.625000 -0.250000 0.968697
v -0.625000 -0.218750 0.965640
v -0.625000 -0.156250 0.963850
v -0.625000 0.531250 0.972861
v -0.625000 0.562500 0.972869
v -0.625000 0.593750 0.972471
v -0.625000 0.812500 0.962063
v -0.625000 0.906250 0.957530
v -0.625000 0.937500 0.960048
v -0.625000 0.968750 0.959878
v -0.656250 -0.656250 0.968942
v -0.656250 -0.625000 0.962232
v -0.656250 -0.468750 0.958576
v -0.656250 -0.437500 0.956934
v -0.656250 -0.250000 0.969420
v -0.656250 -0.218750 0.953511
v -0.656250 -0.156250 0.953992
v -0.656250 0.812500 0.958403
v -0.656250 0.843750 0.970320
v -0.656250 0.968750 0.975263
v -0.687500 -0.875000 0.973135
v -0.687500 -0.843750 0.972866
v -0.687500 -0.812500 0.962678
v -0.687500 -0.625000 0.964734
v -0.687500 -0.437500 0.961168
v -0.687500 -0.406250 0.970324
v -0.687500 -0.250000 0.952888
v -0.687500 -0.218750 0.973337
v -0.687500 -0.156250 0.968889
v -0.687500 0.093750 0.957163
v -0.687500 0.125000 0.970405
v -0.687500 0.250000 0.970856
v -0.687500 0.281250 0.954008
v -0.687500 0.312500 0.966893
v -0.687500 0.531250 0.973067
v -0.687500 0.562500 0.971842
v -0.687500 0.593750 0.971991
v -0.687500 0.812500 0.955525
v -0.718750 -0.875000 0.973867
v -0.718750 -0.843750 0.954429
v -0.718750 -0.812500 0.966510
v -0.718750 -0.750000 0.968118
v -0.718750 -0.625000 0.964190
v -0.718750 0.093750 0.954487
v -0.718750 0.250000 0.953185
v -0.718750 0.531250 0.970892
v -0.718750 0.562500 0.954657
v -0.718750 0.593750 0.969742
v -0.718750 0.656250 0.968846
v -0.718750 0.781250 0.969430
v -0.718750 0.812500 0.954531
v -0.718750 0.968750 0.977556
v -0.750000 -0.875000 0.974093
v -0.750000 -0.843750 0.973839
v -0.750000 -0.812500 0.972794
v -0.750000 -0.781250 0.953537
v -0.750000 -0.750000 0.954224
v -0.750000 -0.656250 0.952076
v -0.750000 -0.625000 0.951148
v -0.750000 -0.468750 0.956329
v -0.750000 -0.437500 0.971577
v -0.750000 -0.406250 0.956471
v -0.750000 -0.281250 0.957453
v -0.750000 -0.250000 0.955842
v -0.750000 0.531250 0.972763
v -0.750000 0.562500 0.971920
v -0.750000 0.593750 0.960149
v -0.750000 0.656250 0.954436
v -0.750000 0.781250 0.952304
v -0.750000 0.812500 0.952880
v -0.750000 0.906250 0.970355
v -0.750000 0.937500 0.966940
v -0.750000 0.968750 0.976383
v -0.781250 -0.781250 0.954936
v -0.781250 -0.750000 0.968861
v -0.781250 -0.718750 0.976291
v -0.781250 -0.656250 0.973544
v -0.781250 -0.625000 0.956096
v -0.781250 -0.406250 0.968498
v -0.781250 -0.375000 0.976965
v -0.781250 -0.281250 0.977681
v -0.781250 -0.250000 0.954801
v -0.781250 0.218750 0.971262
v -0.781250 0.250000 0.962680
v -0.781250 0.343750 0.969588
v -0.781250 0.375000 0.963270
v -0.781250 0.406250 0.964609
v -0.781250 0.656250 0.969704
v -0.781250 0.687500 0.969351
v -0.781250 0.750000 0.975859
v -0.781250 0.781250 0.970757
v -0.781250 0.812500 0.954265
v -0.812500 -0.781250 0.953288
v -0.812500 -0.718750 0.974643
v -0.812500 -0.250000 0.952992
v -0.812500 -0.218750 0.964989
v -0.812500 -0.156250 0.964983
v -0.812500 0.406250 0.970588
v -0.843750 -0.750000 0.971300
v -0.843750 -0.718750 0.975347
v -0.843750 -0.218750 0.953617
v -0.843750 -0.156250 0.953255
v -0.843750 -0.125000 0.955229
v -0.843750 -0.031250 0.958787
v -0.843750 0.062500 0.959142
v -0.843750 0.093750 0.954780
v -0.843750 0.343750 0.968252
v -0.843750 0.375000 0.955139
v -0.875000 -0.218750 0.968288
v -0.875000 -0.156250 0.961759
v -0.875000 -0.125000 0.956969
v -0.875000 -0.062500 0.957109
v -0.875000 -0.031250 0.970551
v -0.875000 0.062500 0.968866
v -0.875000 0.343750 0.969442
v -0.875000 0.375000 0.969034
v -0.875000 0.406250 0.969920
v -0.906250 -0.218750 0.968893
v -0.906250 -0.187500 0.968126
v -0.906250 -0.156250 0.971975
v -0.906250 -0.062500 0.969453
v -0.906250 0.062500 0.972814
v -0.906250 0.093750 0.967693
v -0.937500 -0.937500 0.972686
v -0.937500 -0.843750 0.973843
v -0.937500 -0.812500 0.974498
v -0.937500 -0.468750 0.957788
v -0.937500 -0.437500 0.970994
v -0.937500 -0.406250 0.960868
v -0.937500 0.312500 0.969873
v -0.937500 0.406250 0.970054
v -0.937500 0.468750 0.972993
v -0.937500 0.562500 0.973448
v -0.937500 0.593750 0.967756
v -0.968750 -0.968750 0.953620
v -0.968750 -0.937500 0.956778
v -0.968750 -0.843750 0.958623
v -0.968750 -0.812500 0.974441
v -0.968750 -0.781250 0.952509
v -0.968750 -0.750000 0.967735
v -0.968750 -0.625000 0.965622
v -0.968750 -0.593750 0.965154
v -0.968750 -0.562500 0.965375
v -0.968750 -0.531250 0.971720
v -0.968750 -0.468750 0.972321
v -0.968750 -0.437500 0.963062
v -0.968750 -0.406250 0.964691
v -0.968750 -0.375000 0.973841
v -0.968750 -0.281250 0.978060
v -0.968750 -0.250000 0.954662
v -0.968750 -0.218750 0.964617
v -0.968750 -0.187500 0.972719
v -0.968750 -0.093750 0.975643
v -0.968750 -0.062500 0.971228
v -0.968750 0.093750 0.969976
v -0.968750 0.125000 0.965642
v -0.968750 0.218750 0.971139
v -0.968750 0.250000 0.953460
v -0.968750 0.312500 0.953671
v -0.968750 0.406250 0.959490
v -0.968750 0.437500 0.958181
v -0.968750 0.468750 0.960427
v -0.968750 0.531250 0.959829
v -0.968750 0.562500 0.960083
v -0.968750 0.593750 0.975190
v -0.968750 0.625000 0.952798
v -0.968750 0.656250 0.956346
v -0.968750 0.687500 0.975613
v -0.968750 0.750000 0.975999
v -0.968750 0.781250 0.963601
v -0.968750 0.812500 0.951471
v -0.968750 0.843750 0.960957
v -0.968750 0.875000 0.964579
v -0.968750 0.906250 0.970777
v -0.968750 0.968750 0.970262
v -0.968750 -0.970262 -0.968750
v -0.750000 -0.976383 -0.968750
v -0.718750 -0.977556 -0.968750
v -0.656250 -0.975263 -0.968750
v -0.625000 -0.959878 -0.968750
v -0.593750 -0.952802 -0.968750
v -0.562500 -0.967909 -0.968750
v -0.500000 -0.968688 -0.968750
v -0.218750 -0.959110 -0.968750
v -0.187500 -0.972550 -0.968750
v -0.156250 -0.969687 -0.968750
v -0.125000 -0.970231 -0.968750
v -0.093750 -0.953538 -0.968750
v -0.062500 -0.954940 -0.968750
v 0.281250 -0.953416 -0.968750
v 0.312500 -0.951864 -0.968750
v 0.343750 -0.977577 -0.968750
v 0.656250 -0.976612 -0.968750
v 0.687500 -0.952484 -0.968750
v 0.718750 -0.972166 -0.968750
v 0.875000 -0.972844 -0.968750
v 0.937500 -0.971125 -0.968750
v 0.968750 -0.959640 -0.968750
v -0.968750 -0.970829 -0.937500
v -0.750000 -0.966939 -0.937500
v -0.625000 -0.960048 -0.937500
v 0.281250 -0.969498 -0.937500
v 0.312500 -0.952600 -0.937500
v -0.968750 -0.970777 -0.906250
v -0.750000 -0.970355 -0.906250
v -0.625000 -0.957530 -0.906250
v -0.187500 -0.962740 -0.906250
v -0.156250 -0.969143 -0.906250
v 0.343750 -0.976838 -0.906250
v 0.406250 -0.975906 -0.906250
v 0.437500 -0.975702 -0.906250
v -0.187500 -0.954038 -0.875000
v 0.343750 -0.973635 -0.875000
v 0.406250 -0.954463 -0.875000
v 0.437500 -0.973087 -0.875000
v 0.468750 -0.975596 -0.875000
v 0.593750 -0.977288 -0.875000
v -0.968750 -0.960957 -0.843750
v -0.656250 -0.970320 -0.843750
v -0.500000 -0.969630 -0.843750
v -0.437500 -0.967886 -0.843750
v -0.031250 -0.969733 -0.843750
v 0.281250 -0.968681 -0.843750
v 0.312500 -0.951859 -0.843750
v 0.343750 -0.971844 -0.843750
v 0.406250 -0.971236 -0.843750
v 0.437500 -0.960909 -0.843750
v 0.468750 -0.972792 -0.843750
v 0.593750 -0.975499 -0.843750
v 0.968750 -0.961066 -0.843750
v -0.968750 -0.951471 -0.812500
v -0.781250 -0.954265 -0.812500
v -0.750000 -0.952880 -0.812500
v -0.718750 -0.954531 -0.812500
v -0.687500 -0.955524 -0.812500
v -0.656250 -0.958403 -0.812500
v -0.625000 -0.962063 -0.812500
v -0.593750 -0.953216 -0.812500
v -0.562500 -0.968495 -0.812500
v -0.500000 -0.964689 -0.812500
v -0.437500 -0.963540 -0.812500
v -0.218750 -0.969445 -0.812500
v -0.156250 -0.972266 -0.812500
v -0.125000 -0.972363 -0.812500
v -0.093750 -0.953858 -0.812500
v -0.031250 -0.961686 -0.812500
v 0.062500 -0.956686 -0.812500
v 0.125000 -0.953377 -0.812500
v 0.156250 -0.952478 -0.812500
v 0.187500 -0.951489 -0.812500
v 0.312500 -0.952492 -0.812500
v 0.343750 -0.953558 -0.812500
v 0.406250 -0.958934 -0.812500
v 0.500000 -0.953493 -0.812500
v 0.531250 -0.955242 -0.812500
v 0.562500 -0.957105 -0.812500
v 0.593750 -0.958630 -0.812500
v 0.625000 -0.959957 -0.812500
v 0.656250 -0.960872 -0.812500
v 0.687500 -0.952630 -0.812500
v 0.750000 -0.968172 -0.812500
v 0.843750 -0.956185 -0.812500
v 0.875000 -0.955420 -0.812500
v 0.906250 -0.953361 -0.812500
v 0.968750 -0.953926 -0.812500
v -0.968750 -0.963601 -0.781250
v -0.781250 -0.970757 -0.781250
v -0.750000 -0.952304 -0.781250
v -0.718750 -0.969430 -0.781250
v -0.562500 -0.960496 -0.781250
v -0.531250 -0.957799 -0.781250
v -0.500000 -0.954207 -0.781250
v -0.218750 -0.955456 -0.781250
v -0.187500 -0.954180 -0.781250
v -0.156250 -0.955148 -0.781250
v -0.125000 -0.958053 -0.781250
v -0.093750 -0.959768 -0.781250
v 0.062500 -0.961304 -0.781250
v 0.093750 -0.971386 -0.781250
v 0.156250 -0.972283 -0.781250
v 0.187500 -0.952622 -0.781250
v 0.500000 -0.969242 -0.781250
v 0.531250 -0.953747 -0.781250
v 0.562500 -0.972434 -0.781250
v 0.687500 -0.970319 -0.781250
v 0.718750 -0.969542 -0.781250
v 0.812500 -0.966306 -0.781250
v 0.843750 -0.951855 -0.781250
v 0.875000 -0.971275 -0.781250
v 0.906250 -0.968715 -0.781250
v 0.968750 -0.968307 -0.781250
v -0.968750 -0.975999 -0.750000
v -0.781250 -0.975859 -0.750000
v -0.093750 -0.964198 -0.750000
v 0.906250 -0.977795 -0.750000
v 0.968750 -0.977109 -0.750000
v -0.968750 -0.975613 -0.687500
v -0.781250 -0.969351 -0.687500
v 0.187500 -0.952757 -0.687500
v 0.875000 -0.965656 -0.687500
v 0.906250 -0.978437 -0.687500
v 0.968750 -0.973937 -0.687500
v -0.968750 -0.956346 -0.656250
v -0.781250 -0.969704 -0.656250
v -0.750000 -0.954437 -0.656250
v -0.718750 -0.968846 -0.656250
v -0.312500 -0.970050 -0.656250
v -0.062500 -0.968499 -0.656250
v 0.031250 -0.970401 -0.656250
v 0.062500 -0.957019 -0.656250
v 0.093750 -0.969623 -0.656250
v 0.156250 -0.971228 -0.656250
v 0.187500 -0.953359 -0.656250
v 0.218750 -0.969394 -0.656250
v 0.500000 -0.968385 -0.656250
v 0.531250 -0.952234 -0.656250
v 0.562500 -0.968694 -0.656250
v 0.812500 -0.973710 -0.656250
v 0.843750 -0.955183 -0.656250
v 0.875000 -0.969702 -0.656250
v 0.968750 -0.953646 -0.656250
v -0.968750 -0.952798 -0.625000
v -0.343750 -0.953218 -0.625000
v -0.312500 -0.969923 -0.625000
v -0.125000 -0.967945 -0.625000
v -0.062500 -0.964653 -0.625000
v -0.031250 -0.955003 -0.625000
v 0.000000 -0.952566 -0.625000
v 0.187500 -0.953580 -0.625000
v 0.218750 -0.953554 -0.625000
v 0.250000 -0.954298 -0.625000
v 0.343750 -0.952843 -0.625000
v 0.375000 -0.952902 -0.625000
v 0.406250 -0.953029 -0.625000
v 0.437500 -0.953579 -0.625000
v 0.468750 -0.952600 -0.625000
v 0.500000 -0.952851 -0.625000
v 0.531250 -0.952913 -0.625000
v 0.562500 -0.952599 -0.625000
v 0.625000 -0.951209 -0.625000
v 0.812500 -0.954933 -0.625000
v 0.875000 -0.954273 -0.625000
v 0.906250 -0.954081 -0.625000
v 0.937500 -0.951999 -0.625000
v 0.968750 -0.951246 -0.625000
v -0.968750 -0.975190 -0.593750
v -0.937500 -0.967756 -0.593750
v -0.750000 -0.960149 -0.593750
v -0.718750 -0.969742 -0.593750
v -0.687500 -0.971991 -0.593750
v -0.625000 -0.972471 -0.593750
v -0.593750 -0.962197 -0.593750
v -0.375000 -0.966528 -0.593750
v -0.343750 -0.957029 -0.593750
v -0.125000 -0.962949 -0.593750
v -0.062500 -0.965728 -0.593750
v -0.031250 -0.952104 -0.593750
v 0.000000 -0.977606 -0.593750
v 0.343750 -0.973155 -0.593750
v 0.375000 -0.952270 -0.593750
v 0.625000 -0.967953 -0.593750
v 0.875000 -0.976945 -0.593750
v 0.937500 -0.973209 -0.593750
v 0.968750 -0.950972 -0.593750
v -0.968750 -0.960083 -0.562500
v -0.937500 -0.973448 -0.562500
v -0.750000 -0.971920 -0.562500
v -0.718750 -0.954657 -0.562500
v -0.687500 -0.971842 -0.562500
v -0.625000 -0.972869 -0.562500
v -0.593750 -0.955330 -0.562500
v -0.375000 -0.967142 -0.562500
v -0.062500 -0.968311 -0.562500
v 0.875000 -0.977514 -0.562500
v 0.906250 -0.976676 -0.562500
v 0.937500 -0.977554 -0.562500
v -0.750000 -0.972763 -0.531250
v -0.718750 -0.970892 -0.531250
v -0.687500 -0.973067 -0.531250
v -0.625000 -0.972861 -0.531250
v -0.593750 -0.971431 -0.531250
v 0.343750 -0.977836 -0.531250
v -0.593750 -0.974040 -0.500000
v -0.562500 -0.966430 -0.500000
v -0.281250 -0.966953 -0.500000
v -0.250000 -0.966046 -0.500000
v 0.062500 -0.976936 -0.500000
v 0.343750 -0.974395 -0.500000
v 0.625000 -0.968432 -0.500000
v 0.937500 -0.979902 -0.500000
v 0.968750 -0.959375 -0.500000
v -0.968750 -0.960427 -0.468750
v -0.937500 -0.972993 -0.468750
v -0.593750 -0.969736 -0.468750
v -0.531250 -0.967507 -0.468750
v -0.281250 -0.961210 -0.468750
v -0.250000 -0.959045 -0.468750
v -0.062500 -0.970610 -0.468750
v -0.031250 -0.953763 -0.468750
v 0.000000 -0.967312 -0.468750
v 0.062500 -0.968126 -0.468750
v 0.343750 -0.972297 -0.468750
v 0.375000 -0.954566 -0.468750
v 0.625000 -0.953652 -0.468750
v 0.875000 -0.952034 -0.468750
v 0.906250 -0.952715 -0.468750
v 0.937500 -0.952805 -0.468750
v 0.968750 -0.955140 -0.468750
v -0.968750 -0.958181 -0.437500
v -0.593750 -0.952464 -0.437500
v -0.562500 -0.953509 -0.437500
v -0.531250 -0.952883 -0.437500
v -0.031250 -0.954727 -0.437500
v 0.062500 -0.953003 -0.437500
v 0.093750 -0.952587 -0.437500
v 0.125000 -0.950687 -0.437500
v 0.156250 -0.951407 -0.437500
v 0.343750 -0.952432 -0.437500
v 0.375000 -0.955175 -0.437500
v 0.625000 -0.970532 -0.437500
v 0.875000 -0.972689 -0.437500
v 0.906250 -0.953770 -0.437500
v 0.937500 -0.965269 -0.437500
v 0.968750 -0.965776 -0.437500
v -0.968750 -0.959490 -0.406250
v -0.937500 -0.970054 -0.406250
v -0.875000 -0.969920 -0.406250
v -0.812500 -0.970588 -0.406250
v -0.781250 -0.964609 -0.406250
v -0.343750 -0.968969 -0.406250
v -0.312500 -0.959859 -0.406250
v -0.281250 -0.971046 -0.406250
v 0.031250 -0.965759 -0.406250
v 0.062500 -0.960580 -0.406250
v 0.093750 -0.958224 -0.406250
v 0.125000 -0.952872 -0.406250
v 0.156250 -0.971063 -0.406250
v 0.343750 -0.969194 -0.406250
v 0.375000 -0.953816 -0.406250
v 0.968750 -0.971903 -0.406250
v -0.875000 -0.969034 -0.375000
v -0.843750 -0.955140 -0.375000
v -0.781250 -0.963270 -0.375000
v -0.375000 -0.969001 -0.375000
v -0.343750 -0.968169 -0.375000
v 0.031250 -0.972993 -0.375000
v 0.093750 -0.972166 -0.375000
v 0.125000 -0.956850 -0.375000
v 0.343750 -0.968945 -0.375000
v -0.875000 -0.969442 -0.343750
v -0.843750 -0.968252 -0.343750
v -0.781250 -0.969588 -0.343750
v -0.312500 -0.955482 -0.343750
v -0.281250 -0.966578 -0.343750
v 0.156250 -0.966195 -0.343750
v 0.250000 -0.955497 -0.343750
v 0.343750 -0.968525 -0.343750
v -0.968750 -0.953671 -0.312500
v -0.937500 -0.969873 -0.312500
v -0.687500 -0.966894 -0.312500
v -0.500000 -0.966769 -0.312500
v -0.437500 -0.966816 -0.312500
v -0.031250 -0.969074 -0.312500
v 0.093750 -0.972206 -0.312500
v 0.125000 -0.959625 -0.312500
v 0.156250 -0.971141 -0.312500
v 0.250000 -0.970864 -0.312500
v 0.406250 -0.972800 -0.312500
v 0.437500 -0.974337 -0.312500
v 0.468750 -0.972510 -0.312500
v -0.687500 -0.954008 -0.281250
v -0.562500 -0.953455 -0.281250
v -0.500000 -0.954745 -0.281250
v -0.468750 -0.954873 -0.281250
v -0.437500 -0.958817 -0.281250
v -0.281250 -0.968863 -0.281250
v -0.250000 -0.956413 -0.281250
v -0.093750 -0.953604 -0.281250
v -0.062500 -0.952591 -0.281250
v -0.031250 -0.952304 -0.281250
v 0.031250 -0.951055 -0.281250
v 0.062500 -0.952312 -0.281250
v 0.093750 -0.953121 -0.281250
v 0.125000 -0.953621 -0.281250
v 0.156250 -0.961344 -0.281250
v 0.343750 -0.966944 -0.281250
v 0.375000 -0.951805 -0.281250
v 0.406250 -0.970047 -0.281250
v 0.468750 -0.968863 -0.281250
v 0.562500 -0.969306 -0.281250
v 0.750000 -0.970087 -0.281250
v 0.875000 -0.973094 -0.281250
v 0.906250 -0.954135 -0.281250
v 0.937500 -0.972723 -0.281250
v 0.968750 -0.972040 -0.281250
v -0.968750 -0.953460 -0.250000
v -0.781250 -0.962680 -0.250000
v -0.718750 -0.953185 -0.250000
v -0.687500 -0.970856 -0.250000
v -0.468750 -0.971437 -0.250000
v -0.437500 -0.969098 -0.250000
v -0.281250 -0.979487 -0.250000
v -0.093750 -0.975791 -0.250000
v -0.062500 -0.956536 -0.250000
v -0.031250 -0.972280 -0.250000
v 0.031250 -0.971603 -0.250000
v 0.062500 -0.954614 -0.250000
v 0.093750 -0.952730 -0.250000
v 0.125000 -0.971564 -0.250000
v 0.156250 -0.966773 -0.250000
v 0.187500 -0.966605 -0.250000
v 0.218750 -0.955334 -0.250000
v 0.250000 -0.956552 -0.250000
v 0.281250 -0.958539 -0.250000
v 0.343750 -0.952093 -0.250000
v 0.500000 -0.953399 -0.250000
v 0.531250 -0.953302 -0.250000
v 0.562500 -0.962566 -0.250000
v 0.593750 -0.969553 -0.250000
v 0.750000 -0.966144 -0.250000
v 0.906250 -0.952495 -0.250000
v 0.937500 -0.953207 -0.250000
v 0.968750 -0.952915 -0.250000
v -0.968750 -0.971139 -0.218750
v -0.781250 -0.971262 -0.218750
v 0.062500 -0.959130 -0.218750
v 0.093750 -0.957137 -0.218750
v 0.125000 -0.971148 -0.218750
v 0.218750 -0.955634 -0.218750
v 0.250000 -0.979359 -0.218750
v 0.500000 -0.976260 -0.218750
v 0.531250 -0.962630 -0.218750
v 0.562500 -0.952718 -0.218750
v 0.593750 -0.968547 -0.218750
v 0.625000 -0.969666 -0.218750
v 0.750000 -0.970528 -0.218750
v 0.968750 -0.971129 -0.218750
v 0.062500 -0.957518 -0.187500
v 0.093750 -0.967855 -0.187500
v 0.500000 -0.976160 -0.187500
v 0.531250 -0.977496 -0.187500
v 0.968750 -0.970456 -0.187500
v -0.968750 -0.971394 -0.156250
v -0.375000 -0.979804 -0.156250
v -0.062500 -0.958380 -0.156250
v 0.062500 -0.955976 -0.156250
v 0.593750 -0.968318 -0.156250
v 0.625000 -0.970619 -0.156250
v 0.968750 -0.968735 -0.156250
v -0.968750 -0.965642 -0.125000
v -0.687500 -0.970404 -0.125000
v -0.468750 -0.968391 -0.125000
v -0.437500 -0.959049 -0.125000
v -0.406250 -0.978103 -0.125000
v -0.375000 -0.973219 -0.125000
v -0.343750 -0.967066 -0.125000
v -0.281250 -0.960085 -0.125000
v -0.062500 -0.951059 -0.125000
v 0.062500 -0.953016 -0.125000
v 0.093750 -0.966900 -0.125000
v 0.125000 -0.970752 -0.125000
v 0.218750 -0.953107 -0.125000
v 0.250000 -0.972762 -0.125000
v 0.531250 -0.968948 -0.125000
v 0.562500 -0.950933 -0.125000
v 0.812500 -0.967652 -0.125000
v 0.937500 -0.966554 -0.125000
v 0.968750 -0.966295 -0.125000
v -0.968750 -0.969976 -0.093750
v -0.906250 -0.967693 -0.093750
v -0.843750 -0.954780 -0.093750
v -0.718750 -0.954487 -0.093750
v -0.687500 -0.957163 -0.093750
v -0.593750 -0.953381 -0.093750
v -0.562500 -0.955153 -0.093750
v -0.531250 -0.952766 -0.093750
v -0.437500 -0.956267 -0.093750
v -0.406250 -0.960915 -0.093750
v -0.343750 -0.961777 -0.093750
v -0.281250 -0.975376 -0.093750
v -0.093750 -0.963847 -0.093750
v -0.062500 -0.958784 -0.093750
v 0.062500 -0.955956 -0.093750
v 0.093750 -0.961466 -0.093750
v 0.218750 -0.953828 -0.093750
v 0.250000 -0.953037 -0.093750
v 0.531250 -0.952231 -0.093750
v 0.562500 -0.951310 -0.093750
v 0.593750 -0.963881 -0.093750
v 0.781250 -0.955710 -0.093750
v 0.812500 -0.956048 -0.093750
v 0.937500 -0.953424 -0.093750
v 0.968750 -0.971022 -0.093750
v -0.906250 -0.972814 -0.062500
v -0.875000 -0.968866 -0.062500
v -0.843750 -0.959142 -0.062500
v -0.593750 -0.967060 -0.062500
v -0.531250 -0.962672 -0.062500
v -0.437500 -0.963197 -0.062500
v -0.093750 -0.970327 -0.062500
v 0.062500 -0.972292 -0.062500
v 0.187500 -0.968100 -0.062500
v 0.218750 -0.962061 -0.062500
v 0.593750 -0.969947 -0.062500
v 0.656250 -0.965768 -0.062500
v 0.781250 -0.961250 -0.062500
v 0.875000 -0.975798 -0.062500
v 0.968750 -0.970677 -0.062500
v -0.968750 -0.970677 -0.031250
v 0.656250 -0.969964 -0.031250
v 0.875000 -0.977692 -0.031250
v 0.937500 -0.975087 -0.031250
v 0.968750 -0.967670 -0.031250
v -0.968750 -0.971034 -0.000000
v 0.062500 -0.972300 0.000000
v -0.968750 -0.973202 0.031250
v -0.875000 -0.970551 0.031250
v -0.843750 -0.958787 0.031250
v 0.000000 -0.962018 0.031250
v 0.062500 -0.963511 0.031250
v 0.125000 -0.971145 0.031250
v 0.406250 -0.972538 0.031250
v 0.937500 -0.977392 0.031250
v 0.968750 -0.957140 0.031250
v -0.906250 -0.969453 0.062500
v -0.875000 -0.957109 0.062500
v -0.281250 -0.950678 0.062500
v -0.031250 -0.955920 0.062500
v 0.000000 -0.959869 0.062500
v 0.031250 -0.961301 0.062500
v 0.062500 -0.963037 0.062500
v 0.093750 -0.956381 0.062500
v 0.125000 -0.958459 0.062500
v 0.375000 -0.958236 0.062500
v 0.750000 -0.959714 0.062500
v 0.781250 -0.955844 0.062500
v 0.968750 -0.955169 0.062500
v -0.281250 -0.960385 0.093750
v 0.031250 -0.974124 0.093750
v 0.062500 -0.953486 0.093750
v 0.093750 -0.976019 0.093750
v 0.375000 -0.978541 0.093750
v 0.406250 -0.955931 0.093750
v 0.437500 -0.955065 0.093750
v 0.718750 -0.957726 0.093750
v 0.750000 -0.953108 0.093750
v 0.781250 -0.973570 0.093750
v 0.968750 -0.978205 0.093750
v -0.875000 -0.956969 0.125000
v -0.843750 -0.955229 0.125000
v -0.281250 -0.962547 0.125000
v 0.437500 -0.966493 0.125000
v 0.718750 -0.968097 0.125000
v 0.750000 -0.958145 0.125000
v 0.781250 -0.979685 0.125000
v -0.906250 -0.971976 0.156250
v -0.875000 -0.961759 0.156250
v -0.843750 -0.953255 0.156250
v -0.812500 -0.964983 0.156250
v -0.687500 -0.968889 0.156250
v -0.656250 -0.953992 0.156250
v -0.625000 -0.963849 0.156250
v -0.562500 -0.962042 0.156250
v -0.531250 -0.965225 0.156250
v -0.468750 -0.972159 0.156250
v -0.437500 -0.957957 0.156250
v -0.406250 -0.972976 0.156250
v -0.281250 -0.973985 0.156250
v -0.250000 -0.963364 0.156250
v -0.218750 -0.977913 0.156250
v 0.031250 -0.972789 0.156250
v 0.750000 -0.959033 0.156250
v 0.781250 -0.967707 0.156250
v -0.968750 -0.972719 0.187500
v -0.906250 -0.968126 0.187500
v -0.312500 -0.972953 0.187500
v -0.281250 -0.970151 0.187500
v -0.250000 -0.978824 0.187500
v -0.218750 -0.978145 0.187500
v -0.031250 -0.977581 0.187500
v 0.031250 -0.973723 0.187500
v 0.750000 -0.959575 0.187500
v 0.968750 -0.973135 0.187500
v -0.968750 -0.964617 0.218750
v -0.906250 -0.968893 0.218750
v -0.875000 -0.968288 0.218750
v -0.843750 -0.953618 0.218750
v -0.812500 -0.964989 0.218750
v -0.687500 -0.973336 0.218750
v -0.656250 -0.953511 0.218750
v -0.625000 -0.965640 0.218750
v -0.406250 -0.973321 0.218750
v -0.312500 -0.964565 0.218750
v -0.281250 -0.962551 0.218750
v -0.250000 -0.977178 0.218750
v -0.031250 -0.977863 0.218750
v 0.031250 -0.978799 0.218750
v 0.093750 -0.970845 0.218750
v 0.375000 -0.970734 0.218750
v 0.718750 -0.968710 0.218750
v 0.968750 -0.956429 0.218750
v -0.968750 -0.954662 0.250000
v -0.812500 -0.952992 0.250000
v -0.781250 -0.954801 0.250000
v -0.750000 -0.955842 0.250000
v -0.687500 -0.952888 0.250000
v -0.656250 -0.969420 0.250000
v -0.625000 -0.968697 0.250000
v -0.406250 -0.966977 0.250000
v -0.343750 -0.955366 0.250000
v -0.250000 -0.957173 0.250000
v -0.187500 -0.956150 0.250000
v -0.125000 -0.963905 0.250000
v -0.031250 -0.971255 0.250000
v 0.031250 -0.969734 0.250000
v 0.062500 -0.956054 0.250000
v 0.093750 -0.961029 0.250000
v 0.218750 -0.963090 0.250000
v 0.250000 -0.960588 0.250000
v 0.281250 -0.956712 0.250000
v 0.375000 -0.953987 0.250000
v 0.406250 -0.950453 0.250000
v 0.968750 -0.952649 0.250000
v -0.968750 -0.978060 0.281250
v -0.781250 -0.977681 0.281250
v -0.750000 -0.957453 0.281250
v -0.406250 -0.970060 0.281250
v -0.375000 -0.976724 0.281250
v -0.281250 -0.972344 0.281250
v -0.250000 -0.959480 0.281250
v -0.187500 -0.952805 0.281250
v -0.125000 -0.953527 0.281250
v 0.062500 -0.956766 0.281250
v 0.250000 -0.953945 0.281250
v 0.281250 -0.965513 0.281250
v 0.500000 -0.967184 0.281250
v 0.531250 -0.961722 0.281250
v 0.562500 -0.956669 0.281250
v 0.968750 -0.961090 0.281250
v -0.281250 -0.974475 0.312500
v -0.187500 -0.962445 0.312500
v -0.125000 -0.959007 0.312500
v -0.093750 -0.952664 0.312500
v -0.250000 -0.974337 0.343750
v -0.218750 -0.959874 0.343750
v 0.250000 -0.952136 0.343750
v -0.968750 -0.973841 0.375000
v -0.781250 -0.976965 0.375000
v -0.343750 -0.975737 0.375000
v -0.312500 -0.975437 0.375000
v -0.281250 -0.975419 0.375000
v -0.218750 -0.957484 0.375000
v -0.187500 -0.971584 0.375000
v -0.093750 -0.951730 0.375000
v -0.031250 -0.971449 0.375000
v 0.250000 -0.952124 0.375000
v 0.281250 -0.970560 0.375000
v 0.312500 -0.971025 0.375000
v 0.500000 -0.971176 0.375000
v 0.531250 -0.971477 0.375000
v 0.562500 -0.956590 0.375000
v 0.968750 -0.959385 0.375000
v -0.968750 -0.964691 0.406250
v -0.937500 -0.960868 0.406250
v -0.781250 -0.968498 0.406250
v -0.750000 -0.956471 0.406250
v -0.687500 -0.970324 0.406250
v -0.468750 -0.968745 0.406250
v -0.437500 -0.953979 0.406250
v -0.406250 -0.971544 0.406250
v -0.375000 -0.979860 0.406250
v -0.343750 -0.979049 0.406250
v -0.312500 -0.961389 0.406250
v -0.281250 -0.977013 0.406250
v -0.250000 -0.974278 0.406250
v -0.218750 -0.956122 0.406250
v -0.062500 -0.962618 0.406250
v 0.218750 -0.963914 0.406250
v 0.250000 -0.951824 0.406250
v 0.312500 -0.962139 0.406250
v 0.531250 -0.952213 0.406250
v 0.562500 -0.950370 0.406250
v 0.656250 -0.953779 0.406250
v 0.687500 -0.954764 0.406250
v 0.718750 -0.953018 0.406250
v 0.906250 -0.957582 0.406250
v 0.937500 -0.957145 0.406250
v 0.968750 -0.956989 0.406250
v -0.968750 -0.963062 0.437500
v -0.937500 -0.970993 0.437500
v -0.750000 -0.971577 0.437500
v -0.687500 -0.961168 0.437500
v -0.656250 -0.956934 0.437500
v -0.593750 -0.951278 0.437500
v -0.437500 -0.951239 0.437500
v -0.406250 -0.952218 0.437500
v -0.375000 -0.953280 0.437500
v -0.343750 -0.953837 0.437500
v -0.312500 -0.953296 0.437500
v -0.281250 -0.952978 0.437500
v -0.250000 -0.956095 0.437500
v -0.218750 -0.954948 0.437500
v -0.062500 -0.952303 0.437500
v -0.031250 -0.952977 0.437500
v 0.218750 -0.954618 0.437500
v 0.312500 -0.958001 0.437500
v 0.343750 -0.972379 0.437500
v 0.406250 -0.962702 0.437500
v 0.531250 -0.959199 0.437500
v 0.562500 -0.973890 0.437500
v 0.656250 -0.978159 0.437500
v 0.687500 -0.952207 0.437500
v 0.718750 -0.974514 0.437500
v 0.937500 -0.979049 0.437500
v 0.968750 -0.953668 0.437500
v -0.968750 -0.972321 0.468750
v -0.937500 -0.957789 0.468750
v -0.750000 -0.956329 0.468750
v -0.656250 -0.958576 0.468750
v -0.625000 -0.965434 0.468750
v -0.593750 -0.952436 0.468750
v -0.562500 -0.962173 0.468750
v -0.281250 -0.961080 0.468750
v -0.250000 -0.972198 0.468750
v -0.218750 -0.965342 0.468750
v -0.187500 -0.972739 0.468750
v -0.031250 -0.963877 0.468750
v 0.281250 -0.971162 0.468750
v 0.312500 -0.954023 0.468750
v 0.406250 -0.975304 0.468750
v 0.562500 -0.977305 0.468750
v 0.906250 -0.975150 0.468750
v 0.937500 -0.962180 0.468750
v 0.968750 -0.959856 0.468750
v -0.968750 -0.969526 0.500000
v -0.625000 -0.963121 0.500000
v 0.343750 -0.975094 0.500000
v 0.437500 -0.974918 0.500000
v 0.468750 -0.976083 0.500000
v 0.906250 -0.975302 0.500000
v 0.937500 -0.976863 0.500000
v 0.968750 -0.960993 0.500000
v -0.968750 -0.971720 0.531250
v -0.218750 -0.966582 0.531250
v -0.187500 -0.963438 0.531250
v -0.156250 -0.972784 0.531250
v 0.312500 -0.952834 0.531250
v 0.343750 -0.957566 0.531250
v 0.406250 -0.958898 0.531250
v 0.437500 -0.959074 0.531250
v 0.468750 -0.974319 0.531250
v -0.968750 -0.965375 0.562500
v -0.562500 -0.969554 0.562500
v -0.468750 -0.967682 0.562500
v 0.125000 -0.968607 0.562500
v 0.281250 -0.970425 0.562500
v 0.312500 -0.953380 0.562500
v 0.343750 -0.971900 0.562500
v 0.406250 -0.971328 0.562500
v 0.437500 -0.956718 0.562500
v 0.468750 -0.975193 0.562500
v -0.625000 -0.973135 0.593750
v -0.593750 -0.953567 0.593750
v -0.562500 -0.966601 0.593750
v -0.468750 -0.961272 0.593750
v -0.218750 -0.968116 0.593750
v -0.187500 -0.954986 0.593750
v -0.156250 -0.972477 0.593750
v -0.125000 -0.972766 0.593750
v -0.093750 -0.954015 0.593750
v -0.062500 -0.962841 0.593750
v -0.031250 -0.965971 0.593750
v 0.062500 -0.965529 0.593750
v 0.093750 -0.966172 0.593750
v 0.156250 -0.961181 0.593750
v 0.187500 -0.959338 0.593750
v 0.218750 -0.960114 0.593750
v 0.281250 -0.961702 0.593750
v 0.312500 -0.951967 0.593750
v 0.343750 -0.964887 0.593750
v 0.437500 -0.969286 0.593750
v 0.531250 -0.968086 0.593750
v 0.562500 -0.972165 0.593750
v 0.656250 -0.973753 0.593750
v 0.687500 -0.950804 0.593750
v 0.718750 -0.975007 0.593750
v 0.875000 -0.973265 0.593750
v 0.937500 -0.968401 0.593750
v 0.968750 -0.961762 0.593750
v -0.968750 -0.965622 0.625000
v -0.781250 -0.956096 0.625000
v -0.750000 -0.951148 0.625000
v -0.718750 -0.964190 0.625000
v -0.687500 -0.964734 0.625000
v -0.656250 -0.962231 0.625000
v -0.625000 -0.959485 0.625000
v -0.593750 -0.954643 0.625000
v -0.250000 -0.950302 0.625000
v -0.093750 -0.954090 0.625000
v -0.062500 -0.954284 0.625000
v -0.031250 -0.955111 0.625000
v 0.000000 -0.954199 0.625000
v 0.031250 -0.954058 0.625000
v 0.062500 -0.955246 0.625000
v 0.281250 -0.959736 0.625000
v 0.312500 -0.958301 0.625000
v 0.343750 -0.957803 0.625000
v 0.375000 -0.957290 0.625000
v 0.406250 -0.961074 0.625000
v 0.500000 -0.968440 0.625000
v 0.531250 -0.952853 0.625000
v 0.562500 -0.965743 0.625000
v 0.718750 -0.960519 0.625000
v 0.812500 -0.957175 0.625000
v 0.843750 -0.954154 0.625000
v 0.875000 -0.959718 0.625000
v 0.906250 -0.970358 0.625000
v 0.968750 -0.969986 0.625000
v -0.968750 -0.975453 0.656250
v -0.781250 -0.973544 0.656250
v -0.750000 -0.952076 0.656250
v -0.656250 -0.968942 0.656250
v 0.000000 -0.972566 0.656250
v 0.031250 -0.975587 0.656250
v 0.062500 -0.953684 0.656250
v 0.281250 -0.969403 0.656250
v 0.406250 -0.969159 0.656250
v 0.718750 -0.970212 0.656250
v 0.812500 -0.971205 0.656250
v -0.843750 -0.975347 0.718750
v -0.812500 -0.974643 0.718750
v -0.781250 -0.976291 0.718750
v 0.875000 -0.966459 0.718750
v 0.906250 -0.975855 0.718750
v 0.968750 -0.974684 0.718750
v -0.968750 -0.967735 0.750000
v -0.843750 -0.971300 0.750000
v -0.781250 -0.968861 0.750000
v -0.750000 -0.954224 0.750000
v -0.718750 -0.968118 0.750000
v -0.343750 -0.966953 0.750000
v -0.000000 -0.970360 0.750000
v 0.031250 -0.974681 0.750000
v 0.062500 -0.956473 0.750000
v 0.218750 -0.968240 0.750000
v 0.500000 -0.967337 0.750000
v 0.531250 -0.953094 0.750000
v 0.562500 -0.971189 0.750000
v 0.812500 -0.971640 0.750000
v 0.843750 -0.953957 0.750000
v 0.875000 -0.959971 0.750000
v 0.968750 -0.968610 0.750000
v -0.968750 -0.952509 0.781250
v -0.812500 -0.953288 0.781250
v -0.781250 -0.954936 0.781250
v -0.750000 -0.953537 0.781250
v -0.593750 -0.951653 0.781250
v -0.375000 -0.956975 0.781250
v -0.343750 -0.966139 0.781250
v -0.031250 -0.968331 0.781250
v -0.000000 -0.969600 0.781250
v 0.062500 -0.955103 0.781250
v 0.156250 -0.971249 0.781250
v 0.187500 -0.953453 0.781250
v 0.218750 -0.957349 0.781250
v 0.312500 -0.951521 0.781250
v 0.343750 -0.951636 0.781250
v 0.375000 -0.950952 0.781250
v 0.406250 -0.952439 0.781250
v 0.500000 -0.952711 0.781250
v 0.531250 -0.954456 0.781250
v 0.562500 -0.953906 0.781250
v 0.625000 -0.954753 0.781250
v 0.812500 -0.953419 0.781250
v 0.875000 -0.953377 0.781250
v 0.906250 -0.950629 0.781250
v 0.937500 -0.951175 0.781250
v 0.968750 -0.951434 0.781250
v -0.968750 -0.974441 0.812500
v -0.937500 -0.974498 0.812500
v -0.750000 -0.972794 0.812500
v -0.718750 -0.966510 0.812500
v -0.687500 -0.962678 0.812500
v -0.625000 -0.968115 0.812500
v -0.593750 -0.958861 0.812500
v -0.562500 -0.953438 0.812500
v -0.375000 -0.954754 0.812500
v -0.343750 -0.952362 0.812500
v -0.250000 -0.953946 0.812500
v -0.187500 -0.953839 0.812500
v -0.062500 -0.953120 0.812500
v -0.031250 -0.951679 0.812500
v 0.000000 -0.970662 0.812500
v 0.062500 -0.968904 0.812500
v 0.093750 -0.969389 0.812500
v 0.156250 -0.977144 0.812500
v 0.343750 -0.969282 0.812500
v 0.375000 -0.950784 0.812500
v 0.625000 -0.967413 0.812500
v 0.875000 -0.976894 0.812500
v 0.937500 -0.974983 0.812500
v 0.968750 -0.952514 0.812500
v -0.968750 -0.958623 0.843750
v -0.937500 -0.973844 0.843750
v -0.750000 -0.973839 0.843750
v -0.718750 -0.954429 0.843750
v -0.687500 -0.972866 0.843750
v -0.625000 -0.973427 0.843750
v -0.562500 -0.967097 0.843750
v -0.250000 -0.967297 0.843750
v -0.187500 -0.969309 0.843750
v -0.062500 -0.969039 0.843750
v -0.031250 -0.953215 0.843750
v 0.000000 -0.977022 0.843750
v 0.875000 -0.975357 0.843750
v 0.906250 -0.975326 0.843750
v 0.937500 -0.975733 0.843750
v -0.937500 -0.973201 0.875000
v -0.750000 -0.974093 0.875000
v -0.718750 -0.973868 0.875000
v -0.687500 -0.973135 0.875000
v -0.625000 -0.972935 0.875000
v -0.593750 -0.969218 0.875000
v -0.031250 -0.951290 0.906250
v 0.062500 -0.976546 0.906250
v 0.312500 -0.976729 0.906250
v 0.937500 -0.978635 0.906250
v -0.968750 -0.956778 0.937500
v -0.937500 -0.972686 0.937500
v -0.062500 -0.967891 0.937500
v -0.031250 -0.953164 0.937500
v -0.000000 -0.968521 0.937500
v 0.062500 -0.969261 0.937500
v 0.312500 -0.961810 0.937500
v 0.343750 -0.970955 0.937500
v 0.375000 -0.953560 0.937500
v 0.625000 -0.957599 0.937500
v 0.906250 -0.964772 0.937500
v 0.937500 -0.968063 0.937500
v 0.968750 -0.960691 0.937500
v -0.968750 -0.953620 0.968750
v -0.062500 -0.952417 0.968750
v -0.031250 -0.954299 0.968750
v 0.000000 -0.956364 0.968750
v 0.343750 -0.956833 0.968750
v 0.375000 -0.954757 0.968750
v 0.406250 -0.961925 0.968750
v 0.437500 -0.971980 0.968750
v 0.562500 -0.971367 0.968750
v 0.593750 -0.966489 0.968750
v 0.625000 -0.955734 0.968750
v 0.906250 -0.954950 0.968750
v 0.968750 -0.957465 0.968750
v 0.968750 0.959640 -0.968750
v 0.937500 0.971125 -0.968750
v 0.875000 0.972844 -0.968750
v 0.718750 0.972166 -0.968750
v 0.687500 0.952484 -0.968750
v 0.656250 0.976612 -0.968750
v 0.343750 0.977577 -0.968750
v 0.312500 0.951864 -0.968750
v 0.281250 0.953416 -0.968750
v -0.062500 0.954940 -0.968750
v -0.093750 0.953538 -0.968750
v -0.125000 0.970231 -0.968750
v -0.156250 0.969687 -0.968750
v -0.187500 0.972550 -0.968750
v -0.218750 0.959110 -0.968750
v -0.500000 0.968688 -0.968750
v -0.562500 0.967910 -0.968750
v -0.593750 0.952802 -0.968750
v -0.625000 0.959878 -0.968750
v -0.656250 0.975263 -0.968750
v -0.718750 0.977556 -0.968750
v -0.750000 0.976383 -0.968750
v -0.968750 0.970262 -0.968750
v 0.312500 0.952600 -0.937500
v 0.281250 0.969498 -0.937500
v -0.625000 0.960048 -0.937500
v -0.750000 0.966940 -0.937500
v -0.968750 0.970829 -0.937500
v 0.437500 0.975702 -0.906250
v 0.406250 0.975906 -0.906250
v 0.343750 0.976838 -0.906250
v -0.156250 0.969143 -0.906250
v -0.187500 0.962740 -0.906250
v -0.625000 0.957530 -0.906250
v -0.750000 0.970355 -0.906250
v -0.968750 0.970778 -0.906250
v 0.593750 0.977288 -0.875000
v 0.468750 0.975596 -0.875000
v 0.437500 0.973087 -0.875000
v 0.406250 0.954463 -0.875000
v 0.343750 0.973635 -0.875000
v -0.187500 0.954038 -0.875000
v 0.968750 0.961066 -0.843750
v 0.593750 0.975499 -0.843750
v 0.468750 0.972792 -0.843750
v 0.437500 0.960909 -0.843750
v 0.406250 0.971236 -0.843750
v 0.343750 0.971844 -0.843750
v 0.312500 0.951859 -0.843750
v 0.281250 0.968681 -0.843750
v -0.031250 0.969733 -0.843750
v -0.437500 0.967886 -0.843750
v -0.500000 0.969630 -0.843750
v -0.656250 0.970320 -0.843750
v -0.968750 0.960957 -0.843750
v 0.968750 0.953926 -0.812500
v 0.906250 0.953361 -0.812500
v 0.875000 0.955420 -0.812500
v 0.843750 0.956185 -0.812500
v 0.750000 0.968172 -0.812500
v 0.687500 0.952630 -0.812500
v 0.656250 0.960871 -0.812500
v 0.625000 0.959957 -0.812500
v 0.593750 0.958630 -0.812500
v 0.562500 0.957105 -0.812500
v 0.531250 0.955242 -0.812500
v 0.500000 0.953493 -0.812500
v 0.406250 0.958934 -0.812500
v 0.343750 0.953558 -0.812500
v 0.312500 0.952492 -0.812500
v 0.187500 0.951489 -0.812500
v 0.156250 0.952478 -0.812500
v 0.125000 0.953377 -0.812500
v 0.062500 0.956686 -0.812500
v -0.031250 0.961686 -0.812500
v -0.093750 0.953858 -0.812500
v -0.125000 0.972363 -0.812500
v -0.156250 0.972266 -0.812500
v -0.218750 0.969444 -0.812500
v -0.437500 0.963541 -0.812500
v -0.500000 0.964690 -0.812500
v -0.562500 0.968495 -0.812500
v -0.593750 0.953216 -0.812500
v -0.625000 0.962063 -0.812500
v -0.656250 0.958403 -0.812500
v -0.687500 0.955525 -0.812500
v -0.718750 0.954531 -0.812500
v -0.750000 0.952880 -0.812500
v -0.781250 0.954265 -0.812500
v -0.968750 0.951471 -0.812500
v 0.968750 0.968307 -0.781250
v 0.906250 0.968715 -0.781250
v 0.875000 0.971275 -0.781250
v 0.843750 0.951855 -0.781250
v 0.812500 0.966306 -0.781250
v 0.718750 0.969541 -0.781250
v 0.687500 0.970319 -0.781250
v 0.562500 0.972434 -0.781250
v 0.531250 0.953747 -0.781250
v 0.500000 0.969242 -0.781250
v 0.187500 0.952622 -0.781250
v 0.156250 0.972283 -0.781250
v 0.093750 0.971386 -0.781250
v 0.062500 0.961305 -0.781250
v -0.093750 0.959768 -0.781250
v -0.125000 0.958053 -0.781250
v -0.156250 0.955148 -0.781250
v -0.187500 0.954180 -0.781250
v -0.218750 0.955456 -0.781250
v -0.500000 0.954208 -0.781250
v -0.531250 0.957799 -0.781250
v -0.562500 0.960496 -0.781250
v -0.718750 0.969430 -0.781250
v -0.750000 0.952304 -0.781250
v -0.781250 0.970757 -0.781250
v -0.968750 0.963601 -0.781250
v 0.968750 0.977109 -0.750000
v 0.906250 0.977795 -0.750000
v -0.093750 0.964198 -0.750000
v -0.781250 0.975859 -0.750000
v -0.968750 0.975999 -0.750000
v 0.968750 0.973937 -0.687500
v 0.906250 0.978437 -0.687500
v 0.875000 0.965656 -0.687500
v 0.187500 0.952757 -0.687500
v -0.781250 0.969351 -0.687500
v -0.968750 0.975613 -0.687500
v 0.968750 0.953646 -0.656250
v 0.875000 0.969702 -0.656250
v 0.843750 0.955183 -0.656250
v 0.812500 0.973710 -0.656250
v 0.562500 0.968694 -0.656250
v 0.531250 0.952234 -0.656250
v 0.500000 0.968385 -0.656250
v 0.218750 0.969394 -0.656250
v 0.187500 0.953359 -0.656250
v 0.156250 0.971228 -0.656250
v 0.093750 0.969623 -0.656250
v 0.062500 0.957019 -0.656250
v 0.031250 0.970401 -0.656250
v -0.062500 0.968499 -0.656250
v -0.312500 0.970050 -0.656250
v -0.718750 0.968846 -0.656250
v -0.750000 0.954436 -0.656250
v -0.781250 0.969703 -0.656250
v -0.968750 0.956346 -0.656250
v 0.968750 0.951246 -0.625000
v 0.937500 0.951999 -0.625000
v 0.906250 0.954080 -0.625000
v 0.875000 0.954273 -0.625000
v 0.812500 0.954933 -0.625000
v 0.625000 0.951209 -0.625000
v 0.562500 0.952599 -0.625000
v 0.531250 0.952913 -0.625000
v 0.500000 0.952851 -0.625000
v 0.468750 0.952600 -0.625000
v 0.437500 0.953580 -0.625000
v 0.406250 0.953029 -0.625000
v 0.375000 0.952902 -0.625000
v 0.343750 0.952843 -0.625000
v 0.250000 0.954297 -0.625000
v 0.218750 0.953554 -0.625000
v 0.187500 0.953580 -0.625000
v -0.000000 0.952566 -0.625000
v -0.031250 0.955003 -0.625000
v -0.062500 0.964653 -0.625000
v -0.125000 0.967945 -0.625000
v -0.312500 0.969923 -0.625000
v -0.343750 0.953218 -0.625000
v -0.968750 0.952798 -0.625000
v 0.968750 0.950972 -0.593750
v 0.937500 0.973209 -0.593750
v 0.875000 0.976945 -0.593750
v 0.625000 0.967953 -0.593750
v 0.375000 0.952270 -0.593750
v 0.343750 0.973155 -0.593750
v -0.000000 0.977606 -0.593750
v -0.031250 0.952104 -0.593750
v -0.062500 0.965728 -0.593750
v -0.125000 0.962949 -0.593750
v -0.343750 0.957029 -0.593750
v -0.375000 0.966528 -0.593750
v -0.593750 0.962197 -0.593750
v -0.625000 0.972471 -0.593750
v -0.687500 0.971991 -0.593750
v -0.718750 0.969742 -0.593750
v -0.750000 0.960149 -0.593750
v -0.937500 0.967756 -0.593750
v -0.968750 0.975190 -0.593750
v 0.937500 0.977554 -0.562500
v 0.906250 0.976676 -0.562500
v 0.875000 0.977514 -0.562500
v -0.062500 0.968311 -0.562500
v -0.375000 0.967142 -0.562500
v -0.593750 0.955330 -0.562500
v -0.625000 0.972869 -0.562500
v -0.687500 0.971842 -0.562500
v -0.718750 0.954657 -0.562500
v -0.750000 0.971920 -0.562500
v -0.937500 0.973448 -0.562500
v -0.968750 0.960083 -0.562500
v 0.343750 0.977836 -0.531250
v -0.593750 0.971431 -0.531250
v -0.625000 0.972861 -0.531250
v -0.687500 0.973067 -0.531250
v -0.718750 0.970892 -0.531250
v -0.750000 0.972763 -0.531250
v 0.968750 0.959375 -0.500000
v 0.937500 0.979902 -0.500000
v 0.625000 0.968432 -0.500000
v 0.343750 0.974395 -0.500000
v 0.062500 0.976936 -0.500000
v -0.250000 0.966046 -0.500000
v -0.281250 0.966953 -0.500000
v -0.562500 0.966430 -0.500000
v -0.593750 0.974040 -0.500000
v 0.968750 0.955140 -0.468750
v 0.937500 0.952805 -0.468750
v 0.906250 0.952715 -0.468750
v 0.875000 0.952034 -0.468750
v 0.625000 0.953651 -0.468750
v 0.375000 0.954566 -0.468750
v 0.343750 0.972297 -0.468750
v 0.062500 0.968126 -0.468750
v -0.000000 0.967312 -0.468750
v -0.031250 0.953763 -0.468750
v -0.062500 0.970610 -0.468750
v -0.250000 0.959045 -0.468750
v -0.281250 0.961210 -0.468750
v -0.531250 0.967507 -0.468750
v -0.593750 0.969736 -0.468750
v -0.937500 0.972993 -0.468750
v -0.968750 0.960427 -0.468750
v 0.968750 0.965776 -0.437500
v 0.937500 0.965268 -0.437500
v 0.906250 0.953769 -0.437500
v 0.875000 0.972689 -0.437500
v 0.625000 0.970532 -0.437500
v 0.375000 0.955175 -0.437500
v 0.343750 0.952432 -0.437500
v 0.156250 0.951407 -0.437500
v 0.125000 0.950687 -0.437500
v 0.093750 0.952587 -0.437500
v 0.062500 0.953002 -0.437500
v -0.031250 0.954727 -0.437500
v -0.531250 0.952883 -0.437500
v -0.562500 0.953509 -0.437500
v -0.593750 0.952464 -0.437500
v -0.968750 0.958181 -0.437500
v 0.968750 0.971903 -0.406250
v 0.375000 0.953816 -0.406250
v 0.343750 0.969194 -0.406250
v 0.156250 0.971063 -0.406250
v 0.125000 0.952872 -0.406250
v 0.093750 0.958224 -0.406250
v 0.062500 0.960580 -0.406250
v 0.031250 0.965759 -0.406250
v -0.281250 0.971046 -0.406250
v -0.312500 0.959859 -0.406250
v -0.343750 0.968970 -0.406250
v -0.781250 0.964609 -0.406250
v -0.812500 0.970588 -0.406250
v -0.875000 0.969920 -0.406250
v -0.937500 0.970054 -0.406250
v -0.968750 0.959490 -0.406250
v 0.343750 0.968945 -0.375000
v 0.125000 0.956851 -0.375000
v 0.093750 0.972166 -0.375000
v 0.031250 0.972993 -0.375000
v -0.343750 0.968168 -0.375000
v -0.375000 0.969001 -0.375000
v -0.781250 0.963270 -0.375000
v -0.843750 0.955139 -0.375000
v -0.875000 0.969034 -0.375000
v 0.343750 0.968525 -0.343750
v 0.250000 0.955497 -0.343750
v 0.156250 0.966195 -0.343750
v -0.281250 0.966578 -0.343750
v -0.312500 0.955482 -0.343750
v -0.781250 0.969588 -0.343750
v -0.843750 0.968252 -0.343750
v -0.875000 0.969442 -0.343750
v 0.468750 0.972510 -0.312500
v 0.437500 0.974337 -0.312500
v 0.406250 0.972801 -0.312500
v 0.250000 0.970864 -0.312500
v 0.156250 0.971141 -0.312500
v 0.125000 0.959625 -0.312500
v 0.093750 0.972206 -0.312500
v -0.031250 0.969074 -0.312500
v -0.437500 0.966816 -0.312500
v -0.500000 0.966769 -0.312500
v -0.687500 0.966894 -0.312500
v -0.937500 0.969873 -0.312500
v -0.968750 0.953671 -0.312500
v 0.968750 0.972040 -0.281250
v 0.937500 0.972723 -0.281250
v 0.906250 0.954135 -0.281250
v 0.875000 0.973094 -0.281250
v 0.750000 0.970087 -0.281250
v 0.562500 0.969306 -0.281250
v 0.468750 0.968863 -0.281250
v 0.406250 0.970047 -0.281250
v 0.375000 0.951805 -0.281250
v 0.343750 0.966944 -0.281250
v 0.156250 0.961345 -0.281250
v 0.125000 0.953621 -0.281250
v 0.093750 0.953121 -0.281250
v 0.062500 0.952312 -0.281250
v 0.031250 0.951055 -0.281250
v -0.031250 0.952304 -0.281250
v -0.062500 0.952591 -0.281250
v -0.093750 0.953604 -0.281250
v -0.250000 0.956414 -0.281250
v -0.281250 0.968864 -0.281250
v -0.437500 0.958818 -0.281250
v -0.468750 0.954873 -0.281250
v -0.500000 0.954745 -0.281250
v -0.562500 0.953455 -0.281250
v -0.687500 0.954008 -0.281250
v -0.968750 0.954257 -0.281250
v 0.968750 0.952915 -0.250000
v 0.937500 0.953207 -0.250000
v 0.906250 0.952495 -0.250000
v 0.750000 0.966144 -0.250000
v 0.593750 0.969553 -0.250000
v 0.562500 0.962566 -0.250000
v 0.531250 0.953302 -0.250000
v 0.500000 0.953399 -0.250000
v 0.343750 0.952092 -0.250000
v 0.281250 0.958539 -0.250000
v 0.250000 0.956552 -0.250000
v 0.218750 0.955334 -0.250000
v 0.187500 0.966605 -0.250000
v 0.156250 0.966773 -0.250000
v 0.125000 0.971565 -0.250000
v 0.093750 0.952730 -0.250000
v 0.062500 0.954614 -0.250000
v 0.031250 0.971603 -0.250000
v -0.031250 0.972279 -0.250000
v -0.062500 0.956536 -0.250000
v -0.093750 0.975791 -0.250000
v -0.281250 0.979487 -0.250000
v -0.437500 0.969098 -0.250000
v -0.468750 0.971437 -0.250000
v -0.687500 0.970856 -0.250000
v -0.718750 0.953185 -0.250000
v -0.781250 0.962680 -0.250000
v -0.968750 0.953460 -0.250000
v 0.968750 0.971129 -0.218750
v 0.750000 0.970528 -0.218750
v 0.625000 0.969666 -0.218750
v 0.593750 0.968547 -0.218750
v 0.562500 0.952718 -0.218750
v 0.531250 0.962630 -0.218750
v 0.500000 0.976260 -0.218750
v 0.250000 0.979359 -0.218750
v 0.218750 0.955634 -0.218750
v 0.125000 0.971148 -0.218750
v 0.093750 0.957137 -0.218750
v 0.062500 0.959131 -0.218750
v -0.781250 0.971262 -0.218750
v -0.968750 0.971139 -0.218750
v 0.968750 0.970456 -0.187500
v 0.531250 0.977496 -0.187500
v 0.500000 0.976160 -0.187500
v 0.093750 0.967855 -0.187500
v 0.062500 0.957518 -0.187500
v 0.968750 0.968735 -0.156250
v 0.625000 0.970619 -0.156250
v 0.593750 0.968318 -0.156250
v 0.062500 0.955976 -0.156250
v -0.062500 0.958380 -0.156250
v -0.375000 0.979804 -0.156250
v -0.968750 0.971394 -0.156250
v 0.968750 0.966294 -0.125000
v 0.937500 0.966554 -0.125000
v 0.812500 0.967652 -0.125000
v 0.562500 0.950933 -0.125000
v 0.531250 0.968949 -0.125000
v 0.250000 0.972761 -0.125000
v 0.218750 0.953107 -0.125000
v 0.125000 0.970752 -0.125000
v 0.093750 0.966900 -0.125000
v 0.062500 0.953016 -0.125000
v -0.062500 0.951059 -0.125000
v -0.281250 0.960085 -0.125000
v -0.343750 0.967066 -0.125000
v -0.375000 0.973220 -0.125000
v -0.406250 0.978103 -0.125000
v -0.437500 0.959050 -0.125000
v -0.468750 0.968391 -0.125000
v -0.687500 0.970405 -0.125000
v -0.968750 0.965643 -0.125000
v 0.968750 0.971022 -0.093750
v 0.937500 0.953424 -0.093750
v 0.812500 0.956048 -0.093750
v 0.781250 0.955710 -0.093750
v 0.593750 0.963881 -0.093750
v 0.562500 0.951310 -0.093750
v 0.531250 0.952231 -0.093750
v 0.250000 0.953037 -0.093750
v 0.218750 0.953828 -0.093750
v 0.093750 0.961466 -0.093750
v 0.062500 0.955956 -0.093750
v -0.062500 0.958784 -0.093750
v -0.093750 0.963847 -0.093750
v -0.281250 0.975376 -0.093750
v -0.343750 0.961777 -0.093750
v -0.406250 0.960915 -0.093750
v -0.437500 0.956267 -0.093750
v -0.531250 0.952766 -0.093750
v -0.562500 0.955153 -0.093750
v -0.593750 0.953381 -0.093750
v -0.687500 0.957163 -0.093750
v -0.718750 0.954487 -0.093750
v -0.843750 0.954780 -0.093750
v -0.906250 0.967693 -0.093750
v -0.968750 0.969976 -0.093750
v 0.968750 0.970677 -0.062500
v 0.875000 0.975798 -0.062500
v 0.781250 0.961250 -0.062500
v 0.656250 0.965767 -0.062500
v 0.593750 0.969947 -0.062500
v 0.218750 0.962061 -0.062500
v 0.187500 0.968100 -0.062500
v 0.062500 0.972292 -0.062500
v -0.093750 0.970327 -0.062500
v -0.437500 0.963197 -0.062500
v -0.531250 0.962672 -0.062500
v -0.593750 0.967060 -0.062500
v -0.843750 0.959142 -0.062500
v -0.875000 0.968866 -0.062500
v -0.906250 0.972814 -0.062500
v 0.968750 0.967670 -0.031250
v 0.937500 0.975087 -0.031250
v 0.875000 0.977692 -0.031250
v 0.656250 0.969964 -0.031250
v -0.968750 0.970677 -0.031250
v 0.062500 0.972300 0.000000
v -0.968750 0.971034 0.000000
v 0.968750 0.957140 0.031250
v 0.937500 0.977391 0.031250
v 0.406250 0.972538 0.031250
v 0.125000 0.971145 0.031250
v 0.062500 0.963511 0.031250
v -0.000000 0.962018 0.031250
v -0.843750 0.958787 0.031250
v -0.875000 0.970551 0.031250
v -0.968750 0.973202 0.031250
v 0.968750 0.955169 0.062500
v 0.781250 0.955844 0.062500
v 0.750000 0.959714 0.062500
v 0.375000 0.958236 0.062500
v 0.125000 0.958459 0.062500
v 0.093750 0.956382 0.062500
v 0.062500 0.963037 0.062500
v 0.031250 0.961301 0.062500
v -0.000000 0.959869 0.062500
v -0.031250 0.955920 0.062500
v -0.281250 0.950678 0.062500
v -0.875000 0.957109 0.062500
v -0.906250 0.969453 0.062500
v 0.968750 0.978205 0.093750
v 0.781250 0.973570 0.093750
v 0.750000 0.953108 0.093750
v 0.718750 0.957726 0.093750
v 0.437500 0.955065 0.093750
v 0.406250 0.955931 0.093750
v 0.375000 0.978541 0.093750
v 0.093750 0.976019 0.093750
v 0.062500 0.953485 0.093750
v 0.031250 0.974124 0.093750
v -0.281250 0.960384 0.093750
v 0.781250 0.979685 0.125000
v 0.750000 0.958145 0.125000
v 0.718750 0.968097 0.125000
v 0.437500 0.966493 0.125000
v -0.281250 0.962547 0.125000
v -0.843750 0.955229 0.125000
v -0.875000 0.956969 0.125000
v 0.781250 0.967707 0.156250
v 0.750000 0.959033 0.156250
v 0.031250 0.972789 0.156250
v -0.218750 0.977913 0.156250
v -0.250000 0.963364 0.156250
v -0.281250 0.973985 0.156250
v -0.406250 0.972976 0.156250
v -0.437500 0.957957 0.156250
v -0.468750 0.972159 0.156250
v -0.531250 0.965225 0.156250
v -0.562500 0.962042 0.156250
v -0.625000 0.963849 0.156250
v -0.656250 0.953992 0.156250
v -0.687500 0.968889 0.156250
v -0.812500 0.964983 0.156250
v -0.843750 0.953255 0.156250
v -0.875000 0.961759 0.156250
v -0.906250 0.971975 0.156250
v 0.968750 0.973135 0.187500
v 0.750000 0.959575 0.187500
v 0.031250 0.973723 0.187500
v -0.031250 0.977582 0.187500
v -0.218750 0.978145 0.187500
v -0.250000 0.978824 0.187500
v -0.281250 0.970151 0.187500
v -0.312500 0.972953 0.187500
v -0.906250 0.968126 0.187500
v -0.968750 0.972719 0.187500
v 0.968750 0.956429 0.218750
v 0.718750 0.968710 0.218750
v 0.375000 0.970734 0.218750
v 0.093750 0.970845 0.218750
v 0.031250 0.978799 0.218750
v -0.031250 0.977863 0.218750
v -0.250000 0.977178 0.218750
v -0.281250 0.962551 0.218750
v -0.312500 0.964565 0.218750
v -0.406250 0.973321 0.218750
v -0.625000 0.965640 0.218750
v -0.656250 0.953511 0.218750
v -0.687500 0.973337 0.218750
v -0.812500 0.964989 0.218750
v -0.843750 0.953617 0.218750
v -0.875000 0.968288 0.218750
v -0.906250 0.968893 0.218750
v -0.968750 0.964617 0.218750
v 0.968750 0.952649 0.250000
v 0.406250 0.950453 0.250000
v 0.375000 0.953987 0.250000
v 0.281250 0.956712 0.250000
v 0.250000 0.960588 0.250000
v 0.218750 0.963091 0.250000
v 0.093750 0.961029 0.250000
v 0.062500 0.956054 0.250000
v 0.031250 0.969734 0.250000
v -0.031250 0.971255 0.250000
v -0.125000 0.963905 0.250000
v -0.187500 0.956150 0.250000
v -0.250000 0.957173 0.250000
v -0.343750 0.955366 0.250000
v -0.406250 0.966977 0.250000
v -0.625000 0.968697 0.250000
v -0.656250 0.969420 0.250000
v -0.687500 0.952888 0.250000
v -0.750000 0.955842 0.250000
v -0.781250 0.954801 0.250000
v -0.812500 0.952992 0.250000
v -0.968750 0.954662 0.250000
v 0.968750 0.961090 0.281250
v 0.562500 0.956669 0.281250
v 0.531250 0.961722 0.281250
v 0.500000 0.967184 0.281250
v 0.281250 0.965513 0.281250
v 0.250000 0.953945 0.281250
v 0.062500 0.956766 0.281250
v -0.125000 0.953527 0.281250
v -0.187500 0.952805 0.281250
v -0.250000 0.959480 0.281250
v -0.281250 0.972344 0.281250
v -0.375000 0.976724 0.281250
v -0.406250 0.970059 0.281250
v -0.750000 0.957453 0.281250
v -0.781250 0.977681 0.281250
v -0.968750 0.978060 0.281250
v -0.093750 0.952664 0.312500
v -0.125000 0.959008 0.312500
v -0.187500 0.962445 0.312500
v -0.281250 0.974475 0.312500
v 0.250000 0.952136 0.343750
v -0.218750 0.959874 0.343750
v -0.250000 0.974337 0.343750
v 0.968750 0.959385 0.375000
v 0.562500 0.956590 0.375000
v 0.531250 0.971477 0.375000
v 0.500000 0.971177 0.375000
v 0.312500 0.971025 0.375000
v 0.281250 0.970560 0.375000
v 0.250000 0.952124 0.375000
v -0.031250 0.971449 0.375000
v -0.093750 0.951730 0.375000
v -0.187500 0.971584 0.375000
v -0.218750 0.957484 0.375000
v -0.281250 0.975419 0.375000
v -0.312500 0.975437 0.375000
v -0.343750 0.975737 0.375000
v -0.781250 0.976965 0.375000
v -0.968750 0.973841 0.375000
v 0.968750 0.956989 0.406250
v 0.937500 0.957145 0.406250
v 0.906250 0.957582 0.406250
v 0.718750 0.953018 0.406250
v 0.687500 0.954764 0.406250
v 0.656250 0.953779 0.406250
v 0.562500 0.950370 0.406250
v 0.531250 0.952213 0.406250
v 0.312500 0.962139 0.406250
v 0.250000 0.951824 0.406250
v 0.218750 0.963914 0.406250
v -0.062500 0.962618 0.406250
v -0.218750 0.956122 0.406250
v -0.250000 0.974278 0.406250
v -0.281250 0.977013 0.406250
v -0.312500 0.961389 0.406250
v -0.343750 0.979049 0.406250
v -0.375000 0.979860 0.406250
v -0.406250 0.971544 0.406250
v -0.437500 0.953979 0.406250
v -0.468750 0.968745 0.406250
v -0.687500 0.970324 0.406250
v -0.750000 0.956471 0.406250
v -0.781250 0.968498 0.406250
v -0.937500 0.960868 0.406250
v -0.968750 0.964691 0.406250
v 0.968750 0.953668 0.437500
v 0.937500 0.979049 0.437500
v 0.718750 0.974514 0.437500
v 0.687500 0.952208 0.437500
v 0.656250 0.978159 0.437500
v 0.562500 0.973890 0.437500
v 0.531250 0.959199 0.437500
v 0.406250 0.962702 0.437500
v 0.343750 0.972379 0.437500
v 0.312500 0.958001 0.437500
v 0.218750 0.954618 0.437500
v -0.031250 0.952977 0.437500
v -0.062500 0.952304 0.437500
v -0.218750 0.954949 0.437500
v -0.250000 0.956095 0.437500
v -0.281250 0.952978 0.437500
v -0.312500 0.953296 0.437500
v -0.343750 0.953837 0.437500
v -0.375000 0.953280 0.437500
v -0.406250 0.952218 0.437500
v -0.437500 0.951239 0.437500
v -0.593750 0.951278 0.437500
v -0.656250 0.956934 0.437500
v -0.687500 0.961168 0.437500
v -0.750000 0.971577 0.437500
v -0.937500 0.970993 0.437500
v -0.968750 0.963062 0.437500
v 0.968750 0.959855 0.468750
v 0.937500 0.962180 0.468750
v 0.906250 0.975149 0.468750
v 0.562500 0.977305 0.468750
v 0.406250 0.975304 0.468750
v 0.312500 0.954023 0.468750
v 0.281250 0.971162 0.468750
v -0.031250 0.963877 0.468750
v -0.187500 0.972739 0.468750
v -0.218750 0.965342 0.468750
v -0.250000 0.972198 0.468750
v -0.281250 0.961080 0.468750
v -0.562500 0.962173 0.468750
v -0.593750 0.952436 0.468750
v -0.625000 0.965435 0.468750
v -0.656250 0.958576 0.468750
v -0.750000 0.956329 0.468750
v -0.937500 0.957788 0.468750
v -0.968750 0.972320 0.468750
v 0.968750 0.960993 0.500000
v 0.937500 0.976863 0.500000
v 0.906250 0.975302 0.500000
v 0.468750 0.976083 0.500000
v 0.437500 0.974918 0.500000
v 0.343750 0.975094 0.500000
v -0.625000 0.963121 0.500000
v -0.968750 0.969526 0.500000
v 0.468750 0.974319 0.531250
v 0.437500 0.959073 0.531250
v 0.406250 0.958898 0.531250
v 0.343750 0.957566 0.531250
v 0.312500 0.952834 0.531250
v -0.156250 0.972784 0.531250
v -0.187500 0.963438 0.531250
v -0.218750 0.966581 0.531250
v -0.968750 0.971720 0.531250
v 0.468750 0.975193 0.562500
v 0.437500 0.956718 0.562500
v 0.406250 0.971328 0.562500
v 0.343750 0.971900 0.562500
v 0.312500 0.953380 0.562500
v 0.281250 0.970425 0.562500
v 0.125000 0.968607 0.562500
v -0.468750 0.967682 0.562500
v -0.562500 0.969554 0.562500
v -0.968750 0.965375 0.562500
v 0.968750 0.961761 0.593750
v 0.937500 0.968401 0.593750
v 0.875000 0.973265 0.593750
v 0.718750 0.975007 0.593750
v 0.687500 0.950804 0.593750
v 0.656250 0.973753 0.593750
v 0.562500 0.972165 0.593750
v 0.531250 0.968086 0.593750
v 0.437500 0.969286 0.593750
v 0.343750 0.964887 0.593750
v 0.312500 0.951967 0.593750
v 0.281250 0.961702 0.593750
v 0.218750 0.960114 0.593750
v 0.187500 0.959338 0.593750
v 0.156250 0.961181 0.593750
v 0.093750 0.966172 0.593750
v 0.062500 0.965529 0.593750
v -0.031250 0.965971 0.593750
v -0.062500 0.962841 0.593750
v -0.093750 0.954015 0.593750
v -0.125000 0.972766 0.593750
v -0.156250 0.972477 0.593750
v -0.187500 0.954986 0.593750
v -0.218750 0.968116 0.593750
v -0.468750 0.961272 0.593750
v -0.562500 0.966601 0.593750
v -0.593750 0.953567 0.593750
v -0.625000 0.973135 0.593750
v 0.968750 0.969986 0.625000
v 0.906250 0.970359 0.625000
v 0.875000 0.959718 0.625000
v 0.843750 0.954154 0.625000
v 0.812500 0.957175 0.625000
v 0.718750 0.960519 0.625000
v 0.562500 0.965743 0.625000
v 0.531250 0.952853 0.625000
v 0.500000 0.968440 0.625000
v 0.406250 0.961074 0.625000
v 0.375000 0.957290 0.625000
v 0.343750 0.957803 0.625000
v 0.312500 0.958301 0.625000
v 0.281250 0.959736 0.625000
v 0.062500 0.955246 0.625000
v 0.031250 0.954058 0.625000
v 0.000000 0.954199 0.625000
v -0.031250 0.955111 0.625000
v -0.062500 0.954284 0.625000
v -0.093750 0.954090 0.625000
v -0.250000 0.950302 0.625000
v -0.593750 0.954643 0.625000
v -0.625000 0.959485 0.625000
v -0.656250 0.962231 0.625000
v -0.687500 0.964734 0.625000
v -0.718750 0.964190 0.625000
v -0.750000 0.951148 0.625000
v -0.781250 0.956096 0.625000
v -0.968750 0.965622 0.625000
v 0.812500 0.971205 0.656250
v 0.718750 0.970213 0.656250
v 0.406250 0.969159 0.656250
v 0.281250 0.969403 0.656250
v 0.062500 0.953684 0.656250
v 0.031250 0.975588 0.656250
v -0.000000 0.972566 0.656250
v -0.656250 0.968942 0.656250
v -0.750000 0.952076 0.656250
v -0.781250 0.973544 0.656250
v -0.968750 0.975453 0.656250
v 0.968750 0.974684 0.718750
v 0.906250 0.975855 0.718750
v 0.875000 0.966458 0.718750
v -0.781250 0.976291 0.718750
v -0.812500 0.974643 0.718750
v -0.843750 0.975347 0.718750
v 0.968750 0.968610 0.750000
v 0.875000 0.959972 0.750000
v 0.843750 0.953957 0.750000
v 0.812500 0.971640 0.750000
v 0.562500 0.971189 0.750000
v 0.531250 0.953094 0.750000
v 0.500000 0.967337 0.750000
v 0.218750 0.968240 0.750000
v 0.062500 0.956473 0.750000
v 0.031250 0.974681 0.750000
v 0.000000 0.970360 0.750000
v -0.343750 0.966953 0.750000
v -0.718750 0.968118 0.750000
v -0.750000 0.954224 0.750000
v -0.781250 0.968861 0.750000
v -0.843750 0.971300 0.750000
v -0.968750 0.967735 0.750000
v 0.968750 0.951434 0.781250
v 0.937500 0.951175 0.781250
v 0.906250 0.950629 0.781250
v 0.875000 0.953377 0.781250
v 0.812500 0.953419 0.781250
v 0.625000 0.954753 0.781250
v 0.562500 0.953906 0.781250
v 0.531250 0.954456 0.781250
v 0.500000 0.952711 0.781250
v 0.406250 0.952439 0.781250
v 0.375000 0.950952 0.781250
v 0.343750 0.951636 0.781250
v 0.312500 0.951521 0.781250
v 0.218750 0.957349 0.781250
v 0.187500 0.953453 0.781250
v 0.156250 0.971249 0.781250
v 0.062500 0.955103 0.781250
v 0.000000 0.969600 0.781250
v -0.031250 0.968331 0.781250
v -0.343750 0.966139 0.781250
v -0.375000 0.956975 0.781250
v -0.593750 0.951653 0.781250
v -0.750000 0.953537 0.781250
v -0.781250 0.954936 0.781250
v -0.812500 0.953288 0.781250
v -0.968750 0.952509 0.781250
v 0.968750 0.952514 0.812500
v 0.937500 0.974983 0.812500
v 0.875000 0.976894 0.812500
v 0.625000 0.967413 0.812500
v 0.375000 0.950784 0.812500
v 0.343750 0.969282 0.812500
v 0.156250 0.977144 0.812500
v 0.093750 0.969389 0.812500
v 0.062500 0.968904 0.812500
v -0.000000 0.970662 0.812500
v -0.031250 0.951679 0.812500
v -0.062500 0.953120 0.812500
v -0.187500 0.953839 0.812500
v -0.250000 0.953946 0.812500
v -0.343750 0.952362 0.812500
v -0.375000 0.954754 0.812500
v -0.562500 0.953438 0.812500
v -0.593750 0.958860 0.812500
v -0.625000 0.968115 0.812500
v -0.687500 0.962678 0.812500
v -0.718750 0.966510 0.812500
v -0.750000 0.972794 0.812500
v -0.937500 0.974498 0.812500
v -0.968750 0.974441 0.812500
v 0.937500 0.975733 0.843750
v 0.906250 0.975326 0.843750
v 0.875000 0.975357 0.843750
v -0.000000 0.977022 0.843750
v -0.031250 0.953215 0.843750
v -0.062500 0.969039 0.843750
v -0.187500 0.969309 0.843750
v -0.250000 0.967297 0.843750
v -0.562500 0.967098 0.843750
v -0.625000 0.973427 0.843750
v -0.687500 0.972866 0.843750
v -0.718750 0.954429 0.843750
v -0.750000 0.973839 0.843750
v -0.937500 0.973843 0.843750
v -0.968750 0.958623 0.843750
v -0.593750 0.969218 0.875000
v -0.625000 0.972935 0.875000
v -0.687500 0.973135 0.875000
v -0.718750 0.973867 0.875000
v -0.750000 0.974093 0.875000
v 0.937500 0.978635 0.906250
v 0.312500 0.976729 0.906250
v 0.062500 0.976546 0.906250
v -0.031250 0.951290 0.906250
v 0.968750 0.960691 0.937500
v 0.937500 0.968063 0.937500
v 0.906250 0.964772 0.937500
v 0.625000 0.957599 0.937500
v 0.375000 0.953560 0.937500
v 0.343750 0.970955 0.937500
v 0.312500 0.961811 0.937500
v 0.062500 0.969261 0.937500
v 0.000000 0.968521 0.937500
v -0.031250 0.953164 0.937500
v -0.062500 0.967891 0.937500
v -0.937500 0.972686 0.937500
v -0.968750 0.956778 0.937500
v 0.968750 0.957465 0.968750
v 0.906250 0.954950 0.968750
v 0.625000 0.955734 0.968750
v 0.593750 0.966489 0.968750
v 0.562500 0.971367 0.968750
v 0.437500 0.971980 0.968750
v 0.406250 0.961926 0.968750
v 0.375000 0.954757 0.968750
v 0.343750 0.956833 0.968750
v 0.000000 0.956364 0.968750
v -0.031250 0.954299 0.968750
v -0.062500 0.952417 0.968750
v -0.968750 0.953620 0.968750
vn -0.9501 -0.3119 -0.0036
vn -0.4428 -0.0144 -0.8965
vn -0.9410 -0.2480 0.2300
vn 0.0005 0.6096 0.7927
vn -0.0009 0.5149 -0.8573
vn -0.3935 0.9189 0.0294
vn -0.0043 0.8941 0.4479
vn -0.9845 -0.1483 0.0934
vn -0.0243 0.9334 0.3581
vn 0.0375 -0.0389 -0.9985
vn 0.0019 -0.1526 -0.9883
vn -0.9513 0.2058 -0.2296
vn 0.0566 -0.2821 0.9577
vn 0.0059 0.2887 -0.9574
vn -0.9447 -0.3278 0.0091
vn -0.3467 0.0028 -0.9380
vn -0.0126 0.2503 -0.9681
vn -0.0721 0.2961 -0.9524
vn -0.0986 0.9417 0.3217
vn -0.0174 -0.3330 -0.9428
vn 0.0170 -0.0551 -0.9983
vn -0.0212 0.3461 0.9380
vn -0.9447 -0.2209 -0.2424
vn 0.5575 -0.8301 0.0112
vn -0.8891 0.2614 -0.3758
vn -0.9101 -0.4143 -0.0021
vn 0.5234 -0.8514 0.0346
vn -0.8952 0.3508 -0.2748
vn 0.5123 -0.8588 -0.0037
vn -0.9262 0.2359 -0.2940
vn 0.4748 -0.0073 -0.8801
vn -0.9136 0.2879 -0.2870
vn -0.9128 -0.1612 -0.3753
vn 0.9224 -0.3857 0.0207
vn 0.6837 -0.0103 -0.7297
vn -0.9488 0.3156 -0.0112
vn -0.9251 0.2528 -0.2832
vn -0.9912 -0.0526 -0.1216
vn -0.4203 0.9062 -0.0460
vn -0.9968 0.0143 -0.0786
vn -0.9207 0.2903 0.2608
vn -0.9733 -0.0295 0.2275
vn -0.4423 -0.0355 -0.8961
vn 0.8492 0.0159 -0.5278
vn -0.9229 0.2578 0.2859
vn -0.9300 -0.2267 0.2892
vn 0.0768 -0.9150 0.3961
vn -0.9960 -0.0723 -0.0525
vn -0.8448 -0.0061 -0.5350
vn -0.0015 0.9235 0.3835
vn -0.9426 0.2860 0.1720
vn -0.3318 0.0099 -0.9433
vn 0.0033 -0.9999 0.0140
vn 0.0881 -0.9410 0.3266
vn 0.2445 0.9626 -0.1169
vn 0.4033 -0.9150 0.0110
vn 0.0093 0.1823 -0.9832
vn -0.9291 0.2393 -0.2820
vn -0.9096 -0.0942 -0.4048
vn 0.0102 0.2397 -0.9708
vn -0.3944 0.0204 -0.9187
vn -0.9534 0.0697 -0.2935
vn 0.1973 -0.2608 0.9450
vn 0.9998 -0.0164 0.0074
vn -0.8993 0.0029 0.4372
vn 0.0442 -0.0151 0.9989
vn -0.4423 -0.8961 0.0355
vn -0.0221 -0.9235 -0.3830
vn 0.0099 0.9760 -0.2176
vn 0.9989 -0.0202 -0.0414
vn 0.0470 -0.8941 0.4454
vn -0.9072 -0.0134 -0.4205
vn -0.0207 0.2600 0.9654
vn 0.9125 -0.4085 -0.0224
vn 0.1835 -0.0514 -0.9817
vn 0.8821 0.4711 0.0054
vn -0.9081 -0.3206 0.2694
vn -0.9261 0.3759 0.0325
vn 0.0266 0.9039 0.4270
vn -0.0574 -0.7866 0.6148
vn 0.9281 -0.0010 0.3722
vn 0.0082 -0.2995 0.9541
vn -0.9187 0.3950 0.0010
vn 0.9255 0.3663 -0.0962
vn 0.2382 -0.1311 -0.9623
vn 0.0112 0.3156 -0.9488
vn -0.5421 -0.0298 -0.8398
vn 0.2632 -0.3206 -0.9099
vn -0.0323 0.4481 0.8934
vn -0.0258 -0.3483 -0.9370
vn -0.0113 0.0574 -0.9983
vn -0.0243 -0.3581 0.9334
vn 0.8896 0.4566 -0.0106
vn -0.9526 -0.1898 0.2379
vn 0.0053 0.9233 -0.3841
vn -0.3351 -0.9398 0.0665
vn -0.9399 0.3415 0.0042
vn -0.9122 0.3533 0.2077
vn -0.9281 -0.1373 0.3460
vn -0.0361 0.9251 -0.3780
vn -0.0203 -0.2302 0.9729
vn 0.0417 0.8249 -0.5638
vn -0.9144 0.3876 -0.1171
vn -0.9162 -0.2838 -0.2829
vn 0.4682 -0.0269 0.8832
vn -0.9482 0.2381 0.2104
vn -0.9515 0.0491 -0.3036
vn 0.9999 0.0080 -0.0067
vn 0.5575 -0.0112 -0.8301
vn 0.0024 0.9999 -0.0163
vn 0.2516 -0.0535 -0.9663
vn -0.4245 0.0435 -0.9044
vn 0.8106 0.0653 -0.5820
vn -0.4397 -0.8980 -0.0155
vn 0.3515 -0.1031 -0.9305
vn 0.9170 -0.0643 0.3937
vn -0.4724 0.0282 0.8809
vn -0.9662 0.2577 0.0050
vn -0.4020 -0.0823 -0.9119
vn -0.8926 -0.4488 0.0429
vn 0.9444 -0.3286 -0.0058
vn 0.4995 -0.0043 0.8663
vn 0.3881 0.9213 -0.0247
vn 0.9952 -0.0982 0.0016
vn 0.0072 0.8865 0.4626
vn 0.9570 0.0799 -0.2788
vn 0.0035 0.4488 0.8936
vn -0.3008 -0.0142 0.9536
vn 0.9228 0.3832 -0.0388
vn -0.9444 -0.3217 -0.0677
vn -0.8839 0.3696 -0.2866
vn -0.9557 -0.2192 -0.1964
vn 0.4607 -0.8875 0.0057
vn -0.9308 0.2599 -0.2571
vn 0.9443 -0.3288 0.0138
vn 0.9890 0.1048 0.1043
vn -0.2988 -0.0418 -0.9534
vn -0.9100 0.3483 0.2250
vn -0.9431 -0.3325 -0.0047
vn 0.4341 0.9008 -0.0136
vn 0.0039 0.8892 -0.4576
vn -0.8770 -0.0638 0.4762
vn -0.8903 0.3154 0.3285
vn 0.1255 0.2295 -0.9652
vn 0.2167 0.9546 0.2046
vn -0.8423 0.5376 0.0388
vn -0.1073 0.9278 -0.3574
vn -0.0372 -0.0443 -0.9983
vn -0.0140 -0.8636 -0.5040
vn 0.5401 -0.8416 -0.0085
vn -0.9084 0.2902 -0.3011
vn -0.8871 -0.0443 -0.4594
vn 0.4932 0.8699 -0.0034
vn -0.9971 -0.0765 0.0042
vn 0.3427 -0.0120 -0.9394
vn -0.8171 0.5765 -0.0050
vn 0.3934 -0.0315 -0.9188
vn 0.9437 0.0142 0.3304
vn 0.8760 -0.0348 0.4811
vn -0.9576 0.1545 0.2433
vn 0.2783 0.0061 -0.9605
vn -0.9986 -0.0519 0.0043
vn 0.9999 -0.0117 0.0090
vn -0.3411 -0.0227 -0.9398
vn -0.0323 0.4481 -0.8934
vn -0.3164 -0.0518 -0.9472
vn -0.8838 0.0564 0.4645
vn 0.8726 -0.4878 -0.0227
vn 0.4075 0.0206 -0.9130
vn -0.0200 0.9997 0.0113
vn -0.9183 -0.0062 0.3958
vn -0.9077 0.3172 0.2746
vn 0.0636 0.4934 -0.8675
vn 0.5045 0.0043 0.8634
vn 0.9496 0.3086 -0.0556
vn 0.0482 -0.3914 -0.9190
vn 0.5190 -0.8548 0.0011
vn -0.9048 0.3031 -0.2990
vn -0.9718 -0.0224 0.2348
vn -0.0061 -0.2936 -0.9559
vn 0.0120 -0.3419 0.9397
vn 0.9772 0.2102 0.0291
vn 0.9021 -0.4314 -0.0089
vn 0.0004 -0.0071 -1.0000
vn 0.9520 -0.0242 -0.3050
vn -0.8896 0.4566 -0.0106
vn -0.9192 -0.2795 0.2774
vn -0.5697 -0.0399 0.8209
vn -0.4995 -0.0043 0.8663
vn -0.8784 0.3248 0.3506
vn -0.0561 -0.9972 -0.0500
vn -0.2190 -0.2724 -0.9369
vn 0.8980 0.0155 0.4397
vn -0.9919 0.0342 0.1221
vn -0.0066 0.8540 -0.5202
vn 0.4655 -0.8841 0.0407
vn 0.9275 0.3737 -0.0065
vn 0.4932 -0.8699 -0.0034
vn -0.9287 0.2499 -0.2741
vn 0.0035 -0.3116 -0.9502
vn -0.8869 -0.1196 0.4462
vn -0.9147 0.2178 0.3403
vn -0.4753 -0.8749 0.0932
vn -0.7952 0.6062 -0.0099
vn -0.0116 0.9306 0.3658
vn 0.0019 0.5034 -0.8640
vn -0.8947 -0.4467 -0.0027
vn -0.9155 -0.2586 0.3083
vn -0.5987 0.8007 0.0184
vn -0.9367 -0.1937 -0.2918
vn -0.8671 0.0154 -0.4979
vn -0.9236 0.2583 -0.2834
vn -0.0360 -0.9795 0.1983
vn -0.0056 0.3936 0.9192
vn -0.0063 -0.4674 0.8840
vn -0.0043 -0.0519 -0.9986
vn 0.2788 -0.9570 -0.0799
vn -0.8957 -0.0153 -0.4445
vn -0.9528 0.2348 -0.1926
vn 0.5703 0.0047 -0.8214
vn -0.9090 0.2862 -0.3029
vn 0.1521 0.2304 -0.9611
vn -0.2069 -0.9776 -0.0396
vn -0.0041 0.3275 0.9448
vn 0.5176 -0.0819 -0.8517
vn -0.0020 0.9184 0.3956
vn -0.9244 -0.3815 -0.0041
vn -0.2358 0.0347 -0.9712
vn -0.0522 0.4898 -0.8703
vn -0.9574 0.2887 -0.0059
vn -0.9064 -0.4207 0.0373
vn -0.9887 0.0727 0.1313
vn -0.8998 -0.3464 0.2652
vn -0.8799 -0.0209 0.4747
vn -0.9332 -0.2629 0.2450
vn -0.0090 -0.0117 0.9999
vn 0.4341 0.0136 0.9008
vn -0.0156 -0.9999 0.0005
vn -0.9025 -0.0031 -0.4307
vn -0.9897 -0.1433 -0.0077
vn 0.1913 0.9188 -0.3452
vn 0.4148 -0.0501 -0.9085
vn -0.9533 0.2174 -0.2097
vn -0.9351 -0.2382 0.2625
vn 0.9635 0.2676 -0.0008
vn -0.9153 -0.3171 0.2485
vn 0.3036 0.0491 -0.9515
vn -0.9284 -0.2427 -0.2813
vn 0.5455 0.0203 -0.8379
vn -0.9999 -0.0083 -0.0104
vn -0.0230 0.3873 -0.9217
vn -0.0132 -0.0354 -0.9993
vn -0.4582 0.0244 -0.8885
vn -0.0043 -0.4479 0.8941
vn -0.0089 0.9999 0.0095
vn -0.3330 -0.0349 -0.9423
vn 0.1871 -0.2810 -0.9413
vn -0.0140 0.5040 -0.8636
vn 0.8936 0.4488 -0.0035
vn -0.0140 -0.5646 -0.8253
vn 0.8543 0.5193 0.0206
vn 0.0189 0.9990 0.0399
vn -0.8753 -0.4836 -0.0001
vn -0.7875 -0.0146 -0.6161
vn -0.8834 0.3084 -0.3529
vn 0.0244 0.3788 -0.9252
vn 0.4594 -0.0443 -0.8871
vn -0.0230 -0.9217 -0.3873
vn -0.9129 0.2766 0.3003
vn -0.9983 -0.0551 -0.0170
vn -0.0072 0.3293 -0.9442
vn 0.8552 0.0021 -0.5183
vn -0.4734 -0.8801 -0.0357
vn 0.0117 0.3548 -0.9349
vn 0.2675 0.0766 -0.9605
vn 0.2167 -0.9546 0.2046
vn -0.8890 -0.1578 0.4298
vn -0.8210 0.1465 0.5518
vn -0.9525 0.1695 0.2529
vn 0.0265 0.3921 -0.9195
vn 0.9078 -0.4188 -0.0219
vn 0.8376 0.5463 0.0088
vn 0.9995 -0.0145 -0.0297
vn 0.0722 -0.2201 -0.9728
vn 0.4451 0.0510 -0.8940
vn -0.0164 0.8276 -0.5611
vn 0.4663 0.0379 -0.8838
vn -0.0492 -0.9404 -0.3366
vn -0.3466 0.0326 -0.9375
vn 0.2236 0.3410 -0.9131
vn 0.0138 -0.9297 0.3680
vn 0.0893 -0.3220 0.9425
vn 0.5183 -0.8552 -0.0021
vn -0.9107 0.3163 -0.2658
vn 0.1786 -0.9238 -0.3387
vn -0.1827 0.3604 -0.9147
vn 0.2242 -0.9465 -0.2321
vn 0.9729 -0.2302 0.0203
vn -0.9091 -0.3077 0.2807
vn 0.9008 0.0225 0.4336
vn -0.1043 0.1048 -0.9890
vn -0.1073 0.3574 -0.9278
vn 0.0065 -0.9275 -0.3737
vn -0.9269 0.3750 -0.0165
vn 0.8588 0.0037 -0.5123
vn -0.0190 -0.9356 0.3527
vn 0.5228 0.8524 -0.0043
vn -0.8822 0.3513 -0.3135
vn -0.8683 -0.0012 -0.4960
vn 0.3386 -0.0386 -0.9401
vn -0.9032 -0.1544 -0.4004
vn -0.8925 0.2654 -0.3647
vn 0.3514 0.9305 0.1031
vn -0.3304 0.9437 -0.0142
vn -0.8505 -0.5258 -0.0133
vn -0.8651 -0.4337 -0.2518
vn 0.5820 0.0653 -0.8106
vn -0.8953 0.2999 -0.3293
vn 0.4080 -0.6964 0.5903
vn 0.9999 -0.0095 0.0089
vn 0.9402 0.2359 -0.2458
vn 0.3743 -0.1195 -0.9196
vn -0.2476 0.0366 -0.9682
vn 0.7611 0.0033 0.6486
vn -0.4037 -0.0715 -0.9121
vn 0.7658 0.0784 0.6382
vn -0.2963 0.0059 0.9551
vn 0.9621 -0.1313 0.2391
vn 0.3576 -0.0083 -0.9338
vn -0.8391 -0.1547 -0.5215
vn -0.5036 0.1252 -0.8548
vn -0.0743 0.0749 -0.9944
vn 0.8544 -0.0251 -0.5190
vn -0.8888 0.2817 0.3614
vn -0.2858 0.0013 -0.9583
vn -0.0522 0.4898 0.8703
vn 0.1552 0.0025 -0.9879
vn 0.9163 0.2098 0.3412
vn 0.4347 -0.1197 -0.8926
vn 0.0358 0.0093 -0.9993
vn -0.5766 -0.1246 -0.8075
vn 0.5129 0.0454 0.8572
vn -0.1179 -0.0867 -0.9892
vn 0.3623 -0.0011 0.9321
vn 0.8647 0.0825 0.4954
vn 0.8182 0.0717 0.5704
vn -0.2118 0.9773 -0.0017
vn 0.9602 -0.1671 0.2238
vn 0.0046 -0.9994 -0.0331
vn -0.0070 -0.1191 0.9929
vn 0.9016 -0.3918 -0.1835
vn 0.2775 0.9598 0.0416
vn -0.3153 0.9490 0.0004
vn 0.3423 -0.9303 -0.1320
vn 0.1869 0.9824 0.0006
vn -0.0012 -0.9316 0.3635
vn -0.0028 -0.2488 -0.9685
vn -0.0057 0.0717 -0.9974
vn 0.2749 -0.9579 0.0829
vn -0.4023 -0.8673 0.2931
vn -0.3963 0.0093 0.9181
vn -0.9699 0.1393 0.1996
vn -0.7117 0.0696 0.6990
vn -0.0207 -0.3857 0.9224
vn 0.8128 -0.0096 0.5825
vn -0.9457 -0.0336 -0.3233
vn -0.5835 0.2140 0.7835
vn 0.4576 0.0004 -0.8892
vn 0.4075 0.9130 -0.0206
vn 0.3881 0.0247 -0.9213
vn 0.8448 -0.0061 -0.5350
vn -0.9933 -0.1122 -0.0272
vn 0.0929 -0.0002 0.9957
vn 0.3588 -0.3190 -0.8772
vn 0.0017 0.9847 -0.1742
vn 0.4134 0.9077 0.0721
vn 0.6787 -0.7325 0.0528
vn 0.0020 0.3274 0.9449
vn -0.8775 -0.4796 0.0048
vn 0.8950 -0.0143 0.4458
vn -0.2300 -0.2480 -0.9410
vn 0.0005 0.7927 -0.6096
vn 0.0219 -0.9078 0.4188
vn -0.9217 0.3873 0.0230
vn -0.9188 -0.0294 0.3935
vn -0.3832 -0.9237 0.0005
vn -0.0934 -0.1483 -0.9845
vn -0.9334 -0.3581 0.0243
vn 0.0375 -0.0389 0.9985
vn 0.0059 0.9574 -0.2887
vn 0.0071 -0.5037 0.8639
vn 0.2788 0.0799 0.9570
vn 0.2516 -0.0535 0.9663
vn -0.9408 0.0423 -0.3362
vn 0.2296 0.2058 -0.9513
vn 0.9577 -0.2821 -0.0566
vn -0.9078 -0.4188 -0.0219
vn 0.0266 -0.4270 -0.9039
vn -0.0091 -0.3278 -0.9447
vn -0.0126 0.9681 -0.2503
vn -0.0721 0.9524 -0.2961
vn 0.9583 0.0013 0.2858
vn -0.9417 -0.3217 0.0986
vn -0.0174 -0.3330 0.9428
vn -0.9380 0.3461 0.0212
vn 0.2424 -0.2209 -0.9447
vn -0.8301 -0.0112 -0.5575
vn 0.3758 0.2614 -0.8891
vn 0.0021 -0.4143 -0.9101
vn -0.8514 -0.0346 -0.5234
vn 0.2748 0.3508 -0.8952
vn -0.8588 0.0037 -0.5123
vn 0.2940 0.2359 -0.9262
vn 0.2870 0.2879 -0.9136
vn 0.3753 -0.1612 -0.9128
vn -0.0207 0.9224 0.3857
vn -0.9189 0.0257 0.3937
vn 0.2832 0.2528 -0.9251
vn 0.1216 -0.0526 -0.9912
vn -0.9062 0.0460 0.4202
vn 0.0786 0.0143 -0.9968
vn -0.2608 0.2903 -0.9207
vn -0.2275 -0.0295 -0.9733
vn -0.2859 0.2578 -0.9229
vn -0.2892 -0.2267 -0.9300
vn -0.9150 -0.3961 -0.0768
vn 0.0525 -0.0723 -0.9960
vn -0.8738 0.0277 -0.4855
vn -0.9235 -0.3835 0.0015
vn -0.1720 0.2860 -0.9426
vn -0.3318 -0.9433 -0.0099
vn 0.0033 0.9999 0.0140
vn -0.9410 -0.3266 -0.0881
vn -0.9150 -0.0110 -0.4033
vn 0.0093 0.9832 -0.1823
vn 0.4682 -0.8832 0.0269
vn 0.2820 0.2393 -0.9291
vn 0.4048 -0.0942 -0.9096
vn 0.0102 0.9708 -0.2396
vn -0.0012 -0.9972 -0.0753
vn 0.2935 0.0697 -0.9534
vn -0.9450 -0.2608 -0.1973
vn -0.0074 0.9998 0.0164
vn -0.4372 0.0029 -0.8993
vn 0.9297 -0.3680 -0.0138
vn -0.1072 0.8545 0.5082
vn -0.0067 0.9991 -0.0427
vn -0.3722 -0.9281 0.0010
vn -0.0174 -0.9428 0.3330
vn -0.0063 0.8840 0.4674
vn -0.0048 -0.4796 0.8775
vn 0.4205 -0.0134 -0.9072
vn 0.9654 0.2600 0.0207
vn 0.0224 -0.4085 0.9125
vn 0.1835 -0.0514 0.9817
vn -0.0054 0.8821 -0.4711
vn 0.9187 0.0204 0.3944
vn -0.2694 -0.3206 -0.9081
vn 0.3075 -0.0086 -0.9515
vn -0.0325 0.3759 -0.9261
vn -0.9600 -0.0475 0.2759
vn -0.7866 -0.6148 0.0574
vn -0.0207 -0.9654 -0.2600
vn -0.9999 0.0079 -0.0094
vn -0.9541 -0.2995 -0.0082
vn -0.0010 0.3950 -0.9187
vn 0.0962 0.9255 -0.3663
vn 0.0112 0.3156 0.9488
vn 0.0189 -0.9990 0.0399
vn -0.9989 -0.0151 -0.0442
vn -0.0258 -0.9370 0.3483
vn 0.9983 0.0574 0.0113
vn -0.8545 -0.5082 0.1072
vn -0.2379 -0.1898 -0.9526
vn -0.9398 -0.0665 0.3351
vn -0.0042 0.3415 -0.9399
vn -0.9301 0.3662 -0.0273
vn -0.2077 0.3533 -0.9122
vn -0.3460 -0.1373 -0.9281
vn -0.9251 0.3780 0.0361
vn -0.0203 -0.2303 -0.9729
vn 0.0417 -0.8249 -0.5638
vn 0.1171 0.3876 -0.9143
vn 0.2830 -0.2838 -0.9162
vn 0.4682 0.8832 0.0269
vn -0.2104 0.2381 -0.9482
vn -0.9997 0.0245 -0.0067
vn -0.9999 0.0163 -0.0023
vn 0.9664 -0.0535 -0.2516
vn -0.4245 -0.9044 -0.0435
vn -0.9170 -0.0643 0.3937
vn -0.0429 -0.4488 -0.8926
vn -0.9444 -0.3286 -0.0058
vn -0.9213 0.0247 -0.3881
vn 0.8893 -0.0141 -0.4572
vn -0.9536 -0.0142 0.3008
vn 0.0677 -0.3217 -0.9444
vn 0.2866 0.3696 -0.8839
vn 0.1964 -0.2192 -0.9557
vn 0.4607 -0.0057 0.8875
vn 0.2571 0.2599 -0.9308
vn -0.9443 -0.3288 0.0138
vn 0.9626 0.1169 -0.2445
vn -0.2988 -0.9534 0.0418
vn 0.9448 0.3275 0.0041
vn -0.2250 0.3483 -0.9100
vn -0.9955 -0.0948 0.0057
vn 0.0047 -0.3325 -0.9431
vn -0.9008 0.0136 -0.4341
vn -0.8892 0.4576 -0.0039
vn -0.4762 -0.0638 -0.8770
vn -0.9977 0.0298 -0.0616
vn 0.9999 -0.0167 0.0039
vn -0.9233 0.3841 -0.0053
vn -0.3285 0.3154 -0.8903
vn 0.9652 0.2295 -0.1255
vn 0.2168 -0.2046 0.9546
vn -0.0388 0.5376 -0.8423
vn -0.0073 0.9996 0.0263
vn -0.0372 -0.0443 0.9983
vn 0.0023 -0.9999 -0.0163
vn -0.8416 0.0085 -0.5401
vn 0.3011 0.2902 -0.9084
vn 0.0005 -0.9275 0.3739
vn -0.8699 0.0034 -0.4932
vn -0.0042 -0.0765 -0.9971
vn 0.3427 -0.0120 0.9394
vn 0.0821 0.8717 -0.4830
vn 0.0050 0.5765 -0.8171
vn -0.3304 0.0142 0.9437
vn -0.8760 -0.0348 0.4811
vn -0.2433 0.1545 -0.9576
vn 0.9605 0.0061 -0.2783
vn 0.9812 0.1930 0.0035
vn -0.3411 -0.0227 0.9398
vn -0.0323 -0.8934 -0.4481
vn 0.7070 0.0143 -0.7070
vn 0.0219 0.9078 0.4188
vn -0.4645 0.0564 -0.8838
vn 0.9370 0.3068 0.1669
vn 0.0227 -0.4878 0.8726
vn 0.4075 0.0206 0.9130
vn -0.0200 -0.0113 0.9997
vn -0.2746 0.3172 -0.9077
vn 0.0636 0.8675 -0.4934
vn -0.9540 0.0106 -0.2998
vn 0.0556 0.9496 -0.3086
vn 0.5190 0.8548 0.0011
vn 0.2990 0.3031 -0.9048
vn -0.2348 -0.0224 -0.9718
vn -0.0061 -0.9559 0.2936
vn -0.9298 0.0204 -0.3675
vn -0.9658 -0.0040 -0.2594
vn -0.0291 0.2102 0.9772
vn -0.9021 -0.4314 -0.0089
vn 0.0004 1.0000 0.0072
vn -0.9520 -0.0242 -0.3050
vn -0.2774 -0.2795 -0.9192
vn -0.3506 0.3248 -0.8784
vn -0.9972 0.0500 0.0561
vn 0.9369 -0.2724 0.2190
vn -0.1221 0.0342 -0.9919
vn -0.8540 0.5202 0.0066
vn -0.8841 -0.0407 -0.4655
vn 0.0065 0.3737 0.9275
vn 0.8639 -0.5037 -0.0071
vn -0.9141 -0.4038 -0.0360
vn 0.2741 0.2499 -0.9287
vn 0.0035 0.9502 0.3116
vn 0.3427 -0.9394 0.0120
vn -0.4462 -0.1196 -0.8869
vn -0.3403 0.2178 -0.9147
vn -0.8749 -0.0932 0.4753
vn 0.0099 0.6062 -0.7952
vn 0.9306 -0.3658 0.0116
vn 0.0027 -0.4467 -0.8947
vn -0.3083 -0.2586 -0.9155
vn 0.2918 -0.1937 -0.9367
vn 0.4979 0.0154 -0.8671
vn 0.2834 0.2583 -0.9236
vn -0.0360 -0.1983 0.9795
vn 0.9192 0.3936 0.0056
vn -0.8840 -0.4674 0.0063
vn -0.0043 0.9986 0.0519
vn 0.4445 -0.0153 -0.8957
vn 0.1926 0.2348 -0.9528
vn 0.8214 0.0047 -0.5703
vn 0.3029 0.2862 -0.9090
vn 0.2788 0.0799 -0.9570
vn -0.9200 -0.3628 -0.1480
vn -0.9776 0.0396 0.2069
vn -0.0041 0.9448 -0.3275
vn 0.5176 -0.8517 0.0819
vn -0.9184 -0.3956 0.0020
vn 0.0041 -0.3815 -0.9244
vn -0.2358 0.9712 -0.0347
vn 0.5401 0.0085 -0.8416
vn -0.9816 0.1909 -0.0085
vn 0.0059 0.2887 0.9574
vn -0.0373 -0.4207 -0.9064
vn -0.1313 0.0727 -0.9887
vn -0.2652 -0.3464 -0.8998
vn -0.4747 -0.0209 -0.8799
vn -0.2450 -0.2629 -0.9332
vn -0.9999 -0.0005 0.0156
vn 0.4307 -0.0031 -0.9025
vn 0.0077 -0.1433 -0.9897
vn 0.0068 0.9971 0.0756
vn -0.9188 0.3452 -0.1913
vn -0.9465 0.2321 -0.2242
vn 0.4148 0.9085 0.0501
vn 0.2097 0.2174 -0.9533
vn -0.2625 -0.2382 -0.9351
vn -0.8958 0.0204 0.4441
vn -0.2485 -0.3171 -0.9153
vn 0.3036 0.9515 -0.0491
vn 0.2813 -0.2427 -0.9284
vn 0.0104 -0.0083 -0.9999
vn -0.0156 0.9999 0.0005
vn 0.8885 0.0244 0.4582
vn 0.2783 -0.9605 -0.0061
vn -0.9235 0.3830 0.0221
vn -0.3330 0.9423 0.0349
vn -0.0140 0.8636 -0.5040
vn -0.0140 -0.5646 0.8253
vn -0.0206 0.5193 0.8543
vn -0.4571 -0.0014 0.8894
vn 0.0189 -0.0399 0.9990
vn 0.0001 -0.4836 -0.8753
vn 0.2997 0.9540 -0.0106
vn 0.6161 -0.0146 -0.7875
vn 0.3529 0.3084 -0.8834
vn -0.0360 -0.1983 -0.9795
vn -0.6697 0.7426 -0.0048
vn 0.3305 0.0012 -0.9438
vn 0.4594 -0.8871 0.0443
vn -0.9195 0.3922 -0.0265
vn -0.5970 0.8022 0.0023
vn -0.3003 0.2766 -0.9129
vn 0.0170 -0.9983 0.0551
vn -0.5970 -0.0023 -0.8022
vn -0.4734 0.0357 0.8801
vn -0.8276 0.5611 0.0164
vn 0.9605 0.0766 -0.2675
vn -0.4298 -0.1578 -0.8890
vn -0.5518 0.1465 -0.8210
vn -0.2529 0.1695 -0.9525
vn 0.0265 -0.9195 -0.3922
vn 0.0219 -0.4188 -0.9078
vn 0.0595 -0.9131 0.4034
vn 0.0297 -0.9995 0.0145
vn 0.4451 0.0510 0.8940
vn -0.0164 -0.8276 -0.5611
vn 0.8838 0.0379 -0.4663
vn -0.2900 0.9566 -0.0269
vn -0.8865 -0.4626 -0.0072
vn -0.9404 0.3366 0.0492
vn 0.9375 0.0326 0.3466
vn 0.0138 0.9297 0.3680
vn 0.9425 -0.3220 -0.0893
vn 0.5183 0.8552 -0.0021
vn 0.2658 0.3163 -0.9107
vn 0.1786 0.9238 -0.3387
vn 0.0046 -0.9994 0.0330
vn 0.9147 0.3604 0.1827
vn 0.2242 0.9465 -0.2321
vn 0.0097 0.9998 0.0176
vn -0.2807 -0.3077 -0.9091
vn -0.9008 0.0225 0.4336
vn 0.9278 0.3574 0.1073
vn -0.9356 -0.3527 0.0190
vn 0.5228 -0.8524 -0.0043
vn 0.3135 0.3513 -0.8822
vn -0.0769 -0.3535 0.9323
vn 0.3386 -0.9401 0.0386
vn 0.4004 -0.1544 -0.9032
vn 0.3647 0.2654 -0.8925
vn -0.9310 -0.0613 -0.3598
vn 0.0133 -0.5258 -0.8505
vn -0.0858 -0.9898 -0.1139
vn -0.4336 0.0225 -0.9008
vn 0.2518 -0.4337 -0.8651
vn 0.3293 0.2999 -0.8953
vn -0.9989 -0.0202 -0.0414
vn -0.9536 -0.1422 0.2654
vn 0.9928 0.0001 -0.1198
vn 0.5306 0.1225 -0.8387
vn 0.8554 -0.0080 -0.5180
vn 0.8064 0.2082 -0.5536
vn 0.9427 -0.0618 -0.3279
vn 0.7103 -0.0904 -0.6980
vn -0.8007 -0.0184 0.5987
vn 0.2236 0.9131 -0.3410
vn 0.7604 -0.1566 -0.6303
vn 0.9421 0.0015 -0.3352
vn 0.9417 -0.3217 0.0986
vn 0.6121 0.1544 -0.7755
vn 0.7216 0.2895 -0.6288
vn 0.0019 0.9883 -0.1526
vn -0.2238 -0.1671 0.9602
vn 0.0331 -0.9994 -0.0046
vn 0.1835 -0.3917 0.9016
vn -0.0416 0.9598 0.2776
vn -0.0004 0.9490 -0.3153
vn -0.0012 -0.0225 0.9997
vn 0.1320 -0.9303 0.3423
vn -0.0007 0.9930 0.1183
vn -0.0011 0.3635 0.9316
vn -0.2900 0.9570 0.0026
vn -0.0057 -0.0717 -0.9974
vn -0.0829 -0.9579 0.2750
vn -0.2931 -0.8673 -0.4023
vn -0.9291 0.0100 -0.3697
vn -0.1996 0.1393 -0.9699
vn -0.8737 -0.0382 -0.4850
vn 0.2594 -0.0040 0.9658
vn -0.6990 0.0696 -0.7117
vn 0.4080 -0.0021 0.9130
vn -0.8128 -0.0096 0.5825
vn -0.7835 0.2140 -0.5835
vn -0.5987 -0.0184 0.8007
vn -0.3360 -0.0012 0.9418
vn 0.9998 -0.0174 -0.0053
vn 0.3233 -0.0336 0.9457
vn 0.0272 -0.1121 -0.9933
vn -0.8214 0.0047 -0.5703
vn -0.0929 -0.0002 0.9957
vn 0.8772 -0.3189 0.3588
vn 0.0016 -0.0927 -0.9957
vn -0.0721 0.9077 0.4134
vn -0.0528 -0.7325 0.6787
vn 0.0019 -0.3536 0.9354
vn 0.1712 0.2391 0.9558
vn -0.0001 0.0960 -0.9954
vn -0.9971 -0.0756 -0.0068
vn -0.0190 -0.3527 0.9356
vn 0.5228 0.0043 -0.8524
vn 0.8822 0.3513 -0.3135
vn 0.9323 -0.3535 0.0769
vn 0.3386 0.9401 0.0386
vn 0.9032 -0.1544 -0.4004
vn 0.8925 0.2654 -0.3647
vn 0.3598 -0.0613 0.9310
vn 0.8505 -0.5258 -0.0133
vn -0.0858 0.9898 -0.1139
vn 0.8652 -0.4337 -0.2518
vn 0.5820 0.8106 -0.0653
vn 0.8953 0.2999 -0.3293
vn 0.0414 -0.0202 0.9989
vn 0.0165 0.9269 -0.3750
vn -0.1827 -0.9147 -0.3604
vn 0.0097 -0.0176 0.9998
vn 0.9091 -0.3077 0.2807
vn -0.4336 0.0225 0.9008
vn -0.1073 0.3574 0.9278
vn 0.2236 -0.9131 -0.3410
vn -0.9425 -0.3220 -0.0893
vn 0.5183 0.0021 0.8552
vn 0.9107 0.3163 -0.2658
vn 0.1786 0.3387 0.9238
vn -0.3466 0.9375 -0.0326
vn -0.2900 -0.9566 -0.0269
vn 0.0072 -0.4626 0.8865
vn -0.0492 0.9404 -0.3366
vn 0.0722 -0.2201 0.9728
vn 0.4451 -0.8940 -0.0510
vn -0.0164 0.5611 0.8276
vn 0.4663 0.0379 0.8838
vn -0.0088 -0.8376 -0.5463
vn 0.0297 0.9995 0.0145
vn 0.0120 -0.9397 0.3419
vn 0.8890 -0.1577 0.4298
vn 0.8210 0.1465 0.5518
vn 0.9525 0.1695 0.2529
vn -0.9085 -0.0501 -0.4148
vn 0.0265 0.3922 0.9195
vn 0.0595 -0.4034 0.9131
vn 0.0117 0.3548 0.9349
vn 0.2675 0.0766 0.9605
vn -0.8022 -0.0023 0.5970
vn 0.9129 0.2766 0.3003
vn -0.0072 -0.9442 -0.3293
vn -0.4734 0.8801 -0.0357
vn -0.9192 0.3936 0.0056
vn 0.8753 -0.4836 -0.0001
vn 0.7875 -0.0146 -0.6161
vn 0.8834 0.3084 -0.3529
vn 0.0244 0.9252 -0.3788
vn 0.4594 -0.0443 0.8871
vn -0.0140 0.5040 0.8636
vn -0.0308 0.1142 0.9930
vn 0.9044 0.0435 0.4245
vn -0.0206 -0.8543 -0.5193
vn -0.0030 -0.0167 -0.9999
vn 0.1872 -0.2810 0.9413
vn -0.0089 -0.9999 0.0095
vn -0.0221 0.3830 0.9235
vn 0.9351 -0.2382 0.2625
vn -0.4441 0.0204 0.8958
vn 0.9153 -0.3171 0.2485
vn 0.9897 -0.1433 -0.0077
vn 0.3036 0.0491 0.9515
vn 0.9284 -0.2427 -0.2813
vn 0.5455 0.0203 0.8379
vn 0.9999 -0.0083 -0.0104
vn -0.9993 -0.0354 0.0133
vn -0.4582 0.0244 0.8885
vn 0.9025 -0.0031 -0.4307
vn 0.0068 -0.0756 -0.9971
vn 0.1913 -0.9188 -0.3452
vn 0.4148 -0.0501 0.9085
vn 0.9533 0.2174 -0.2097
vn 0.8799 -0.0209 0.4747
vn 0.9332 -0.2629 0.2450
vn 0.8737 -0.0382 -0.4850
vn -0.0492 0.3366 0.9404
vn -0.8703 0.4898 0.0522
vn 0.9574 0.2887 -0.0059
vn 0.9064 -0.4207 0.0373
vn 0.9887 0.0727 0.1313
vn 0.8998 -0.3464 0.2652
vn -0.2069 0.9776 -0.0396
vn -0.0041 -0.9448 -0.3275
vn 0.9795 -0.1983 0.0360
vn -0.0056 -0.9192 -0.3936
vn 0.5176 -0.0819 0.8517
vn 0.9244 -0.3815 -0.0041
vn -0.2358 0.0347 0.9712
vn 0.1521 0.2304 0.9611
vn 0.1480 -0.3628 -0.9200
vn 0.9367 -0.1937 -0.2918
vn 0.8671 0.0154 -0.4979
vn 0.9236 0.2583 -0.2834
vn -0.0043 -0.9986 0.0519
vn 0.8957 -0.0153 -0.4445
vn 0.9528 0.2348 -0.1926
vn 0.5703 0.0047 0.8214
vn 0.9090 0.2862 -0.3029
vn 0.8869 -0.1196 0.4462
vn 0.9147 0.2178 0.3403
vn -0.4753 0.8749 0.0932
vn 0.0071 -0.8639 0.5037
vn 0.7952 0.6062 -0.0099
vn -0.0116 -0.3658 0.9306
vn 0.0019 0.8640 -0.5034
vn -0.3937 -0.9189 -0.0257
vn 0.8947 -0.4467 -0.0027
vn 0.9155 -0.2586 0.3083
vn -0.5987 -0.8007 0.0184
vn 0.4655 0.8841 0.0407
vn 0.0065 0.9275 -0.3737
vn -0.2190 -0.2724 0.9369
vn 0.4748 0.8801 0.0073
vn 0.0360 -0.9141 0.4038
vn 0.9287 0.2499 -0.2741
vn 0.4960 -0.0012 0.8683
vn -0.4397 0.0155 0.8980
vn 0.9919 0.0342 0.1221
vn -0.9370 -0.3483 0.0258
vn 0.0089 -0.4314 0.9021
vn 0.1480 -0.9200 0.3628
vn 0.0004 -0.0072 1.0000
vn 0.3050 0.9520 0.0242
vn 0.9192 -0.2795 0.2774
vn -0.5697 -0.8209 0.0399
vn 0.8784 0.3248 0.3506
vn 0.9718 -0.0224 0.2348
vn -0.0061 0.9559 0.2936
vn 0.0120 0.9397 0.3419
vn 0.3675 0.0204 -0.9298
vn -0.0291 0.9772 -0.2102
vn 0.0636 0.4934 0.8675
vn 0.2998 0.0106 0.9540
vn 0.0556 -0.9496 -0.3086
vn 0.0482 -0.9190 0.3914
vn 0.5190 -0.0011 0.8548
vn 0.9048 0.3031 -0.2990
vn -0.9370 0.3068 0.1669
vn 0.9077 0.3172 0.2747
vn -0.3164 0.9472 0.0518
vn 0.8838 0.0564 0.4645
vn 0.0227 -0.4878 -0.8726
vn -0.9130 0.0206 -0.4075
vn -0.0090 0.9999 0.0117
vn -0.9997 -0.0113 0.0200
vn -0.3304 0.0142 -0.9437
vn 0.0417 0.5638 -0.8249
vn 0.9576 0.1545 0.2433
vn 0.2783 0.0061 0.9605
vn -0.0323 0.8934 -0.4481
vn 0.1255 0.2295 0.9652
vn 0.5401 0.8416 -0.0085
vn 0.9084 0.2902 -0.3011
vn 0.0005 -0.3739 0.9275
vn 0.4932 0.0034 0.8699
vn -0.0372 0.9983 0.0443
vn 0.9971 -0.0765 0.0042
vn 0.3427 0.9394 0.0120
vn 0.0821 0.4831 0.8717
vn 0.8171 0.5765 -0.0050
vn 0.3934 -0.0315 0.9188
vn 0.8423 0.5376 0.0388
vn 0.0616 0.0298 -0.9977
vn 0.8770 -0.0638 0.4762
vn -0.4458 0.8950 0.0143
vn -0.0039 -0.0167 0.9999
vn 0.0053 0.3841 0.9233
vn -0.5297 -0.0293 -0.8477
vn 0.8903 0.3154 0.3285
vn 0.9557 -0.2192 -0.1964
vn 0.4607 -0.0057 -0.8875
vn 0.9308 0.2599 -0.2571
vn -0.0138 -0.3288 0.9443
vn -0.9534 -0.0418 0.2988
vn 0.9100 0.3483 0.2250
vn 0.1872 -0.9413 0.2810
vn 0.9431 -0.3325 -0.0047
vn 0.4341 0.0136 -0.9008
vn 0.0039 -0.8892 -0.4576
vn 0.0035 -0.8936 -0.4488
vn -0.3008 -0.9536 0.0142
vn 0.0388 0.3832 0.9228
vn 0.9444 -0.3217 -0.0677
vn 0.8839 0.3696 -0.2866
vn 0.0058 -0.3286 0.9444
vn 0.3881 0.0247 0.9213
vn 0.3386 -0.0386 0.9401
vn 0.4572 -0.0141 0.8893
vn -0.9502 -0.3116 -0.0035
vn 0.8926 -0.4488 0.0429
vn -0.3937 -0.9170 0.0643
vn -0.4020 -0.9119 0.0823
vn 0.0024 0.0163 0.9999
vn 0.2516 0.9663 0.0535
vn -0.4245 0.0435 0.9044
vn -0.8980 0.0155 0.4397
vn 0.3515 -0.1031 0.9305
vn -0.3935 -0.9188 0.0294
vn 0.9144 0.3876 -0.1171
vn 0.9162 -0.2838 -0.2830
vn 0.9482 0.2381 0.2104
vn -0.5297 -0.0293 0.8477
vn 0.0273 0.9301 -0.3662
vn 0.9122 0.3533 0.2077
vn -0.1072 -0.8545 0.5082
vn 0.9281 -0.1373 0.3460
vn -0.0361 -0.9251 -0.3780
vn -0.9729 -0.2303 0.0203
vn -0.9993 0.0378 -0.0018
vn 0.9526 -0.1898 0.2378
vn -0.3351 -0.0665 0.9398
vn 0.9399 0.3415 0.0042
vn -0.0054 -0.8821 -0.4711
vn 0.2632 0.9099 0.3206
vn 0.0442 -0.9989 0.0151
vn -0.0258 -0.3483 0.9370
vn -0.0113 0.0574 0.9983
vn 0.9187 0.3950 0.0010
vn -0.0574 0.7866 0.6148
vn 0.0962 0.3663 0.9255
vn 0.2382 -0.1311 0.9623
vn 0.0112 -0.9488 -0.3156
vn 0.3050 -0.0242 -0.9520
vn 0.0082 -0.2995 -0.9541
vn 0.9081 -0.3206 0.2694
vn 0.9261 0.3759 0.0325
vn -0.2759 -0.9600 0.0475
vn 0.0470 -0.4454 -0.8941
vn 0.9072 -0.0134 -0.4205
vn -0.9654 0.2600 0.0207
vn 0.0224 -0.4085 -0.9125
vn 0.1835 -0.9817 0.0514
vn -0.0054 0.4711 0.8821
vn 0.9972 0.0500 0.0561
vn -0.0080 0.0427 0.9991
vn 0.9494 0.0059 -0.3139
vn -0.3944 0.0204 0.9187
vn 0.9534 0.0697 -0.2935
vn -0.0074 -0.0164 0.9998
vn 0.8993 0.0029 0.4372
vn 0.2445 0.1169 0.9626
vn 0.4033 0.9150 0.0110
vn -0.0015 -0.3835 -0.9235
vn -0.9832 0.1823 -0.0093
vn 0.9291 0.2393 -0.2820
vn 0.9096 -0.0942 -0.4048
vn 0.0102 0.2396 0.9708
vn 0.0768 -0.3961 0.9150
vn 0.9426 0.2861 0.1720
vn -0.3318 0.9433 -0.0099
vn 0.0033 -0.0140 0.9999
vn 0.0881 -0.3266 0.9410
vn 0.9960 -0.0723 -0.0525
vn 0.4855 0.8738 -0.0277
vn 0.9207 0.2903 0.2608
vn 0.9733 -0.0295 0.2275
vn -0.4423 0.8961 0.0355
vn 0.9229 0.2578 0.2859
vn 0.9300 -0.2267 0.2892
vn 0.9136 0.2879 -0.2870
vn 0.9128 -0.1612 -0.3753
vn 0.0106 0.4566 -0.8896
vn -0.0207 -0.9224 0.3857
vn -0.3937 0.0257 0.9189
vn -0.0291 0.2102 -0.9772
vn 0.9251 0.2528 -0.2832
vn 0.9912 -0.0526 -0.1216
vn -0.4202 0.0460 -0.9062
vn 0.4748 -0.0073 0.8801
vn 0.9968 0.0143 -0.0786
vn 0.9447 -0.2209 -0.2424
vn 0.5575 0.8301 0.0112
vn 0.8891 0.2614 -0.3758
vn 0.9101 -0.4143 -0.0021
vn 0.5234 -0.0346 0.8514
vn 0.8952 0.3508 -0.2748
vn 0.5123 0.0037 0.8588
vn 0.9262 0.2359 -0.2940
vn 0.9576 -0.2880 -0.0015
vn -0.0986 -0.3217 0.9417
vn -0.0174 0.9428 0.3330
vn -0.0212 0.9380 -0.3461
vn 0.0266 -0.9039 0.4270
vn 0.9447 -0.3278 0.0091
vn -0.9380 0.0028 0.3467
vn -0.0126 0.2503 0.9681
vn 0.0165 0.3750 0.9269
vn 0.3362 0.0423 0.9408
vn 0.9513 0.2058 -0.2296
vn 0.0566 -0.9577 0.2821
vn 0.9623 -0.1311 -0.2382
vn -0.6486 0.0033 -0.7611
vn -0.0048 0.8775 0.4796
vn 0.9410 -0.2480 0.2300
vn -0.7927 0.6096 -0.0005
vn -0.3935 -0.0294 0.9189
vn -0.0043 -0.4479 -0.8941
vn -0.9217 -0.0005 0.3878
vn 0.9845 -0.1483 0.0934
vn -0.0243 -0.9334 0.3581
vn 0.0387 0.9985 0.0389
vn -0.3588 -0.3189 -0.8772
vn 0.9933 -0.1121 -0.0271
vn 0.5350 -0.0061 -0.8448
vn -0.9998 -0.0174 -0.0053
vn -0.9321 -0.0011 -0.3623
vn 0.5835 0.2140 0.7834
vn -0.3233 -0.0336 0.9457
vn -0.2190 0.9369 0.2724
vn -0.0043 -0.0519 0.9986
vn -0.4080 -0.0021 0.9130
vn 0.7117 0.0696 0.6990
vn -0.2813 -0.0038 0.9596
vn 0.4850 -0.0382 -0.8737
vn 0.9699 0.1393 0.1996
vn 0.3697 0.0100 0.9291
vn 0.4023 -0.8673 0.2930
vn -0.2749 -0.9579 0.0829
vn -0.0028 0.9685 -0.2489
vn -0.0011 -0.3635 0.9316
vn -0.1645 0.9864 0.0006
vn -0.3423 -0.9303 -0.1320
vn -0.0028 -1.0000 0.0012
vn 0.3154 0.9490 0.0004
vn -0.2775 0.9598 0.0416
vn -0.9016 -0.3917 -0.1835
vn -0.0070 0.1190 0.9929
vn 0.0046 0.0331 0.9994
vn -0.9602 -0.1672 0.2238
vn -0.8182 0.0717 0.5704
vn -0.8663 -0.0043 -0.4995
vn -0.8648 0.0825 0.4954
vn 0.9476 0.0354 -0.3174
vn 0.1179 -0.0867 -0.9892
vn 0.5766 -0.1246 -0.8075
vn -0.0358 0.0093 -0.9993
vn -0.4347 -0.1197 -0.8926
vn -0.9163 0.2098 0.3412
vn -0.1552 0.0025 -0.9879
vn 0.7297 -0.0103 0.6837
vn 0.8888 0.2817 0.3614
vn 0.0743 0.0749 -0.9944
vn 0.5036 0.1252 -0.8548
vn -0.0092 -0.0271 0.9996
vn 0.8391 -0.1548 -0.5214
vn -0.3577 -0.0083 -0.9338
vn -0.9621 -0.1313 0.2391
vn -0.9551 0.0059 -0.2963
vn -0.7658 0.0784 0.6383
vn -0.6679 0.0143 -0.7441
vn 0.4037 -0.0715 -0.9121
vn 0.2477 0.0366 -0.9682
vn -0.3742 -0.1195 -0.9196
vn -0.4079 -0.6966 0.5902
vn 0.0551 0.9985 0.0004
vn -0.9558 0.2390 -0.1712
vn 0.0019 -0.9354 0.3536
vn -0.6787 -0.7325 0.0528
vn -0.4134 0.9077 0.0721
vn 0.0016 0.9957 0.0927
vn -0.0190 0.9356 0.3527
vn -0.8524 0.0043 -0.5228
vn 0.3135 0.3513 0.8822
vn 0.9465 0.2321 -0.2242
vn 0.4004 -0.1544 0.9032
vn 0.3647 0.2654 0.8925
vn 0.4041 -0.9128 0.0601
vn 0.0133 -0.5258 0.8505
vn 0.2518 -0.4337 0.8651
vn 0.5820 -0.8106 -0.0653
vn 0.3293 0.2999 0.8953
vn 0.0414 -0.9989 0.0202
vn -0.8965 -0.0144 0.4428
vn 0.0097 -0.9998 0.0176
vn -0.9297 -0.3680 -0.0138
vn -0.2807 -0.3077 0.9091
vn -0.4336 0.9008 -0.0225
vn -0.2988 -0.0418 0.9534
vn -0.1073 -0.9278 -0.3574
vn 0.9131 0.3410 -0.2236
vn 0.9275 -0.3739 -0.0005
vn -0.8552 0.0021 -0.5183
vn 0.2658 0.3163 0.9107
vn -0.9238 0.3387 -0.1786
vn -0.3466 -0.9375 -0.0326
vn 0.0072 -0.8865 0.4626
vn 0.9404 0.3366 0.0492
vn 0.0722 -0.9728 0.2201
vn 0.8940 0.0510 -0.4451
vn 0.4663 -0.8838 -0.0379
vn -0.0088 0.5463 -0.8376
vn 0.0219 -0.4188 0.9078
vn -0.9995 -0.0145 -0.0297
vn -0.4298 -0.1577 0.8890
vn -0.5518 0.1465 0.8210
vn -0.2529 0.1695 0.9525
vn -0.5269 -0.0188 -0.8497
vn -0.5825 -0.0096 -0.8128
vn 0.0595 -0.4034 -0.9131
vn 0.0117 -0.9349 -0.3548
vn 0.2675 -0.9605 -0.0766
vn -0.5970 -0.8022 0.0023
vn 0.8022 -0.0023 0.5970
vn -0.3003 0.2766 0.9129
vn -0.0072 0.9442 -0.3293
vn 0.8801 0.0357 0.4734
vn 0.0001 -0.4836 0.8753
vn 0.6161 -0.0146 0.7875
vn 0.3529 0.3084 0.8834
vn 0.4655 -0.0407 -0.8841
vn 0.8573 0.5149 0.0009
vn 0.9252 0.3788 -0.0244
vn -0.9594 0.0116 0.2819
vn 0.8640 0.5035 -0.0019
vn 0.9217 0.3873 0.0230
vn -0.0089 -0.0095 0.9999
vn 0.8253 -0.5646 0.0140
vn -0.8543 0.5193 0.0206
vn 0.1871 0.9413 0.2810
vn 0.9646 -0.2631 0.0153
vn 0.9269 0.3750 -0.0165
vn -0.0221 0.9235 -0.3830
vn -0.3330 -0.9423 0.0349
vn -0.2625 -0.2382 0.9351
vn -0.4441 0.0204 -0.8958
vn -0.2485 -0.3171 0.9153
vn 0.0077 -0.1433 0.9897
vn 0.2813 -0.2427 0.9284
vn 0.5455 -0.8379 -0.0203
vn 0.0104 -0.0083 0.9999
vn 0.9131 -0.4034 -0.0595
vn -0.0125 0.9993 0.0354
vn -0.1374 -0.0003 -0.9905
vn 0.9999 -0.0005 0.0156
vn 0.4307 -0.0031 0.9025
vn 0.0068 -0.0756 0.9971
vn 0.9188 0.3452 -0.1913
vn 0.4148 -0.9085 0.0501
vn 0.2097 0.2174 0.9533
vn -0.2900 0.0269 -0.9566
vn -0.0066 -0.8540 -0.5202
vn -0.4747 -0.0209 0.8799
vn -0.2450 -0.2629 0.9332
vn -0.9395 0.0079 -0.3424
vn 1.0000 -0.0072 -0.0004
vn -0.0522 -0.8703 -0.4898
vn 0.0059 -0.9574 -0.2887
vn -0.9999 -0.0140 -0.0033
vn -0.0373 -0.4207 0.9064
vn -0.1313 0.0727 0.9887
vn -0.2652 -0.3464 0.8998
vn 0.9776 0.0396 0.2069
vn -0.9795 -0.1983 0.0360
vn -0.0056 0.3936 -0.9192
vn 0.5176 0.8517 0.0819
vn -0.4753 -0.0932 0.8749
vn -0.0020 -0.9184 0.3956
vn 0.0041 -0.3815 0.9244
vn -0.2358 -0.9712 -0.0347
vn -0.9611 0.2304 -0.1521
vn 0.9200 -0.3628 -0.1480
vn 0.2918 -0.1937 0.9367
vn 0.4979 0.0154 0.8671
vn 0.2834 0.2583 0.9236
vn 0.8840 -0.4674 0.0063
vn 0.9986 -0.0519 0.0043
vn 0.4445 -0.0153 0.8957
vn 0.1926 0.2348 0.9528
vn 0.5703 -0.8214 -0.0047
vn 0.3029 0.2862 0.9090
vn 0.9502 -0.3116 -0.0035
vn -0.4462 -0.1196 0.8869
vn -0.3403 0.2178 0.9147
vn 0.8749 -0.0932 0.4753
vn 0.0071 -0.5037 -0.8639
vn 0.0099 0.6062 0.7952
vn -0.0116 -0.9306 0.3658
vn 0.0019 -0.8640 -0.5034
vn 0.0027 -0.4467 0.8947
vn -0.3083 -0.2586 0.9155
vn -0.5987 -0.0184 -0.8007
vn 0.8841 -0.0407 -0.4655
vn -0.8801 0.0357 0.4734
vn -0.2190 -0.9369 0.2724
vn 0.4033 -0.0110 0.9150
vn 0.8540 0.5202 0.0066
vn 0.9141 -0.4038 -0.0360
vn 0.2741 0.2499 0.9287
vn -0.4397 0.0155 -0.8980
vn -0.1221 0.0342 0.9919
vn 0.0089 0.9021 0.4314
vn -0.0009 0.8573 -0.5149
vn 0.0004 -1.0000 0.0072
vn -0.0057 0.9974 -0.0717
vn 0.3050 -0.9520 0.0242
vn -0.2774 -0.2795 0.9192
vn -0.5697 -0.0399 -0.8209
vn -0.3506 0.3248 0.8784
vn -0.2348 -0.0224 0.9718
vn 0.9559 -0.2936 0.0061
vn 0.9397 -0.3419 -0.0120
vn 0.9298 0.0204 -0.3675
vn -0.9772 0.2102 0.0291
vn -0.5297 -0.8477 0.0293
vn 0.2998 -0.9540 -0.0106
vn 0.9190 -0.3914 -0.0482
vn 0.2990 0.3031 0.9048
vn -0.1669 0.3068 -0.9370
vn -0.2747 0.3172 0.9077
vn -0.3832 0.9237 0.0005
vn -0.3164 -0.9472 0.0518
vn -0.4645 0.0564 0.8838
vn 0.0227 -0.8726 0.4878
vn 0.9188 -0.0315 -0.3934
vn 0.8738 0.0277 -0.4855
vn 0.2788 0.9570 -0.0799
vn -0.0090 -0.9999 0.0117
vn -0.0200 -0.9997 0.0113
vn -0.3304 -0.9437 -0.0142
vn -0.4811 -0.8760 0.0348
vn -0.2433 0.1545 0.9576
vn 0.2783 0.9605 -0.0061
vn 0.9398 -0.0227 0.3411
vn 0.8934 0.4481 0.0323
vn 0.9546 -0.2046 -0.2168
vn 0.8416 0.0085 -0.5401
vn 0.3011 0.2902 0.9084
vn 0.0005 0.9275 0.3739
vn 0.9983 -0.0443 0.0372
vn -0.0042 -0.0765 0.9971
vn 0.9394 -0.0120 -0.3427
vn 0.0821 0.4831 -0.8717
vn 0.0050 0.5765 0.8171
vn 0.3934 0.9188 0.0315
vn -0.8940 0.0510 -0.4451
vn -0.0388 0.5376 0.8423
vn 0.9977 0.0298 -0.0616
vn -0.4762 -0.0638 0.8770
vn -0.4458 -0.0143 0.8950
vn -0.0035 -0.9999 0.0167
vn 0.0053 -0.9233 -0.3841
vn -0.3285 0.3154 0.8903
vn 0.1964 -0.2192 0.9557
vn -0.8875 -0.0057 -0.4607
vn 0.2571 0.2599 0.9308
vn -0.0138 0.9443 0.3288
vn 0.9534 -0.0418 0.2988
vn -0.2250 0.3483 0.9100
vn -0.9413 -0.2810 -0.1872
vn 0.0047 -0.3325 0.9431
vn 0.9008 0.0136 -0.4341
vn 0.0035 0.4488 -0.8936
vn 0.9536 -0.0142 0.3008
vn 0.0388 0.9228 -0.3832
vn 0.0677 -0.3217 0.9444
vn 0.2866 0.3696 0.8839
vn 0.0058 0.9444 0.3286
vn 0.3881 -0.9213 -0.0247
vn -0.8893 -0.0141 -0.4572
vn 0.1521 -0.9611 -0.2304
vn -0.0574 -0.6148 -0.7866
vn -0.0429 -0.4488 0.8926
vn -0.3467 -0.9380 -0.0028
vn -0.4020 0.9119 0.0823
vn -0.9663 -0.0535 -0.2516
vn -0.4245 0.9044 -0.0435
vn 0.3515 -0.9305 0.1031
vn 0.1171 0.3876 0.9144
vn 0.2830 -0.2838 0.9162
vn 0.8832 -0.0269 -0.4682
vn -0.2104 0.2381 0.9482
vn 0.0067 0.0080 -0.9999
vn 0.9301 0.3662 -0.0273
vn -0.2077 0.3533 0.9122
vn 0.8545 -0.5082 0.1072
vn -0.3460 -0.1373 0.9281
vn -0.0361 0.3779 -0.9251
vn -0.0203 -0.9729 0.2303
vn 0.8249 0.5638 -0.0417
vn 0.4973 -0.0277 0.8671
vn -0.2378 -0.1898 0.9526
vn 0.0039 0.4576 -0.8892
vn -0.3351 0.9398 0.0665
vn -0.0042 0.3415 0.9399
vn 0.9099 -0.3206 -0.2632
vn 0.9989 -0.0151 -0.0442
vn 0.0360 0.9141 0.4038
vn -0.0010 0.3950 0.9187
vn 0.2382 0.9623 0.1311
vn 0.9488 0.3156 -0.0112
vn -0.3411 -0.9397 0.0227
vn -0.0074 -0.9998 0.0164
vn 0.0082 -0.9541 0.2995
vn -0.2694 -0.3206 0.9081
vn -0.0325 0.3759 0.9261
vn -0.2759 0.9600 0.0475
vn -0.8941 -0.4454 -0.0470
vn 0.4205 -0.0134 0.9072
vn 0.0224 0.9125 0.4085
vn 0.9817 -0.0514 -0.1835
vn -0.0054 0.4711 -0.8821
vn 0.9541 -0.2995 -0.0082
vn -0.9817 -0.0514 -0.1835
vn -0.9991 0.0427 0.0080
vn 0.0138 -0.3680 -0.9297
vn -0.6163 -0.0104 -0.7874
vn -0.3944 -0.9187 -0.0204
vn 0.2935 0.0697 0.9534
vn 0.9450 -0.2608 -0.1973
vn -0.0074 -0.0164 -0.9998
vn -0.4372 0.0029 0.8993
vn 0.2445 -0.9626 -0.1169
vn 0.9150 -0.0110 -0.4033
vn 0.9832 0.1823 -0.0093
vn 0.2820 0.2393 0.9291
vn 0.4048 -0.0942 0.9096
vn 0.0768 -0.3961 -0.9150
vn -0.9681 0.2503 0.0126
vn -0.1720 0.2861 0.9426
vn 0.9433 0.0099 0.3318
vn 0.0033 -0.0140 -0.9999
vn 0.0881 -0.3266 -0.9410
vn 0.0525 -0.0723 0.9960
vn 0.4855 -0.8738 -0.0277
vn -0.0015 -0.9235 0.3835
vn -0.2608 0.2903 0.9207
vn -0.2275 -0.0295 0.9733
vn 0.8875 -0.0057 -0.4607
vn 0.8961 -0.0355 0.4423
vn -0.3937 -0.0643 -0.9170
vn -0.2859 0.2578 0.9229
vn -0.2892 -0.2267 0.9300
vn 0.2870 0.2879 0.9136
vn 0.3753 -0.1612 0.9128
vn 0.0106 0.4566 0.8896
vn -0.9224 -0.3857 0.0207
vn 0.2832 0.2528 0.9251
vn 0.1216 -0.0526 0.9912
vn 0.9062 0.0460 0.4203
vn 0.4748 -0.8801 0.0073
vn 0.0786 0.0143 0.9968
vn 0.2424 -0.2209 0.9447
vn 0.8301 -0.0112 -0.5575
vn 0.3758 0.2614 0.8891
vn 0.0021 -0.4143 0.9101
vn 0.9760 0.2176 -0.0099
vn 0.5234 -0.0346 -0.8514
vn 0.2748 0.3508 0.8952
vn 0.5123 0.0037 -0.8588
vn 0.2940 0.2359 0.9262
vn -0.0986 -0.3217 -0.9417
vn -0.0561 0.0500 0.9972
vn 0.9428 -0.3330 0.0174
vn -0.0721 -0.9524 -0.2961
vn 0.9983 -0.0551 -0.0170
vn 0.9380 0.3461 0.0212
vn 0.0266 -0.4270 0.9039
vn -0.0091 -0.3278 0.9447
vn 0.9380 0.0028 0.3467
vn -0.4582 0.8885 -0.0244
vn 0.3362 0.0424 -0.9408
vn 0.2296 0.2058 0.9513
vn 0.0566 0.9577 0.2821
vn 0.0019 0.1526 -0.9883
vn -0.0230 0.9217 -0.3873
vn 0.8775 -0.4796 0.0048
vn -0.2300 -0.2480 0.9410
vn 0.0005 0.6096 -0.7927
vn -0.3935 -0.0294 -0.9188
vn -0.0043 -0.8941 0.4479
vn -0.3832 -0.0005 -0.9237
vn -0.0934 -0.1483 0.9845
vn 0.9334 -0.3581 0.0243
vn 0.0387 -0.9985 0.0389
vn 0.6486 -0.5935 -0.4765
vn -0.0020 -0.3956 -0.9184
vn -0.9689 0.0298 0.2457
vn -0.9010 -0.0115 0.4337
vn -0.9840 -0.0025 -0.1782
vn 0.0482 0.9190 0.3914
vn 0.0089 -0.4314 -0.9021
vn -0.9281 -0.0010 0.3722
vn -0.8309 -0.1102 0.5454
vn -0.4811 0.8760 0.0348
vn -0.8430 0.1354 0.5206
vn -0.2033 0.0375 -0.9784
vn -0.1827 0.9147 -0.3604
vn -0.3351 -0.0665 -0.9398
vn -0.4630 -0.0183 0.8862
vn -0.8613 -0.0801 0.5017
vn 0.0165 0.3750 -0.9269
vn -0.9844 -0.0657 0.1632
vn 0.0343 -0.0004 -0.9994
vn 0.5921 0.6120 -0.5242
vn -0.0829 -0.9579 -0.2750
vn 0.0294 0.9995 0.0064
vn 0.2887 0.9574 0.0026
vn -0.2577 -0.9662 0.0011
vn -0.0006 0.9843 -0.1766
vn 0.1320 -0.9303 -0.3423
vn 0.0145 -0.9999 0.0012
vn -0.0004 0.9489 0.3155
vn -0.0416 0.9598 -0.2775
vn 0.1835 -0.3917 -0.9016
vn -0.1190 -0.9929 0.0070
vn -0.0331 -0.9994 -0.0046
vn -0.0005 0.9981 0.0609
vn 0.1831 0.9831 -0.0018
vn -0.5704 0.0717 -0.8182
vn -0.4954 0.0825 -0.8648
vn 0.3174 0.0354 -0.9476
vn 0.9892 -0.0867 0.1179
vn 0.8572 0.0454 -0.5129
vn 0.8075 -0.1246 0.5766
vn 0.9993 0.0093 -0.0358
vn 0.8926 -0.1197 -0.4347
vn -0.3412 0.2098 -0.9163
vn 0.9879 0.0025 -0.1552
vn -0.6837 -0.0103 -0.7297
vn -0.3614 0.2817 0.8888
vn -0.8671 -0.0277 -0.4973
vn 0.9944 0.0749 0.0743
vn 0.8548 0.1252 0.5036
vn -0.9996 -0.0271 0.0092
vn -0.0073 -0.0263 -0.9996
vn 0.5215 -0.1548 0.8391
vn 0.9338 -0.0083 -0.3577
vn -0.2391 -0.1313 -0.9621
vn -0.6383 0.0784 -0.7657
vn 0.9121 -0.0715 0.4037
vn 0.6486 0.0033 -0.7611
vn 0.9682 0.0366 0.2477
vn 0.9196 -0.1195 -0.3742
vn 0.2458 0.2359 -0.9402
vn 0.9905 -0.0003 0.1374
vn -0.0140 0.8253 0.5646
vn -0.5903 -0.6965 -0.4079
vn -0.0515 0.9987 0.0001
vn 0.1711 0.2390 -0.9558
vn -0.3536 -0.9354 -0.0019
vn -0.0528 -0.7325 -0.6787
vn -0.0721 0.9077 -0.4134
vn -0.1438 0.9896 -0.0017
vn 0.1913 0.3452 -0.9188
vn 0.0039 0.4576 0.8892
vn 0.2741 -0.9287 -0.2499
vn 0.8007 -0.0184 0.5987
vn 0.0786 -0.9968 -0.0143
vn 0.1480 0.9200 0.3628
vn -0.2652 -0.8998 0.3464
vn 0.0556 0.3086 -0.9496
vn 0.5190 -0.0011 -0.8548
vn 0.9985 -0.0389 -0.0375
vn -0.4372 -0.8993 -0.0029
vn -0.9829 0.0019 0.1841
vn 0.1521 0.9611 -0.2304
vn -0.1312 -0.9887 -0.0727
vn -0.3008 -0.0142 -0.9536
vn -0.9990 -0.0399 -0.0189
vn -0.0243 -0.3581 -0.9334
vn 0.0165 -0.9269 -0.3750
vn 0.0067 0.0080 0.9999
vn 0.0360 -0.4038 -0.9141
vn -0.3083 -0.9155 0.2586
vn -0.0373 -0.9064 0.4207
vn 0.4594 0.8871 0.0443
vn 0.0595 0.9131 0.4034
vn 0.0099 0.2176 -0.9760
vn 0.2940 -0.9262 -0.2359
vn 0.9708 0.2396 -0.0102
vn 0.0082 0.9541 0.2995
vn -0.9305 -0.1031 -0.3515
vn -0.9119 -0.0823 0.4020
vn -0.0429 -0.8926 0.4488
vn 0.4572 0.8893 0.0141
vn -0.4203 0.0460 0.9062
vn 0.2990 -0.9048 -0.3031
vn 0.0722 0.9728 0.2201
vn 0.2097 -0.9533 -0.2174
vn -0.8885 0.0244 0.4582
vn -0.9252 0.3788 -0.0244
vn -0.4734 0.0357 -0.8801
vn 0.9997 -0.0113 0.0200
vn -0.0042 -0.9399 -0.3416
vn -0.9188 -0.0315 -0.3934
vn -0.3411 0.9397 0.0227
vn 0.8548 -0.0011 -0.5190
vn 0.9310 -0.0613 -0.3598
vn -0.9983 0.0574 0.0113
vn 0.0414 0.9989 0.0202
vn 0.0170 0.9983 0.0551
vn -0.9570 0.0799 -0.2788
vn -0.8726 -0.4878 -0.0227
vn 0.0616 0.9977 -0.0298
vn 0.5123 0.8588 -0.0037
vn 0.0893 0.9425 0.3220
vn 0.4663 0.8838 -0.0379
vn -0.0258 0.9370 0.3483
vn -0.9190 -0.3914 -0.0482
vn 0.0027 -0.8947 0.4467
vn -0.0561 0.9972 -0.0500
vn 0.9993 -0.0354 0.0132
vn 0.0053 -0.0174 -0.9998
vn 0.8209 -0.0399 0.5697
vn 0.0112 0.9488 -0.3156
vn -0.3285 -0.8903 -0.3154
vn 0.0050 -0.8171 -0.5765
vn 0.3029 -0.9090 -0.2862
vn 0.0058 -0.3286 -0.9444
vn -0.0206 0.8543 -0.5193
vn 0.1786 0.3387 -0.9238
vn 0.3293 -0.8953 -0.2999
vn -0.0934 -0.9845 0.1483
vn 0.1216 -0.9912 0.0526
vn -0.2892 -0.9300 0.2267
vn 0.4048 -0.9096 0.0942
vn -0.0090 -0.0117 -0.9999
vn -0.3937 0.0257 -0.9189
vn 0.2832 -0.9251 -0.2528
vn -0.2859 -0.9229 -0.2578
vn 0.2820 -0.9291 -0.2392
vn -0.9998 -0.0164 0.0074
vn -0.5297 0.8477 0.0293
vn -0.8477 -0.0293 0.5297
vn -0.8106 0.0653 -0.5820
vn 0.1973 0.9450 0.2608
vn 0.5703 0.8214 -0.0047
vn -0.8253 -0.5646 0.0140
vn 0.2518 -0.8651 0.4337
vn -0.8941 -0.4479 0.0043
vn 0.0047 -0.9431 0.3325
vn 0.2658 -0.9107 -0.3163
vn -0.4336 -0.9008 -0.0225
vn 0.0053 0.3841 -0.9233
vn -0.2746 -0.9077 -0.3172
vn -0.8640 0.5034 -0.0019
vn 0.1926 -0.9528 -0.2348
vn 0.9188 -0.0294 0.3935
vn -0.9577 -0.2821 -0.0566
vn 0.9413 -0.2810 -0.1872
vn 0.9398 -0.0665 0.3351
vn 0.9600 -0.0475 0.2759
vn 0.3362 -0.9408 -0.0423
vn 0.2296 -0.9513 -0.2058
vn 0.9524 0.2961 0.0721
vn -0.9623 -0.1311 -0.2382
vn 0.9130 0.0206 -0.4075
vn -0.0070 -0.9929 0.1190
vn -0.1669 0.9370 -0.3068
vn -0.9999 -0.0040 0.0154
vn 0.0556 0.3086 0.9496
vn 0.4445 -0.8957 0.0153
vn -0.4441 0.8958 -0.0204
vn 0.9235 -0.3835 0.0015
vn -0.2900 0.0269 0.9566
vn 0.0227 0.8726 0.4878
vn 0.6622 -0.0233 -0.7490
vn -0.9712 0.0347 0.2358
vn 0.5183 0.0021 -0.8552
vn -0.8821 0.4711 0.0054
vn -0.8249 0.5638 -0.0417
vn 0.2866 -0.8839 -0.3696
vn -0.2250 -0.9100 -0.3483
vn 0.8717 0.4831 -0.0821
vn -0.1669 0.3068 0.9370
vn 0.0041 -0.9244 0.3815
vn 0.0893 -0.3220 -0.9425
vn -0.2807 -0.9091 0.3077
vn 0.0133 -0.8505 0.5258
vn 0.1835 0.9817 0.0514
vn -0.0009 -0.8573 -0.5149
vn -0.4645 -0.8838 -0.0564
vn -0.0057 0.9974 0.0717
vn -0.3506 -0.8784 -0.3248
vn 0.0099 -0.7952 -0.6062
vn 0.0273 -0.9301 -0.3662
vn 0.0104 -0.9999 0.0083
vn 0.0768 0.9150 0.3961
vn 0.0265 0.9195 -0.3921
vn 0.5455 0.8379 -0.0203
vn -0.0009 0.5149 0.8573
vn 0.9971 -0.0756 -0.0068
vn 0.9999 -0.0140 -0.0033
vn 0.0138 -0.3680 0.9297
vn 0.0677 -0.9444 0.3217
vn -0.2987 0.9534 0.0418
vn -0.9394 -0.0120 -0.3427
vn -0.8209 -0.0399 0.5697
vn 0.9423 -0.0349 0.3330
vn -0.4423 -0.0355 0.8961
vn -0.2759 -0.0475 0.9600
vn 0.0388 0.3832 -0.9228
vn -0.0042 -0.9971 0.0765
vn 0.3675 0.0204 0.9298
vn -0.2774 -0.9192 0.2795
vn 0.0071 0.8639 0.5037
vn 0.2813 -0.9284 0.2427
vn 0.9681 0.2503 0.0126
vn -0.0207 0.9654 -0.2600
vn -0.9605 0.0061 -0.2783
vn 0.9235 0.3830 0.0221
vn 0.2936 -0.9534 -0.0697
vn -0.9130 -0.0021 -0.4081
vn 0.4041 0.9128 0.0601
vn 0.9472 -0.0518 0.3164
vn -0.4020 -0.0823 0.9119
vn -0.9983 -0.0443 0.0372
vn 0.9184 -0.3956 0.0020
vn 0.5234 0.8514 0.0346
vn 0.1255 -0.9652 -0.2295
vn -0.9306 -0.3658 0.0116
vn -0.0361 0.3780 0.9251
vn 0.4932 0.0034 -0.8699
vn -0.2433 -0.9576 -0.1545
vn -0.0066 0.5202 -0.8540
vn 0.2632 -0.9099 0.3206
vn -0.2529 -0.9525 -0.1695
vn -0.0085 0.5957 0.8032
vn -0.0028 0.2489 -0.9685
vn -0.9375 0.0326 0.3466
vn 0.9952 0.0982 0.0016
vn -0.0072 0.3293 0.9442
vn -0.5518 -0.8210 -0.1465
vn -0.9983 0.0583 0.0010
vn -0.0325 -0.9261 -0.3759
vn -0.0035 0.9999 0.0167
vn -0.4298 -0.8890 0.1578
vn 0.3362 0.9408 -0.0423
vn -0.3467 0.9380 -0.0028
vn 0.4855 0.0277 -0.8738
vn -0.2104 -0.9482 -0.2381
vn 0.0616 0.0298 0.9977
vn 0.0881 0.9410 0.3266
vn 0.0442 0.9989 0.0151
vn -0.3460 -0.9281 0.1373
vn -0.0091 -0.9447 0.3278
vn 0.0525 -0.9960 0.0723
vn -0.1720 -0.9426 -0.2861
vn -0.4811 -0.0348 -0.8760
vn -0.9397 -0.3419 -0.0120
vn 0.8517 -0.0819 -0.5176
vn 0.2748 -0.8952 -0.3508
vn -0.9255 0.3663 -0.0962
vn -0.9275 -0.3739 -0.0005
vn -0.1221 -0.9919 -0.0343
vn -0.0073 -0.9996 0.0263
vn 0.0189 -0.0399 -0.9990
vn 0.9515 0.0491 -0.3036
vn -0.0089 -0.0095 -0.9999
vn 0.9935 0.1133 -0.0055
vn 0.4205 -0.9072 0.0134
vn -0.3008 0.9536 0.0142
vn -0.3722 -0.0010 0.9281
vn 0.4682 -0.0269 -0.8832
vn -0.9428 -0.3330 0.0174
vn 0.2632 -0.3206 0.9099
vn -0.2378 -0.9526 0.1898
vn 0.0077 -0.9897 0.1433
vn 0.8941 -0.4454 -0.0470
vn -0.2694 -0.9081 0.3206
vn 0.7866 -0.6148 0.0574
vn -0.1072 -0.5082 -0.8545
vn 0.2830 -0.9162 0.2838
vn 0.3529 -0.8834 -0.3084
vn -0.3003 -0.9129 -0.2766
vn 0.3647 -0.8925 -0.2654
vn 0.0021 -0.9101 0.4143
vn -0.2069 0.0396 0.9776
vn -0.9957 -0.0002 -0.0929
vn -0.2077 -0.9122 -0.3533
vn 0.1171 -0.9143 -0.3876
vn -0.9275 0.3737 -0.0065
vn -0.0522 0.8703 -0.4898
vn 0.4004 -0.9032 0.1544
vn -0.0138 -0.9443 0.3288
vn -0.3944 0.9187 -0.0204
vn 0.2242 0.2321 -0.9465
vn -0.0131 -0.0367 0.9992
vn -0.0063 -0.4674 -0.8840
vn -0.2450 -0.9332 0.2629
vn 0.6161 -0.7875 0.0146
vn -0.3937 0.9170 0.0643
vn -0.3403 -0.9147 -0.2178
vn -0.0056 0.9192 -0.3936
vn -0.4747 -0.8799 0.0209
vn -0.9125 -0.4085 -0.0224
vn 0.4655 -0.0407 0.8841
vn -0.4462 -0.8869 0.1196
vn -0.9983 0.0588 0.0032
vn -0.0212 0.3461 -0.9380
vn -0.0203 0.9729 0.2303
vn -0.0138 -0.3288 -0.9443
vn 0.2998 0.0106 -0.9540
vn -1.0000 -0.0072 -0.0004
vn -0.2485 -0.9153 0.3171
vn 0.3758 -0.8891 -0.2614
vn -0.3937 0.9189 -0.0257
vn 0.0273 0.3662 0.9301
vn 0.9812 0.1929 0.0006
vn -0.0388 -0.8423 -0.5376
vn 0.3011 -0.9084 -0.2902
vn -0.2348 -0.9718 0.0224
vn -0.0041 0.3275 -0.9448
vn 0.4307 -0.9025 0.0031
vn 0.8958 0.0204 0.4441
vn 0.0117 0.9349 -0.3548
vn 0.4451 0.8940 -0.0510
vn 0.9566 0.0269 0.2900
vn -0.0561 0.0500 -0.9972
vn 0.9991 0.0427 0.0080
vn -0.4428 -0.8965 0.0144
vn 0.9039 -0.4270 -0.0266
vn 0.5575 -0.0112 0.8301
vn 0.5401 0.0085 0.8416
vn 0.0470 -0.4454 0.8941
vn 0.2424 -0.9447 0.2209
vn -0.0207 -0.3857 -0.9224
vn -0.9546 -0.2046 -0.2167
vn -0.0156 -0.0005 0.9999
vn -0.2625 -0.9351 0.2382
vn 0.0001 -0.8753 0.4836
vn -0.9728 -0.2201 -0.0722
vn 0.0106 -0.8896 -0.4566
vn 0.1255 0.9652 -0.2295
vn 0.8675 0.4934 -0.0636
vn 0.2834 -0.9236 -0.2583
vn -0.8636 0.5040 0.0140
vn -0.9131 0.3410 -0.2236
vn -0.1827 0.3604 0.9147
vn 0.3135 -0.8822 -0.3513
vn -0.2300 -0.9410 0.2480
vn -0.3878 -0.0005 0.9217
vn 0.3753 -0.9128 0.1612
vn -0.2275 -0.9733 0.0295
vn -0.9626 0.1169 -0.2445
vn -0.0010 -0.9187 -0.3950
vn 0.0023 0.0163 -0.9999
vn 0.0035 0.8936 -0.4488
vn 0.2571 -0.9308 -0.2599
vn 0.8796 0.4757 0.0007
vn -0.0074 0.0426 -0.9991
vn 0.2870 -0.9136 -0.2879
vn -0.2608 -0.9207 -0.2903
vn -0.0113 0.9983 -0.0574
vn 0.2963 0.0059 0.9551
vn 0.4607 0.8875 0.0057
vn 0.4979 -0.8671 -0.0154
vn -0.0048 -0.4796 -0.8775
vn 0.1964 -0.9557 0.2193
vn -0.4762 -0.8770 0.0638
vn 0.0035 -0.3116 0.9502
vn 0.2918 -0.9367 0.1937
vn 0.9356 -0.3527 0.0190
vn -0.5165 0.8534 -0.0700
vn 0.9712 0.0347 0.2358
vn 0.0046 -0.0331 0.9994
vn 0.1835 0.9016 0.3917
vn -0.0416 0.2775 -0.9598
vn -0.0004 -0.3158 -0.9488
vn 0.9659 -0.2588 -0.0008
vn -0.0012 0.0753 0.9972
vn 0.1320 0.3423 0.9303
vn -0.0006 0.1766 -0.9843
vn -0.0028 0.9685 0.2488
vn -0.0829 0.2750 0.9579
vn 0.6348 0.4403 -0.6350
vn -0.0088 0.8376 -0.5463
vn -0.9954 -0.0954 0.0044
vn 0.9724 -0.2333 0.0032
vn 0.8865 -0.4626 -0.0072
vn -0.0372 -0.9983 0.0443
vn -0.9848 0.1736 -0.0013
vn 0.7264 0.6839 0.0677
vn 0.9929 0.1184 -0.0149
vn 0.8582 -0.5132 0.0095
vn -0.9508 -0.3095 0.0157
vn -0.7440 -0.6663 -0.0504
vn 0.8284 -0.5601 0.0010
vn -0.4586 -0.8876 0.0429
vn -0.9480 0.3066 0.0853
vn 0.9987 -0.0518 -0.0009
vn -0.6772 0.7135 -0.1796
vn -0.9992 -0.0395 0.0031
vn 0.9349 0.3548 -0.0117
vn -0.9959 0.0900 -0.0015
vn 0.6769 0.4753 0.5620
vn 0.0932 0.9956 -0.0016
vn -0.0721 0.4134 -0.9077
vn -0.0528 0.6787 0.7325
vn 0.1712 0.9558 -0.2391
vn -0.0001 0.9954 -0.0960
vn -0.6452 0.4091 0.6452
vn 0.3888 0.8943 -0.2213
vn 0.9736 0.2230 -0.0493
vn -0.9640 0.2660 0.0008
vn 0.9935 -0.1134 -0.0055
vn 0.7717 -0.6331 0.0601
vn -0.4011 -0.9144 -0.0554
vn -0.9929 0.1139 -0.0340
vn 0.9367 0.3500 -0.0087
vn -0.8176 0.5699 -0.0823
vn 0.5714 0.7607 0.3080
vn 0.9683 0.2464 -0.0417
vn -0.6894 0.7184 -0.0929
vn 0.9238 0.3387 -0.1786
vn -0.9430 -0.3325 0.0107
vn -0.0769 0.9323 0.3535
vn 0.9821 -0.1885 0.0032
vn -0.4398 0.8734 -0.2094
vn 0.6816 0.6886 0.2477
vn 0.9838 -0.1730 -0.0476
vn -0.9816 -0.1909 -0.0085
vn -0.8286 0.5492 0.1085
vn -0.9903 -0.1386 -0.0065
vn -0.9591 0.2828 -0.0152
vn -0.0005 -0.0609 -0.9981
vn 0.2741 0.9287 -0.2499
vn 0.8892 0.4576 -0.0039
vn 0.9410 -0.3266 -0.0881
vn 0.0786 0.9968 -0.0143
vn -0.2652 0.8998 0.3464
vn 0.1480 -0.3628 0.9200
vn -0.9039 -0.4270 -0.0266
vn 0.9990 -0.0399 -0.0189
vn 0.2675 0.9605 -0.0766
vn -0.1313 0.9887 -0.0727
vn 0.9611 0.2304 -0.1521
vn -0.4372 0.8993 -0.0029
vn -0.8801 -0.0073 -0.4748
vn -0.9131 -0.4034 -0.0595
vn 0.8871 -0.0443 -0.4594
vn -0.0373 0.9064 0.4207
vn -0.3083 0.9155 0.2586
vn 0.0360 -0.4038 0.9141
vn 0.0067 -0.9999 -0.0080
vn 0.3675 0.9298 -0.0204
vn -0.8572 0.0454 -0.5129
vn 0.0244 -0.9252 -0.3788
vn -0.4582 -0.8885 -0.0244
vn 0.2097 0.9533 -0.2174
vn -0.0291 -0.9772 -0.2102
vn 0.2990 0.9048 -0.3031
vn -0.8934 0.4481 0.0323
vn -0.3722 0.9281 0.0010
vn 0.4572 -0.0141 -0.8893
vn -0.0429 0.8926 0.4488
vn 0.9119 -0.0823 0.4020
vn 0.9305 -0.1031 -0.3515
vn 0.0102 -0.9708 -0.2397
vn 0.0170 -0.0551 0.9983
vn -0.4202 -0.9062 -0.0460
vn 0.2940 0.9262 -0.2359
vn -0.3466 0.0326 0.9375
vn -0.8548 -0.0011 -0.5190
vn -0.9398 -0.0227 0.3411
vn 0.3934 -0.9188 0.0315
vn -0.0042 0.9399 -0.3416
vn -0.0212 -0.9380 -0.3461
vn 0.0414 -0.0202 -0.9989
vn -0.0200 -0.0113 -0.9997
vn -0.0113 -0.9983 -0.0574
vn 0.0297 -0.0145 -0.9995
vn -0.0125 -0.9993 0.0354
vn 0.9085 -0.0501 -0.4148
vn 0.0027 0.8947 0.4467
vn 0.0482 -0.3914 0.9190
vn -0.3318 0.0099 0.9433
vn 0.9370 -0.3483 0.0258
vn 0.3293 0.8953 -0.2999
vn -0.9278 0.3574 0.1073
vn 0.9996 -0.0271 0.0092
vn 0.3029 0.9090 -0.2862
vn 0.0050 0.8171 -0.5765
vn -0.3285 0.8903 -0.3154
vn 0.4341 -0.9008 -0.0136
vn -0.4397 0.8980 -0.0155
vn 0.9189 0.0257 0.3937
vn -0.9687 0.0233 -0.2472
vn 0.4048 0.9096 0.0942
vn -0.2892 0.9300 0.2267
vn 0.1216 0.9912 0.0526
vn -0.0934 0.9845 0.1483
vn -0.3174 0.0354 -0.9476
vn 0.2820 0.9291 -0.2392
vn -0.2859 0.9229 -0.2578
vn 0.2832 0.9251 -0.2528
vn 0.5820 0.0653 0.8106
vn 0.2518 0.8652 0.4337
vn -0.0140 -0.8253 0.5646
vn 0.0017 0.1742 -0.9847
vn 0.1973 -0.2608 -0.9450
vn 0.9217 -0.0005 0.3878
vn -0.9890 0.1048 0.1043
vn 0.2658 0.9107 -0.3163
vn -0.8573 0.5149 0.0009
vn -0.9323 -0.3535 0.0769
vn 0.0047 0.9431 0.3325
vn 0.8941 -0.4479 0.0043
vn -0.5697 0.8209 0.0399
vn 0.1926 0.9528 -0.2348
vn 0.0019 0.5034 0.8640
vn -0.2746 0.9077 -0.3172
vn 0.9233 0.3841 -0.0053
vn 0.0020 -0.9449 -0.3275
vn 0.0093 0.1823 0.9832
vn -0.0116 -0.3658 -0.9306
vn 0.4075 -0.9130 -0.0206
vn 0.2382 -0.9623 0.1311
vn -0.0721 0.2961 0.9524
vn 0.2296 0.9513 -0.2058
vn 0.0067 0.9999 -0.0080
vn -0.5679 -0.0137 0.8230
vn 0.4445 0.8957 0.0153
vn -0.9496 0.3086 -0.0556
vn -0.0015 -0.3835 0.9235
vn 0.0244 0.3788 0.9252
vn 0.0133 0.8505 0.5258
vn -0.2807 0.9091 0.3077
vn 0.0893 -0.9425 0.3220
vn 0.0041 0.9244 0.3815
vn -0.1669 -0.9370 -0.3068
vn -0.8717 0.4831 -0.0821
vn -0.2250 0.9100 -0.3483
vn 0.2866 0.8839 -0.3696
vn 0.0417 0.5638 0.8249
vn 0.9195 0.3922 -0.0265
vn 0.0104 0.9999 0.0083
vn 0.1913 0.3452 0.9188
vn 0.0099 0.7952 -0.6062
vn -0.3506 0.8784 -0.3248
vn -0.4645 0.8838 -0.0564
vn -0.0190 -0.3527 -0.9356
vn -0.8379 0.0203 -0.5455
vn 0.8477 -0.0293 0.5297
vn -0.3330 -0.0349 0.9423
vn 0.0677 0.9444 0.3217
vn 0.0566 -0.2821 -0.9577
vn 0.2813 0.9284 0.2427
vn -0.8639 -0.5037 -0.0071
vn -0.2774 0.9192 0.2795
vn 0.3675 -0.9298 -0.0204
vn -0.0042 0.9971 0.0765
vn 0.0388 -0.9228 -0.3832
vn -0.2759 -0.0475 -0.9600
vn 0.0224 -0.9125 0.4085
vn -0.8961 -0.0355 0.4423
vn -0.0492 0.3366 -0.9404
vn -0.0221 0.3830 -0.9235
vn -0.0207 0.2600 -0.9654
vn -0.0360 0.9795 0.1983
vn -0.0126 -0.9681 -0.2503
vn 0.2936 0.9534 -0.0697
vn 0.0962 0.3663 -0.9255
vn 0.3598 -0.0613 -0.9310
vn -0.0206 0.5193 -0.8543
vn -0.9472 -0.0518 0.3164
vn -0.3164 -0.0518 0.9472
vn -0.0020 -0.3956 0.9184
vn -0.5811 -0.0027 0.8138
vn -0.8376 0.5463 0.0088
vn -0.2529 0.9525 -0.1695
vn -0.0066 0.5202 0.8540
vn -0.2433 0.9576 -0.1545
vn 0.8699 0.0034 -0.4932
vn -0.5518 0.8210 -0.1465
vn -0.9605 0.0766 -0.2675
vn -0.9442 0.3293 0.0072
vn 0.8379 0.0203 -0.5455
vn -0.9760 0.2176 -0.0099
vn -0.4298 0.8890 0.1577
vn -0.9999 -0.0167 0.0039
vn -0.0324 0.9261 -0.3759
vn -0.8838 0.0379 -0.4663
vn 0.0616 -0.9977 -0.0298
vn -0.2104 0.9482 -0.2381
vn -0.9433 0.0099 0.3318
vn 0.4855 0.0277 0.8738
vn -0.3467 0.0028 0.9380
vn 0.9408 0.0423 -0.3362
vn -0.3460 0.9281 0.1373
vn 0.0442 -0.0151 -0.9989
vn 0.9873 -0.1588 -0.0062
vn 0.0099 -0.9760 -0.2176
vn 0.0120 -0.3419 -0.9397
vn -0.4811 -0.0348 0.8760
vn -0.9804 0.1970 0.0049
vn -0.1720 0.9426 -0.2860
vn 0.0525 0.9960 0.0723
vn -0.0091 0.9447 0.3278
vn -0.1221 0.9919 -0.0343
vn 0.3050 -0.0242 0.9520
vn 0.0005 -0.3739 -0.9275
vn 0.1973 -0.9450 0.2608
vn 0.0962 -0.9255 -0.3663
vn 0.2748 0.8952 -0.3508
vn 0.0005 -0.7927 -0.6096
vn -0.9999 -0.0095 0.0089
vn 0.3036 -0.9515 -0.0491
vn 0.9401 -0.0386 -0.3386
vn 0.9213 0.0247 -0.3881
vn -0.9708 0.2397 -0.0102
vn 0.9251 0.3780 0.0361
vn 0.4205 0.9072 0.0134
vn -0.9423 -0.0349 0.3330
vn -0.8832 -0.0269 -0.4682
vn -0.3722 -0.0010 -0.9281
vn 0.0077 0.9897 0.1433
vn -0.9369 -0.2724 0.2190
vn -0.2378 0.9526 0.1898
vn -0.9099 -0.3206 -0.2632
vn 0.8514 -0.0346 -0.5234
vn 0.3647 0.8925 -0.2654
vn 0.8276 0.5611 0.0164
vn -0.3003 0.9129 -0.2766
vn 0.3529 0.8834 -0.3084
vn 0.7927 0.6096 -0.0005
vn -0.9559 -0.2936 0.0061
vn 0.2829 0.9162 0.2838
vn -0.1072 -0.5082 0.8545
vn -0.0574 -0.6148 0.7866
vn -0.2694 0.9081 0.3206
vn 0.0099 0.2176 0.9760
vn 0.4004 0.9032 0.1544
vn 0.8703 0.4898 0.0522
vn 0.0065 0.3737 -0.9275
vn -0.9044 0.0435 0.4245
vn 0.1171 0.9144 -0.3876
vn -0.2077 0.9122 -0.3533
vn 0.0093 -0.9832 -0.1823
vn 0.0021 0.9101 0.4143
vn 0.2242 0.2321 0.9465
vn -0.0769 -0.3535 -0.9323
vn -0.9187 0.0204 0.3944
vn 0.6161 0.7875 0.0146
vn -0.2450 0.9332 0.2629
vn -0.0063 -0.8840 0.4674
vn -0.4753 -0.0932 -0.8749
vn 0.8801 -0.0073 -0.4748
vn -0.8675 0.4934 -0.0636
vn -0.4747 0.8799 0.0209
vn -0.3403 0.9147 -0.2178
vn -0.3937 -0.0643 0.9170
vn 0.2516 -0.9663 0.0535
vn -0.9401 -0.0386 -0.3386
vn -0.5970 -0.0023 0.8022
vn -0.9999 -0.0117 0.0090
vn -0.4462 0.8869 0.1196
vn 0.0470 0.8941 0.4454
vn -0.0061 -0.2936 0.9559
vn 0.0072 -0.4626 -0.8865
vn -0.2485 0.9153 0.3171
vn 0.9540 0.0106 -0.2998
vn 0.0058 -0.9444 0.3286
vn 0.4033 -0.0110 -0.9150
vn 0.9150 -0.3961 -0.0768
vn -0.9524 0.2961 0.0721
vn -0.9566 0.0269 0.2900
vn 0.0856 -0.9963 0.0064
vn -0.9349 0.3548 -0.0117
vn -0.4441 -0.8958 -0.0204
vn 0.4307 0.9025 0.0031
vn -0.9448 0.3275 0.0041
vn -0.2348 0.9718 0.0224
vn 0.9442 0.3293 0.0072
vn 0.3011 0.9084 -0.2902
vn -0.0388 0.8423 -0.5376
vn 0.0273 0.3662 -0.9301
vn 0.0068 -0.9971 0.0756
vn 0.3758 0.8891 -0.2614
vn -0.9915 0.0050 -0.1303
vn -0.0067 -0.9991 -0.0427
vn 0.0821 -0.8717 -0.4830
vn -0.0164 0.5611 -0.8276
vn -0.0769 -0.9323 0.3535
vn 0.9804 0.1970 -0.0008
vn -0.0986 -0.9417 0.3217
vn 0.9728 -0.2201 -0.0722
vn 0.0001 0.8753 0.4836
vn -0.2625 0.9351 0.2382
vn -0.0156 -0.0005 -0.9999
vn 0.0089 -0.9021 0.4314
vn 0.2167 -0.2046 -0.9546
vn -0.7004 0.0145 0.7136
vn 0.2424 0.9447 0.2209
vn 0.3135 0.8822 -0.3513
vn -0.9147 0.3604 0.1827
vn 0.2236 0.3410 0.9131
vn 0.8636 0.5040 0.0140
vn -0.2069 0.0396 -0.9776
vn 0.2834 0.9236 -0.2583
vn 0.0636 -0.8675 -0.4934
vn -0.9437 0.0142 0.3304
vn -0.9652 0.2295 -0.1255
vn 0.0106 0.8896 -0.4566
vn -0.9228 0.3832 -0.0388
vn 0.2571 0.9308 -0.2599
vn -0.8936 0.4488 -0.0035
vn 0.9999 0.0163 -0.0024
vn -0.0010 0.9187 -0.3950
vn 0.2445 0.1169 -0.9626
vn -0.2275 0.9733 0.0295
vn 0.3753 0.9128 0.1612
vn -0.2300 0.9410 0.2480
vn -0.0230 0.3873 0.9217
vn -0.2608 0.9207 -0.2903
vn 0.2870 0.9136 -0.2879
vn 0.8524 0.0043 -0.5228
vn 0.4979 0.8671 -0.0154
vn 0.0297 -0.0145 0.9995
vn 0.2918 0.9367 0.1937
vn 0.0035 -0.9502 0.3116
vn -0.4762 0.8770 0.0638
vn 0.1964 0.9557 0.2192
vn -0.0048 -0.8775 0.4796
vn 0.6348 -0.4403 -0.6349
vn -0.0829 -0.2749 0.9579
vn -0.0295 0.9995 0.0063
vn 0.2577 -0.9662 0.0011
vn -0.0007 -0.1182 -0.9930
vn 0.1320 -0.3423 0.9303
vn -0.0012 -0.9997 0.0225
vn -0.0004 0.3154 -0.9489
vn -0.0416 -0.2775 -0.9598
vn 0.1835 -0.9016 0.3917
vn -0.0070 -0.9929 -0.1190
vn -0.2238 -0.9602 0.1672
vn 0.0019 0.9883 0.1526
vn -0.5166 -0.8534 -0.0700
vn -0.9591 -0.2828 -0.0152
vn -0.9903 0.1386 -0.0065
vn 0.9919 0.1271 -0.0061
vn -0.8286 -0.5492 0.1085
vn -0.8517 -0.0819 -0.5176
vn 0.6816 -0.6885 0.2477
vn -0.4398 -0.8734 -0.2094
vn -0.0011 -0.9316 -0.3635
vn 0.9334 0.0019 -0.3589
vn -0.9999 -0.0079 -0.0094
vn 0.8796 -0.4758 0.0008
vn -0.6696 -0.7427 -0.0048
vn -0.9430 0.3325 0.0107
vn -0.6894 -0.7184 -0.0929
vn 0.9683 -0.2464 -0.0417
vn 0.5715 -0.7606 0.3080
vn -0.9993 -0.0378 -0.0018
vn -0.8175 -0.5700 -0.0823
vn 0.9367 -0.3500 -0.0087
vn -0.9985 -0.0389 -0.0375
vn -0.9929 -0.1140 -0.0340
vn -0.4013 0.9143 -0.0554
vn 0.7718 0.6331 0.0601
vn -0.9507 -0.3102 0.0007
vn 0.9646 0.2631 0.0153
vn 0.3888 -0.8943 -0.2212
vn -0.6451 -0.4091 0.6453
vn 0.1711 -0.9558 -0.2391
vn 0.3275 -0.9449 -0.0020
vn -0.0528 -0.6787 0.7325
vn -0.0721 -0.4134 -0.9077
vn 0.6770 -0.4753 0.5620
vn -0.9879 -0.1552 -0.0016
vn -0.6772 -0.7135 -0.1796
vn -0.9480 -0.3066 0.0853
vn -0.9983 -0.0583 0.0010
vn -0.4588 0.8875 0.0429
vn 0.8284 0.5602 0.0010
vn -0.7440 0.6663 -0.0504
vn -0.9508 0.3095 0.0157
vn 0.8584 0.5129 0.0095
vn 0.9928 -0.1185 -0.0149
vn -0.9501 0.3119 -0.0036
vn 0.9499 0.3124 -0.0014
vn 0.7264 -0.6839 0.0677
vn -0.9894 -0.1452 -0.0012
vn 0.4572 -0.8893 0.0141
vt 0.997099 0.640625
vt 0.981564 0.640625
vt 0.981564 0.625000
vt 0.981564 0.609375
vt 0.997099 0.609375
vt 0.997099 0.625000
vt 0.018436 0.031250
vt 0.018436 0.078125
vt 0.033970 0.078125
vt 0.033970 0.062500
vt 0.033970 0.031250
vt 0.018436 0.093750
vt 0.033970 0.093750
vt 0.096107 0.375000
vt 0.018436 0.375000
vt 0.018436 0.359375
vt 0.111642 0.359375
vt 0.111642 0.375000
vt 0.810687 0.734375
vt 0.934961 0.734375
vt 0.934961 0.718750
vt 0.810687 0.718750
vt 0.018436 0.703125
vt 0.018436 0.656250
vt 0.033970 0.656250
vt 0.033970 0.703125
vt 0.204848 0.734375
vt 0.033970 0.734375
vt 0.018436 0.734375
vt 0.018436 0.718750
vt 0.204848 0.718750
vt 0.018436 0.781250
vt 0.018436 0.796875
vt 0.033970 0.796875
vt 0.033970 0.781250
vt 0.173779 0.921875
vt 0.018436 0.921875
vt 0.018436 0.906250
vt 0.111642 0.906250
vt 0.127176 0.906250
vt 0.142710 0.906250
vt 0.158245 0.906250
vt 0.173779 0.906250
vt 0.018436 0.984375
vt 0.127176 0.984375
vt 0.127176 0.968750
vt 0.127176 0.953125
vt 0.189313 0.953125
vt 0.189313 0.968750
vt 0.189313 0.984375
vt 0.204848 0.984375
vt 0.204848 0.906250
vt 0.189313 0.906250
vt 0.173779 0.906250
vt 0.173779 0.921875
vt 0.018436 0.921875
vt 0.018436 0.937500
vt 0.018436 0.953125
vt 0.018436 1.000000
vt 0.018436 0.984375
vt 0.127176 0.984375
vt 0.142710 0.984375
vt 0.173779 0.984375
vt 0.173779 1.000000
vt 0.065039 0.671875
vt 0.065039 0.687500
vt 0.080573 0.687500
vt 0.080573 0.671875
vt 0.096107 0.703125
vt 0.065039 0.703125
vt 0.065039 0.687500
vt 0.080573 0.687500
vt 0.111642 0.687500
vt 0.111642 0.703125
vt 0.701946 0.375000
vt 0.981564 0.375000
vt 0.981564 0.359375
vt 0.779618 0.359375
vt 0.764084 0.359375
vt 0.748549 0.359375
vt 0.639809 0.359375
vt 0.639809 0.375000
vt 0.686412 0.375000
vt 0.018436 0.390625
vt 0.018436 0.406250
vt 0.049504 0.406250
vt 0.049504 0.390625
vt 0.065039 0.390625
vt 0.080573 0.390625
vt 0.096107 0.390625
vt 0.158245 0.390625
vt 0.158245 0.375000
vt 0.127176 0.375000
vt 0.111642 0.375000
vt 0.096107 0.375000
vt 0.018436 0.375000
vt 0.080573 0.421875
vt 0.096107 0.421875
vt 0.080573 0.546875
vt 0.142710 0.546875
vt 0.158245 0.546875
vt 0.204848 0.546875
vt 0.204848 0.531250
vt 0.080573 0.531250
vt 0.111642 0.687500
vt 0.111642 0.671875
vt 0.096107 0.140625
vt 0.096107 0.109375
vt 0.111642 0.109375
vt 0.111642 0.125000
vt 0.111642 0.140625
vt 0.018436 0.312500
vt 0.111642 0.312500
vt 0.111642 0.296875
vt 0.033970 0.296875
vt 0.018436 0.296875
vt 0.018436 0.843750
vt 0.018436 0.875000
vt 0.111642 0.875000
vt 0.111642 0.843750
vt 0.111642 0.906250
vt 0.018436 0.890625
vt 0.018436 0.875000
vt 0.111642 0.875000
vt 0.111642 0.890625
vt 0.111642 0.125000
vt 0.127176 0.125000
vt 0.127176 0.109375
vt 0.127176 0.171875
vt 0.127176 0.125000
vt 0.111642 0.140625
vt 0.111642 0.171875
vt 0.111642 0.171875
vt 0.111642 0.187500
vt 0.127176 0.187500
vt 0.127176 0.171875
vt 0.033970 0.281250
vt 0.127176 0.281250
vt 0.127176 0.265625
vt 0.033970 0.265625
vt 0.127176 0.359375
vt 0.127176 0.296875
vt 0.111642 0.296875
vt 0.111642 0.359375
vt 0.127176 0.890625
vt 0.127176 0.828125
vt 0.111642 0.828125
vt 0.111642 0.843750
vt 0.111642 0.875000
vt 0.111642 0.890625
vt 0.111642 0.906250
vt 0.127176 0.906250
vt 0.127176 0.890625
vt 0.639809 0.921875
vt 0.639809 0.968750
vt 0.655343 0.968750
vt 0.655343 0.921875
vt 0.127176 0.062500
vt 0.127176 0.078125
vt 0.142710 0.078125
vt 0.142710 0.062500
vt 0.127176 0.093750
vt 0.142710 0.093750
vt 0.329122 0.125000
vt 0.142710 0.125000
vt 0.127176 0.109375
vt 0.204848 0.109375
vt 0.313588 0.109375
vt 0.313588 0.093750
vt 0.329122 0.093750
vt 0.375725 0.093750
vt 0.406794 0.093750
vt 0.468931 0.093750
vt 0.484466 0.093750
vt 0.484466 0.109375
vt 0.329122 0.109375
vt 0.018436 0.562500
vt 0.018436 0.609375
vt 0.002901 0.609375
vt 0.002901 0.562500
vt 0.002901 0.546875
vt 0.018436 0.546875
vt 0.437863 0.796875
vt 0.468931 0.796875
vt 0.468931 0.781250
vt 0.313588 0.781250
vt 0.313588 0.796875
vt 0.204848 0.796875
vt 0.189313 0.796875
vt 0.158245 0.796875
vt 0.142710 0.796875
vt 0.127176 0.796875
vt 0.127176 0.781250
vt 0.018436 0.812500
vt 0.329122 0.812500
vt 0.329122 0.796875
vt 0.127176 0.765625
vt 0.142710 0.781250
vt 0.142710 0.765625
vt 0.127176 0.828125
vt 0.142710 0.828125
vt 0.142710 0.890625
vt 0.158245 0.078125
vt 0.158245 0.062500
vt 0.158245 0.093750
vt 0.142710 0.625000
vt 0.158245 0.625000
vt 0.158245 0.562500
vt 0.997099 0.546875
vt 0.981564 0.546875
vt 0.981564 0.531250
vt 0.981564 0.515625
vt 0.997099 0.515625
vt 0.158245 0.781250
vt 0.158245 0.765625
vt 0.158245 0.187500
vt 0.189313 0.203125
vt 0.189313 0.187500
vt 0.173779 0.187500
vt 0.173779 0.390625
vt 0.173779 0.375000
vt 0.981564 0.140625
vt 0.981564 0.171875
vt 0.997099 0.171875
vt 0.997099 0.140625
vt 0.251451 0.656250
vt 0.158245 0.656250
vt 0.158245 0.640625
vt 0.220382 0.640625
vt 0.251451 0.640625
vt 0.189313 0.390625
vt 0.189313 0.375000
vt 0.173779 0.421875
vt 0.189313 0.421875
vt 0.266985 0.625000
vt 0.266985 0.562500
vt 0.189313 0.984375
vt 0.189313 0.968750
vt 0.127176 0.968750
vt 0.127176 0.984375
vt 0.189313 0.078125
vt 0.189313 0.062500
vt 0.204848 0.062500
vt 0.204848 0.093750
vt 0.189313 0.093750
vt 0.204848 0.265625
vt 0.204848 0.203125
vt 0.204848 0.187500
vt 0.189313 0.250000
vt 0.189313 0.265625
vt 0.173779 0.265625
vt 0.173779 0.281250
vt 0.204848 0.281250
vt 0.189313 0.265625
vt 0.189313 0.250000
vt 0.189313 0.765625
vt 0.189313 0.781250
vt 0.204848 0.781250
vt 0.204848 0.765625
vt 0.158245 0.906250
vt 0.142710 0.906250
vt 0.204848 0.203125
vt 0.220382 0.265625
vt 0.220382 0.218750
vt 0.220382 0.203125
vt 0.220382 0.421875
vt 0.220382 0.546875
vt 0.220382 0.718750
vt 0.220382 0.750000
vt 0.204848 0.750000
vt 0.204848 0.734375
vt 0.204848 0.718750
vt 0.204848 0.796875
vt 0.204848 0.765625
vt 0.189313 0.765625
vt 0.189313 0.796875
vt 0.158245 0.796875
vt 0.158245 0.781250
vt 0.158245 0.765625
vt 0.127176 0.781250
vt 0.033970 0.781250
vt 0.033970 0.734375
vt 0.235916 0.718750
vt 0.235916 0.734375
vt 0.360191 0.734375
vt 0.360191 0.750000
vt 0.375725 0.750000
vt 0.375725 0.734375
vt 0.468931 0.734375
vt 0.468931 0.781250
vt 0.313588 0.781250
vt 0.220382 0.984375
vt 0.220382 0.906250
vt 0.360191 0.421875
vt 0.298054 0.421875
vt 0.298054 0.390625
vt 0.344657 0.390625
vt 0.344657 0.406250
vt 0.360191 0.406250
vt 0.375725 0.406250
vt 0.375725 0.421875
vt 0.360191 0.437500
vt 0.142710 0.546875
vt 0.142710 0.625000
vt 0.624275 0.546875
vt 0.764084 0.546875
vt 0.779618 0.546875
vt 0.795152 0.546875
vt 0.795152 0.531250
vt 0.608740 0.531250
vt 0.608740 0.546875
vt 0.111642 0.296875
vt 0.033970 0.296875
vt 0.033970 0.281250
vt 0.127176 0.296875
vt 0.981564 0.875000
vt 0.950496 0.875000
vt 0.950496 0.843750
vt 0.981564 0.843750
vt 0.158245 0.296875
vt 0.266985 0.296875
vt 0.282519 0.296875
vt 0.282519 0.281250
vt 0.204848 0.281250
vt 0.173779 0.281250
vt 0.158245 0.281250
vt 0.266985 0.296875
vt 0.266985 0.421875
vt 0.282519 0.421875
vt 0.282519 0.296875
vt 0.282519 0.546875
vt 0.235916 0.546875
vt 0.235916 0.531250
vt 0.282519 0.531250
vt 0.266985 0.562500
vt 0.158245 0.562500
vt 0.204848 0.546875
vt 0.220382 0.546875
vt 0.282519 0.562500
vt 0.266985 0.625000
vt 0.282519 0.625000
vt 0.282519 0.562500
vt 0.220382 0.640625
vt 0.282519 0.625000
vt 0.282519 0.640625
vt 0.266985 0.640625
vt 0.251451 0.640625
vt 0.282519 0.281250
vt 0.298054 0.296875
vt 0.298054 0.281250
vt 0.235916 0.421875
vt 0.360191 0.437500
vt 0.298054 0.421875
vt 0.080573 0.125000
vt 0.018436 0.125000
vt 0.018436 0.109375
vt 0.080573 0.140625
vt 0.313588 0.296875
vt 0.329122 0.296875
vt 0.329122 0.281250
vt 0.313588 0.281250
vt 0.298054 0.296875
vt 0.298054 0.359375
vt 0.298054 0.375000
vt 0.282519 0.296875
vt 0.298054 0.296875
vt 0.313588 0.296875
vt 0.313588 0.359375
vt 0.251451 0.906250
vt 0.220382 0.906250
vt 0.220382 0.890625
vt 0.235916 0.890625
vt 0.251451 0.890625
vt 0.391260 0.890625
vt 0.391260 0.906250
vt 0.282519 0.906250
vt 0.282519 0.921875
vt 0.251451 0.921875
vt 0.220382 0.093750
vt 0.375725 0.093750
vt 0.375725 0.078125
vt 0.220382 0.078125
vt 0.406794 0.359375
vt 0.375725 0.359375
vt 0.375725 0.375000
vt 0.329122 0.375000
vt 0.360191 0.359375
vt 0.360191 0.343750
vt 0.406794 0.343750
vt 0.329122 0.687500
vt 0.329122 0.703125
vt 0.344657 0.703125
vt 0.344657 0.671875
vt 0.313588 0.687500
vt 0.002901 0.359375
vt 0.018436 0.359375
vt 0.002901 0.312500
vt 0.329122 0.312500
vt 0.344657 0.312500
vt 0.344657 0.296875
vt 0.344657 0.281250
vt 0.329122 0.281250
vt 0.562137 0.906250
vt 0.531069 0.906250
vt 0.531069 0.890625
vt 0.546603 0.890625
vt 0.577672 0.890625
vt 0.577672 0.906250
vt 0.111642 0.828125
vt 0.142710 0.828125
vt 0.344657 0.828125
vt 0.344657 0.812500
vt 0.437863 0.812500
vt 0.018436 0.828125
vt 0.235916 0.890625
vt 0.453397 0.875000
vt 0.453397 0.890625
vt 0.453397 0.906250
vt 0.453397 0.984375
vt 0.468931 0.984375
vt 0.484466 0.921875
vt 0.484466 0.906250
vt 0.531069 0.906250
vt 0.531069 0.890625
vt 0.515534 0.828125
vt 0.468931 0.828125
vt 0.468931 0.812500
vt 0.142710 0.906250
vt 0.173779 0.906250
vt 0.158245 0.093750
vt 0.158245 0.078125
vt 0.189313 0.078125
vt 0.111642 0.109375
vt 0.018436 0.109375
vt 0.018436 0.093750
vt 0.127176 0.093750
vt 0.142710 0.093750
vt 0.360191 0.312500
vt 0.360191 0.296875
vt 0.484466 0.718750
vt 0.235916 0.718750
vt 0.220382 0.718750
vt 0.065039 0.703125
vt 0.096107 0.703125
vt 0.111642 0.703125
vt 0.329122 0.703125
vt 0.344657 0.703125
vt 0.360191 0.703125
vt 0.515534 0.703125
vt 0.515534 0.687500
vt 0.546603 0.687500
vt 0.546603 0.703125
vt 0.531069 0.703125
vt 0.531069 0.718750
vt 0.360191 0.703125
vt 0.360191 0.671875
vt 0.344657 0.671875
vt 0.344657 0.703125
vt 0.391260 0.890625
vt 0.406794 0.890625
vt 0.422328 0.890625
vt 0.437863 0.890625
vt 0.360191 0.265625
vt 0.360191 0.281250
vt 0.375725 0.281250
vt 0.375725 0.265625
vt 0.360191 0.390625
vt 0.360191 0.406250
vt 0.375725 0.406250
vt 0.375725 0.390625
vt 0.484466 0.468750
vt 0.360191 0.468750
vt 0.360191 0.453125
vt 0.515534 0.453125
vt 0.515534 0.468750
vt 0.500000 0.468750
vt 0.531069 0.500000
vt 0.360191 0.468750
vt 0.484466 0.468750
vt 0.500000 0.484375
vt 0.531069 0.484375
vt 0.453397 0.640625
vt 0.375725 0.640625
vt 0.360191 0.640625
vt 0.360191 0.625000
vt 0.453397 0.625000
vt 0.391260 0.281250
vt 0.391260 0.265625
vt 0.375725 0.296875
vt 0.391260 0.296875
vt 0.391260 0.312500
vt 0.391260 0.328125
vt 0.375725 0.328125
vt 0.375725 0.296875
vt 0.391260 0.296875
vt 0.391260 0.421875
vt 0.391260 0.406250
vt 0.764084 0.312500
vt 0.779618 0.312500
vt 0.220382 0.984375
vt 0.406794 0.937500
vt 0.406794 0.953125
vt 0.422328 0.953125
vt 0.422328 0.906250
vt 0.437863 0.906250
vt 0.437863 0.984375
vt 0.422328 0.984375
vt 0.406794 0.984375
vt 0.391260 0.984375
vt 0.251451 0.984375
vt 0.251451 1.000000
vt 0.220382 1.000000
vt 0.111642 0.140625
vt 0.468931 0.031250
vt 0.468931 0.078125
vt 0.406794 0.078125
vt 0.406794 0.093750
vt 0.375725 0.093750
vt 0.375725 0.078125
vt 0.220382 0.078125
vt 0.220382 0.093750
vt 0.313588 0.109375
vt 0.127176 0.078125
vt 0.033970 0.078125
vt 0.033970 0.031250
vt 0.391260 0.203125
vt 0.391260 0.234375
vt 0.406794 0.234375
vt 0.406794 0.203125
vt 0.391260 0.312500
vt 0.406794 0.312500
vt 0.406794 0.265625
vt 0.981564 0.750000
vt 0.981564 0.796875
vt 0.966030 0.796875
vt 0.966030 0.781250
vt 0.966030 0.750000
vt 0.639809 0.359375
vt 0.639809 0.312500
vt 0.624275 0.312500
vt 0.624275 0.328125
vt 0.624275 0.359375
vt 0.391260 0.906250
vt 0.406794 0.937500
vt 0.422328 0.203125
vt 0.422328 0.234375
vt 0.406794 0.234375
vt 0.997099 0.875000
vt 0.997099 0.890625
vt 0.981564 0.890625
vt 0.997099 0.843750
vt 0.997099 0.890625
vt 0.981564 0.890625
vt 0.981564 0.906250
vt 0.981564 0.921875
vt 0.981564 0.984375
vt 0.997099 0.984375
vt 0.422328 0.906250
vt 0.437863 0.906250
vt 0.266985 0.203125
vt 0.266985 0.218750
vt 0.220382 0.218750
vt 0.220382 0.203125
vt 0.204848 0.203125
vt 0.204848 0.187500
vt 0.375725 0.187500
vt 0.453397 0.187500
vt 0.453397 0.203125
vt 0.437863 0.203125
vt 0.391260 0.203125
vt 0.002901 0.953125
vt 0.002901 0.984375
vt 0.437863 0.343750
vt 0.437863 0.203125
vt 0.453397 0.312500
vt 0.453397 0.343750
vt 0.002901 0.015625
vt 0.018436 0.015625
vt 0.018436 0.031250
vt 0.018436 0.078125
vt 0.002901 0.078125
vt 0.934961 0.203125
vt 0.857290 0.203125
vt 0.857290 0.187500
vt 0.903893 0.187500
vt 0.919427 0.187500
vt 0.934961 0.187500
vt 0.080573 0.484375
vt 0.080573 0.531250
vt 0.080573 0.546875
vt 0.049504 0.546875
vt 0.049504 0.531250
vt 0.065039 0.531250
vt 0.065039 0.484375
vt 0.453397 0.312500
vt 0.484466 0.312500
vt 0.453397 0.343750
vt 0.531069 0.546875
vt 0.468931 0.546875
vt 0.468931 0.562500
vt 0.360191 0.562500
vt 0.360191 0.546875
vt 0.453397 0.546875
vt 0.453397 0.531250
vt 0.531069 0.531250
vt 0.313588 0.578125
vt 0.468931 0.578125
vt 0.468931 0.562500
vt 0.360191 0.562500
vt 0.329122 0.562500
vt 0.329122 0.546875
vt 0.298054 0.546875
vt 0.298054 0.562500
vt 0.313588 0.562500
vt 0.453397 0.625000
vt 0.468931 0.640625
vt 0.468931 0.625000
vt 0.468931 0.015625
vt 0.484466 0.031250
vt 0.484466 0.015625
vt 0.484466 0.078125
vt 0.484466 0.046875
vt 0.468931 0.078125
vt 0.468931 0.093750
vt 0.484466 0.078125
vt 0.531069 0.203125
vt 0.484466 0.203125
vt 0.468931 0.203125
vt 0.468931 0.187500
vt 0.484466 0.187500
vt 0.500000 0.187500
vt 0.515534 0.187500
vt 0.531069 0.187500
vt 0.997099 0.703125
vt 0.981564 0.703125
vt 0.981564 0.718750
vt 0.981564 0.734375
vt 0.966030 0.734375
vt 0.950496 0.734375
vt 0.950496 0.718750
vt 0.966030 0.718750
vt 0.966030 0.640625
vt 0.981564 0.640625
vt 0.484466 0.625000
vt 0.484466 0.640625
vt 0.670878 0.718750
vt 0.577672 0.718750
vt 0.562137 0.718750
vt 0.546603 0.718750
vt 0.235916 0.718750
vt 0.360191 0.734375
vt 0.375725 0.750000
vt 0.375725 0.734375
vt 0.484466 0.734375
vt 0.500000 0.734375
vt 0.531069 0.734375
vt 0.531069 0.750000
vt 0.670878 0.750000
vt 0.670878 0.734375
vt 0.686412 0.734375
vt 0.686412 0.718750
vt 0.468931 0.734375
vt 0.484466 0.734375
vt 0.484466 0.796875
vt 0.484466 0.812500
vt 0.468931 0.796875
vt 0.639809 0.984375
vt 0.468931 0.984375
vt 0.639809 0.968750
vt 0.484466 0.046875
vt 0.484466 0.109375
vt 0.500000 0.109375
vt 0.500000 0.093750
vt 0.500000 0.078125
vt 0.500000 0.031250
vt 0.500000 0.015625
vt 0.484466 0.812500
vt 0.500000 0.812500
vt 0.500000 0.796875
vt 0.531069 0.109375
vt 0.531069 0.093750
vt 0.515534 0.125000
vt 0.500000 0.125000
vt 0.500000 0.109375
vt 0.531069 0.109375
vt 0.531069 0.125000
vt 0.500000 0.171875
vt 0.515534 0.187500
vt 0.515534 0.171875
vt 0.950496 0.812500
vt 0.950496 0.781250
vt 0.966030 0.781250
vt 0.966030 0.812500
vt 0.531069 0.468750
vt 0.515534 0.468750
vt 0.500000 0.468750
vt 0.810687 0.109375
vt 0.903893 0.109375
vt 0.934961 0.109375
vt 0.934961 0.093750
vt 0.810687 0.093750
vt 0.531069 0.171875
vt 0.531069 0.125000
vt 0.515534 0.171875
vt 0.826221 0.906250
vt 0.826221 0.984375
vt 0.841755 0.984375
vt 0.841755 0.906250
vt 0.515534 0.421875
vt 0.515534 0.406250
vt 0.515534 0.390625
vt 0.515534 0.375000
vt 0.531069 0.375000
vt 0.531069 0.453125
vt 0.531069 0.468750
vt 0.531069 0.562500
vt 0.531069 0.546875
vt 0.468931 0.546875
vt 0.515534 0.625000
vt 0.531069 0.625000
vt 0.531069 0.609375
vt 0.531069 0.593750
vt 0.531069 0.578125
vt 0.593206 0.812500
vt 0.608740 0.812500
vt 0.624275 0.812500
vt 0.670878 0.812500
vt 0.670878 0.796875
vt 0.531069 0.828125
vt 0.546603 0.093750
vt 0.546603 0.203125
vt 0.531069 0.171875
vt 0.531069 0.125000
vt 0.546603 0.390625
vt 0.546603 0.453125
vt 0.531069 0.453125
vt 0.546603 0.375000
vt 0.546603 0.468750
vt 0.531069 0.531250
vt 0.546603 0.546875
vt 0.686412 0.453125
vt 0.686412 0.390625
vt 0.546603 0.390625
vt 0.531069 0.734375
vt 0.670878 0.765625
vt 0.670878 0.796875
vt 0.546603 0.890625
vt 0.546603 0.828125
vt 0.562137 0.906250
vt 0.577672 0.906250
vt 0.577672 0.890625
vt 0.546603 0.593750
vt 0.546603 0.562500
vt 0.562137 0.562500
vt 0.562137 0.484375
vt 0.562137 0.468750
vt 0.546603 0.609375
vt 0.546603 0.625000
vt 0.562137 0.625000
vt 0.562137 0.609375
vt 0.546603 0.656250
vt 0.484466 0.656250
vt 0.515534 0.640625
vt 0.531069 0.640625
vt 0.546603 0.640625
vt 0.562137 0.640625
vt 0.562137 0.656250
vt 0.546603 0.656250
vt 0.546603 0.687500
vt 0.562137 0.687500
vt 0.546603 0.890625
vt 0.546603 0.828125
vt 0.577672 0.828125
vt 0.997099 0.625000
vt 0.981564 0.625000
vt 0.981564 0.609375
vt 0.562137 0.703125
vt 0.577672 0.703125
vt 0.608740 0.109375
vt 0.655343 0.109375
vt 0.670878 0.109375
vt 0.670878 0.093750
vt 0.577672 0.093750
vt 0.577672 0.109375
vt 0.593206 0.109375
vt 0.981564 0.046875
vt 0.981564 0.078125
vt 0.981564 0.093750
vt 0.966030 0.093750
vt 0.966030 0.078125
vt 0.966030 0.046875
vt 0.966030 0.031250
vt 0.981564 0.031250
vt 0.624275 0.671875
vt 0.577672 0.671875
vt 0.577672 0.656250
vt 0.624275 0.656250
vt 0.577672 0.828125
vt 0.593206 0.828125
vt 0.593206 0.890625
vt 0.593206 0.843750
vt 0.593206 0.828125
vt 0.577672 0.828125
vt 0.577672 0.890625
vt 0.593206 0.906250
vt 0.593206 0.890625
vt 0.593206 0.203125
vt 0.608740 0.203125
vt 0.608740 0.125000
vt 0.468931 0.296875
vt 0.608740 0.296875
vt 0.608740 0.281250
vt 0.484466 0.281250
vt 0.468931 0.281250
vt 0.686412 0.390625
vt 0.608740 0.375000
vt 0.624275 0.375000
vt 0.686412 0.375000
vt 0.748549 0.906250
vt 0.701946 0.906250
vt 0.670878 0.906250
vt 0.655343 0.906250
vt 0.593206 0.906250
vt 0.748549 0.890625
vt 0.748549 0.125000
vt 0.608740 0.125000
vt 0.608740 0.109375
vt 0.655343 0.109375
vt 0.670878 0.109375
vt 0.686412 0.109375
vt 0.701946 0.109375
vt 0.748549 0.109375
vt 0.764084 0.203125
vt 0.764084 0.187500
vt 0.748549 0.187500
vt 0.748549 0.125000
vt 0.577672 0.203125
vt 0.562137 0.218750
vt 0.639809 0.218750
vt 0.639809 0.203125
vt 0.655343 0.203125
vt 0.670878 0.203125
vt 0.670878 0.187500
vt 0.655343 0.187500
vt 0.639809 0.187500
vt 0.639809 0.171875
vt 0.701946 0.171875
vt 0.701946 0.187500
vt 0.717481 0.203125
vt 0.701946 0.218750
vt 0.701946 0.234375
vt 0.717481 0.234375
vt 0.717481 0.218750
vt 0.733015 0.218750
vt 0.733015 0.234375
vt 0.733015 0.250000
vt 0.717481 0.250000
vt 0.670878 0.250000
vt 0.670878 0.281250
vt 0.655343 0.281250
vt 0.624275 0.296875
vt 0.655343 0.296875
vt 0.655343 0.312500
vt 0.639809 0.312500
vt 0.748549 0.312500
vt 0.764084 0.296875
vt 0.764084 0.281250
vt 0.701946 0.281250
vt 0.701946 0.265625
vt 0.779618 0.265625
vt 0.779618 0.281250
vt 0.826221 0.281250
vt 0.826221 0.203125
vt 0.841755 0.203125
vt 0.857290 0.203125
vt 0.857290 0.187500
vt 0.857290 0.171875
vt 0.903893 0.171875
vt 0.903893 0.125000
vt 0.779618 0.125000
vt 0.779618 0.187500
vt 0.779618 0.203125
vt 0.624275 0.328125
vt 0.624275 0.359375
vt 0.608741 0.296875
vt 0.189313 0.093750
vt 0.096107 0.109375
vt 0.204848 0.109375
vt 0.204848 0.093750
vt 0.608740 0.562500
vt 0.624275 0.562500
vt 0.624275 0.546875
vt 0.624275 0.562500
vt 0.624275 0.609375
vt 0.608740 0.609375
vt 0.018436 0.953125
vt 0.018436 0.984375
vt 0.002901 0.984375
vt 0.608740 0.609375
vt 0.608740 0.625000
vt 0.624275 0.625000
vt 0.608740 0.828125
vt 0.608740 0.812500
vt 0.593206 0.812500
vt 0.748549 0.828125
vt 0.546603 0.468750
vt 0.546603 0.453125
vt 0.686412 0.453125
vt 0.686412 0.468750
vt 0.655343 0.265625
vt 0.655343 0.234375
vt 0.655343 0.218750
vt 0.655343 0.203125
vt 0.639809 0.203125
vt 0.639809 0.218750
vt 0.639809 0.265625
vt 0.608740 0.281250
vt 0.484466 0.281250
vt 0.484466 0.265625
vt 0.639809 0.265625
vt 0.655343 0.265625
vt 0.655343 0.281250
vt 0.531069 0.453125
vt 0.531069 0.375000
vt 0.515534 0.390625
vt 0.515534 0.406250
vt 0.515534 0.421875
vt 0.515534 0.468750
vt 0.531069 0.468750
vt 0.639809 0.984375
vt 0.655343 0.984375
vt 0.531069 0.031250
vt 0.531069 0.046875
vt 0.655343 0.046875
vt 0.655343 0.031250
vt 0.670878 0.031250
vt 0.670878 0.015625
vt 0.670878 0.218750
vt 0.655343 0.234375
vt 0.670878 0.234375
vt 0.670878 0.281250
vt 0.670878 0.250000
vt 0.670878 0.234375
vt 0.655343 0.281250
vt 0.670878 0.625000
vt 0.748549 0.625000
vt 0.748549 0.609375
vt 0.639809 0.625000
vt 0.670878 0.687500
vt 0.624275 0.671875
vt 0.670878 0.671875
vt 0.670878 0.703125
vt 0.748549 0.812500
vt 0.733015 0.812500
vt 0.717481 0.812500
vt 0.701946 0.812500
vt 0.686412 0.812500
vt 0.670878 0.921875
vt 0.670878 0.906250
vt 0.655343 0.968750
vt 0.670878 0.921875
vt 0.670878 0.937500
vt 0.670878 0.953125
vt 0.670878 0.984375
vt 0.686412 0.031250
vt 0.686412 0.015625
vt 0.686412 0.093750
vt 0.686412 0.109375
vt 0.701946 0.218750
vt 0.701946 0.187500
vt 0.686412 0.187500
vt 0.670878 0.187500
vt 0.670878 0.203125
vt 0.670878 0.218750
vt 0.701946 0.234375
vt 0.670878 0.234375
vt 0.717481 0.250000
vt 0.065039 0.484375
vt 0.065039 0.531250
vt 0.049504 0.531250
vt 0.049504 0.546875
vt 0.080573 0.546875
vt 0.670878 0.640625
vt 0.670878 0.671875
vt 0.670878 0.687500
vt 0.686412 0.703125
vt 0.686412 0.640625
vt 0.670878 0.765625
vt 0.686412 0.796875
vt 0.670878 0.937500
vt 0.701946 0.937500
vt 0.701946 0.921875
vt 0.701946 0.109375
vt 0.717481 0.015625
vt 0.701946 0.015625
vt 0.686412 0.015625
vt 0.639809 0.187500
vt 0.639809 0.171875
vt 0.701946 0.171875
vt 0.701946 0.187500
vt 0.686412 0.187500
vt 0.701946 0.453125
vt 0.701946 0.484375
vt 0.562137 0.484375
vt 0.733015 0.640625
vt 0.779618 0.640625
vt 0.779618 0.625000
vt 0.764084 0.625000
vt 0.593206 0.625000
vt 0.701946 0.640625
vt 0.701946 0.656250
vt 0.717481 0.656250
vt 0.733015 0.656250
vt 0.779618 0.296875
vt 0.826221 0.296875
vt 0.717481 0.921875
vt 0.717481 0.937500
vt 0.733015 0.937500
vt 0.733015 0.921875
vt 0.795152 0.921875
vt 0.795152 0.906250
vt 0.779618 0.906250
vt 0.764084 0.906250
vt 0.748549 0.906250
vt 0.701946 0.906250
vt 0.701946 0.953125
vt 0.717481 0.953125
vt 0.484466 0.734375
vt 0.484466 0.796875
vt 0.484466 0.812500
vt 0.468931 0.812500
vt 0.468931 0.796875
vt 0.795152 0.015625
vt 0.779618 0.015625
vt 0.764084 0.125000
vt 0.764084 0.109375
vt 0.779618 0.109375
vt 0.934961 0.078125
vt 0.950496 0.078125
vt 0.966030 0.078125
vt 0.810687 0.031250
vt 0.950496 0.031250
vt 0.950496 0.015625
vt 0.810687 0.015625
vt 0.981564 0.312500
vt 0.981564 0.296875
vt 0.966030 0.296875
vt 0.950496 0.296875
vt 0.857290 0.296875
vt 0.841755 0.296875
vt 0.748549 0.609375
vt 0.748549 0.593750
vt 0.764084 0.593750
vt 0.764084 0.609375
vt 0.764084 0.625000
vt 0.748549 0.625000
vt 0.764084 0.890625
vt 0.764084 0.828125
vt 0.764084 0.812500
vt 0.764084 0.109375
vt 0.779618 0.109375
vt 0.997099 0.156250
vt 0.997099 0.125000
vt 0.981564 0.125000
vt 0.981564 0.140625
vt 0.981564 0.187500
vt 0.997099 0.187500
vt 0.764084 0.546875
vt 0.764084 0.562500
vt 0.779618 0.562500
vt 0.779618 0.546875
vt 0.764084 0.609375
vt 0.779618 0.609375
vt 0.018436 0.625000
vt 0.111642 0.625000
vt 0.111642 0.609375
vt 0.018436 0.609375
vt 0.872824 0.406250
vt 0.872824 0.421875
vt 0.888358 0.421875
vt 0.888358 0.437500
vt 0.888358 0.453125
vt 0.981564 0.453125
vt 0.997099 0.453125
vt 0.997099 0.406250
vt 0.981564 0.406250
vt 0.686412 0.468750
vt 0.701946 0.484375
vt 0.531069 0.640625
vt 0.577672 0.625000
vt 0.577672 0.640625
vt 0.562137 0.640625
vt 0.546603 0.703125
vt 0.577672 0.671875
vt 0.577672 0.656250
vt 0.624275 0.656250
vt 0.624275 0.671875
vt 0.593206 0.531250
vt 0.795152 0.531250
vt 0.795152 0.546875
vt 0.795152 0.578125
vt 0.810687 0.578125
vt 0.810687 0.609375
vt 0.795152 0.609375
vt 0.795152 0.625000
vt 0.779618 0.828125
vt 0.779618 0.812500
vt 0.810687 0.812500
vt 0.810687 0.796875
vt 0.934961 0.796875
vt 0.934961 0.781250
vt 0.966030 0.781250
vt 0.966030 0.750000
vt 0.810687 0.750000
vt 0.934961 0.640625
vt 0.872824 0.640625
vt 0.872824 0.625000
vt 0.872824 0.609375
vt 0.981564 0.609375
vt 0.981564 0.546875
vt 0.966030 0.546875
vt 0.966030 0.562500
vt 0.903893 0.562500
vt 0.903893 0.546875
vt 0.888358 0.546875
vt 0.888358 0.531250
vt 0.826221 0.531250
vt 0.826221 0.515625
vt 0.934961 0.515625
vt 0.934961 0.531250
vt 0.981564 0.531250
vt 0.981564 0.515625
vt 0.966030 0.515625
vt 0.966030 0.484375
vt 0.981564 0.484375
vt 0.981564 0.468750
vt 0.888358 0.468750
vt 0.872824 0.468750
vt 0.872824 0.453125
vt 0.857290 0.453125
vt 0.717481 0.453125
vt 0.717481 0.437500
vt 0.857290 0.437500
vt 0.857290 0.390625
vt 0.779618 0.890625
vt 0.779618 0.359375
vt 0.779618 0.312500
vt 0.981564 0.312500
vt 0.795152 0.937500
vt 0.810687 0.906250
vt 0.934961 0.109375
vt 0.966030 0.734375
vt 0.950496 0.734375
vt 0.903893 0.812500
vt 0.934961 0.796875
vt 0.934961 0.812500
vt 0.795152 0.921875
vt 0.795152 0.937500
vt 0.810687 0.906250
vt 0.826221 0.906250
vt 0.826221 0.984375
vt 0.701946 0.953125
vt 0.717481 0.953125
vt 0.717481 0.937500
vt 0.733015 0.937500
vt 0.733015 0.921875
vt 0.841755 0.281250
vt 0.841755 0.890625
vt 0.018436 0.625000
vt 0.018436 0.609375
vt 0.857290 0.281250
vt 0.950496 0.640625
vt 0.934961 0.718750
vt 0.934961 0.640625
vt 0.857290 0.984375
vt 0.857290 0.890625
vt 0.841755 0.890625
vt 0.841755 0.906250
vt 0.903893 0.187500
vt 0.872824 0.437500
vt 0.531069 0.109375
vt 0.500000 0.109375
vt 0.950496 0.625000
vt 0.966030 0.625000
vt 0.981564 0.625000
vt 0.934961 0.843750
vt 0.934961 0.828125
vt 0.919427 0.828125
vt 0.903893 0.828125
vt 0.779618 0.828125
vt 0.779618 0.812500
vt 0.950496 0.812500
vt 0.966030 0.812500
vt 0.981564 0.812500
vt 0.981564 0.828125
vt 0.981564 0.468750
vt 0.888358 0.468750
vt 0.981564 0.453125
vt 0.966030 0.984375
vt 0.934961 0.984375
vt 0.857290 0.890625
vt 0.841755 0.890625
vt 0.779618 0.890625
vt 0.903893 0.890625
vt 0.919427 0.890625
vt 0.919427 0.906250
vt 0.872824 0.906250
vt 0.934961 0.125000
vt 0.966030 0.109375
vt 0.950496 0.109375
vt 0.919427 0.125000
vt 0.950496 0.296875
vt 0.857290 0.281250
vt 0.966030 0.281250
vt 0.966030 0.296875
vt 0.903893 0.828125
vt 0.826221 0.515625
vt 0.888358 0.546875
vt 0.903893 0.546875
vt 0.966030 0.546875
vt 0.934961 0.515625
vt 0.919427 0.906250
vt 0.934961 0.906250
vt 0.934961 0.890625
vt 0.950496 0.890625
vt 0.950496 0.843750
vt 0.950496 0.078125
vt 0.903893 0.562500
vt 0.966030 0.562500
vt 0.872824 0.640625
vt 0.950496 0.625000
vt 0.950496 0.718750
vt 0.934961 0.640625
vt 0.934961 0.718750
vt 0.934961 0.781250
vt 0.934961 0.812500
vt 0.966030 0.078125
vt 0.966030 0.265625
vt 0.981564 0.265625
vt 0.981564 0.250000
vt 0.966030 0.250000
vt 0.950496 0.250000
vt 0.950496 0.265625
vt 0.950496 0.640625
vt 0.981564 0.703125
vt 0.966030 0.718750
vt 0.981564 0.734375
vt 0.981564 0.718750
vt 0.950496 0.812500
vt 0.966030 0.796875
vt 0.608740 0.281250
vt 0.484466 0.265625
vt 0.484466 0.281250
vt 0.950496 0.906250
vt 0.981564 0.875000
vt 0.111642 0.843750
vt 0.111642 0.828125
vt 0.966030 0.031250
vt 0.981564 0.031250
vt 0.981564 0.015625
vt 0.966030 0.031250
vt 0.981564 0.031250
vt 0.981564 0.093750
vt 0.966030 0.093750
vt 0.981564 0.109375
vt 0.981564 0.093750
vt 0.018436 0.468750
vt 0.002901 0.468750
vt 0.966030 0.203125
vt 0.981564 0.203125
vt 0.966030 0.281250
vt 0.981564 0.281250
vt 0.981564 0.265625
vt 0.406794 0.937500
vt 0.391260 0.906250
vt 0.406794 0.890625
vt 0.531069 0.171875
vt 0.546603 0.093750
vt 0.546603 0.203125
vt 0.531069 0.203125
vt 0.531069 0.187500
vt 0.981564 0.750000
vt 0.981564 0.796875
vt 0.981564 0.812500
vt 0.002901 0.000000
vt 0.002901 0.015625
vt 0.018436 0.000000
vt 0.981564 0.359375
vt 0.779618 0.312500
vt 0.981564 0.312500
vt 0.002901 0.093750
vt 0.002901 0.109375
vt 0.002901 0.125000
vt 0.018436 0.125000
vt 0.018436 0.125000
vt 0.018436 0.187500
vt 0.002901 0.187500
vt 0.002901 0.171875
vt 0.002901 0.140625
vt 0.002901 0.203125
vt 0.018436 0.203125
vt 0.002901 0.218750
vt 0.002901 0.234375
vt 0.018436 0.234375
vt 0.018436 0.218750
vt 0.018436 0.265625
vt 0.002901 0.265625
vt 0.002901 0.281250
vt 0.018436 0.281250
vt 0.018436 0.265625
vt 0.002901 0.296875
vt 0.002901 0.375000
vt 0.002901 0.390625
vt 0.018436 0.406250
vt 0.018436 0.453125
vt 0.002901 0.453125
vt 0.002901 0.437500
vt 0.002901 0.406250
vt 0.018436 0.390625
vt 0.018436 0.468750
vt 0.018436 0.453125
vt 0.002901 0.625000
vt 0.002901 0.640625
vt 0.002901 0.765625
vt 0.018436 0.765625
vt 0.018436 0.734375
vt 0.018436 0.718750
vt 0.018436 0.703125
vt 0.018436 0.656250
vt 0.002901 0.609375
vt 0.779618 0.296875
vt 0.764084 0.296875
vt 0.764084 0.281250
vt 0.701946 0.281250
vt 0.701946 0.265625
vt 0.779618 0.265625
vt 0.779618 0.281250
vt 0.826221 0.281250
vt 0.826221 0.296875
vt 0.002901 0.781250
vt 0.002901 0.796875
vt 0.002901 0.812500
vt 0.002901 0.828125
vt 0.002901 0.843750
vt 0.018436 0.843750
vt 0.002901 0.890625
vt 0.002901 0.875000
vt 0.002901 0.906250
vt 0.018436 0.906250
vt 0.018436 0.890625
vt 0.981564 0.406250
vt 0.981564 0.375000
vt 0.981564 0.296875
vt 0.981564 0.281250
vt 0.981564 0.250000
vt 0.981564 0.203125
vt 0.002901 0.937500
vt 0.002901 1.000000
vt 0.127176 1.000000
vt 0.033970 1.000000
vt 0.018436 1.000000
vt 0.127176 0.984375
vt 0.142710 0.984375
vt 0.189313 1.000000
vt 0.189313 1.000000
vt 0.189313 0.984375
vt 0.204848 0.984375
vt 0.391260 0.984375
vt 0.391260 1.000000
vt 0.391260 0.984375
vt 0.406794 1.000000
vt 0.406794 0.984375
vt 0.422328 1.000000
vt 0.422328 0.984375
vt 0.437863 1.000000
vt 0.655343 1.000000
vt 0.670878 1.000000
vt 0.795152 1.000000
vt 0.810687 1.000000
vt 0.826221 1.000000
vt 0.686412 1.000000
vt 0.779618 1.000000
vt 0.857290 1.000000
vt 0.857290 0.984375
vt 0.934961 1.000000
vt 0.966030 1.000000
vt 0.966030 0.984375
vt 0.981564 1.000000
vt 0.981564 0.984375
vt 0.997099 1.000000
vt 0.997099 0.937500
vt 0.997099 0.890625
vt 0.997099 0.875000
vt 0.997099 0.718750
vt 0.997099 0.609375
vt 0.981564 0.500000
vt 0.997099 0.500000
vt 0.981564 0.500000
vt 0.997099 0.468750
vt 0.002901 0.500000
vt 0.546603 0.656250
vt 0.562137 0.656250
vt 0.562137 0.687500
vt 0.437863 0.343750
vt 0.453397 0.343750
vt 0.453397 0.203125
vt 0.981564 0.125000
vt 0.997099 0.015625
vt 0.981564 0.000000
vt 0.997099 0.000000
vt 0.950496 0.015625
vt 0.810687 0.015625
vt 0.810687 0.000000
vt 0.795152 0.000000
vt 0.810687 0.015625
vt 0.810687 0.000000
vt 0.779618 0.000000
vt 0.717481 0.000000
vt 0.018436 0.078125
vt 0.018436 0.031250
vt 0.111642 0.359375
vt 0.903893 0.812500
vt 0.810687 0.812500
vt 0.779618 0.812500
vt 0.934961 0.828125
vt 0.934961 0.843750
vt 0.950496 0.843750
vt 0.981564 0.828125
vt 0.966030 0.812500
vt 0.033970 0.703125
vt 0.033970 0.656250
vt 0.033970 0.734375
vt 0.018436 0.734375
vt 0.018436 0.781250
vt 0.018436 0.937500
vt 0.189313 0.906250
vt 0.189313 0.968750
vt 0.189313 0.953125
vt 0.127176 0.968750
vt 0.981564 0.375000
vt 0.701946 0.375000
vt 0.639809 0.375000
vt 0.639809 0.359375
vt 0.748549 0.359375
vt 0.764084 0.359375
vt 0.764084 0.562500
vt 0.764084 0.546875
vt 0.391260 0.234375
vt 0.049504 0.421875
vt 0.049504 0.468750
vt 0.065039 0.468750
vt 0.065039 0.437500
vt 0.080573 0.437500
vt 0.065039 0.421875
vt 0.981564 0.828125
vt 0.934961 0.812500
vt 0.080573 0.125000
vt 0.080573 0.140625
vt 0.096107 0.140625
vt 0.142710 0.546875
vt 0.080573 0.546875
vt 0.080573 0.531250
vt 0.204848 0.546875
vt 0.158245 0.546875
vt 0.111642 0.687500
vt 0.080573 0.671875
vt 0.111642 0.671875
vt 0.018436 0.625000
vt 0.018436 0.703125
vt 0.018436 0.765625
vt 0.111642 0.312500
vt 0.018436 0.312500
vt 0.018436 0.296875
vt 0.111642 0.296875
vt 0.127176 0.296875
vt 0.142710 0.125000
vt 0.127176 0.109375
vt 0.329122 0.093750
vt 0.468931 0.093750
vt 0.484466 0.093750
vt 0.484466 0.109375
vt 0.142710 0.187500
vt 0.189313 0.203125
vt 0.189313 0.187500
vt 0.158245 0.421875
vt 0.158245 0.656250
vt 0.251451 0.656250
vt 0.251451 0.640625
vt 0.220382 0.640625
vt 0.189313 0.421875
vt 0.189313 0.390625
vt 0.173779 0.421875
vt 0.158245 0.625000
vt 0.204848 0.187500
vt 0.189313 0.265625
vt 0.204848 0.265625
vt 0.204848 0.281250
vt 0.173779 0.281250
vt 0.173779 0.265625
vt 0.127176 0.265625
vt 0.033970 0.265625
vt 0.375725 0.296875
vt 0.375725 0.328125
vt 0.391260 0.328125
vt 0.204848 0.906250
vt 0.189313 0.906250
vt 0.655343 1.000000
vt 0.453397 1.000000
vt 0.437863 1.000000
vt 0.453397 0.984375
vt 0.468931 0.984375
vt 0.639809 0.984375
vt 0.204848 0.734375
vt 0.220382 0.750000
vt 0.220382 0.718750
vt 0.204848 0.718750
vt 0.313588 0.796875
vt 0.204848 0.796875
vt 0.189313 0.765625
vt 0.189313 0.781250
vt 0.158245 0.796875
vt 0.158245 0.765625
vt 0.142710 0.765625
vt 0.127176 0.765625
vt 0.204848 0.750000
vt 0.220382 0.750000
vt 0.235916 0.734375
vt 0.360191 0.734375
vt 0.360191 0.750000
vt 0.375725 0.750000
vt 0.375725 0.734375
vt 0.313588 0.781250
vt 0.903893 0.546875
vt 0.360191 0.296875
vt 0.344657 0.296875
vt 0.344657 0.281250
vt 0.406794 0.343750
vt 0.360191 0.343750
vt 0.360191 0.359375
vt 0.313588 0.296875
vt 0.329122 0.296875
vt 0.329122 0.312500
vt 0.344657 0.312500
vt 0.360191 0.312500
vt 0.375725 0.328125
vt 0.391260 0.312500
vt 0.406794 0.312500
vt 0.406794 0.265625
vt 0.375725 0.265625
vt 0.360191 0.265625
vt 0.313588 0.281250
vt 0.298054 0.281250
vt 0.282519 0.281250
vt 0.220382 0.265625
vt 0.220382 0.218750
vt 0.266985 0.218750
vt 0.266985 0.203125
vt 0.391260 0.234375
vt 0.422328 0.203125
vt 0.453397 0.187500
vt 0.173779 0.171875
vt 0.018436 0.296875
vt 0.018436 0.281250
vt 0.018436 0.265625
vt 0.018436 0.250000
vt 0.018436 0.234375
vt 0.018436 0.218750
vt 0.018436 0.171875
vt 0.500000 0.171875
vt 0.484466 0.187500
vt 0.468931 0.187500
vt 0.468931 0.203125
vt 0.484466 0.203125
vt 0.500000 0.078125
vt 0.500000 0.031250
vt 0.531069 0.031250
vt 0.531069 0.046875
vt 0.655343 0.046875
vt 0.655343 0.031250
vt 0.670878 0.031250
vt 0.670878 0.093750
vt 0.577672 0.093750
vt 0.577672 0.109375
vt 0.577672 0.203125
vt 0.562137 0.218750
vt 0.639809 0.218750
vt 0.468931 0.281250
vt 0.468931 0.296875
vt 0.608740 0.375000
vt 0.546603 0.375000
vt 0.531069 0.359375
vt 0.437863 0.359375
vt 0.437863 0.375000
vt 0.406794 0.375000
vt 0.375725 0.375000
vt 0.375725 0.359375
vt 0.406794 0.359375
vt 0.298054 0.421875
vt 0.298054 0.390625
vt 0.298054 0.375000
vt 0.298054 0.359375
vt 0.313588 0.359375
vt 0.018436 0.312500
vt 0.717481 0.250000
vt 0.670878 0.234375
vt 0.701946 0.234375
vt 0.717481 0.234375
vt 0.468931 0.031250
vt 0.468931 0.015625
vt 0.282519 0.625000
vt 0.282519 0.640625
vt 0.266985 0.640625
vt 0.220382 0.265625
vt 0.018436 0.437500
vt 0.282519 0.546875
vt 0.282519 0.656250
vt 0.313588 0.296875
vt 0.313588 0.281250
vt 0.235916 0.546875
vt 0.282519 0.546875
vt 0.282519 0.531250
vt 0.235916 0.531250
vt 0.002901 0.593750
vt 0.002901 0.578125
vt 0.018436 0.578125
vt 0.251451 0.906250
vt 0.251451 0.921875
vt 0.282519 0.906250
vt 0.329122 0.375000
vt 0.298054 0.375000
vt 0.329122 0.796875
vt 0.329122 0.812500
vt 0.018436 0.812500
vt 0.018436 0.796875
vt 0.033970 0.796875
vt 0.127176 0.796875
vt 0.142710 0.796875
vt 0.795152 0.937500
vt 0.795152 0.921875
vt 0.733015 0.921875
vt 0.733015 0.937500
vt 0.717481 0.953125
vt 0.826221 0.906250
vt 0.810687 0.906250
vt 0.344657 0.390625
vt 0.018436 0.843750
vt 0.142710 0.828125
vt 0.344657 0.812500
vt 0.437863 0.812500
vt 0.329122 0.796875
vt 0.329122 0.812500
vt 0.018436 0.812500
vt 0.453397 0.875000
vt 0.142710 0.890625
vt 0.142710 0.828125
vt 0.344657 0.828125
vt 0.344657 0.812500
vt 0.437863 0.812500
vt 0.468931 0.828125
vt 0.515534 0.828125
vt 0.484466 0.906250
vt 0.639809 0.921875
vt 0.453397 0.906250
vt 0.453397 0.890625
vt 0.360191 0.703125
vt 0.360191 0.468750
vt 0.484466 0.468750
vt 0.515534 0.453125
vt 0.360191 0.453125
vt 0.375725 0.640625
vt 0.360191 0.625000
vt 0.360191 0.640625
vt 0.391260 0.296875
vt 0.235916 1.000000
vt 0.375725 0.984375
vt 0.406794 0.078125
vt 0.189313 0.062500
vt 0.313588 0.109375
vt 0.391260 0.265625
vt 0.391260 0.281250
vt 0.422328 0.234375
vt 0.266985 0.203125
vt 0.437863 0.890625
vt 0.484466 0.312500
vt 0.484466 0.046875
vt 0.484466 0.078125
vt 0.484466 0.031250
vt 0.484466 0.203125
vt 0.531069 0.203125
vt 0.468931 0.187500
vt 0.468931 0.203125
vt 0.204848 0.062500
vt 0.484466 0.625000
vt 0.468931 0.578125
vt 0.002901 0.453125
vt 0.002901 0.421875
vt 0.018436 0.484375
vt 0.018436 0.500000
vt 0.484466 0.406250
vt 0.033970 0.656250
vt 0.111642 0.625000
vt 0.111642 0.609375
vt 0.049504 0.390625
vt 0.065039 0.390625
vt 0.049504 0.421875
vt 0.049504 0.468750
vt 0.080573 0.421875
vt 0.096107 0.421875
vt 0.096107 0.390625
vt 0.158245 0.421875
vt 0.173779 0.421875
vt 0.189313 0.421875
vt 0.189313 0.390625
vt 0.189313 0.375000
vt 0.158245 0.375000
vt 0.127176 0.359375
vt 0.127176 0.296875
vt 0.127176 0.281250
vt 0.127176 0.265625
vt 0.158245 0.281250
vt 0.158245 0.296875
vt 0.266985 0.296875
vt 0.266985 0.421875
vt 0.235916 0.421875
vt 0.391260 0.421875
vt 0.391260 0.406250
vt 0.484466 0.390625
vt 0.484466 0.375000
vt 0.515534 0.375000
vt 0.515534 0.406250
vt 0.484466 0.406250
vt 0.515534 0.421875
vt 0.515534 0.453125
vt 0.360191 0.453125
vt 0.329122 0.562500
vt 0.329122 0.546875
vt 0.298054 0.546875
vt 0.220382 0.421875
vt 0.142710 0.546875
vt 0.142710 0.625000
vt 0.158245 0.656250
vt 0.251451 0.656250
vt 0.313588 0.578125
vt 0.468931 0.578125
vt 0.375725 0.640625
vt 0.468931 0.640625
vt 0.515534 0.687500
vt 0.515534 0.703125
vt 0.360191 0.703125
vt 0.360191 0.671875
vt 0.344657 0.671875
vt 0.313588 0.687500
vt 0.329122 0.687500
vt 0.111642 0.671875
vt 0.080573 0.671875
vt 0.065039 0.671875
vt 0.033970 0.703125
vt 0.515534 0.687500
vt 0.096107 0.703125
vt 0.500000 0.093750
vt 0.111642 0.312500
vt 0.033970 0.062500
vt 0.033970 0.093750
vt 0.127176 0.093750
vt 0.127176 0.062500
vt 0.142710 0.062500
vt 0.158245 0.062500
vt 0.158245 0.078125
vt 0.189313 0.062500
vt 0.204848 0.062500
vt 0.204848 0.093750
vt 0.204848 0.109375
vt 0.313588 0.093750
vt 0.220382 0.093750
vt 0.220382 0.078125
vt 0.406794 0.078125
vt 0.375725 0.390625
vt 0.484466 0.390625
vt 0.484466 0.375000
vt 0.531069 0.359375
vt 0.437863 0.359375
vt 0.437863 0.375000
vt 0.344657 0.390625
vt 0.344657 0.406250
vt 0.360191 0.406250
vt 0.360191 0.390625
vt 0.515534 0.375000
vt 0.515534 0.390625
vt 0.531069 0.593750
vt 0.531069 0.609375
vt 0.515534 0.625000
vt 0.531069 0.562500
vt 0.484466 0.640625
vt 0.515534 0.625000
vt 0.546603 0.375000
vt 0.546603 0.468750
vt 0.546603 0.546875
vt 0.997099 0.843750
vt 0.981564 0.875000
vt 0.531069 0.828125
vt 0.562137 0.906250
vt 0.577672 0.906250
vt 0.531069 0.890625
vt 0.018436 0.203125
vt 0.934961 0.812500
vt 0.981564 0.843750
vt 0.934961 0.828125
vt 0.919427 0.828125
vt 0.903893 0.828125
vt 0.779618 0.828125
vt 0.903893 0.812500
vt 0.562137 0.625000
vt 0.577672 0.625000
vt 0.655343 0.109375
vt 0.593206 0.109375
vt 0.577672 0.656250
vt 0.624275 0.656250
vt 0.593206 0.828125
vt 0.593206 0.890625
vt 0.608740 0.296875
vt 0.468931 0.281250
vt 0.748549 0.109375
vt 0.701946 0.109375
vt 0.764084 0.187500
vt 0.764084 0.203125
vt 0.779618 0.187500
vt 0.779618 0.125000
vt 0.903893 0.125000
vt 0.903893 0.171875
vt 0.857290 0.171875
vt 0.841755 0.203125
vt 0.779618 0.281250
vt 0.701946 0.281250
vt 0.764084 0.312500
vt 0.639809 0.312500
vt 0.624275 0.296875
vt 0.608740 0.281250
vt 0.670878 0.281250
vt 0.733015 0.250000
vt 0.733015 0.234375
vt 0.733015 0.218750
vt 0.717481 0.218750
vt 0.701946 0.218750
vt 0.717481 0.203125
vt 0.639809 0.171875
vt 0.670878 0.187500
vt 0.655343 0.203125
vt 0.639809 0.203125
vt 0.593206 0.203125
vt 0.608740 0.203125
vt 0.608740 0.125000
vt 0.608740 0.375000
vt 0.655343 0.296875
vt 0.655343 0.312500
vt 0.639809 0.265625
vt 0.655343 0.265625
vt 0.500000 0.015625
vt 0.670878 0.015625
vt 0.531069 0.578125
vt 0.531069 0.562500
vt 0.515534 0.625000
vt 0.531069 0.609375
vt 0.670878 0.687500
vt 0.686412 0.390625
vt 0.686412 0.734375
vt 0.670878 0.734375
vt 0.065039 0.531250
vt 0.049504 0.531250
vt 0.049504 0.546875
vt 0.080573 0.484375
vt 0.670878 0.953125
vt 0.717481 0.015625
vt 0.701946 0.015625
vt 0.686412 0.187500
vt 0.701946 0.453125
vt 0.686412 0.453125
vt 0.686412 0.718750
vt 0.686412 0.640625
vt 0.701946 0.640625
vt 0.701946 0.656250
vt 0.717481 0.656250
vt 0.701946 0.812500
vt 0.686412 0.796875
vt 0.002901 0.875000
vt 0.018436 0.875000
vt 0.002901 0.843750
vt 0.002901 0.859375
vt 0.764084 0.359375
vt 0.810687 0.031250
vt 0.950496 0.031250
vt 0.950496 0.015625
vt 0.624275 0.609375
vt 0.624275 0.562500
vt 0.748549 0.593750
vt 0.950496 0.250000
vt 0.748549 0.890625
vt 0.764084 0.812500
vt 0.764084 0.828125
vt 0.764084 0.890625
vt 0.779618 0.015625
vt 0.795152 0.015625
vt 0.950496 0.031250
vt 0.934961 0.078125
vt 0.779618 0.109375
vt 0.764084 0.109375
vt 0.717481 0.015625
vt 0.779618 0.906250
vt 0.764084 0.906250
vt 0.531069 0.531250
vt 0.779618 0.609375
vt 0.779618 0.562500
vt 0.795152 0.578125
vt 0.810687 0.578125
vt 0.810687 0.609375
vt 0.795152 0.609375
vt 0.795152 0.625000
vt 0.903893 0.109375
vt 0.934961 0.109375
vt 0.810687 0.750000
vt 0.810687 0.734375
vt 0.002901 0.515625
vt 0.795152 0.921875
vt 0.810687 0.906250
vt 0.826221 0.906250
vt 0.670878 0.984375
vt 0.670878 0.953125
vt 0.717481 0.953125
vt 0.018436 0.515625
vt 0.018436 0.546875
vt 0.002901 0.546875
vt 0.002901 0.765625
vt 0.002901 0.750000
vt 0.002901 0.734375
vt 0.002901 0.718750
vt 0.002901 0.625000
vt 0.841755 0.281250
vt 0.841755 0.906250
vt 0.872824 0.421875
vt 0.872824 0.437500
vt 0.872824 0.453125
vt 0.857290 0.453125
vt 0.857290 0.390625
vt 0.872824 0.625000
vt 0.950496 0.625000
vt 0.872824 0.906250
vt 0.950496 0.906250
vt 0.919427 0.906250
vt 0.919427 0.890625
vt 0.903893 0.890625
vt 0.779618 0.890625
vt 0.919427 0.125000
vt 0.919427 0.187500
vt 0.903893 0.171875
vt 0.903893 0.125000
vt 0.857290 0.296875
vt 0.950496 0.296875
vt 0.934961 0.125000
vt 0.934961 0.140625
vt 0.950496 0.140625
vt 0.950496 0.187500
vt 0.934961 0.203125
vt 0.934961 0.187500
vt 0.950496 0.890625
vt 0.934961 0.890625
vt 0.934961 0.906250
vt 0.966030 0.562500
vt 0.903893 0.546875
vt 0.950496 0.640625
vt 0.950496 0.718750
vt 0.934961 0.781250
vt 0.966030 0.109375
vt 0.950496 0.109375
vt 0.950496 0.078125
vt 0.950496 0.265625
vt 0.981564 0.265625
vt 0.966030 0.203125
vt 0.981564 0.140625
vt 0.981564 0.187500
vt 0.981564 0.203125
vt 0.966030 0.093750
vt 0.950496 0.140625
vt 0.934961 0.140625
vt 0.981564 0.203125
vt 0.966030 0.203125
vt 0.981564 0.718750
vt 0.966030 0.718750
vt 0.018436 0.171875
vt 0.950496 0.109375
vt 0.096107 0.140625
vt 0.437863 0.984375
vt 0.453397 0.984375
vt 0.888358 1.000000
vt 0.857290 1.000000
vt 0.934961 1.000000
vt 0.670878 0.937500
vt 0.655343 0.921875
vt 0.997099 0.390625
vt 0.997099 0.375000
vt 0.997099 0.359375
vt 0.997099 0.312500
vt 0.966030 0.203125
vt 0.966030 0.250000
vt 0.950496 0.250000
vt 0.950496 0.265625
vt 0.950496 0.187500
vt 0.981564 0.484375
vt 0.826221 0.000000
vt 0.857290 0.000000
vt 0.934961 0.000000
vt 0.966030 0.000000
vt 0.981564 0.000000
vt 0.981564 0.015625
vt 0.748549 0.000000
vt 0.701946 0.000000
vt 0.018436 0.015625
vt 0.468931 0.015625
vt 0.484466 0.015625
vt 0.966030 0.515625
vt 0.966030 0.484375
vt 0.966030 0.625000
vt 0.966030 0.718750
vt 0.966030 0.640625
vt 0.981564 0.734375
vt 0.981564 0.796875
vt 0.981564 0.906250
vt 0.950496 0.875000
vt 0.981564 0.875000
vt 0.966030 0.109375
vt 0.934961 0.781250
vt 0.950496 0.187500
vt 0.934961 0.140625
vt 0.934961 0.125000
vt 0.919427 0.187500
vt 0.934961 0.187500
vt 0.857290 0.187500
vt 0.934961 0.515625
vt 0.934961 0.531250
vt 0.888358 0.531250
vt 0.826221 0.531250
vt 0.903893 0.171875
vt 0.950496 0.296875
vt 0.857290 0.296875
vt 0.888358 0.468750
vt 0.888358 0.453125
vt 0.981564 0.921875
vt 0.981564 0.984375
vt 0.888359 0.421875
vt 0.872824 0.468750
vt 0.841755 0.296875
vt 0.841755 0.281250
vt 0.717481 0.453125
vt 0.717481 0.437500
vt 0.841755 0.984375
vt 0.810687 0.109375
vt 0.841755 0.203125
vt 0.826221 0.203125
vt 0.795152 0.906250
vt 0.779618 0.906250
vt 0.810687 0.093750
vt 0.406794 0.265625
vt 0.406794 0.312500
vt 0.391260 0.281250
vt 0.391260 0.265625
vt 0.810687 0.796875
vt 0.484466 0.656250
vt 0.375725 0.640625
vt 0.360191 0.640625
vt 0.266985 0.640625
vt 0.235916 0.546875
vt 0.453397 0.546875
vt 0.453397 0.531250
vt 0.484466 0.390625
vt 0.158245 0.296875
vt 0.608740 0.546875
vt 0.608740 0.531250
vt 0.795152 0.546875
vt 0.779618 0.546875
vt 0.764084 0.125000
vt 0.764084 0.109375
vt 0.779618 0.203125
vt 0.764084 0.312500
vt 0.748549 0.312500
vt 0.764084 0.609375
vt 0.997099 0.437500
vt 0.764084 0.593750
vt 0.764084 0.625000
vt 0.748549 0.828125
vt 0.748549 0.812500
vt 0.733015 0.234375
vt 0.888358 0.546875
vt 0.888358 0.531250
vt 0.826221 0.515625
vt 0.934961 0.531250
vt 0.701946 0.921875
vt 0.701946 0.937500
vt 0.686412 0.015625
vt 0.701946 0.015625
vt 0.686412 0.109375
vt 0.701946 0.171875
vt 0.701946 0.234375
vt 0.779618 0.640625
vt 0.733015 0.640625
vt 0.733015 0.656250
vt 0.701946 0.656250
vt 0.701946 0.640625
vt 0.686412 0.640625
vt 0.670878 0.640625
vt 0.593206 0.625000
vt 0.608740 0.625000
vt 0.624275 0.625000
vt 0.670878 0.625000
vt 0.686412 0.703125
vt 0.686412 0.812500
vt 0.686412 0.015625
vt 0.670878 0.031250
vt 0.670878 0.015625
vt 0.670878 0.703125
vt 0.655343 0.234375
vt 0.655343 0.234375
vt 0.624275 0.562500
vt 0.764084 0.562500
vt 0.748549 0.609375
vt 0.577672 0.718750
vt 0.142710 0.187500
vt 0.127176 0.187500
vt 0.608740 0.828125
vt 0.608740 0.812500
vt 0.624275 0.812500
vt 0.717481 0.812500
vt 0.733015 0.812500
vt 0.655343 0.984375
vt 0.655343 0.218750
vt 0.639809 0.921875
vt 0.484466 0.921875
vt 0.593206 0.906250
vt 0.484466 0.906250
vt 0.018436 0.546875
vt 0.701946 0.937500
vt 0.639809 0.218750
vt 0.562137 0.218750
vt 0.624275 0.312500
vt 0.624275 0.375000
vt 0.624275 0.609375
vt 0.608740 0.562500
vt 0.608740 0.609375
vt 0.593206 0.109375
vt 0.655344 0.906250
vt 0.593206 0.906250
vt 0.577672 0.109375
vt 0.577672 0.656250
vt 0.500000 0.812500
vt 0.468931 0.812500
vt 0.468931 0.828125
vt 0.515534 0.828125
vt 0.531069 0.828125
vt 0.593206 0.843750
vt 0.593206 0.828125
vt 0.577672 0.703125
vt 0.577672 0.718750
vt 0.562137 0.718750
vt 0.562137 0.703125
vt 0.531069 0.546875
vt 0.562137 0.562500
vt 0.546603 0.593750
vt 0.531069 0.593750
vt 0.562137 0.609375
vt 0.546603 0.609375
vt 0.500000 0.734375
vt 0.531069 0.750000
vt 0.670878 0.750000
vt 0.670878 0.796875
vt 0.531069 0.906250
vt 0.515534 0.171875
vt 0.360191 0.390625
vt 0.406794 0.375000
vt 0.437863 0.359375
vt 0.531069 0.484375
vt 0.500000 0.484375
vt 0.484466 0.625000
vt 0.593206 0.812500
vt 0.484466 0.015625
vt 0.484466 0.718750
vt 0.531069 0.703125
vt 0.795152 0.906250
vt 0.468931 0.093750
vt 0.484466 0.312500
vt 0.453397 0.312500
vt 0.298054 0.562500
vt 0.437863 0.343750
vt 0.422328 0.890625
vt 0.422328 0.234375
vt 0.422328 0.203125
vt 0.406794 0.203125
vt 0.406794 0.234375
vt 0.406794 0.890625
vt 0.375725 0.078125
vt 0.158245 0.062500
vt 0.127176 0.062500
vt 0.127176 0.078125
vt 0.406794 0.890625
vt 0.033970 0.703125
vt 0.018436 0.656250
vt 0.204848 0.187500
vt 0.360191 0.281250
vt 0.360191 0.296875
vt 0.360191 0.281250
vt 0.344657 0.281250
vt 0.484466 0.468750
vt 0.360191 0.453125
vt 0.002901 0.328125
vt 0.002901 0.359375
vt 0.002901 0.343750
vt 0.344657 0.312500
vt 0.158245 0.640625
vt 0.251451 0.640625
vt 0.360191 0.421875
vt 0.375725 0.421875
vt 0.375725 0.406250
vt 0.018436 0.828125
vt 0.468931 0.796875
vt 0.142710 0.796875
vt 0.127176 0.796875
vt 0.127176 0.781250
vt 0.018436 0.796875
vt 0.282519 0.656250
vt 0.313588 0.562500
vt 0.298054 0.562500
vt 0.329122 0.312500
vt 0.329122 0.281250
vt 0.018436 0.281250
vt 0.111642 0.171875
vt 0.111642 0.187500
vt 0.531069 0.046875
vt 0.655343 0.031250
vt 0.468931 0.281250
vt 0.468931 0.296875
vt 0.002901 0.718750
vt 0.002901 0.703125
vt 0.204848 0.203125
vt 0.173779 0.390625
vt 0.173779 0.421875
vt 0.173779 0.390625
vt 0.189313 0.421875
vt 0.158245 0.390625
vt 0.142710 0.078125
vt 0.142710 0.781250
vt 0.329122 0.125000
vt 0.329122 0.109375
vt 0.127176 0.171875
vt 0.997099 0.656250
vt 0.997099 0.671875
vt 0.997099 0.687500
vt 0.997099 0.703125
vt 0.018436 0.890625
vt 0.018436 0.875000
vt 0.111642 0.875000
vt 0.080573 0.390625
vt 0.096107 0.703125
vt 0.080573 0.687500
vt 0.065039 0.687500
vt 0.065039 0.703125
vt 0.033970 0.734375
vt 0.173779 0.906250
vt 0.018436 0.906250
vt 0.018436 0.968750
vt 0.204848 0.984375
vt 0.189313 0.953125
vt 0.127176 0.968750
vt 0.950496 0.140625
vt 0.997099 0.796875
vt 0.997099 0.781250
vt 0.981564 1.000000
vt 0.966030 1.000000
vt 0.810687 1.000000
vt 0.717481 1.000000
vt 0.701946 1.000000
vt 0.670878 1.000000
vt 0.826221 1.000000
vt 0.515534 1.000000
vt 0.468931 1.000000
vt 0.639809 1.000000
vt 0.624275 1.000000
vt 0.608740 1.000000
vt 0.593206 1.000000
vt 0.577672 1.000000
vt 0.562137 1.000000
vt 0.546603 1.000000
vt 0.531069 1.000000
vt 0.422328 1.000000
vt 0.406794 1.000000
vt 0.391260 1.000000
vt 0.391260 0.984375
vt 0.251451 0.984375
vt 0.220382 0.984375
vt 0.002901 0.937500
vt 0.002901 0.906250
vt 0.002901 0.890625
vt 0.002901 0.843750
vt 0.002901 0.812500
vt 0.002901 0.796875
vt 0.002901 0.562500
vt 0.624275 0.000000
vt 0.608740 0.000000
vt 0.593206 0.000000
vt 0.577672 0.000000
vt 0.562137 0.000000
vt 0.546603 0.000000
vt 0.515534 0.000000
vt 0.500000 0.000000
vt 0.406794 0.000000
vt 0.391260 0.000000
vt 0.375725 0.000000
vt 0.360191 0.000000
vt 0.344657 0.000000
vt 0.329122 0.000000
vt 0.313588 0.000000
vt 0.298054 0.000000
vt 0.002901 0.281250
vt 0.018436 0.281250
vt 0.018436 0.265625
vt 0.266985 0.000000
vt 0.251451 0.000000
vt 0.235916 0.000000
vt 0.220382 0.000000
vt 0.189313 0.000000
vt 0.127176 0.000000
vt 0.096107 0.000000
vt 0.080573 0.000000
vt 0.717481 0.015625
vt 0.779618 0.015625
vt 0.966030 0.000000
vt 0.934961 0.000000
vt 0.826221 0.000000
vt 0.981564 0.515625
vt 0.981564 0.484375
vt 0.966030 0.515625
vt 0.966030 0.781250
vt 0.934961 0.203125
vt 0.857290 0.203125
vt 0.934961 0.078125
vt 0.934961 0.890625
vt 0.950496 0.890625
vt 0.857290 0.187500
vt 0.857290 0.890625
vt 0.934961 0.984375
vt 0.872824 0.406250
vt 0.857290 0.390625
vt 0.717481 0.453125
vt 0.717481 0.437500
vt 0.857290 0.437500
vt 0.981564 0.390625
vt 0.997099 0.296875
vt 0.002901 0.093750
vt 0.018436 0.093750
vt 0.624275 0.546875
vt 0.795152 0.531250
vt 0.795152 0.578125
vt 0.779618 0.609375
vt 0.795152 0.609375
vt 0.872824 0.453125
vt 0.888358 0.468750
vt 0.981564 0.468750
vt 0.966030 0.515625
vt 0.981564 0.515625
vt 0.981564 0.562500
vt 0.981564 0.578125
vt 0.981564 0.593750
vt 0.872824 0.609375
vt 0.872824 0.625000
vt 0.872824 0.640625
vt 0.810687 0.718750
vt 0.810687 0.750000
vt 0.733015 0.812500
vt 0.733015 0.656250
vt 0.733015 0.640625
vt 0.779618 0.640625
vt 0.593206 0.531250
vt 0.562137 0.718750
vt 0.546603 0.718750
vt 0.562137 0.640625
vt 0.577672 0.640625
vt 0.546603 0.625000
vt 0.546603 0.640625
vt 0.701946 0.453125
vt 0.981564 0.390625
vt 0.888358 0.437500
vt 0.888358 0.421875
vt 0.002901 0.031250
vt 0.764084 0.812500
vt 0.748549 0.812500
vt 0.562137 0.468750
vt 0.997099 0.937500
vt 0.997099 0.953125
vt 0.997099 0.984375
vt 0.997099 0.906250
vt 0.779618 0.281250
vt 0.779618 0.265625
vt 0.701946 0.265625
vt 0.764084 0.281250
vt 0.764084 0.359375
vt 0.748549 0.359375
vt 0.701946 0.484375
vt 0.701946 0.812500
vt 0.717481 0.656250
vt 0.701946 0.656250
vt 0.686412 0.734375
vt 0.686412 0.796875
vt 0.686412 0.812500
vt 0.670878 0.734375
vt 0.670878 0.750000
vt 0.670878 0.703125
vt 0.577672 0.703125
vt 0.655343 0.312500
vt 0.189313 0.265625
vt 0.562137 0.468750
vt 0.686412 0.468750
vt 0.764084 0.203125
vt 0.764084 0.187500
vt 0.562137 0.218750
vt 0.717481 0.234375
vt 0.717481 0.218750
vt 0.764084 0.312500
vt 0.826221 0.203125
vt 0.779618 0.125000
vt 0.593206 0.531250
vt 0.018436 0.781250
vt 0.546603 0.593750
vt 0.562137 0.562500
vt 0.562137 0.656250
vt 0.562137 0.640625
vt 0.515534 0.640625
vt 0.065039 0.484375
vt 0.049504 0.546875
vt 0.531069 0.093750
vt 0.360191 0.390625
vt 0.360191 0.406250
vt 0.344657 0.406250
vt 0.344657 0.390625
vt 0.298054 0.390625
vt 0.080573 0.671875
vt 0.329122 0.687500
vt 0.313588 0.687500
vt 0.515534 0.703125
vt 0.546603 0.687500
vt 0.468931 0.640625
vt 0.158245 0.656250
vt 0.220382 0.421875
vt 0.360191 0.562500
vt 0.453397 0.531250
vt 0.391260 0.406250
vt 0.235916 0.421875
vt 0.266985 0.421875
vt 0.173779 0.265625
vt 0.158245 0.375000
vt 0.173779 0.375000
vt 0.189313 0.375000
vt 0.158245 0.390625
vt 0.096107 0.390625
vt 0.096107 0.421875
vt 0.080573 0.421875
vt 0.080573 0.437500
vt 0.065039 0.437500
vt 0.049504 0.421875
vt 0.065039 0.421875
vt 0.065039 0.390625
vt 0.049504 0.390625
vt 0.049504 0.406250
vt 0.018436 0.406250
vt 0.018436 0.484375
vt 0.018436 0.500000
vt 0.018436 0.515625
vt 0.018436 0.562500
vt 0.018436 0.578125
vt 0.235916 0.718750
vt 0.484466 0.718750
vt 0.531069 0.718750
vt 0.531069 0.703125
vt 0.546603 0.703125
vt 0.360191 0.546875
vt 0.453397 0.546875
vt 0.220382 0.203125
vt 0.701946 0.921875
vt 0.080573 0.390625
vt 0.422328 0.890625
vt 0.500000 0.484375
vt 0.484466 0.921875
vt 0.313588 0.687500
vt 0.375725 0.734375
vt 0.360191 0.734375
vt 0.235916 0.734375
vt 0.189313 0.781250
vt 0.204848 0.765625
vt 0.204848 0.781250
vt 0.220382 0.906250
vt 0.251451 0.921875
vt 0.282519 0.921875
vt 0.282519 0.906250
vt 0.251451 0.890625
vt 0.220382 0.890625
vt 0.298054 0.546875
vt 0.313588 0.562500
vt 0.313588 0.578125
vt 0.282519 0.656250
vt 0.220382 0.546875
vt 0.406794 0.343750
vt 0.375725 0.359375
vt 0.406794 0.375000
vt 0.437863 0.375000
vt 0.018436 0.140625
vt 0.220382 0.218750
vt 0.764084 0.906250
vt 0.018436 0.984375
vt 0.111642 0.625000
vt 0.018436 0.625000
vt 0.111642 0.609375
vt 0.189313 0.953125
vt 0.997099 0.109375
vt 0.997099 0.203125
vt 0.997099 0.234375
vt 0.997099 0.265625
vt 0.997099 0.281250
vt 0.997099 0.218750
vt 0.981564 0.437500
vt 0.997099 0.828125
vt 0.002901 0.046875
vt 0.950496 1.000000
vt 0.888358 1.000000
vt 0.872824 1.000000
vt 0.841755 1.000000
vt 0.795152 1.000000
vt 0.748549 1.000000
vt 0.500000 1.000000
vt 0.546603 1.000000
vt 0.577672 1.000000
vt 0.624275 1.000000
vt 0.686412 0.000000
vt 0.670878 0.000000
vt 0.655343 0.000000
vt 0.453397 0.000000
vt 0.437863 0.000000
vt 0.422328 0.000000
vt 0.173779 0.000000
vt 0.080573 1.000000
vt 0.096107 1.000000
vt 0.127176 1.000000
vt 0.158245 0.000000
vt 0.204848 0.000000
vt 0.406794 0.000000
vt 0.468931 0.000000
vt 0.531069 0.000000
vt 0.546603 0.000000
vt 0.639809 0.000000
vt 0.841755 0.000000
vt 0.888358 0.000000
vt 0.997099 0.031250
vt 0.997099 0.046875
vt 0.717481 0.921875
vt 0.670878 0.906250
vt 0.779618 0.906250
vt 0.220382 0.906250
vt 0.111642 0.843750
vt 0.111642 0.828125
vt 0.018436 0.828125
vt 0.344657 0.828125
vt 0.733015 0.812500
vt 0.717481 0.812500
vt 0.670878 0.812500
vt 0.624275 0.812500
vt 0.608740 0.812500
vt 0.608740 0.828125
vt 0.795152 0.625000
vt 0.795152 0.609375
vt 0.795152 0.578125
vt 0.546603 0.593750
vt 0.546603 0.562500
vt 0.701946 0.484375
vt 0.142710 0.781250
vt 0.670878 0.734375
vt 0.546603 0.718750
vt 0.934961 0.734375
vt 0.562137 0.703125
vt 0.997099 0.750000
vt 0.997099 0.765625
vt 0.997099 0.796875
vt 0.997099 0.812500
vt 0.997099 0.734375
vt 0.670878 0.640625
vt 0.624275 0.625000
vt 0.733015 0.656250
vt 0.810687 0.734375
vt 0.546603 0.625000
vt 0.562137 0.609375
vt 0.546603 0.609375
vt 0.375725 0.187500
vt 0.173779 0.171875
vt 0.468931 0.546875
vt 0.127176 0.359375
vt 0.872824 0.468750
vt 0.966030 0.453125
vt 0.002901 0.078125
vt 0.018436 0.078125
vt 0.018436 0.031250
vt 0.997099 0.468750
vt 0.997099 0.515625
vt 0.049504 0.390625
vt 0.049504 0.468750
vt 0.096107 0.390625
vt 0.127176 0.375000
vt 0.158245 0.281250
vt 0.375725 0.421875
vt 0.220382 0.421875
vt 0.065039 0.671875
vt 0.018436 0.640625
vt 0.888358 0.421875
vt 0.360191 0.421875
vt 0.018436 0.375000
vt 0.018436 0.390625
vt 0.111642 0.375000
vt 0.329122 0.375000
vt 0.018436 0.218750
vt 0.002901 0.187500
vt 0.360191 0.312500
vt 0.981564 0.281250
vt 0.033970 0.281250
vt 0.375725 0.265625
vt 0.484466 0.187500
vt 0.468931 0.187500
vt 0.670878 0.218750
vt 0.997099 0.203125
vt 0.981564 0.390625
vt 0.111642 0.187500
vt 0.002901 0.625000
vt 0.002901 0.718750
vt 0.608740 0.109375
vt 0.158245 0.093750
vt 0.142710 0.093750
vt 0.018436 0.093750
vt 0.670878 0.109375
vt 0.981564 0.109375
vt 0.142710 0.078125
vt 0.453397 0.875000
vt 0.484466 0.031250
vt 0.484466 0.078125
vt 0.002901 0.984375
vt 0.220382 0.984375
vt 0.422328 0.984375
vt 0.997099 0.125000
vt 0.997099 0.187500
vt 0.717481 1.000000
vt 0.997099 0.937500
vt 0.997099 0.968750
vt 0.997099 0.859375
vt 0.997099 0.812500
vt 0.997099 0.750000
vt 0.997099 0.593750
vt 0.981564 0.593750
vt 0.997099 0.578125
vt 0.981564 0.578125
vt 0.997099 0.562500
vt 0.981564 0.562500
vt 0.997099 0.546875
vt 0.997099 0.531250
vt 0.997099 0.453125
vt 0.997099 0.406250
vt 0.997099 0.421875
vt 0.997099 0.437500
vt 0.981564 0.406250
vt 0.997099 0.250000
vt 0.997099 0.390625
vt 0.950496 0.000000
vt 0.872824 0.000000
vt 0.841755 0.000000
vt 0.002901 0.093750
vt 0.002901 0.234375
vt 0.018436 0.234375
vt 0.002901 0.250000
vt 0.018436 0.250000
vt 0.002901 0.296875
vt 0.002901 0.375000
vt 0.002901 0.390625
vt 0.002901 0.656250
vt 0.002901 0.687500
vt 0.002901 0.671875
vt 0.002901 0.796875
vt 0.002901 0.968750
vt 0.002901 0.953125
vt 0.655343 0.000000
vt 0.670878 0.000000
vt 0.872824 0.437500
vt 0.717481 0.921875
vt 0.608740 0.625000
vt 0.282519 0.296875
vt 0.577672 0.625000
vt 0.577672 0.640625
vt 0.142710 0.781250
vt 0.997099 0.562500
vt 0.624275 0.625000
vt 0.670878 0.625000
vt 0.406794 0.359375
vt 0.841755 0.296875
vt 0.360191 1.000000
vt 0.375725 1.000000
vt 0.282519 1.000000
vt 0.298054 1.000000
vt 0.313588 1.000000
vt 0.329122 1.000000
vt 0.344657 1.000000
vt 0.997099 0.093750
vt 0.655343 0.046875
vt 0.655343 0.109375
vt 0.002901 0.328125
vt 0.002901 0.343750
vt 0.002901 0.281250
vt 0.795152 0.000000
vt 0.997099 0.015625
vt 0.997099 0.031250
s 0
usemtl Materiał
f 254/1/1 5018/2/1 5044/3/1 5072/4/1 256/5/1 255/6/1
f 1229/7/2 1230/8/2 1265/9/2 1264/10/2 1263/11/2
f 355/8/3 356/12/3 397/13/3 396/9/3
f 3764/14/4 3819/15/4 3818/16/4 3750/17/4 3751/18/4
f 1937/19/5 2005/20/5 2004/21/5 1936/22/5
f 4987/23/6 5017/24/6 5016/25/6 4986/26/6
f 4953/27/7 4954/28/7 4955/29/7 4971/30/7 4970/31/7
f 382/32/8 383/33/8 405/34/8 404/35/8
f 4776/36/9 4777/37/9 4812/38/9 4811/39/9 4810/40/9 4809/41/9 4808/42/9 4807/43/9
f 1262/44/10 1345/45/10 1344/46/10 1343/47/10 1402/48/10 1403/49/10 1404/50/10 1421/51/10 1420/52/10 1401/53/10 1385/54/10 1386/55/10 1259/56/10 1260/57/10 1261/58/10
f 180/59/11 4745/60/11 4744/61/11 4743/62/11 4742/63/11 181/64/11
f 418/65/12 419/66/12 430/67/12 429/68/12
f 3767/69/13 3786/70/13 3785/71/13 3777/72/13 3755/73/13 3756/74/13
f 1843/75/14 2071/76/14 2070/77/14 1911/78/14 1892/79/14 1877/80/14 1773/81/14 1774/82/14 1825/83/14
f 369/84/15 370/85/15 407/86/15 406/87/15 412/88/15 423/89/15 434/90/15 498/91/15 497/92/15 467/93/15 445/94/15 433/95/15 368/96/15
f 1292/89/16 1293/97/16 1304/98/16 1303/90/16
f 1297/99/17 1351/100/17 1369/101/17 1413/102/17 1412/103/17 1296/104/17
f 1299/67/18 1318/105/18 1317/106/18 1298/68/18
f 5482/107/19 5525/108/19 5524/109/19 5498/110/19 5481/111/19
f 1238/112/20 1312/113/20 1311/114/20 1269/115/20 1237/116/20
f 1255/117/21 1256/118/21 1322/119/21 1321/120/21
f 3761/121/22 3840/38/22 3839/122/22 3838/123/22 3759/124/22 3760/125/22
f 437/109/23 438/126/23 460/127/23 459/128/23
f 4590/129/24 4608/130/24 4607/110/24 4601/131/24 4589/132/24
f 440/133/25 441/134/25 462/135/25 461/136/25
f 399/137/26 464/138/26 463/139/26 398/140/26
f 4395/141/27 4435/142/27 4434/143/27 4417/113/27 4394/17/27
f 444/144/28 445/94/28 467/93/28 466/141/28
f 3937/145/29 3974/146/29 3973/147/29 3967/148/29 3962/149/29 3936/125/29
f 454/150/30 455/151/30 473/152/30 472/153/30
f 1776/154/31 1777/155/31 1792/156/31 1791/157/31
f 456/158/32 457/159/32 478/160/32 477/161/32
f 457/159/33 458/162/33 479/163/33 478/160/33
f 2698/164/34 2835/165/34 2850/127/34 2849/166/34 2772/167/34 2710/168/34 2709/169/34 2696/170/34 2653/171/34 2628/172/34 2584/173/34 2561/174/34 2562/175/34 2697/176/34
f 2949/177/35 2950/178/35 293/179/35 294/180/35 295/181/35 2948/182/35
f 707/183/36 739/184/36 738/185/36 612/186/36 613/187/36 550/188/36 531/189/36 507/190/36 486/191/36 470/192/36 469/193/36 404/35/36 405/34/36 383/33/36 384/194/36 626/195/36 625/196/36
f 468/197/37 469/193/37 485/198/37 484/199/37
f 469/193/38 470/192/38 486/191/38 485/198/38
f 4836/145/39 4866/200/39 4865/201/39 4835/202/39 4809/41/39 4810/40/39
f 475/46/40 534/49/40 533/48/40 474/47/40
f 477/161/41 478/160/41 492/203/41 491/204/41
f 478/160/42 479/163/42 493/205/42 492/203/42
f 1351/100/43 1352/206/43 1371/207/43 1370/208/43 1369/101/43
f 295/209/44 2995/210/44 2994/211/44 2993/212/44 296/213/44
f 484/199/45 485/198/45 506/214/45 505/215/45
f 485/198/46 486/191/46 507/190/46 506/214/46
f 4563/216/47 4531/217/47 4565/218/47 4564/219/47
f 497/92/48 498/91/48 514/220/48 513/221/48
f 1193/222/49 1194/223/49 152/224/49 153/225/49
f 5014/226/50 5015/227/50 5042/228/50 5041/229/50 5040/230/50
f 513/221/51 514/220/51 527/231/51 526/232/51
f 1383/220/52 1384/233/52 1397/234/52 1396/231/52
f 4168/207/53 4169/235/53 4221/236/53 4220/208/53
f 3847/62/54 3848/63/54 3849/237/54 3870/238/54 3869/239/54 3846/240/54
f 5560/241/55 5567/242/55 5566/243/55 5544/244/55 5545/245/55
f 4490/246/56 4532/247/56 4566/248/56 4565/218/56 4531/217/56 4505/249/56 4489/250/56
f 1380/251/57 1381/252/57 1411/253/57 1410/246/57 1394/254/57 1393/255/57 1267/140/57 1332/139/57
f 529/256/58 530/257/58 549/258/58 548/259/58
f 530/257/59 531/189/59 550/188/59 549/258/59
f 1377/260/60 1385/54/60 1401/53/60 1420/52/60 1357/202/60 1358/261/60
f 1409/262/61 1410/246/61 1426/263/61 1425/264/61 1424/265/61
f 558/266/62 543/103/62 544/102/62 559/267/62
f 3641/268/63 3642/269/63 3657/270/63 3656/271/63 3655/272/63
f 2718/187/64 2784/273/64 2783/258/64 2782/274/64 2797/275/64 2798/257/64 2799/276/64 2830/277/64 2829/278/64 2828/279/64 2839/199/64 2858/197/64 2859/280/64 2926/281/64 2925/282/64 2780/271/64 2781/270/64 2766/269/64 2765/268/64 2754/283/64 2755/284/64 2685/285/64 2686/286/64 2666/287/64 2665/288/64 2594/289/64 2595/290/64 2717/291/64
f 551/52/65 552/51/65 565/292/65 564/293/65
f 3551/294/66 3600/295/66 3599/296/66 3566/297/66 3567/298/66 3550/299/66 3538/300/66 3539/301/66 3552/302/66
f 4168/207/67 4220/208/67 4242/101/67 4241/303/67 4167/304/67
f 4255/305/68 4256/306/68 4257/307/68 4258/308/68 4273/309/68 4272/310/68 4254/311/68
f 5334/312/69 5335/313/69 5362/314/69 5361/138/69 5333/315/69
f 2131/316/70 2175/317/70 2174/318/70 2130/319/70
f 4436/320/71 4437/321/71 4438/322/71 4464/323/71 4463/324/71 4462/325/71 4461/326/71
f 580/327/72 581/328/72 587/329/72 586/330/72
f 3607/331/73 3629/332/73 3628/333/73 3606/334/73
f 2742/335/74 2824/336/74 2823/101/74 2778/337/74 2763/338/74 2753/332/74 2731/331/74 2732/339/74
f 1451/335/75 1452/340/75 1460/341/75 1459/342/75
f 2764/343/76 2826/228/76 2825/207/76 2743/340/76 2733/344/76 2734/345/76 2744/346/76 2745/347/76
f 585/348/77 586/330/77 597/349/77 596/350/77
f 566/351/78 645/352/78 644/294/78 601/353/78 587/329/78 581/328/78
f 5499/354/79 5500/355/79 5526/356/79 5525/108/79 5482/107/79 5483/357/79
f 4440/358/80 4441/359/80 4467/360/80 4466/361/80 4465/350/80 4439/362/80
f 2721/363/81 2722/364/81 2723/296/81 2724/295/81 2729/329/81 2728/365/81 2720/366/81 2712/367/81 2713/368/81
f 3624/369/82 3644/370/82 3643/371/82 3632/372/82 3623/373/82 3525/374/82 3526/375/82 3612/376/82 3613/377/82 3625/378/82
f 554/379/83 604/169/83 614/170/83 657/380/83 656/381/83 553/382/83
f 2634/383/84 2659/384/84 2660/385/84 2702/386/84 2722/364/84 2721/363/84 2713/368/84 2672/387/84 2671/388/84 2633/389/84
f 1492/390/85 1493/391/85 1502/392/85 1501/393/85 1480/394/85
f 1575/183/86 1607/184/86 1606/185/86 1481/186/86 1482/187/86 1419/188/86 1400/189/86 1376/190/86 1355/191/86 1339/192/86 1338/193/86 1273/35/86 1274/34/86 1252/33/86 1253/194/86 1495/195/86 1494/196/86
f 149/395/87 1239/396/87 1238/112/87 150/397/87
f 1487/359/88 1488/398/88 1498/399/88 1497/400/88 1496/401/88 1486/402/88
f 3358/403/89 3405/404/89 3404/405/89 3376/406/89 3345/407/89 3346/408/89
f 1255/117/90 1321/120/90 1320/409/90 1340/146/90 1356/410/90 1504/411/90 1503/412/90 1576/413/90 1575/183/90 1494/196/90 1495/195/90 1253/194/90 1254/414/90
f 1440/415/91 1588/416/91 1589/417/91 1590/418/91 1591/419/91 1610/420/91 1777/155/91 1776/154/91 1634/421/91 1633/422/91 1690/423/91 1689/424/91 1661/425/91 1609/426/91 1608/427/91 1607/184/91 1575/183/91 1576/413/91 1503/412/91 1504/411/91 1356/410/91 1357/202/91 1420/52/91 1433/293/91 1432/371/91
f 3688/36/92 3841/37/92 3840/38/92 3761/121/92 3739/152/92 3720/428/92 3707/42/92 3687/429/92
f 2816/430/93 2815/431/93 2788/432/93 2789/245/93 2771/244/93 2772/167/93 2849/166/93 2867/433/93 2886/108/93 2932/434/93 2931/435/93 2919/13/93 2848/436/93 2834/437/93
f 628/400/94 629/399/94 639/438/94 638/439/94
f 4967/440/95 4968/441/95 4969/442/95 4970/31/95 4971/30/95 4987/23/95 4986/26/95 4985/443/95 4984/444/95 4983/445/95 4982/446/95 4981/447/95 4980/448/95 4979/449/95 4991/450/95 4990/451/95 4977/452/95 4978/453/95 4966/454/95
f 4101/455/96 4123/456/96 4122/457/96 4100/458/96
f 574/373/97 681/459/97 693/460/97 699/461/97 709/462/97 721/417/97 720/416/97 571/415/97
f 636/463/98 637/464/98 660/465/98 659/466/98
f 642/467/99 643/468/99 666/469/99 665/470/99
f 5182/471/100 5183/472/100 5196/473/100 5195/474/100 5180/475/100 5181/476/100
f 3390/477/101 3554/478/101 3447/479/101 3428/476/101 3429/480/101 3389/481/101
f 5035/482/102 5036/483/102 5037/484/102 5065/485/102 5064/486/102
f 659/466/103 660/465/103 675/487/103 674/488/103
f 660/465/104 661/489/104 676/490/104 675/487/104
f 3521/491/105 3522/492/105 3534/493/105 3533/494/105 3520/495/105
f 666/469/106 667/301/106 680/496/106 679/497/106
f 1023/498/107 1024/79/107 1043/78/107 1042/499/107
f 2769/500/108 2768/370/108 2748/369/108 2749/378/108 2737/377/108 2736/376/108 2650/375/108 2637/501/108 2638/502/108 2625/503/108 2624/504/108 2619/505/108 2620/506/108 2626/507/108 2639/508/108 2651/509/108 2750/510/108 269/511/108 270/512/108
f 1308/513/109 1309/133/109 1330/136/109 1329/127/109 1307/126/109
f 5585/514/110 5556/515/110 5557/516/110 5539/517/110 5540/518/110 5558/519/110 5559/520/110 5543/521/110 5542/169/110 5521/522/110 5522/167/110 5544/244/110 5566/243/110 5567/242/110 5560/241/110 5561/431/110 5568/204/110 5569/161/110 5570/158/110 5563/523/110 5548/436/110 5549/13/110 5564/524/110 5586/525/110
f 1540/526/111 1541/527/111 1555/528/111 1554/529/111
f 1544/490/112 1545/530/112 1557/531/112 1556/532/112 1542/488/112 1543/487/112
f 2126/533/113 2127/534/113 2156/535/113 2155/536/113 2154/537/113
f 4404/538/114 4426/539/114 4425/540/114 4415/541/114 4403/542/114
f 1550/543/115 1562/544/115 1561/460/115 1549/459/115
f 2621/545/116 2622/546/116 2630/547/116 2629/529/116
f 281/548/117 280/549/117 3007/550/117 3006/316/117 3005/319/117 282/551/117
f 238/552/118 3960/553/118 3934/554/118 3899/555/118 3867/556/118 239/557/118
f 1561/460/119 1562/544/119 1563/502/119 1569/503/119 1568/558/119 1567/461/119
f 699/461/120 700/558/120 710/559/120 709/462/120
f 2738/560/121 2739/561/121 2760/562/121 2759/563/121 2774/564/121 2773/565/121 2654/566/121 2600/567/121 2601/568/121 2612/569/121 2621/545/121 2629/529/121 2640/570/121
f 84/571/122 85/572/122 393/44/122 392/58/122
f 5289/573/123 5430/574/123 5429/568/123 5303/575/123 5288/576/123
f 86/577/124 5600/578/124 5587/579/124 5565/580/124 87/581/124
f 5412/582/125 5413/583/125 5443/584/125 5442/585/125 5441/586/125 5440/587/125
f 2897/588/126 2898/589/126 2899/590/126 2916/591/126 2915/592/126 2907/593/126 2906/594/126
f 3460/173/127 3504/172/127 3503/516/127 3459/515/127
f 3478/595/128 3443/596/128 3479/597/128
f 2516/598/129 2589/599/129 2590/600/129 2680/601/129 2679/602/129 2605/603/129 2604/604/129 2515/605/129
f 610/606/130 734/607/130 733/608/130 649/609/130 622/610/130 621/611/130 602/612/130 603/613/130 609/614/130
f 718/615/131 719/482/131 736/616/131 735/617/131
f 724/618/132 725/514/132 744/619/132 743/620/132
f 4682/621/133 4693/622/133 4700/619/133 4699/514/133 4681/515/133
f 726/623/134 727/624/134 747/174/134 746/625/134
f 2508/626/135 2564/627/135 2586/628/135 2585/629/135 2563/630/135 2551/631/135 2532/632/135 2507/633/135
f 201/634/136 2123/635/136 2124/636/136 2125/637/136 2153/638/136 2171/639/136 2170/640/136 2152/641/136 2151/642/136 2122/643/136 202/1/136
f 1602/607/137 1603/617/137 1626/644/137 1601/608/137
f 735/617/138 736/616/138 759/645/138 758/644/138
f 941/646/139 861/647/139 851/648/139 838/649/139 817/454/139 761/440/139 569/650/139 570/284/139 654/651/139 655/286/139 670/652/139 669/653/139 737/289/139 762/654/139 777/655/139 818/656/139 819/657/139 943/658/139 942/659/139 964/660/139 963/661/139
f 4915/290/140 4949/662/140 4948/663/140 4900/664/140 4887/665/140 4888/427/140 4901/666/140
f 4731/667/141 4732/668/141 4747/669/141
f 745/670/142 746/625/142 747/174/142 748/671/142 771/672/142 770/673/142 769/674/142 768/675/142 767/676/142 743/620/142 744/619/142
f 763/664/143 764/677/143 779/678/143 778/679/143
f 1639/672/144 1665/680/144 1664/681/144 1638/673/144
f 5493/682/145 5494/683/145 5518/684/145 5517/685/145 5492/686/145
f 773/687/146 774/631/146 782/688/146 781/689/146
f 4871/690/147 4913/691/147 4912/692/147 4894/535/147 4870/693/147
f 1644/480/148 1674/481/148 1673/694/148 1656/695/148 1643/696/148
f 4642/697/149 4643/698/149 4644/699/149 4669/700/149 4668/701/149
f 4594/702/150 4613/703/150 4612/682/150 4593/704/150
f 781/689/151 782/688/151 800/633/151 799/702/151
f 1079/705/152 1080/706/152 1086/707/152 1085/708/152
f 5195/474/153 5206/709/153 5224/710/153 5236/711/153 5258/712/153 5257/713/153 5194/714/153 5179/715/153 5180/475/153
f 810/716/154 809/717/154 732/718/154 733/608/154 758/644/154 789/719/154
f 1678/716/155 1657/719/155 1682/720/155 1681/721/155 1680/722/155 1679/723/155
f 779/678/156 869/724/156 885/725/156 898/726/156 946/727/156 945/728/156 778/679/156
f 1661/425/157 1689/424/157 1688/729/157
f 2483/730/158 2484/731/158 2508/626/158 2507/633/158 2506/732/158 2505/733/158 2504/685/158 2503/681/158
f 2486/734/159 2487/735/159 2511/736/159 2510/713/159 2485/737/159
f 804/736/160 805/694/160 828/738/160 827/735/160
f 1675/477/161 1676/739/161 1677/717/161 1697/740/161 1696/738/161 1673/694/161 1674/481/161
f 827/735/162 959/741/162 958/742/162 826/743/162
f 2554/655/163 2525/744/163 2526/657/163 2389/658/163 2390/745/163 2391/746/163 2555/679/163
f 1688/729/164 1689/424/164 1708/747/164 1707/748/164
f 1720/749/165 1732/750/165 1731/751/165 1708/747/165 1689/424/165 1690/423/165
f 1679/723/166 1680/722/166 1699/752/166 1698/753/166 1712/754/166 1711/755/166 1710/756/166 1696/738/166 1697/740/166 1677/717/166 1678/716/166
f 832/757/167 833/758/167 846/759/167 845/760/167
f 2495/761/168 2574/762/168 2573/645/168 2540/763/168 2522/764/168 2494/765/168 2477/766/168 2478/767/168
f 1703/768/169 1704/769/169 1717/770/169 1716/767/169
f 4825/771/170 4860/772/170 4859/773/170 4824/407/170
f 292/774/171 291/1/171 2998/643/171 2997/775/171 2996/776/171 293/5/171
f 850/777/172 851/648/172 861/647/172 860/778/172
f 1742/779/173 1781/780/173 1797/781/173 1796/782/173 1721/783/173 1722/784/173 1733/785/173
f 2971/786/174 2972/787/174 2973/788/174 3014/789/174 3013/790/174 3012/791/174 3011/792/174 2970/793/174
f 2435/794/175 2465/795/175 2464/796/175 2434/797/175
f 1707/748/176 1730/798/176 1738/799/176 1737/724/176 1647/678/176 1632/677/176 1608/427/176 1609/426/176 1661/425/176 1688/729/176
f 3950/800/177 3968/801/177 3982/802/177 3981/803/177 3949/804/177
f 863/751/178 864/750/178 873/805/178 872/806/178
f 865/785/179 866/807/179 876/808/179 875/809/179 874/779/179
f 1599/810/180 1746/811/180 1745/812/180 1620/813/180 1598/814/180
f 3239/815/181 3362/734/181 3361/737/181 3318/816/181 3305/817/181 3296/82/181 3238/818/181
f 2318/819/182 2353/820/182 2393/821/182 2409/822/182 2458/823/182 2457/806/182 2317/824/182
f 2308/825/183 2438/826/183 2437/827/183 2400/828/183 2375/829/183 2360/830/183 2340/831/183 2307/832/183
f 1888/833/184 1887/834/184 1875/835/184 1874/836/184 1743/809/184 1744/808/184 1734/807/184 1723/837/184 1709/838/184 1770/839/184 1769/840/184 1783/841/184 1799/842/184 1798/843/184 1782/844/184 1768/845/184 1767/846/184 1837/847/184 1838/848/184 1854/849/184 1839/850/184 1840/851/184 1856/852/184 1855/853/184 1865/854/184 1866/855/184 1867/856/184 1857/857/184 1802/858/184 1803/859/184 1787/860/184 1745/812/184 1746/811/184 1755/861/184 1788/862/184 1789/863/184 1772/864/184 1773/81/184 1877/80/184 1892/79/184 1891/498/184 1876/865/184 1890/866/184 1889/867/184 1842/868/184 1841/869/184 1907/870/184 1908/871/184 1943/872/184 1942/873/184 1949/874/184 1957/875/184 1956/876/184 1955/877/184 1982/878/184 1981/879/184 1904/880/184 1905/881/184 1906/882/184
f 2427/883/185 2428/884/185 2429/817/185 2442/816/185 2441/885/185 2425/861/185 2426/540/185
f 521/886/186 520/241/186 492/203/186 493/205/186 479/163/186 458/162/186 397/13/186 356/12/186 357/356/186 431/887/186 437/109/186 459/128/186 538/888/186 537/889/186
f 881/311/187 882/890/187 893/891/187 892/892/187
f 3307/893/188 3308/894/188 3322/895/188 3321/890/188
f 2967/896/189 2968/897/189 276/898/189 277/571/189
f 883/899/190 884/900/190 895/901/190 894/894/190
f 3983/902/191 3999/903/191 3998/904/191 3982/802/191 3968/801/191 3950/800/191 3951/824/191 3984/905/191
f 1772/864/192 1789/863/192 1788/862/192 1755/861/192 1756/540/192
f 2418/864/193 2419/81/193 2428/884/193 2427/883/193 2426/540/193
f 890/542/194 891/817/194 906/82/194 905/81/194
f 5177/756/195 5178/906/195 5193/907/195 5192/908/195 5176/909/195
f 4498/910/196 4516/911/196 4526/912/196 4548/913/196 4547/914/196 4525/915/196 4497/916/196
f 2440/917/197 2566/918/197 2565/919/197 2417/920/197 2405/921/197 2406/922/197
f 4309/923/198 4385/924/198 4384/712/198 4366/925/198 4350/926/198 4340/927/198 4308/474/198 4299/928/198 4300/929/198
f 909/155/199 910/930/199 925/931/199 924/156/199
f 1635/676/200 1636/675/200 1662/932/200 1663/933/200 1780/934/200 1779/935/200 1795/936/200 1794/937/200
f 915/841/201 916/912/201 932/938/201 931/842/201
f 916/912/202 917/939/202 933/940/202 932/938/202
f 4476/941/203 4506/942/203 4517/943/203 4516/911/203 4498/910/203 4475/944/203
f 936/945/204 1012/946/204 1011/947/204 894/894/204 895/901/204 907/948/204
f 4988/949/205 4999/795/205 4998/950/205 4997/951/205
f 1729/647/206 1809/646/206 1808/952/206 1728/778/206
f 886/902/207 1014/905/207 1013/953/207 1002/954/207 993/955/207 980/956/207 966/957/207 946/727/207 898/726/207 885/725/207
f 922/822/208 923/157/208 948/958/208 947/959/208
f 4746/960/209 4771/157/209 4770/961/209 4763/962/209 4753/963/209 4729/964/209 4730/931/209
f 926/937/210 927/936/210 953/965/210 952/966/210
f 927/936/211 928/782/211 954/967/211 953/965/211
f 928/782/212 929/781/212 955/968/212 954/967/212
f 4528/969/213 4550/849/213 4578/970/213 4577/971/213 4576/972/213 4549/973/213 4527/974/213
f 3220/975/214 3255/976/214 3254/974/214 3219/969/214
f 3207/977/215 3256/942/215 3255/976/215 3220/975/215 3206/852/215
f 1695/735/216 1827/741/216 1826/742/216 1694/743/216
f 4265/589/217 4287/588/217 4286/978/217 4264/979/217 4263/980/217 4239/981/217 4240/982/217
f 937/983/218 938/984/218 939/985/218 940/952/218 962/986/218 961/987/218
f 940/952/219 941/646/219 963/661/219 962/986/219
f 1812/988/220 1813/728/220 1833/989/220 1832/660/220 1810/659/220 1811/658/220
f 945/728/221 946/727/221 966/957/221 965/989/221
f 1817/990/222 1851/991/222 1850/992/222 1816/958/222
f 4667/967/223 4637/968/223 4638/993/223 4717/994/223 4716/995/223 4715/996/223 4705/965/223
f 3252/972/224 3277/844/224 3290/997/224 3289/998/224 3217/999/224 3218/1000/224 3237/1001/224
f 1826/742/225 1827/741/225 1844/1002/225 1843/75/225 1825/83/225
f 5166/1003/226 5167/1004/226 5177/756/226 5176/909/226
f 1000/1005/227 1048/1006/227 1047/1007/227 1029/1008/227 1012/946/227 936/945/227 907/948/227 895/901/227 884/900/227 868/1009/227 937/983/227 961/987/227 978/1010/227 979/1011/227 992/1012/227 1001/1013/227
f 1860/1012/228 1847/1011/228 1846/1010/228 1829/987/228 1830/986/228 1831/661/228 1832/660/228 1833/989/228 1834/957/228 1848/956/228
f 1889/867/229 1890/866/229 1909/1014/229 1944/1015/229 1943/872/229 1908/871/229 1907/870/229 1841/869/229 1842/868/229
f 975/75/230 1203/76/230 1202/77/230 1043/78/230 1024/79/230 1009/80/230 905/81/230 906/82/230 957/83/230
f 948/958/231 982/992/231 994/1016/231 995/1017/231 1004/1018/231 1003/1019/231 1060/1020/231 1059/1021/231 1052/1022/231 1033/1023/231 1016/1024/231 981/1025/231 947/959/231
f 982/992/232 983/991/232 995/1017/232 994/1016/232
f 983/991/233 984/1026/233 996/1027/233 995/1017/233
f 987/853/234 988/852/234 998/855/234 997/854/234
f 988/852/235 989/857/235 999/856/235 998/855/235
f 3430/655/236 3401/744/236 3402/657/236 3265/658/236 3266/745/236 3267/746/236 3431/679/236
f 3452/1028/237 3453/1029/237 3454/1030/237 3473/1031/237 3472/1032/237 3471/290/237 3470/289/237
f 4719/1033/238 4718/1034/238 4717/994/238 4638/993/238 4639/832/238 4615/836/238 4616/1035/238 4640/1036/238 4641/1037/238 4642/697/238 4668/701/238 4669/700/238 4684/1038/238 4685/1039/238 4686/1040/238 4696/791/238 4706/1041/238 4707/1042/238 4721/1043/238 4720/1044/238
f 1006/836/239 1007/835/239 1019/834/239 1018/1035/239
f 1023/498/240 1042/499/240 1201/1045/240 1200/1046/240 1174/1047/240 1154/1048/240 1091/1049/240 1083/1050/240 1076/1015/240 1041/1014/240 1022/866/240 1008/865/240
f 5078/1051/241 5088/1052/241 5087/1053/241 5077/1054/241 5050/1055/241 5051/1056/241
f 1882/905/242 1883/824/242 1900/1057/242 1899/1058/242 1898/1059/242 1881/953/242
f 1015/824/243 1016/1024/243 1033/1023/243 1032/1057/243
f 1017/1060/244 1018/1035/244 1036/880/244 1035/1061/244
f 215/1062/245 214/1063/245 4621/1064/245 4604/1065/245 4587/1066/245 216/1067/245
f 1019/834/246 1020/833/246 1038/882/246 1037/881/246
f 1891/498/247 1892/79/247 1911/78/247 1910/499/247
f 1025/1068/248 1026/1069/248 1045/1070/248 1044/1071/248
f 1894/1069/249 1895/1053/249 1896/1072/249 1914/1073/249 1913/1070/249
f 1028/1072/250 1029/1008/250 1047/1007/250 1046/1073/250
f 1246/1074/251 1316/1075/251 1315/1076/251 1245/1077/251
f 1965/1078/252 1966/1079/252 1974/1080/252 1975/1081/252 1976/1082/252 2073/1083/252 206/1084/252 207/1085/252 2072/1086/252 2071/76/252 1843/75/252 1844/1002/252 1827/741/252 1828/1087/252 1845/1088/252 1711/755/252 1712/754/252 1698/753/252 1699/752/252 1680/722/252 1681/721/252 1682/720/252 1683/1089/252 1702/765/252 1701/758/252 1700/757/252 1713/760/252 1714/759/252 1724/1090/252 1725/1091/252 1715/1092/252 1716/767/252 1717/770/252 1704/769/252 1705/1093/252 1684/453/252 1685/454/252 1706/649/252 1719/648/252 1718/777/252 1728/778/252 1808/952/252 1807/985/252 1727/1094/252 1726/1095/252 1764/1096/252 1765/1097/252 1806/984/252 1805/983/252 1736/1009/252 1735/1098/252 1748/310/252 1922/1099/252 1923/1100/252 1924/1101/252 1934/1102/252 1935/1103/252 1925/1104/252 1926/1105/252 1915/1007/252 1916/1006/252 1868/1005/252 1869/1013/252 1860/1012/252 1848/956/252 1861/955/252 1870/954/252 1881/953/252 1898/1059/252 1899/1058/252 1918/1106/252 1917/1107/252 1940/1108/252 1939/1109/252 2007/1110/252 2006/1111/252 2027/691/252 2052/1112/252 2051/1113/252 1938/1114/252 1937/19/252 1936/22/252 2004/21/252 2003/1115/252 1972/1116/252 1971/1117/252 1970/1118/252 2080/1119/252 2079/1120/252 2045/1121/252 2046/1122/252 1985/1123/252 1984/1124/252 1979/1125/252 1978/1126/252 1946/1127/252 1945/1128/252 2001/1129/252 2002/1130/252 2078/1131/252 2077/1132/252 2044/1133/252 2043/1134/252 2075/1135/252 2074/1136/252 1977/1137/252 1969/1138/252 1968/1139/252 1962/1140/252 1859/1141/252 1858/1142/252 1961/1143/252 1960/1144/252
f 1899/1058/253 1900/1057/253 1901/1023/253 1920/1022/253 1919/1145/253 1918/1106/253
f 3656/271/254 3801/282/254 3831/29/254 3830/30/254 3655/272/254
f 5272/77/255 5273/1146/255 5296/1147/255 5295/1148/255
f 1934/1102/256 1924/1101/256 1923/1100/256 1912/1071/256 1913/1070/256 1914/1073/256 1915/1007/256 1926/1105/256 1925/1104/256 1935/1103/256
f 1928/1020/257 1929/1149/257 1941/1150/257 1927/1021/257
f 1933/697/258 1980/698/258 1996/1151/258 1995/700/258 1932/701/258
f 2584/173/259 2628/172/259 2627/516/259 2583/515/259
f 1938/1114/260 2051/1113/260 2050/1152/260 2026/1153/260 2005/20/260 1937/19/260
f 2209/1154/261 2260/1108/261 2259/1109/261 2191/1155/261 2192/1156/261
f 4766/1157/262 4759/1158/262 4785/1159/262 4784/1160/262 4728/1161/262 4729/964/262 4753/963/262 4752/1162/262 4751/1163/262 4761/1164/262 4760/1165/262 4767/1166/262
f 1036/880/263 1113/879/263 1112/698/263 1065/697/263 1035/1061/263
f 1074/873/264 1075/872/264 1082/1167/264 1081/874/264
f 1075/872/265 1076/1015/265 1083/1050/265 1082/1167/265
f 1927/1021/266 1941/1150/266 1947/705/266 1953/708/266 1952/1168/266 1919/1145/266 1920/1022/266
f 1947/705/267 1948/706/267 1954/707/267 1953/708/267
f 4165/1169/268 4166/1075/268 4194/1076/268 4193/1170/268
f 1082/1167/269 1083/1050/269 1091/1049/269 1090/1171/269
f 386/117/270 387/118/270 453/119/270 452/120/270
f 1859/1141/271 1962/1140/271 1961/1143/271 1858/1142/271
f 2169/1172/272 2170/640/272 2188/1173/272 2187/1174/272
f 3864/1175/273 3955/1176/273 3954/1177/273 3929/1178/273 3863/707/273
f 1956/876/274 1983/1179/274 1982/878/274 1955/877/274
f 1960/1144/275 1961/1143/275 1962/1140/275 1968/1139/275 1967/1180/275 1966/1079/275 1965/1078/275
f 4612/682/276 4613/703/276 4631/1181/276 4630/1182/276 4611/683/276
f 1098/1079/277 1099/1180/277 1107/1081/277 1106/1080/277
f 1099/1180/278 1100/1139/278 1108/1082/278 1107/1081/278
f 1100/1139/279 1101/1138/279 1109/1137/279 1108/1082/279
f 1971/1117/280 2023/1183/280 2047/1184/280 2081/1185/280 2080/1119/280 1970/1118/280
f 2174/318/281 2194/1186/281 2193/1187/281 2200/1188/281 2210/1189/281 2287/1190/281 2286/1191/281 2260/1108/281 2209/1154/281 2192/1156/281 2173/1192/281 2157/1193/281 2128/1194/281 2129/1195/281 2130/319/281
f 2114/1196/282 2215/1197/282 2214/1082/282 2113/1198/282
f 2134/555/283 2135/556/283 2158/1199/283 2197/1200/283 2236/1175/283 2235/1201/283 2240/1202/283 2288/1203/283 2287/1190/283 2210/1189/283 2211/1204/283 2201/1205/283 2202/1206/283 2226/1207/283
f 1997/1208/284 2037/1209/284 2017/1210/284 1996/1151/284 1980/698/284 1981/879/284 1989/1211/284
f 1981/879/285 1982/878/285 1983/1179/285 1990/586/285 1989/1211/285
f 5313/1212/286 5314/1049/286 5339/1213/286 5338/1214/286 5312/1215/286
f 1987/1216/287 1988/1204/287 1992/1205/287 1991/1188/287
f 4279/1217/288 4274/1127/288 4275/1126/288 4259/1218/288 4260/1219/288 4261/1220/288 4262/1120/288 4277/1131/288 4276/1130/288 4280/1221/288
f 1991/1188/289 1992/1205/289 1993/1222/289 2012/1223/289 2011/1224/289 2031/1225/289 2030/317/289 2029/1226/289 2010/1186/289 2009/1187/289
f 1995/700/290 1996/1151/290 2017/1210/290 2016/1227/290 1994/1038/290
f 4235/1228/291 4236/1229/291 4261/1220/291 4260/1219/291
f 3063/1174/292 3101/1230/292 3100/1117/292 3044/1231/292 3045/1172/292
f 4091/1232/293 4162/1172/293 4161/1233/293 4090/1234/293
f 1136/21/294 1137/20/294 1158/1153/294 1157/640/294
f 4012/1192/295 4044/691/295 4043/1235/295 4031/1110/295 4011/1236/295
f 2016/1227/296 2017/1210/296 2037/1209/296 2036/789/296 2035/1237/296
f 4502/1238/297 4503/1239/297 4511/1240/297 4510/1241/297 4509/1242/297 4501/1243/297
f 2514/477/298 2678/478/298 2571/479/298 2552/476/298 2553/480/298 2513/481/298
f 1155/1183/299 1156/1244/299 1180/642/299 1179/1184/299
f 2151/642/300 2152/641/300 2170/640/300 2169/1172/300
f 2083/1245/301 201/634/301 202/1/301 2082/2/301 2048/642/301 2049/1246/301 2025/640/301 2026/1153/301 2050/1152/301 2085/1247/301 2084/1248/301
f 2027/691/302 2028/1249/302 2054/693/302 2053/1250/302 2052/1112/302
f 4474/1251/303 4475/944/303 4498/910/303 4497/916/303 4496/1252/303 4473/1253/303
f 1164/1254/304 1225/554/304 1224/550/304 1223/1255/304 1162/317/304 1163/1225/304 1143/1224/304 1144/1223/304
f 2861/200/305 2862/145/305 2884/125/305 2883/124/305 2882/1256/305 2881/1257/305
f 4706/1041/306 4696/791/306 4708/1258/306 4709/1259/306 4722/1260/306 4721/1043/306 4707/1042/306
f 5551/1040/307 5571/791/307 5576/1261/307 5575/1262/307 5527/1263/307 5528/1264/307
f 1168/789/308 1169/1209/308 1191/1265/308 1190/1266/308
f 3823/1267/309 3824/182/309 69/181/309 68/1268/309
f 2038/1269/310 2039/1241/310 2065/1240/310 2064/1270/310
f 1172/1238/311 1173/1271/311 1199/1272/311 1198/1273/311
f 1173/1271/312 1174/1047/312 1200/1046/312 1199/1272/312
f 4764/1274/313 4801/1275/313 4831/374/313 4830/1276/313
f 5471/1277/314 5492/686/314 5517/685/314 5535/681/314 5534/1278/314 5425/1279/314 5426/1280/314 5452/1281/314
f 1179/1184/315 1180/642/315 1214/2/315 1213/1185/315
f 1182/1152/316 1183/1113/316 1218/1282/316 1217/1247/316
f 2052/1112/317 2053/1250/317 2087/1283/317 2086/1282/317 2051/1113/317
f 1185/1250/318 1186/693/318 1220/1284/318 1219/1283/318
f 1/1285/319 47/1286/319 353/578/319 46/1287/319
f 2110/1288/320 2280/78/320 2279/1289/320 2109/1290/320
f 49/581/321 50/1291/321 356/12/321 355/8/321
f 50/1291/322 51/1292/322 357/356/322 356/12/322
f 51/1292/323 52/1293/323 358/1294/323 357/356/323
f 3809/1295/324 3810/1296/324 55/1297/324 54/1298/324 53/1299/324 52/1293/324
f 55/1297/325 56/1300/325 360/1301/325 359/1296/325
f 57/1302/326 58/1303/326 362/1304/326 361/1305/326
f 2937/1304/327 2938/1306/327 308/1307/327 309/1303/327
f 59/1307/328 60/1308/328 364/1309/328 363/1310/328
f 60/1308/329 61/1311/329 365/116/329 364/1309/329
f 61/1311/330 62/397/330 366/112/330 365/116/330
f 63/395/331 64/1312/331 368/96/331 367/396/331
f 64/1312/332 65/1313/332 369/84/332 368/96/332
f 2945/1314/333 2946/1315/333 299/1316/333 300/1317/333 301/1318/333 302/1313/333 2944/1319/333
f 67/1316/334 68/1268/334 372/1320/334 371/1321/334
f 72/1322/335 73/1323/335 74/1324/335 381/1325/335 380/1326/335 379/1327/335 378/1328/335 377/1329/335 376/1074/335 375/1077/335 71/1330/335
f 3154/1331/336 3171/1332/336 3170/1333/336 3222/1334/336 3221/1335/336 3152/1336/336 3153/1337/336 3120/1338/336 3121/1339/336
f 74/1324/337 75/1340/337 382/32/337 381/1325/337
f 75/1340/338 76/1341/338 383/33/338 382/32/338
f 76/1341/339 77/1342/339 384/194/339 383/33/339
f 77/1342/340 78/1343/340 385/414/340 384/194/340
f 78/1343/341 79/1344/341 386/117/341 385/414/341
f 3837/1345/342 3838/123/342 3839/122/342 81/1346/342 80/1347/342 79/1344/342
f 81/1346/343 82/1348/343 389/1349/343 388/1350/343
f 207/1085/344 2112/1351/344 2111/1352/344 2110/1288/344 2109/1290/344 2108/1353/344 2107/1354/344 2106/1273/344 2105/1355/344 2104/1356/344 2103/1066/344 208/1067/344
f 83/1357/345 84/571/345 392/58/345 391/57/345
f 85/572/346 2/1358/346 86/59/346 393/44/346
f 273/1359/347 274/1360/347 275/1361/347 2968/897/347 2866/1362/347 2845/1363/347 2813/63/347 272/64/347
f 518/63/348 90/64/348 91/1364/348 535/50/348
f 349/512/349 350/1365/349 3679/1366/349 3662/1367/349 3645/500/349
f 184/511/350 4738/510/350 4737/1368/350 185/1369/350
f 683/1370/351 103/1369/351 104/1371/351 696/1372/351
f 696/1372/352 104/1371/352 105/1373/352 702/1374/352
f 702/1374/353 105/1373/353 106/1375/353 711/506/353
f 925/931/354 116/1376/354 117/1377/354 951/964/354
f 120/1378/355 121/1379/355 122/1380/355 1080/706/355 951/964/355 117/1377/355 118/1381/355 119/1382/355
f 191/1380/356 192/1383/356 1964/1384/356 1954/707/356 1948/706/356
f 192/1383/357 4726/1175/357 4725/1200/357 193/1385/357
f 157/1386/358 3866/1199/358 3865/1200/358 158/1385/358
f 1187/1387/359 129/1386/359 130/1388/359 1227/1389/359
f 1227/1389/360 130/1388/360 4/1390/360 131/557/360
f 1226/555/361 1227/1389/361 131/557/361 132/1391/361 133/1392/361 1224/550/361 1225/554/361
f 1223/1255/362 1224/550/362 133/1392/362 134/1393/362
f 1215/1245/363 1216/1248/363 138/1394/363 139/634/363
f 3574/164/364 3711/165/364 3726/127/364 3725/166/364 3648/167/364 3586/168/364 3585/169/364 3572/170/364 3529/171/364 3504/172/364 3460/173/364 3437/174/364 3438/175/364 3573/176/364
f 203/1395/365 2120/776/365 2119/210/365 2118/211/365 2117/212/365 2116/1396/365 204/1397/365
f 2074/1136/366 2075/1135/366 2076/1398/366 204/1397/366 205/1399/366
f 1205/1083/367 1206/1136/367 143/1399/367 144/1084/367
f 141/1330/368 1245/1077/368 1244/1320/368 143/1268/368 142/1400/368
f 4990/451/369 5011/1401/369 5010/1402/369 4989/1403/369
f 1571/574/370 1572/1404/370 1583/1405/370 1582/595/370 1581/1406/370
f 209/224/371 2102/223/371 2101/222/371 210/225/371
f 1192/1064/372 1193/222/372 153/225/372 154/1063/372
f 211/1063/373 2100/1407/373 2099/1265/373 2098/788/373 2097/793/373 2096/1260/373 212/1408/373
f 9/1409/374 1188/1260/374 155/1408/374 3/1410/374
f 3035/1411/375 3126/1412/375 327/1413/375 328/1409/375 2969/1260/375
f 17/1414/376 1053/1033/376 1062/1415/376 16/1416/376
f 18/1417/377 1034/1034/377 1053/1033/377 17/1414/377
f 4717/994/378 4718/1034/378 325/1417/378 324/1418/378
f 394/11/379 725/514/379 724/618/379 353/578/379 354/7/379
f 2917/11/380 2918/524/380 2930/1419/380 2929/1420/380
f 1230/8/381 1231/12/381 1266/13/381 1265/9/381
f 5270/95/382 5271/96/382 5287/16/382 5286/1421/382 5269/94/382
f 4012/1192/383 4011/1236/383 4010/1422/383 4009/1423/383 4008/1424/383 3986/1190/383 3987/1189/383 3988/1188/383 3989/1425/383 3969/1426/383 3970/1427/383 3971/319/383 3990/1428/383 4014/1284/383 4013/1429/383
f 376/1074/384 447/1075/384 446/1076/384 375/1077/384
f 377/1329/385 378/1328/385 402/1430/385 401/1431/385
f 4035/35/386 4062/1432/386 4061/1433/386 4034/1434/386
f 1251/32/387 1252/33/387 1274/34/387 1273/35/387
f 390/56/388 517/55/388 516/54/388 508/260/388 489/261/388 473/152/388 455/151/388 389/1349/388
f 3742/1362/389 3844/897/389 3843/896/389 3842/1435/389 3841/37/389 3688/36/389 3687/429/389 3676/1436/389 3661/52/389 3662/1367/389 3679/1366/389 3678/1437/389 3677/1438/389 3740/47/389 3741/1439/389
f 5250/1440/390 5251/1441/390 5252/818/390 5253/1442/390 5276/1443/390 5275/1444/390 5274/1445/390 5273/1146/390 5272/77/390
f 3175/1446/391 3307/893/391 3306/892/391 3174/1447/391
f 3773/588/392 3774/589/392 3775/590/392 3792/591/392 3791/592/392 3783/593/392 3782/594/392
f 3505/529/393 3506/547/393 3517/1448/393 3516/570/393
f 408/1449/394 409/1450/394 415/1451/394 414/1452/394 425/1453/394 424/97/394 423/89/394 412/88/394 413/1454/394
f 1287/65/395 1288/66/395 1299/67/395 1298/68/395
f 2891/69/396 2910/70/396 2909/71/396 2901/72/396 2879/73/396 2880/74/396
f 1141/1187/397 1142/1186/397 1161/1226/397 1222/319/397 1221/1455/397 1220/1284/397 1186/693/397 1160/1249/397 1140/1456/397 1118/1154/397 1072/1108/397 1049/1107/397 1050/1106/397 1119/1216/397 1123/1188/397
f 1233/1294/398 1290/1457/398 1291/1458/398 1301/1459/398 1300/887/398 1232/356/398
f 1241/84/399 1242/85/399 1276/86/399 1275/87/399 1281/88/399 1292/89/399 1303/90/399 1367/91/399 1366/92/399 1336/93/399 1314/94/399 1302/95/399 1240/96/399
f 5138/1460/400 5139/1461/400 5154/1462/400 5153/103/400 5136/1463/400 5137/1464/400
f 4994/1465/401 4995/72/401 5003/1466/401 5002/1467/401
f 3826/178/402 3827/1468/402 3828/24/402 3829/1469/402 3830/30/402 3831/29/402 3832/1470/402 74/1324/402 73/1323/402 72/1322/402 71/1330/402
f 431/887/403 432/1459/403 439/513/403 438/126/403 437/109/403
f 3749/1471/404 3817/1472/404 3816/1473/404 3798/115/404 3748/1474/404
f 389/1349/405 455/151/405 454/150/405 453/119/405 387/118/405 388/1350/405
f 1306/109/406 1307/126/406 1329/127/406 1328/128/406
f 439/513/407 440/133/407 461/136/407 460/127/407 438/126/407
f 1309/133/408 1310/134/408 1331/135/408 1330/136/408
f 1268/137/409 1333/138/409 1332/139/409 1267/140/409
f 443/113/410 444/144/410 466/141/410 465/1475/410 442/114/410
f 1313/144/411 1314/94/411 1336/93/411 1335/141/411
f 453/119/412 454/150/412 472/153/412 471/146/412 451/409/412 452/120/412
f 1323/150/413 1324/151/413 1342/152/413 1341/153/413
f 1325/158/414 1326/159/414 1347/160/414 1346/161/414
f 1326/159/415 1327/162/415 1348/163/415 1347/160/415
f 5495/164/416 5496/1476/416 5497/127/416 5523/1477/416 5522/167/416 5521/522/416 5542/169/416 5541/1478/416 5540/518/416 5539/517/416 5538/1479/416 5537/1480/416 5519/1481/416 5520/176/416
f 460/127/417 461/136/417 462/135/417 481/1482/417 480/1476/417
f 1337/197/418 1338/193/418 1354/198/418 1353/199/418
f 1338/193/419 1339/192/419 1355/191/419 1354/198/419
f 471/146/420 472/153/420 473/152/420 489/261/420 488/202/420 487/410/420
f 1344/46/421 1403/49/421 1402/48/421 1343/47/421
f 1346/161/422 1347/160/422 1361/203/422 1360/204/422
f 1347/160/423 1348/163/423 1362/205/423 1361/203/423
f 1353/199/424 1354/198/424 1375/214/424 1374/215/424
f 1354/198/425 1355/191/425 1376/190/425 1375/214/425
f 494/216/426 523/1483/426 522/1484/426 510/219/426
f 1366/92/427 1367/91/427 1383/220/427 1382/221/427
f 498/91/428 499/1485/428 515/233/428 514/220/428
f 504/1486/429 573/1487/429 572/1488/429 560/1489/429 503/228/429
f 1382/221/430 1383/220/430 1396/231/430 1395/232/430
f 4331/1490/431 4360/1491/431 4359/220/431 4330/1492/431
f 5067/340/432 5068/1493/432 5115/336/432 5114/236/432
f 490/62/433 518/63/433 535/50/433 534/49/433 475/46/433 476/45/433
f 523/1483/434 524/255/434 525/254/434 541/246/434 540/262/434 539/1494/434 522/1484/434
f 5389/249/435 5378/1495/435 5377/1496/435 5358/1497/435 5359/1498/435 5379/1499/435 5380/1500/435 5381/1501/435
f 4421/530/436 4445/490/436 4444/1502/436 4413/1503/436 4414/1504/436
f 1398/256/437 1399/257/437 1418/258/437 1417/259/437
f 1399/257/438 1400/189/438 1419/188/438 1418/258/438
f 4808/42/439 4809/41/439 4835/202/439 4805/1505/439 4806/1506/439 4807/43/439
f 342/1507/440 343/1508/440 344/1509/440 3496/506/440 3487/1510/440 3475/1511/440 3300/1512/440 3288/931/440
f 1427/266/441 1412/103/441 1413/102/441 1428/267/441
f 546/1513/442 547/270/442 562/1514/442 561/1515/442 545/1516/442
f 4904/1517/443 4905/1518/443 4917/258/443 4925/274/443 4926/1519/443 4918/1520/443 4906/189/443 4907/1521/443 4919/278/443 4927/1522/443 4928/1523/443 4929/1524/443 4921/280/443 4922/281/443 4954/28/443 4953/27/443 4938/1525/443 4937/1526/443 4969/442/443 4968/441/443 4952/1527/443 4951/1528/443 4936/1529/443 4935/1530/443 4950/1531/443 4949/662/443 4915/290/443 4916/1532/443
f 1420/52/444 1421/51/444 1434/292/444 1433/293/444
f 2149/1229/445 2208/1228/445 2207/1533/445 2148/1121/445
f 5325/1534/446 5326/1535/446 5353/1536/446 5352/464/446 5351/465/446 5324/494/446
f 5290/1537/447 5291/1538/447 5282/1539/447 5283/368/447 5328/1540/447 5327/1541/447 5308/1542/447 5307/1543/447 5306/1544/447 5325/1534/447 5324/494/447 5294/1545/447 5293/492/447 5305/1546/447 5304/1547/447 5372/1548/447 5373/488/447 5374/1549/447 5375/1550/447 5352/464/447 5353/1536/447 5354/360/447 5355/1551/447 5356/1552/447 5357/1553/447 5358/1497/447 5377/1496/447 5376/1554/447 5408/1555/447 5407/1556/447 5434/1557/447 5433/526/447 5398/1558/447 5397/528/447 5396/546/447 5431/1559/447 5430/574/447 5289/573/447 5288/576/447 5302/596/447 5303/575/447 5429/568/447 5457/1560/447 5458/566/447 5474/1561/447 5461/219/447 5462/216/447 5437/1483/447 5389/249/447 5381/1501/447 5362/314/447 5335/313/447 5336/1562/447 5363/1563/447 5382/1564/447 5390/1565/447 5399/1566/447 5409/1567/447 5466/1296/447 5477/1568/447 5500/355/447 5499/354/447 5483/357/447 5482/107/447 5481/111/447 5476/133/447 5465/134/447 5464/135/447 5463/1482/447 5496/1476/447 5495/164/447 5520/176/447 5519/1481/447 5518/684/447 5494/683/447 5493/682/447 5472/689/447 5473/1569/447 5454/631/447 5455/1570/447 5456/1571/447 5428/1572/447 5427/1573/447 5426/1280/447 5425/1279/447 5534/1278/447 5535/681/447 5536/673/447 5554/1574/447 5583/1575/447 5582/1576/447 5573/1577/447 5572/1578/447 5581/1579/447 5580/1580/447 5532/1581/447 5533/1582/447 5516/1583/447 5424/1584/447 5406/1585/447 5405/1586/447 5370/920/447 5371/1252/447 5348/918/447 5349/1587/447 5322/1588/447 5321/811/447 5255/1589/447 5256/1590/447 5257/713/447 5278/1591/447 5279/1592/447 5260/1593/447 5261/1594/447 5262/1595/447 5281/1596/447 5280/1597/447
f 4439/362/448 4438/322/448 4335/329/448 4336/1598/448 4361/1599/448 4378/1600/448 4396/1601/448 4397/1602/448 4440/358/448
f 4416/1603/449 4417/113/449 4434/143/449 4433/313/449 4432/1562/449
f 5387/1604/450 5388/942/450 5394/1605/450 5393/1606/450 5392/1607/450
f 3458/1608/451 3793/11/451 3805/1420/451 3804/578/451 3457/1609/451
f 1449/327/452 1450/328/452 1456/329/452 1455/330/452
f 2731/331/453 2753/332/453 2752/333/453 2730/334/453
f 3618/335/454 3700/336/454 3699/101/454 3654/337/454 3639/338/454 3629/332/454 3607/331/454 3608/339/454
f 3608/339/455 3609/344/455 3619/340/455 3618/335/455
f 5041/229/456 5042/228/456 5068/1493/456 5067/340/456 5066/1610/456 5038/1611/456 5039/1612/456 5040/230/456
f 2760/562/457 2761/1613/457 2775/1496/457 2774/564/457 2759/563/457
f 1454/348/458 1455/330/458 1466/349/458 1465/350/458
f 145/1317/459 1243/1614/459 1242/85/459 146/1318/459
f 1435/351/460 1514/352/460 1513/294/460 1470/353/460 1456/329/460 1450/328/460
f 610/606/461 609/614/461 603/613/461 602/612/461 589/1615/461 590/342/461 591/341/461 592/345/461 593/1616/461
f 607/1617/462 618/359/462 617/402/462 606/1618/462 596/350/462 597/349/462
f 4245/1619/463 4246/1620/463 4268/1621/463 4267/1622/463
f 113/1623/464 112/1624/464 5097/1625/464 5085/1077/464 114/1330/464
f 564/293/465 575/1626/465 576/1627/465 595/377/465 594/1628/465 682/543/465 681/459/465 574/373/465 571/415/465 563/371/465
f 1423/379/466 1473/169/466 1483/170/466 1526/380/466 1525/381/466 1422/382/466
f 5280/1597/467 5281/1596/467 5262/1595/467 5263/1629/467 5264/1630/467 5284/1601/467 5283/368/467 5282/1539/467 5291/1538/467 5290/1537/467
f 3472/1032/468 3492/183/468 3583/1631/468 3584/1632/468 3835/1633/468 3834/1634/468 3803/1635/468 3802/281/468 3735/280/468 3736/1636/468 3717/1637/468 3706/277/468 3675/276/468 3660/273/468 3594/187/468 3593/291/468 3471/290/468
f 3886/1638/469 3898/1639/469 3897/1640/469 3885/1641/469 3884/1164/469 3880/1642/469 3879/1162/469 3878/963/469 3861/964/469 3862/1161/469 3928/1643/469 3927/1644/469
f 601/353/470 644/294/470 645/352/470 667/301/470 666/469/470 643/468/470 631/298/470 630/1645/470 600/296/470
f 3966/1646/471 3967/148/471 3973/147/471 3974/146/471 3975/1647/471 3976/411/471 3993/1648/471 3994/1649/471 4024/183/471 4023/1650/471 3992/1651/471 3991/1652/471 3972/414/471
f 2608/1653/472 2756/372/472 2767/371/472 2768/370/472 2785/52/472 2843/1654/472 2842/1655/472 2695/1656/472 2694/1657/472 2617/1658/472 2616/183/472 2596/1032/472 2597/1031/472 2598/1659/472 2543/1660/472 2528/405/472 2529/404/472 2579/1661/472 2580/421/472 2422/1662/472 2423/669/472 2599/1511/472 2611/1510/472 2610/1663/472 2609/1664/472
f 638/439/473 661/489/473 660/465/473 637/464/473 627/401/473 628/400/473
f 1497/400/474 1498/399/474 1508/438/474 1507/439/474
f 632/393/475 633/392/475 653/1665/475 652/456/475
f 1443/373/476 1549/459/476 1561/460/476 1567/461/476 1577/462/476 1589/417/476 1588/416/476 1440/415/476
f 539/1494/477 658/566/477 509/1561/477 510/219/477 522/1484/477
f 1505/463/478 1506/464/478 1529/465/478 1528/466/478
f 1511/467/479 1512/468/479 1535/469/479 1534/470/479
f 647/1666/480 757/1667/480 775/696/480 788/695/480 787/1668/480 646/1669/480
f 1516/1666/481 1675/477/481 1674/481/481 1644/480/481 1643/696/481 1625/1667/481
f 4146/1670/482 4147/482/482 4172/486/482 4171/1671/482 4145/1672/482
f 1528/466/483 1529/465/483 1543/487/483 1542/488/483
f 1529/465/484 1530/489/484 1544/490/484 1543/487/484
f 5294/1545/485 5324/494/485 5323/1673/485 5305/1546/485 5293/492/485
f 1535/469/486 1536/301/486 1548/496/486 1547/497/486
f 564/293/487 565/292/487 92/512/487 93/1674/487 94/511/487 577/510/487 671/1675/487 683/1370/487 696/1372/487 702/1374/487 711/506/487 710/559/487 700/558/487 701/503/487 695/502/487 694/544/487 682/543/487 594/1628/487 595/377/487 576/1627/487 575/1626/487
f 656/381/488 657/380/488 685/517/488 684/1676/488 726/623/488 725/514/488 394/11/488 395/10/488 396/9/488 397/13/488 458/162/488 457/159/488 456/158/488 477/161/488 491/204/488 492/203/488 520/241/488 519/1677/488 536/243/488 537/889/488 538/888/488 605/1678/488 604/169/488 554/379/488 553/382/488
f 2629/529/489 2630/547/489 2641/1448/489 2640/570/489
f 4422/531/490 4495/532/490 4494/1679/490 4471/1680/490 4445/490/490 4421/530/490
f 686/529/491 687/528/491 698/1681/491 697/545/491
f 1567/461/492 1568/558/492 1578/559/492 1577/462/492
f 556/264/493 579/561/493 578/1682/493 672/526/493 686/529/493 697/545/493 703/574/493 713/1406/493 712/1560/493 658/566/493 539/1494/493 540/262/493 555/265/493
f 703/574/494 704/1404/494 715/1405/494 714/595/494 713/1406/494
f 2610/1663/495 2611/1510/495 2620/506/495 2619/505/495 2618/1683/495 2609/1664/495
f 715/1405/496 753/1684/496 714/595/496
f 1479/606/497 1602/607/497 1601/608/497 1518/609/497 1491/610/497 1490/611/497 1471/612/497 1472/613/497 1478/614/497
f 1586/615/498 1587/482/498 1604/616/498 1603/617/498
f 1592/618/499 1593/514/499 1612/619/499 1611/620/499
f 3435/1685/500 3436/1686/500 3459/515/500 3458/1608/500 3434/1687/500
f 1594/623/501 1595/624/501 1615/174/501 1614/625/501
f 750/1688/502 801/1689/502 800/633/502 782/688/502 774/631/502 749/1570/502 728/1690/502 729/1691/502
f 2770/1692/503 2771/244/503 2789/245/503 2788/432/503 2787/242/503
f 4174/1693/504 4227/600/504 4214/1694/504 4173/617/504
f 2376/972/505 2401/844/505 2414/997/505 2413/998/505 2341/999/505 2342/1000/505 2361/1001/505
f 1603/617/506 1604/616/506 1627/645/506 1626/644/506
f 107/1695/507 106/1317/507 105/1696/507 104/1318/507 5231/1314/507 5172/1697/507 5163/1698/507 108/1400/507
f 1809/646/508 1729/647/508 1719/648/508 1706/649/508 1685/454/508 1629/440/508 1438/650/508 1439/284/508 1523/651/508 1524/286/508 1539/652/508 1538/653/508 1605/289/508 1630/654/508 1645/655/508 1686/656/508 1687/657/508 1811/658/508 1810/659/508 1832/660/508 1831/661/508
f 737/289/509 738/185/509 739/184/509 740/427/509 764/677/509 763/664/509 762/654/509
f 742/420/510 910/930/510 909/155/510
f 1613/670/511 1614/625/511 1615/174/511 1616/671/511 1639/672/511 1638/673/511 1637/674/511 1636/675/511 1635/676/511 1611/620/511 1612/619/511
f 756/1699/512 786/927/512 785/926/512
f 2923/1700/513 2952/24/513 2951/1468/513 2877/1701/513 2876/1702/513 2950/178/513 2949/177/513 2948/182/513 2947/1267/513 2946/1315/513 2945/1314/513 2912/86/513 2911/1703/513 2902/1704/513 2903/1454/513 2913/1705/513 2914/1706/513 2905/1451/513 2904/1452/513 2896/1453/513 2895/1707/513 2890/1708/513 2889/1709/513 2821/91/513 2822/1710/513 2810/1711/513 2796/1712/513 2795/1713/513 2794/1714/513 2808/221/513 2820/1715/513 2857/93/513 2856/1716/513 2855/1717/513 2854/1718/513 2853/1719/513 2806/1499/513 2807/252/513 2818/1720/513 2819/1721/513 2740/1722/513 2741/1723/513 2751/1724/513 2676/302/513 2663/301/513 2648/1725/513 2647/1726/513 2662/300/513 2661/470/513 2569/1727/513 2568/1728/513 2533/1729/513 2534/925/513 2535/1730/513 2570/1731/513 2536/1732/513 2537/1733/513 2677/1734/513 2678/478/513 2514/477/513 2515/605/513 2604/604/513 2605/603/513 2679/602/513 2680/601/513 2704/1735/513 2703/1736/513 2725/1737/513 2731/331/513 2730/334/513 2752/333/513 2753/332/513 2763/338/513 2762/1738/513 2777/103/513 2898/589/513 2897/588/513 2906/594/513 2907/593/513 2915/592/513 2916/591/513 2899/590/513 2837/1739/513 2838/1740/513 2825/207/513 2826/228/513 2827/1741/513 2746/1742/513 2745/347/513 2744/346/513 2734/345/513 2735/1616/513 2715/1743/513 2591/1744/513 2592/617/513 2606/486/513 2681/485/513 2682/484/513 2664/1745/513 2607/482/513 2593/1746/513 2573/645/513 2574/762/513 2495/761/513 2496/769/513 2541/1747/513 2542/1748/513 2684/1749/513 2683/1750/513 2692/1751/513 2716/1752/513 2705/1753/513 2706/391/513 2880/74/513 2879/73/513 2878/1754/513 2900/1755/513 2908/1756/513 2909/71/513 2910/70/513 2924/1757/513
f 569/650/514 761/440/514 817/454/514 816/453/514 837/1093/514 836/769/514 791/1758/514 792/449/514 653/1665/514 633/392/514 624/391/514 450/445/514 436/1759/514 420/70/514 402/1430/514 378/1328/514 379/1327/514 545/1516/514 561/1515/514
f 1631/664/515 1632/677/515 1647/678/515 1646/679/515
f 2504/685/516 2548/672/516 2547/1760/516 2503/681/516
f 3406/682/517 3425/683/517 3424/672/517 3380/685/517 3381/733/517
f 1641/687/518 1642/631/518 1650/688/518 1649/689/518
f 5286/1421/519 5287/16/519 5310/1603/519 5309/1761/519
f 3389/481/520 3429/480/520 3428/476/520 3414/928/520 3388/929/520
f 4698/11/521 4687/1762/521 4673/524/521 4649/1763/521 4650/1764/521 4674/523/521 4688/1765/521 4689/1766/521 4690/1767/521 4676/1768/521 4677/241/521 4691/1769/521 4692/1770/521 4654/1771/521 4626/1772/521 4627/168/521 4656/1773/521 4655/1774/521 4678/1775/521 4679/381/521 4658/171/521 4659/172/521 4680/1776/521 4681/515/521 4699/514/521
f 780/682/522 781/689/522 799/702/522 798/686/522
f 1649/689/523 1650/688/523 1668/633/523 1667/702/523
f 4364/1777/524 4365/1778/524 4383/1779/524 4384/712/524 4385/924/524 4402/1780/524 4401/1781/524 4382/1782/524 4381/1594/524 4380/1595/524 4379/1629/524 4378/1600/524 4361/1599/524 4362/1783/524 4345/1784/524 4346/1785/524 4363/1786/524
f 786/927/525 787/1668/525 788/695/525 805/694/525 804/736/525 803/713/525 783/1787/525 784/1788/525 785/926/525
f 1678/716/526 1677/717/526 1600/718/526 1601/608/526 1626/644/526 1657/719/526
f 3395/1789/527 3396/1790/527 3397/720/527 3415/1791/527 3393/1792/527 3394/723/527
f 5032/763/528 5033/1793/528 5062/1693/528 5061/1794/528 5060/720/528 5031/1089/528
f 1647/678/529 1737/724/529 1753/725/529 1766/726/529 1814/727/529 1813/728/529 1646/679/529
f 3359/730/530 3360/731/530 3384/626/530 3383/633/530 3382/732/530 3381/733/530 3380/685/530 3379/681/530
f 803/713/531 804/736/531 827/735/531 826/743/531 825/1795/531
f 1672/736/532 1673/694/532 1696/738/532 1695/735/532
f 2488/1796/533 2489/1797/533 2516/598/533 2515/605/533 2514/477/533 2513/481/533 2512/929/533
f 237/1798/534 3971/319/534 3965/1799/534 3960/553/534 238/552/534
f 3375/772/535 3376/406/535 3404/405/535 3403/1800/535
f 3917/1801/536 3918/1802/536 3949/804/536 3948/771/536 3947/1803/536 3916/423/536
f 3811/1804/537 3812/1567/537 57/1302/537 361/1305/537 360/1301/537 56/1300/537
f 4872/1805/538 4871/690/538 4870/693/538 4869/1284/538 4850/1455/538 4844/1806/538 4845/318/538 4846/1186/538 4851/1807/538 4852/1808/538 4853/1809/538 4854/1810/538 4875/1107/538 4874/1423/538 4873/1811/538
f 1700/757/539 1701/758/539 1714/759/539 1713/760/539
f 2477/766/540 2494/765/540 2493/758/540 2476/1812/540 2462/1813/540 2463/1091/540
f 3371/761/541 3450/762/541 3449/645/541 3416/763/541 3398/764/541 3370/765/541 3353/766/541 3354/767/541
f 3354/767/542 3355/1403/542 3372/769/542 3371/761/542
f 3344/773/543 3345/407/543 3376/406/543 3375/772/543
f 1718/777/544 1719/648/544 1729/647/544 1728/778/544
f 5513/1814/545 5514/827/545 5515/1815/545 5516/1583/545 5533/1582/545 5532/1581/545 5512/829/545
f 854/784/546 855/837/546 866/807/546 865/785/546
f 4998/950/547 4999/795/547 5009/1816/547 5008/1817/547
f 4824/407/548 4859/773/548 4858/1818/548 4847/801/548 4823/1819/548
f 1731/751/549 1732/750/549 1741/805/549 1740/806/549
f 1733/785/550 1734/807/550 1744/808/550 1743/809/550 1742/779/550
f 4446/1588/551 4447/1820/551 4474/1251/551 4473/1253/551 4472/1821/551
f 867/1098/552 868/1009/552 884/900/552 883/899/552 882/890/552 881/311/552 880/310/552
f 2086/1282/553 2087/1283/553 2088/1284/553 2089/1455/553 2090/319/553 199/1798/553 200/1394/553 2084/1248/553 2085/1247/553
f 3194/819/554 3229/820/554 3269/821/554 3285/822/554 3334/823/554 3333/806/554 3193/824/554
f 875/809/555 1006/836/555 1005/1822/555 968/1823/555 955/968/555 929/781/555 913/780/555 874/779/555
f 5446/835/556 5445/1824/556 5417/1825/556 5416/882/556 5444/1826/556 5488/1827/556 5487/1828/556 5467/1829/556 5468/1830/556 5443/584/556 5413/583/556 5414/1831/556 5415/873/556 5341/1338/556 5342/1832/556 5367/1336/556 5368/869/556 5344/1833/556 5343/867/556 5318/1332/556 5298/865/556 5297/1834/556 5274/1445/556 5275/1444/556 5276/1443/556 5300/1835/556 5299/863/556 5319/862/556 5320/1836/556 5321/811/556 5347/1837/556 5346/922/556 5345/1838/556 5388/942/556 5387/1604/556 5386/1839/556 5391/1840/556 5400/1841/556 5401/1842/556 5392/1607/556 5393/1606/556 5402/1843/556 5418/1844/556 5447/970/556 5469/847/556 5470/1845/556 5451/845/556 5450/844/556 5449/1846/556 5419/973/556 5420/1847/556 5421/1848/556 5405/1586/556 5406/1585/556 5424/1584/556 5423/1849/556 5422/1850/556 5491/1851/556 5490/825/556
f 878/811/557 879/1852/557 891/817/557 890/542/557 889/883/557 888/540/557 887/861/557
f 1749/311/558 1750/890/558 1761/891/558 1760/892/558
f 1751/899/559 1752/900/559 1763/901/559 1762/894/559
f 886/902/560 885/725/560 869/724/560 870/799/560 871/801/560 872/806/560 1015/824/560 1014/905/560
f 2418/864/561 2426/540/561 2425/861/561 2407/1853/561 2408/1854/561
f 1758/542/562 1759/817/562 1774/82/562 1773/81/562
f 842/756/563 960/1087/563 959/741/563 827/735/563 828/738/563
f 902/839/564 903/1855/564 918/1856/564 917/939/564 916/912/564 915/841/564 901/840/564
f 3316/917/565 3442/918/565 3441/919/565 3293/920/565 3281/921/565 3282/922/565
f 2299/1446/566 2431/893/566 2430/892/566 2298/1447/566
f 766/421/567 908/154/567 923/157/567 922/822/567 873/805/567 864/750/567 852/749/567 822/423/567 765/422/567
f 1777/155/568 1778/930/568 1793/931/568 1792/156/568
f 5572/1578/569 5573/1577/569 5582/1576/569 5583/1575/569 5597/1857/569 5596/1858/569 5580/1580/569 5581/1579/569
f 4207/1789/570 4215/1859/570 4228/1860/570 4175/1861/570 4176/720/570 4195/1862/570
f 1783/841/571 1784/912/571 1800/938/571 1799/842/571
f 1784/912/572 1785/939/572 1801/940/572 1800/938/572
f 918/1856/573 919/860/573 935/859/573 934/858/573 933/940/573 917/939/573
f 1804/945/574 1880/946/574 1879/947/574 1762/894/574 1763/901/574 1775/948/574
f 2385/1863/575 2465/795/575 2435/794/575 2384/984/575
f 1754/902/576 1882/905/576 1881/953/576 1870/954/576 1861/955/576 1848/956/576 1834/957/576 1814/727/576 1766/726/576 1753/725/576
f 1790/822/577 1791/157/577 1816/958/577 1815/959/577
f 1794/937/578 1795/936/578 1821/965/578 1820/966/578
f 1795/936/579 1796/782/579 1822/967/579 1821/965/579
f 1796/782/580 1797/781/580 1823/968/580 1822/967/580
f 3253/973/581 3252/972/581 3237/1001/581 3218/1000/581 3204/1844/581 3219/969/581 3254/974/581
f 2344/975/582 2379/976/582 2378/974/582 2343/969/582
f 934/858/583 989/857/583 988/852/583 972/851/583 933/940/583
f 5192/908/584 5193/907/584 5235/734/584 5234/1864/584
f 1805/983/585 1806/984/585 1807/985/585 1808/952/585 1830/986/585 1829/987/585
f 1808/952/586 1809/646/586 1831/661/586 1830/986/586
f 2369/1865/587 2370/989/587 2391/746/587 2390/745/587 2389/658/587 2388/1866/587
f 1813/728/588 1814/727/588 1834/957/588 1833/989/588
f 1285/594/589 1286/1867/589 1279/1868/589 1280/1869/589 1297/99/589 1296/104/589 1295/1870/589
f 950/1871/590 984/1026/590 983/991/590 949/990/590
f 953/965/591 954/967/591 955/968/591 968/1823/591 985/1872/591 967/1873/591 952/966/591
f 5449/1846/592 5450/844/592 5451/845/592 5470/1845/592 5469/847/592 5447/970/592 5448/1874/592
f 4312/1875/593 4391/75/593 4390/818/593 4368/742/593 4311/1876/593
f 843/755/594 977/1088/594 960/1087/594 842/756/594
f 1868/1005/595 1916/1006/595 1915/1007/595 1897/1008/595 1880/946/595 1804/945/595 1775/948/595 1763/901/595 1752/900/595 1736/1009/595 1805/983/595 1829/987/595 1846/1010/595 1847/1011/595 1860/1012/595 1869/1013/595
f 4944/1865/596 4961/1877/596 4973/986/596 5026/1878/596 5025/1879/596 5007/1880/596 5006/1881/596 4880/1882/596 4881/957/596 4897/1883/596
f 1648/682/597 1649/689/597 1667/702/597 1666/686/597
f 13/1884/598 3961/1885/598 3966/1646/598 15/1886/598 14/1887/598
f 2985/1352/599 3223/75/599 3238/818/599 3296/82/599 3295/81/599 3187/80/599 3173/1888/599 3156/78/599 2984/1288/599
f 1816/958/600 1850/992/600 1862/1016/600 1863/1017/600 1872/1018/600 1871/1019/600 1928/1020/600 1927/1021/600 1920/1022/600 1901/1023/600 1884/1024/600 1849/1025/600 1815/959/600
f 1850/992/601 1851/991/601 1863/1017/601 1862/1016/601
f 1851/991/602 1852/1026/602 1864/1027/602 1863/1017/602
f 1855/853/603 1856/852/603 1866/855/603 1865/854/603
f 1856/852/604 1857/857/604 1867/856/604 1866/855/604
f 1064/701/605 1127/700/605 1126/1038/605 1148/1227/605 1167/1237/605 1166/791/605 1063/1889/605 1147/1890/605 1146/1891/605 1062/1415/605 1053/1033/605 1034/1034/605 985/1872/605 968/1823/605 1005/1822/605 1006/836/605 1018/1035/605 1017/1060/605 1035/1061/605 1065/697/605
f 1874/836/606 1875/835/606 1887/834/606 1886/1035/606
f 1891/498/607 1910/499/607 2069/1045/607 2068/1046/607 2042/1047/607 2022/1048/607 1959/1049/607 1951/1050/607 1944/1015/607 1909/1014/607 1890/866/607 1876/865/607
f 5079/1892/608 5103/1893/608 5102/1069/608 5087/1053/608 5088/1052/608 5078/1051/608
f 1011/947/609 1012/946/609 1029/1008/609 1028/1072/609 1027/1053/609 1010/1894/609
f 1172/1238/610 1198/1273/610 1197/1240/610 1171/1241/610 1152/1895/610 1153/1243/610
f 4822/1896/611 4856/905/611 4877/953/611 4876/1897/611 4855/1898/611 4821/1899/611
f 1883/824/612 1884/1024/612 1901/1023/612 1900/1057/612
f 1885/1060/613 1886/1035/613 1904/880/613 1903/1061/613
f 1018/1035/614 1019/834/614 1037/881/614 1036/880/614
f 1887/834/615 1888/833/615 1906/882/615 1905/881/615
f 5274/1445/616 5297/1834/616 5296/1147/616 5273/1146/616
f 1893/1068/617 1894/1069/617 1913/1070/617 1912/1071/617
f 1896/1072/618 1897/1008/618 1915/1007/618 1914/1073/618
f 5592/1900/619 5591/1901/619 5590/1415/619 5589/1411/619 5577/1902/619 5578/1041/619 5571/791/619 5551/1040/619 5552/1227/619 5553/1903/619 5529/700/619 5530/701/619 5506/697/619 5507/1904/619 5508/1905/619 5489/1035/619 5490/825/619 5509/832/619 5510/993/619 5593/1906/619
f 2287/1190/620 2288/1203/620 2289/1907/620 2306/1908/620 2305/1899/620 2304/1058/620
f 4253/740/621 4301/738/621 4300/929/621 4289/481/621 4284/477/621 4270/1909/621 4252/717/621
f 892/892/622 1025/1068/622 1044/1071/622 1055/1100/622 1054/1099/622 880/310/622 881/311/622
f 5076/1910/623 5101/1911/623 5122/1071/623 5121/308/623 5093/1912/623 5092/1913/623 5074/1914/623 5075/1915/623 5048/1916/623 5049/1007/623
f 5505/1917/624 5506/697/624 5530/701/624 5529/700/624 5504/1918/624
f 3030/537/625 3134/1919/625 3133/1920/625 3065/20/625 3047/639/625 3029/638/625
f 3085/1154/626 3136/1108/626 3135/1109/626 3067/1155/626 3068/1156/626
f 2947/1267/627 2948/182/627 295/181/627 296/1921/627 297/1400/627 298/1268/627
f 3145/1922/628 3146/1158/628 3137/1923/628 3124/1924/628 3125/706/628 3273/1925/628 3272/1926/628 3232/1026/628 3214/1927/628 3213/1164/628 3202/1641/628 3201/1640/628
f 1904/880/629 1981/879/629 1980/698/629 1933/697/629 1903/1061/629
f 5424/1584/630 5516/1583/630 5515/1815/630 5423/1849/630
f 1942/873/631 1943/872/631 1950/1167/631 1949/874/631
f 1943/872/632 1944/1015/632 1951/1050/632 1950/1167/632
f 1839/850/633 1854/849/633 1838/848/633 1824/1874/633 1798/843/633 1799/842/633 1800/938/633
f 109/1921/634 5161/1928/634 5141/1929/634 110/1930/634
f 2950/178/635 2951/1468/635 2952/24/635 2953/1469/635 2954/30/635 2955/29/635 2956/1470/635 287/1931/635 288/1932/635 289/1933/635 290/1934/635 291/1323/635 292/1935/635 293/179/635
f 3863/707/636 3929/1178/636 3928/1643/636 3862/1161/636
f 1103/1117/637 1155/1183/637 1179/1184/637 1213/1185/637 1212/1119/637 1102/1118/637
f 5340/1936/638 5414/1831/638 5413/583/638 5339/1213/638
f 1950/1167/639 1951/1050/639 1959/1049/639 1958/1171/639
f 3966/1646/640 3961/1885/640 3962/149/640 3967/148/640
f 1949/874/641 1950/1167/641 1958/1171/641 1957/875/641
f 3111/1201/642 3112/1175/642 3118/707/642 3117/1937/642 3116/1202/642
f 1091/1049/643 1154/1048/643 1174/1047/643 1173/1271/643 1090/1171/643
f 2219/1938/644 2220/1939/644 2221/1940/644 2234/1941/644 2233/1143/644 2232/1942/644 2218/1078/644
f 1966/1079/645 1967/1180/645 1975/1081/645 1974/1080/645
f 1967/1180/646 1968/1139/646 1976/1082/646 1975/1081/646
f 1968/1139/647 1969/1138/647 1977/1137/647 1976/1082/647
f 4189/1943/648 4190/1944/648 4191/1184/648 4192/1185/648 4206/1119/648 4205/1118/648
f 2009/1187/649 2010/1186/649 2029/1226/649 2090/319/649 2089/1455/649 2088/1284/649 2054/693/649 2028/1249/649 2008/1456/649 1986/1154/649 1940/1108/649 1917/1107/649 1918/1106/649 1987/1216/649 1991/1188/649
f 3930/1945/650 3899/555/650 3934/554/650 3933/1946/650 3932/1223/650 3931/1947/650
f 3867/556/651 3899/555/651 3930/1945/651 3931/1947/651 3957/1948/651 3956/1949/651 3987/1189/651 3986/1190/651 3953/1950/651 3954/1177/651 3955/1176/651 3864/1175/651 3865/1200/651 3866/1199/651
f 3074/1951/652 3075/1952/652 3082/585/652 3081/1953/652 3080/1954/652
f 4454/1955/653 4455/1956/653 4456/1047/653 4483/1214/653 4482/1171/653
f 2200/1188/654 2201/1205/654 2211/1204/654 2210/1189/654
f 5441/586/655 5486/1211/655 5485/1957/655 5480/1958/655 5479/1959/655 5439/1960/655 5440/587/655
f 1089/875/656 1132/1961/656 1131/1962/656 1122/586/656 1115/1179/656 1088/876/656
f 1116/1124/657 1177/1121/657 1211/1120/657 1210/1131/657 1134/1130/657 1133/1129/657 1077/1128/657 1078/1127/657 1110/1126/657 1111/1125/657
f 2200/1188/658 2193/1187/658 2194/1186/658 2174/318/658 2175/317/658 2176/1963/658 2195/1964/658 2196/1965/658 2202/1206/658 2201/1205/658
f 5099/1966/659 5100/1228/659 5119/1967/659 5118/1121/659
f 2187/1174/660 2225/1230/660 2224/1117/660 2168/1231/660 2169/1172/660
f 4959/1234/661 5021/1115/661 5020/1968/661 4958/1969/661
f 2004/21/662 2005/20/662 2026/1153/662 2025/640/662
f 4895/1155/663 4914/1970/663 4913/691/663 4871/690/663 4872/1805/663
f 182/1364/664 183/512/664 1434/292/664 1421/51/664 1404/50/664
f 2139/789/665 2140/1971/665 2162/1972/665 2161/1973/665 2138/790/665
f 5365/1238/666 5366/1974/666 5385/1895/666 5384/1241/666 5383/1240/666 5364/1975/666
f 5411/1976/667 5384/1241/667 5385/1895/667 5366/1974/667 5365/1238/667 5338/1214/667 5339/1213/667 5413/583/667 5412/582/667 5440/587/667 5439/1960/667 5479/1959/667 5478/1977/667 5438/1978/667 5410/1979/667
f 2023/1183/668 2024/1244/668 2048/642/668 2047/1184/668
f 1156/1244/669 1157/640/669 1181/1246/669 1180/642/669
f 2156/535/670 2157/1193/670 2173/1192/670 2172/691/670 2155/536/670
f 1063/1889/671 1166/791/671 1165/792/671 1189/1259/671 1188/1260/671 1146/1891/671 1147/1890/671
f 4671/1266/672 4709/1259/672 4708/1258/672 4696/791/672 4686/1040/672 4670/1980/672
f 2036/789/673 2037/1209/673 2059/1265/673 2058/1266/673
f 3039/1981/674 3058/1982/674 3057/1957/674 3015/1971/674 2974/1265/674 2975/1407/674 2976/222/674
f 4511/1240/675 4558/1983/675 4557/1984/675 4510/1241/675
f 2040/1238/676 2041/1271/676 2067/1272/676 2066/1273/676
f 2041/1271/677 2042/1047/677 2068/1046/677 2067/1272/677
f 1175/1134/678 1176/1133/678 1209/1132/678 1208/1398/678 1207/1135/678
f 2047/1184/679 2048/642/679 2082/2/679 2081/1185/679
f 4093/1985/680 4109/635/680 4164/2/680 4163/642/680 4092/1986/680 4091/1232/680 4075/1153/680 4076/1152/680 4077/1247/680
f 2024/1244/681 2025/640/681 2049/1246/681 2048/642/681
f 2050/1152/682 2051/1113/682 2086/1282/682 2085/1247/682
f 2053/1250/683 2054/693/683 2088/1284/683 2087/1283/683
f 1161/1226/684 1162/317/684 1223/1255/684 1222/319/684
f 3/1285/685 155/1286/685 1228/578/685 179/1287/685
f 154/1293/686 1233/1294/686 1232/356/686 1231/12/686 1230/8/686 1229/7/686 1228/578/686 155/1286/686
f 152/1298/687 151/1297/687 1236/1296/687 1235/1987/687
f 150/397/688 1238/112/688 1237/116/688 1236/1296/688 151/1297/688
f 149/395/689 148/1312/689 1240/96/689 1239/396/689
f 148/1312/690 147/1313/690 1241/84/690 1240/96/690
f 147/1313/691 146/1318/691 1242/85/691 1241/84/691
f 923/157/692 924/156/692 925/931/692 951/964/692 950/1871/692 949/990/692 948/958/692
f 5529/700/693 5553/1903/693 5552/1227/693 5503/1988/693 5504/1918/693
f 137/1340/694 136/1341/694 1252/33/694 1251/32/694
f 135/1344/695 1255/117/695 1254/414/695 1253/194/695 1252/33/695 136/1341/695
f 2868/126/696 2869/111/696 2887/1989/696 2886/108/696 2867/433/696
f 134/1347/697 133/1346/697 1257/1350/697 1256/118/697
f 131/572/698 4/1358/698 180/59/698 1262/44/698
f 351/64/699 352/1361/699 3844/897/699 3742/1362/699 3721/1363/699 3689/63/699
f 1387/63/700 181/64/700 182/1364/700 1404/50/700
f 91/1364/701 92/512/701 565/292/701 552/51/701 535/50/701
f 1551/1370/702 185/1369/702 186/1371/702 1564/1372/702
f 1564/1372/703 186/1371/703 187/1373/703 1570/1374/703
f 1570/1374/704 187/1373/704 188/1375/704 1579/506/704
f 188/1375/705 4734/1990/705 4733/1991/705 4732/668/705 4731/667/705 4730/931/705 189/1376/705
f 1793/931/706 189/1376/706 190/1377/706 1819/964/706
f 190/1377/707 191/1380/707 1948/706/707 1819/964/707
f 159/1383/708 3864/1175/708 3863/707/708 3862/1161/708 160/1380/708
f 244/1992/709 245/1993/709 2236/1175/709 2197/1200/709 243/1994/709
f 193/1385/710 4725/1200/710 4724/1387/710 194/1386/710
f 2055/1387/711 194/1386/711 195/1388/711 2095/1389/711
f 2095/1389/712 195/1388/712 8/1390/712 196/557/712
f 2094/555/713 2095/1389/713 196/557/713 197/1392/713 2092/550/713 2093/554/713
f 2091/1255/714 2092/550/714 197/1392/714 198/1393/714
f 1222/319/715 1223/1255/715 134/1393/715 135/1798/715
f 199/1798/716 2130/319/716 2129/1195/716 2128/1194/716 2127/534/716 2126/533/716 2125/637/716 2124/636/716 200/1394/716
f 2083/1245/717 2084/1248/717 200/1394/717 201/634/717
f 202/1/718 2122/643/718 2121/775/718 2120/776/718 203/1395/718
f 1209/1132/719 1210/1131/719 1211/1120/719 1212/1119/719 141/1395/719 142/1397/719 1208/1398/719
f 2073/1083/720 2074/1136/720 205/1399/720 206/1084/720
f 3271/1995/721 3272/1926/721 3273/1925/721 3288/931/721 3287/156/721 3286/1996/721 3270/961/721
f 1202/77/722 1203/76/722 1204/1086/722 146/1085/722 147/1997/722 148/1998/722 149/1999/722 150/2000/722 151/1067/722 1195/1066/722 1196/1270/722 1197/1240/722 1198/1273/722 1199/1272/722 1200/1046/722 1201/1045/722
f 2141/2001/723 2142/2002/723 2165/2003/723 2166/2004/723 2143/1238/723 2144/1271/723 2230/1171/723 2229/875/723 2184/582/723 2183/587/723 2164/2005/723 2163/1981/723 2101/222/723 2102/223/723 209/224/723 208/1067/723 2103/1066/723 2104/1356/723
f 204/1397/724 2116/1396/724 2115/2006/724 2114/1196/724 205/1399/724
f 2060/1064/725 2061/222/725 210/225/725 211/1063/725
f 944/988/726 945/728/726 965/989/726 964/660/726 942/659/726 943/658/726
f 1189/1259/727 1190/1266/727 1191/1265/727 1192/1064/727 154/1063/727 155/1408/727 1188/1260/727
f 156/1409/728 2056/1260/728 212/1408/728 7/1410/728
f 5589/1411/729 5590/1415/729 334/1413/729 333/2007/729 332/2008/729 331/2009/729 330/2010/729 329/2011/729 5588/2012/729
f 162/1414/730 1921/1033/730 1930/1415/730 161/1416/730
f 163/1417/731 1902/1034/731 1921/1033/731 162/1414/731
f 5592/1900/732 5593/1906/732 338/1418/732 337/2013/732 336/1417/732
f 166/2014/733 1835/1873/733 1853/1872/733 165/1418/733
f 4710/2015/734 4711/2016/734 4712/2017/734 4713/1857/734 4714/937/734 4715/996/734 4716/995/734 323/2014/734 322/1287/734
f 1026/1069/735 893/891/735 894/894/735 1011/947/735 1010/1894/735 1027/1053/735
f 3012/791/736 3127/1889/736 3036/1042/736 3035/1411/736 2969/1260/736 2970/793/736 3011/792/736
f 2034/791/737 2035/1237/737 2036/789/737 2058/1266/737 2057/1259/737 2033/792/737
f 2098/788/738 2099/1265/738 2140/1971/738 2139/789/738
f 2163/1981/739 2182/1982/739 2181/1957/739 2140/1971/739 2099/1265/739 2100/1407/739 2101/222/739
f 5384/1241/740 5411/1976/740 5410/1979/740 5383/1240/740
f 2106/1273/741 2107/1354/741 2144/1271/741 2143/1238/741
f 2107/1354/742 2108/1353/742 2145/1047/742 2144/1271/742
f 2992/1396/743 2993/212/743 3023/2018/743 3022/2019/743 2991/2006/743
f 2121/775/744 2122/643/744 2151/642/744 2150/2020/744
f 4957/2021/745 5019/2022/745 5018/2/745 4972/635/745 4956/636/745 4939/2023/745 4940/638/745 4941/1153/745 4958/1969/745
f 2125/637/746 2126/533/746 2154/537/746 2153/638/746
f 4912/692/747 4931/1113/747 4930/1282/747 4893/2024/747 4894/535/747
f 2127/534/748 2128/1194/748 2157/1193/748 2156/535/748
f 3006/316/749 3051/317/749 3050/318/749 3005/319/749
f 4778/2025/750 4779/1946/750 4780/1965/750 4815/1224/750 4814/1963/750 4840/2026/750 4839/2027/750 4813/553/750
f 4670/1980/751 4686/1040/751 4685/1039/751 4645/1210/751 4646/2028/751
f 3016/2001/752 3017/2002/752 3041/2003/752 3042/2004/752 3018/1238/752 3019/1271/752 3106/1171/752 3105/875/752 3060/582/752 3059/587/752 3040/2005/752 3039/1981/752 2976/222/752 2977/1066/752 2978/1356/752
f 2150/2020/753 2151/642/753 2169/1172/753 2168/1231/753
f 3027/642/754 3028/641/754 3046/640/754 3045/1172/754
f 3032/535/755 3033/1193/755 3049/1192/755 3048/691/755 3031/536/755
f 4645/1210/756 4685/1039/756 4684/1038/756 4669/700/756 4644/699/756
f 1104/1116/757 1135/1115/757 1156/1244/757 1155/1183/757 1103/1117/757
f 3045/1172/758 3046/640/758 3064/1173/758 3063/1174/758
f 2170/640/759 2171/639/759 2189/20/759 2188/1173/759
f 3048/691/760 3049/1192/760 3068/1156/760 3067/1155/760 3066/2029/760
f 4816/1948/761 4852/1808/761 4851/1807/761 4846/1186/761 4845/318/761 4840/2026/761 4814/1963/761 4815/1224/761 4780/1965/761 4781/1947/761
f 4586/2030/762 4603/1981/762 4602/2031/762 4620/2032/762 4619/1211/762 4584/2033/762 4585/2034/762
f 3060/582/763 3105/875/763 3104/2035/763 3082/585/763 3075/1952/763 3059/587/763
f 5159/2036/764 5143/2037/764 5142/211/764 5117/1120/764 5118/1121/764 5119/1967/764 5120/1218/764 5144/2038/764 5145/2039/764 5160/1217/764
f 3015/1971/765 3057/1957/765 3074/1951/765 3080/1954/765 3079/698/765 3056/699/765 3038/1972/765
f 4584/2033/766 4619/1211/766 4618/1828/766 4598/2040/766 4583/1179/766
f 3043/2041/767 3107/2042/767 3106/1171/767 3019/1271/767 3020/1047/767
f 3076/1188/768 3077/1205/768 3087/1204/768 3086/1189/768
f 4305/2043/769 4306/1136/769 4317/1083/769 4316/2044/769
f 4765/2045/770 4723/2046/770 4724/1387/770 4725/1200/770 4726/1175/770 4818/1176/770 4819/1168/770 4820/1950/770 4854/1810/770 4853/1809/770 4817/1949/770 4816/1948/770 4781/1947/770 4782/1207/770
f 4367/734/771 4368/742/771 4390/818/771 4389/1442/771 4388/817/771 4387/1852/771 4386/1590/771
f 2212/2047/772 2213/1081/772 2220/1939/772 2219/1938/772
f 2213/1081/773 2214/1082/773 2221/1940/773 2220/1939/773
f 2214/1082/774 2215/1197/774 2222/2048/774 2221/1940/774
f 1014/905/775 1015/824/775 1032/1057/775 1031/1058/775 1030/1059/775 1013/953/775
f 3044/1231/776 3100/1117/776 3099/1118/776 2996/776/776 2997/775/776 3026/2020/776
f 3009/555/777 3102/1207/777 3078/1206/777 3072/1965/777 3053/1946/777 3008/554/777
f 3082/585/778 3104/2035/778 3103/1830/778 3081/1953/778
f 3095/1938/779 3096/1939/779 3097/1940/779 3110/1941/779 3109/1143/779 3108/1942/779 3094/1078/779
f 1081/874/780 1082/1167/780 1090/1171/780 1089/875/780
f 2230/1171/781 2231/2042/781 2239/2049/781 2238/2050/781
f 4313/2051/782 4314/1140/782 4322/1143/782 4321/2052/782
f 4727/2053/783 4783/1937/783 4819/1168/783 4818/1176/783 4726/1175/783
f 933/940/784 972/851/784 971/850/784 932/938/784
f 2204/1954/785 2273/1827/785 2272/1037/785 2253/2054/785 2203/698/785
f 2237/2055/786 2238/2050/786 2244/1338/786 2243/2056/786
f 2238/2050/787 2239/2049/787 2245/1339/787 2244/1338/787
f 4786/2057/788 4787/2058/788 4820/1950/788 4819/1168/788 4783/1937/788 4784/1160/788 4785/1159/788
f 3117/1937/789 3118/707/789 3125/706/789 3124/1924/789
f 3079/698/790 3129/2054/790 3128/2059/790 3055/700/790 3056/699/790
f 2999/636/791 3000/637/791 3029/638/791 3047/639/791 3046/640/791 3028/641/791 3027/642/791 2998/643/791
f 2631/2060/792 2632/2061/792 2645/491/792 2644/495/792 2643/2062/792 2642/2063/792
f 4009/1423/793 4010/1422/793 4011/1236/793 4031/1110/793 4030/2064/793
f 1246/1074/794 1247/1329/794 1270/1431/794 1271/1430/794 1289/70/794 1288/66/794 1287/65/794 1298/68/794 1317/106/794 1318/105/794 1319/445/794 1493/391/794 1492/390/794 1480/394/794 1501/393/794 1521/456/794 1522/1665/794 1660/449/794 1659/1758/794 1704/769/794 1703/768/794 1628/2065/794 1627/645/794 1604/616/794 1587/482/794 1537/2066/794 1520/2067/794 1519/1671/794 1586/615/794 1603/617/794 1602/607/794 1479/606/794 1462/1616/794 1461/345/794 1453/2068/794 1441/1488/794 1442/1487/794 1373/1486/794 1372/228/794 1371/207/794 1352/206/794 1351/100/794 1297/99/794 1280/1869/794 1279/1868/794 1286/1867/794 1285/594/794 1295/1870/794 1296/104/794 1412/103/794 1427/266/794 1428/267/794 1437/2069/794 1436/1622/794 1457/334/794 1458/1615/794 1471/612/794 1490/611/794 1491/610/794 1518/609/794 1517/602/794 1585/2070/794 1584/2071/794 1676/739/794 1675/477/794 1516/1666/794 1515/1669/794 1655/1668/794 1654/927/794 1624/1699/794 1653/926/794 1652/1788/794 1651/1787/794 1622/1728/794 1623/2072/794 1534/470/794 1535/469/794 1547/497/794 1548/496/794 1536/301/794 1514/352/794 1435/351/794 1450/328/794 1449/327/794 1365/2073/794 1364/1720/794 1381/252/794 1380/251/794 1332/139/794 1333/138/794 1334/1475/794 1335/141/794 1336/93/794 1366/92/794 1382/221/794 1395/232/794 1396/231/794 1397/234/794 1384/233/794 1368/1485/794 1367/91/794 1303/90/794 1304/98/794 1293/97/794 1294/1453/794 1283/1452/794 1284/1451/794 1278/1450/794 1277/1449/794 1282/1454/794 1281/88/794 1275/87/794 1276/86/794 1242/85/794 1243/1614/794 145/1317/794 144/1316/794 143/1268/794 1244/1320/794 1245/1077/794 1315/1076/794 1316/1075/794
f 3137/1923/795 3146/1158/795 3145/1922/795 3144/2057/795
f 4430/1147/796 4407/78/796 4408/77/796 4431/1290/796
f 3174/1447/797 3306/892/797 3320/2074/797 3319/2075/797 3139/309/797 3140/2076/797 3157/2077/797
f 2272/1037/798 2273/1827/798 2291/2078/798 2290/2079/798
f 3149/1827/799 3150/881/799 3168/1824/799 3167/2078/799
f 2274/881/800 2275/2080/800 2293/1825/800 2292/1824/800
f 2296/2081/801 2310/2082/801 2295/1332/801 2278/1331/801 2245/1339/801 2239/2049/801 2231/2042/801 2167/2041/801 2145/1047/801 2108/1353/801 2109/1290/801 2279/1289/801
f 3155/1289/802 3156/78/802 3173/1888/802 3172/2081/802
f 2281/2077/803 2282/1070/803 2299/1446/803 2298/1447/803
f 3158/1070/804 3159/1073/804 3177/2083/804 3176/1053/804 3175/1446/804
f 2283/1073/805 2284/1007/805 2302/1008/805 2301/2083/805
f 1097/1078/806 1098/1079/806 1106/1080/806 1107/1081/806 1108/1082/806 1205/1083/806 144/1084/806 145/2084/806 146/1085/806 1204/1086/806 1203/76/806 975/75/806 976/1002/806 959/741/806 960/1087/806 977/1088/806 843/755/806 844/754/806 830/753/806 831/752/806 812/722/806 813/721/806 814/720/806 815/1089/806 834/765/806 833/758/806 832/757/806 845/760/806 846/759/806 856/1090/806 857/1091/806 847/1092/806 848/767/806 849/770/806 836/769/806 837/1093/806 816/453/806 817/454/806 838/649/806 851/648/806 850/777/806 860/778/806 940/952/806 939/985/806 859/1094/806 858/1095/806 896/1096/806 897/1097/806 938/984/806 937/983/806 868/1009/806 867/1098/806 880/310/806 1054/1099/806 1055/1100/806 1056/1101/806 1066/1102/806 1067/1103/806 1057/1104/806 1058/1105/806 1047/1007/806 1048/1006/806 1000/1005/806 1001/1013/806 992/1012/806 980/956/806 993/955/806 1002/954/806 1013/953/806 1030/1059/806 1031/1058/806 1050/1106/806 1049/1107/806 1072/1108/806 1071/1109/806 1139/1110/806 1138/1111/806 1159/691/806 1184/1112/806 1183/1113/806 1070/1114/806 1069/19/806 1068/22/806 1136/21/806 1135/1115/806 1104/1116/806 1103/1117/806 1102/1118/806 1212/1119/806 1211/1120/806 1177/1121/806 1178/1122/806 1117/1123/806 1116/1124/806 1111/1125/806 1110/1126/806 1078/1127/806 1077/1128/806 1133/1129/806 1134/1130/806 1210/1131/806 1209/1132/806 1176/1133/806 1175/1134/806 1207/1135/806 1206/1136/806 1109/1137/806 1101/1138/806 1100/1139/806 1094/1140/806 991/1141/806 990/1142/806 1093/1143/806 1092/1144/806
f 3163/1190/807 3164/1203/807 3165/1907/807 3182/1908/807 3181/1899/807 3180/1058/807
f 2291/2078/808 2292/1824/808 2309/835/808 2308/825/808
f 1894/1069/809 1761/891/809 1762/894/809 1879/947/809 1878/1894/809 1895/1053/809
f 4201/2083/810 4210/2085/810 4209/1894/810 4200/947/810 4185/1056/810 4186/2086/810
f 3180/1058/811 3181/1899/811 3193/824/811 3192/2087/811 3191/2088/811 3179/1897/811
f 2305/1899/812 2306/1908/812 2318/819/812 2317/824/812
f 2319/1841/813 2320/2089/813 2330/852/813 2329/853/813
f 2320/2089/814 2321/1839/814 2331/977/814 2330/852/814
f 198/1393/815 2131/316/815 2130/319/815 199/1798/815
f 3024/1121/816 3083/1533/816 3093/2090/816 3092/2091/816 3123/1127/816 3122/2092/816 3061/1129/816 3062/2093/816 2994/211/816 2995/210/816
f 1021/867/817 1022/866/817 1041/1014/817 1076/1015/817 1075/872/817 1040/871/817 1039/870/817 973/869/817 974/868/817
f 2111/1352/818 2347/75/818 2362/818/818 2420/82/818 2419/81/818 2311/80/818 2297/1888/818 2280/78/818 2110/1288/818
f 2354/2094/819 2394/961/819 2393/821/819 2353/820/819 2318/819/819 2306/1908/819 2289/1907/819 2268/2057/819 2269/1922/819 2325/1640/819 2326/1641/819 2337/1164/819 2336/1016/819
f 2336/1016/820 2337/1164/820 2355/2095/820 2354/2094/820
f 2337/1164/821 2338/1927/821 2356/1026/821 2355/2095/821
f 5531/967/822 5579/965/822 5595/2096/822 5594/2097/822 5593/1906/822 5510/993/822 5511/2098/822
f 4576/972/823 4577/971/823 4578/970/823 4596/2099/823 4595/846/823 4574/997/823 4575/844/823
f 2377/973/824 2376/972/824 2361/1001/824 2342/1000/824 2328/1844/824 2343/969/824 2378/974/824
f 4517/943/825 4518/2100/825 4528/969/825 4527/974/825
f 3223/75/826 3224/1875/826 3240/908/826 3239/815/826 3238/818/826
f 2285/2101/827 2322/2102/827 2323/2103/827 2334/1012/827 2351/2104/827 2350/2105/827 2366/2106/827 2383/2107/827 2453/2108/827 2447/2109/827 2433/2110/827 2421/948/827 2382/2111/827 2314/946/827 2302/1008/827 2284/1007/827
f 3245/1865/828 3244/661/828 3243/2112/828 3242/2106/828 3226/2105/828 3227/2104/828 3210/1012/828 3228/1882/828 3247/2113/828 3246/989/828
f 3231/2095/829 3271/1995/829 3270/961/829 3230/2094/829
f 1818/1871/830 1852/1026/830 1851/991/830 1817/990/830
f 2357/2114/831 2358/965/831 2373/2115/831 2372/2116/831
f 2358/965/832 2359/967/832 2374/782/832 2373/2115/832
f 2359/967/833 2360/830/833 2375/829/833 2374/782/833
f 4310/907/834 4311/1876/834 4368/742/834 4367/734/834
f 2366/2106/835 2367/2112/835 2386/2117/835 2385/1863/835 2384/984/835 2383/2107/835
f 2367/2112/836 2368/661/836 2387/646/836 2386/2117/836
f 3245/1865/837 3246/989/837 3267/746/837 3266/745/837 3265/658/837 3264/1866/837
f 2370/989/838 2371/2113/838 2392/727/838 2391/746/838
f 2377/973/839 2378/974/839 2403/912/839 2402/913/839
f 2378/974/840 2379/976/840 2404/2118/840 2403/912/840
f 5369/910/841 5395/2119/841 5394/1605/841 5388/942/841 5345/1838/841 5346/922/841
f 4232/2120/842 4233/2121/842 4256/306/842 4255/305/842
f 2314/946/843 2382/2111/843 2421/948/843 2433/2110/843 2432/894/843 2313/2122/843
f 3261/1863/844 3341/795/844 3311/794/844 3260/984/844
f 4962/646/845 4963/2123/845 4975/778/845 4974/952/845
f 4562/2124/846 4609/1476/846 4608/130/846 4590/129/846 4561/2125/846
f 2316/2087/847 2449/2126/847 2448/2127/847 2436/2128/847 2392/727/847 2371/2113/847 2352/1882/847 2335/2129/847 2324/2130/847 2315/2088/847
f 2393/821/848 2394/961/848 2410/1996/848 2409/822/848
f 3882/1995/849 3894/961/849 3893/157/849 3872/960/849 3860/2131/849 3861/964/849 3878/963/849
f 5370/920/850 5405/1586/850 5421/1848/850 5420/1847/850 5404/2132/850 5395/2119/850 5369/910/850
f 5347/1837/851 5348/918/851 5371/1252/851 5370/920/851 5369/910/851 5346/922/851
f 3294/864/852 3302/540/852 3301/861/852 3283/1853/852 3284/1854/852
f 4747/669/853 4772/2133/853 4771/157/853 4746/960/853
f 3891/2134/854 3892/2133/854 3893/157/854 3920/822/854 3919/2135/854 3918/1802/854 3917/1801/854 3916/423/854 3915/2136/854
f 2411/156/855 2412/931/855 2424/1512/855 2423/669/855
f 68/1268/856 69/181/856 373/2137/856 372/1320/856
f 3294/864/857 3295/81/857 3304/884/857 3303/883/857 3302/540/857
f 2419/81/858 2420/82/858 2429/817/858 2428/884/858
f 386/117/859 452/120/859 451/409/859 471/146/859 487/410/859 635/411/859 634/412/859 708/413/859 707/183/859 625/196/859 626/195/859 384/194/859 385/414/859
f 3184/825/860 3314/826/860 3313/827/860 3276/828/860 3251/829/860 3236/830/860 3216/831/860 3183/832/860
f 3878/963/861 3879/1162/861 3883/2138/861 3882/1995/861
f 3185/835/862 3168/1824/862 3169/1825/862 3151/2080/862 3150/881/862 3149/1827/862 3080/1954/862 3081/1953/862 3103/1830/862 3104/2035/862 3105/875/862 3113/2055/862 3119/2056/862 3120/1338/862 3153/1337/862 3152/1336/862 3221/1335/862 3222/1334/862 3170/1333/862 3171/1332/862 3186/2082/862 3172/2081/862 3173/1888/862 3187/80/862 3295/81/862 3294/864/862 3284/1854/862 3283/1853/862 3301/861/862 3317/885/862 3316/917/862 3282/922/862 3257/941/862 3256/942/862 3207/977/862 3197/1839/862 3196/2089/862 3195/1841/862 3205/853/862 3206/852/862 3220/975/862 3219/969/862 3204/1844/862 3218/1000/862 3217/999/862 3289/998/862 3290/997/862 3277/844/862 3252/972/862 3253/973/862 3278/913/862 3291/914/862 3292/2139/862 3347/2140/862 3337/837/862 3327/807/862 3315/1850/862 3314/826/862 3184/825/862
f 5255/1589/863 5321/811/863 5320/1836/863 5301/2141/863 5292/883/863 5277/884/863 5254/2142/863
f 2430/892/864 2431/893/864 2445/890/864 2444/2074/864
f 4199/2143/865 4232/2120/865 4231/2144/865 4198/2145/865
f 2432/894/866 2433/2110/866 2447/2109/866 2446/895/866
f 2438/826/867 2439/1850/867 2451/807/867 2450/2146/867 2437/827/867
f 5321/811/868 5322/1588/868 5349/1587/868 5348/918/868 5347/1837/868
f 5234/1864/869 5235/734/869 5256/1590/869 5255/1589/869 5254/2142/869 5253/1442/869 5252/818/869
f 1735/1098/870 1736/1009/870 1752/900/870 1751/899/870 1750/890/870 1749/311/870 1748/310/870
f 4789/819/871 4790/1025/871 4791/821/871 4792/2147/871 4793/2148/871 4823/1819/871 4822/1896/871
f 3276/828/872 3313/827/872 3326/2146/872 3336/2149/872 3335/783/872 3250/782/872 3251/829/872
f 3326/2146/873 3327/807/873 3337/837/873 3336/2149/873
f 4124/795/874 4125/950/874 4136/1817/874 4135/2150/874
f 3980/772/875 3981/803/875 3982/802/875 3998/904/875 3997/2151/875 3996/1030/875 3995/2152/875 3977/2153/875 3978/2154/875 3979/2155/875
f 3332/2156/876 3333/806/876 3345/407/876 3344/773/876 3331/2157/876
f 2457/806/877 2458/823/877 2470/408/877 2469/407/877
f 847/1092/878 857/1091/878 856/1090/878 846/759/878 833/758/878 834/765/878
f 2466/2158/879 2467/2159/879 2481/2160/879 2480/2161/879
f 5094/1859/880 5107/716/880 5127/2162/880 5126/1797/880 5178/906/880 5177/756/880 5167/1004/880 5105/2163/880 5106/753/880 5089/2164/880 5090/2165/880
f 2475/2166/881 2476/1812/881 2493/758/881 2492/2167/881
f 1628/2065/882 1703/768/882 1716/767/882 1715/1092/882 1702/765/882 1683/1089/882 1658/763/882 1627/645/882
f 835/768/883 836/769/883 849/770/883 848/767/883
f 4899/679/884 4947/2168/884 4946/656/884 4934/2169/884 4933/2170/884 4924/988/884 4898/2171/884
f 840/747/885 863/751/885 862/798/885 839/748/885
f 1666/686/886 1667/702/886 1668/633/886 1669/1689/886 1692/1279/886 1691/730/886 1664/681/886 1665/680/886
f 1537/2066/887 1587/482/887 1586/615/887 1519/1671/887 1520/2067/887
f 2487/735/888 2488/1796/888 2512/929/888 2511/736/888
f 3364/1796/889 3365/1797/889 3392/598/889 3391/605/889 3390/477/889 3389/481/889 3388/929/889
f 4795/749/890 4796/2172/890 4826/424/890 4825/771/890 4824/407/890 4794/1802/890
f 3380/685/891 3424/672/891 3423/1760/891 3379/681/891
f 5472/689/892 5493/682/892 5492/686/892 5471/1277/892
f 2506/732/893 2507/633/893 2532/632/893 2531/2173/893
f 3445/1727/894 3537/470/894 3549/2174/894 3550/299/894 3567/298/894 3566/297/894 3599/296/894 3598/364/894 3578/386/894 3536/385/894 3511/2175/894 3491/1782/894 3490/2176/894 3385/1591/894 3386/713/894 3409/1729/894 3444/1728/894
f 3386/713/895 3387/736/895 3388/929/895 3414/928/895 3413/1733/895 3412/1732/895 3411/1730/895 3410/925/895 3409/1729/895
f 5168/2177/896 5169/2178/896 5181/476/896 5180/475/896 5179/715/896
f 2590/600/897 2589/599/897 2516/598/897 2517/1792/897 2539/1791/897 2572/2179/897
f 5061/1794/898 5107/716/898 5094/1859/898 5090/2165/898 5083/1862/898 5060/720/898
f 3416/763/899 3449/645/899 3448/2179/899 3415/1791/899 3397/720/899 3398/764/899
f 2454/2180/900 2556/678/900 2555/679/900 2391/746/900 2392/727/900 2436/2128/900 2448/2127/900
f 3403/1800/901 3404/405/901 3419/1660/901
f 2531/2173/902 2532/632/902 2551/631/902 2550/687/902
f 1624/1699/903 1654/927/903 1653/926/903
f 2545/675/904 2546/1574/904 2547/1760/904 2548/672/904 2562/175/904 2561/174/904 2560/1686/904 2559/1685/904 2558/1687/904 2557/2181/904 2544/676/904
f 5565/580/905 5587/579/905 5586/525/905 5564/524/905
f 3799/1700/906 3828/24/906 3827/1468/906 3753/1701/906 3752/1702/906 3826/178/906 3825/177/906 3824/182/906 3823/1267/906 3822/1315/906 3821/1314/906 3788/86/906 3787/1703/906 3778/1704/906 3779/1454/906 3789/1705/906 3790/1706/906 3781/1451/906 3780/1452/906 3772/1453/906 3771/1707/906 3766/1708/906 3765/1709/906 3697/91/906 3698/1710/906 3686/1711/906 3672/1712/906 3671/1713/906 3670/1714/906 3684/221/906 3696/1715/906 3733/93/906 3732/1716/906 3731/1717/906 3730/1718/906 3729/1719/906 3682/1499/906 3683/252/906 3694/1720/906 3695/1721/906 3616/1722/906 3617/1723/906 3627/1724/906 3552/302/906 3539/301/906 3524/1725/906 3523/1726/906 3538/300/906 3537/470/906 3445/1727/906 3444/1728/906 3409/1729/906 3410/925/906 3411/1730/906 3446/1731/906 3412/1732/906 3413/1733/906 3553/1734/906 3554/478/906 3390/477/906 3391/605/906 3480/604/906 3481/603/906 3555/602/906 3556/601/906 3580/1735/906 3579/1736/906 3601/1737/906 3607/331/906 3606/334/906 3628/333/906 3629/332/906 3639/338/906 3638/1738/906 3653/103/906 3774/589/906 3773/588/906 3782/594/906 3783/593/906 3791/592/906 3792/591/906 3775/590/906 3713/1739/906 3714/1740/906 3701/207/906 3702/228/906 3703/1741/906 3622/1742/906 3621/347/906 3620/346/906 3610/345/906 3611/1616/906 3591/1743/906 3467/1744/906 3468/617/906 3482/486/906 3557/485/906 3558/484/906 3540/1745/906 3483/482/906 3469/1746/906 3449/645/906 3450/762/906 3371/761/906 3372/769/906 3417/1747/906 3418/1748/906 3560/1749/906 3559/1750/906 3568/1751/906 3592/1752/906 3581/1753/906 3582/391/906 3756/74/906 3755/73/906 3754/1754/906 3776/1755/906 3784/1756/906 3785/71/906 3786/70/906 3800/1757/906
f 3451/2182/907 3630/283/907 3641/268/907 3655/272/907 3830/30/907 3829/1469/907 3800/1757/907 3786/70/907 3767/69/907 3756/74/907 3582/391/907 3569/447/907 3560/1749/907 3418/1748/907 3417/1747/907 3372/769/907 3373/1093/907 3399/2183/907 3400/454/907
f 1630/654/908 1631/664/908 1646/679/908 1645/655/908
f 2555/679/909 2556/678/909 2578/1030/909 2577/1029/909
f 2557/2181/910 2558/1687/910 2582/1608/910 2581/1609/910
f 1593/514/911 1594/623/911 1614/625/911 1613/670/911 1612/619/911
f 2560/1686/912 2561/174/912 2584/173/912 2583/515/912
f 3384/626/913 3440/627/913 3462/628/913 3461/629/913 3439/630/913 3427/631/913 3408/632/913 3383/633/913
f 734/607/914 735/617/914 758/644/914 733/608/914
f 2572/2179/915 2573/645/915 2593/1746/915 2592/617/915
f 3886/1638/916 3927/1644/916 3926/2184/916 3898/1639/916
f 2525/744/917 2554/655/917 2576/1028/917 2594/289/917 2665/288/917 2666/287/917 2686/286/917 2685/285/917 2755/284/917 2754/283/917 2575/2182/917 2524/454/917 2498/649/917 2481/2160/917 2467/2159/917 2387/646/917 2368/661/917 2369/1865/917 2388/1866/917 2389/658/917 2526/657/917
f 1605/289/918 1606/185/918 1607/184/918 1608/427/918 1632/677/918 1631/664/918 1630/654/918
f 3858/668/919 3859/667/919 3871/669/919
f 4659/172/920 4660/2185/920 4681/515/920 4680/1776/920
f 4412/576/921 4424/2186/921 4423/2187/921
f 3392/598/922 3465/599/922 3466/600/922 3556/601/922 3555/602/922 3481/603/922 3480/604/922 3391/605/922
f 2591/1744/923 2715/1743/923 2714/614/923 2726/2188/923 2725/1737/923 2703/1736/923 2704/1735/923 2680/601/923 2590/600/923
f 2592/617/924 2593/1746/924 2607/482/924 2606/486/924
f 3614/560/925 3615/561/925 3636/562/925 3635/563/925 3650/564/925 3649/565/925 3530/566/925 3476/567/925 3477/568/925 3488/569/925 3497/545/925 3505/529/925 3516/570/925
f 3477/568/926 3478/595/926 3479/597/926 3489/2189/926 3488/569/926
f 2978/1356/927 2979/1355/927 3017/2002/927 3016/2001/927
f 3486/1663/928 3487/1510/928 3496/506/928 3495/505/928 3494/1683/928 3485/1664/928
f 767/676/929 768/675/929 794/932/929 795/933/929 912/934/929 911/935/929 927/936/929 926/937/929
f 2618/1683/930 2619/505/930 2624/504/930 2623/2190/930
f 4515/2191/931 4537/2192/931 4536/2193/931 4514/2194/931
f 3877/503/932 3912/504/932 3944/461/932 3943/2195/932 3881/1274/932 3876/502/932
f 3504/172/933 3529/171/933 3528/2196/933 3633/520/933 3634/379/933 3585/169/933 3586/168/933 3648/167/933 3647/244/933 3646/1692/933 3663/242/933 3664/432/933 3691/431/933 3690/2197/933 3708/161/933 3722/2198/933 3723/2199/933 3724/436/933 3795/13/933 3794/524/933 3793/11/933 3458/1608/933 3459/515/933 3503/516/933
f 5398/1558/934 5433/526/934 5432/529/934 5397/528/934
f 3507/2060/935 3508/2061/935 3521/491/935 3520/495/935 3519/2062/935 3518/2063/935
f 889/883/936 890/542/936 905/81/936 904/864/936 888/540/936
f 3512/2200/937 3513/501/937 3526/375/937 3525/374/937
f 4095/2201/938 4128/25/938 4127/2202/938 4094/1469/938
f 2642/2063/939 2643/2062/939 2656/465/939 2655/1549/939
f 2643/2062/940 2644/495/940 2657/494/940 2656/465/940
f 2647/1726/941 2648/1725/941 2663/301/941 2662/300/941
f 3430/655/942 3431/679/942 3453/1029/942 3452/1028/942
f 5458/566/943 5459/2203/943 5460/1484/943 5461/219/943 5474/1561/943
f 2655/1549/944 2656/465/944 2668/2204/944 2667/463/944
f 4443/2205/945 4444/1502/945 4470/465/945 4469/2206/945 4468/2207/945 4442/1535/945
f 2661/470/946 2662/300/946 2674/299/946 2673/2174/946
f 4296/478/947 4297/2208/947 4298/696/947 4299/928/947 4308/474/947 4307/2209/947
f 647/1666/948 807/477/948 806/481/948 776/480/948 775/696/948 757/1667/948
f 99/2210/949 98/397/949 5310/1603/949 5287/16/949 101/2211/949 100/2212/949
f 2669/2205/950 2670/1544/950 2689/2213/950 2688/1535/950
f 3559/1750/951 3560/1749/951 3569/447/951 3568/1751/951
f 2649/374/952 2747/373/952 2756/372/952 2608/1653/952 2609/1664/952 2618/1683/952 2623/2190/952 2636/2200/952
f 4140/2214/953 4141/229/953 4142/2215/953 4143/1612/953 4144/345/953 4170/1610/953 4169/235/953 4168/207/953
f 5327/1541/954 5354/360/954 5353/1536/954 5326/1535/954 5307/1543/954 5308/1542/954
f 4336/1598/955 4337/2216/955 4320/302/955 4338/2217/955 4347/2218/955 4346/1785/955 4345/1784/955 4362/1783/955 4361/1599/955
f 3758/1256/956 3837/1345/956 3836/2219/956 3835/1633/956 3584/1632/956 3583/1631/956 3492/183/956 3493/1658/956 3570/1657/956 3571/1656/956 3718/1655/956 3737/200/956 3757/1257/956
f 3484/1653/957 3632/372/957 3643/371/957 3644/370/957 3661/52/957 3719/1654/957 3718/1655/957 3571/1656/957 3570/1657/957 3493/1658/957 3492/183/957 3472/1032/957 3473/1031/957 3474/1659/957 3419/1660/957 3404/405/957 3405/404/957 3455/1661/957 3456/421/957 3298/1662/957 3299/669/957 3475/1511/957 3487/1510/957 3486/1663/957 3485/1664/957
f 2709/169/958 2758/379/958 2757/520/958 2652/2196/958 2653/171/958 2696/170/958
f 5328/1540/959 5329/366/959 5356/1552/959 5355/1551/959 5354/360/959 5327/1541/959
f 3510/383/960 3535/384/960 3536/385/960 3578/386/960 3598/364/960 3597/363/960 3589/368/960 3548/387/960 3547/388/960 3509/389/960
f 3568/1751/961 3569/447/961 3582/391/961 3581/1753/961 3592/1752/961
f 4024/183/962 4025/2220/962 4042/290/962 4041/186/962 4022/1517/962 4021/273/962 4020/189/962 4019/1521/962 4018/2221/962 4017/2222/962 4036/2223/962 4035/35/962 4016/34/962 4015/2224/962 3991/1652/962 3992/1651/962 4023/1650/962
f 1746/811/963 1747/1852/963 1759/817/963 1758/542/963 1757/883/963 1756/540/963 1755/861/963
f 1433/293/964 1444/1626/964 1445/1627/964 1464/377/964 1463/1628/964 1550/543/964 1549/459/964 1443/373/964 1440/415/964 1432/371/964
f 2719/1552/965 2720/366/965 2728/365/965 2727/1553/965
f 2676/302/966 2751/1724/966 2741/1723/966 2729/329/966 2724/295/966 2675/294/966
f 4131/2225/967 4213/1743/967 4224/2226/967 4223/2227/967 4247/612/967 4246/1620/967 4222/339/967 4170/1610/967 4144/345/967
f 1365/2073/968 1449/327/968 1455/330/968 1454/348/968 1411/253/968 1381/252/968 1364/1720/968
f 2728/365/969 2729/329/969 2741/1723/969 2740/1722/969
f 568/2069/970 589/1615/970 588/334/970 567/1622/970
f 1370/208/971 1451/335/971 1459/342/971 1458/1615/971 1437/2069/971 1428/267/971 1413/102/971 1369/101/971
f 4170/1610/972 4222/339/972 4221/236/972 4169/235/972
f 3640/343/973 3702/228/973 3701/207/973 3619/340/973 3609/344/973 3610/345/973 3620/346/973 3621/347/973
f 2456/2156/974 2455/2157/974 2454/2180/974 2448/2127/974 2449/2126/974 2316/2087/974 2317/824/974 2457/806/974
f 3509/389/975 3547/388/975 3548/387/975 3589/368/975 3588/367/975 3576/1541/975 3577/2228/975 3565/2213/975 3546/1544/975 3545/2205/975 3533/494/975 3534/493/975 3522/492/975 3521/491/975 3508/2061/975 3507/2060/975 3518/2063/975 3531/1549/975 3543/463/975 3544/2204/975 3563/401/975 3575/2229/975 3587/1551/975 3595/1552/975 3603/1553/975 3652/253/975 3651/1496/975 3637/1613/975 3636/562/975 3615/561/975 3614/560/975 3516/570/975 3517/1448/975 3506/547/975 3498/546/975 3497/545/975 3488/569/975 3489/2189/975 3479/597/975 3443/596/975 3478/595/975 3477/568/975 3476/567/975 3530/566/975 3680/1561/975 3681/219/975 3693/216/975 3667/1483/975 3668/249/975 3796/1501/975 3797/137/975 3798/115/975 3816/1473/975 3815/2230/975 3814/1306/975 3813/1304/975 3812/1567/975 3811/1804/975 3810/1296/975 3809/1295/975 3768/354/975 3769/357/975 3763/1989/975 3745/111/975 3746/2231/975 3747/2232/975 3728/135/975 3712/2124/975 3711/165/975 3574/164/975 3573/176/975 3438/175/975 3424/672/975 3425/683/975 3406/682/975 3407/2173/975 3426/687/975 3427/631/975 3439/630/975 3461/629/975 3462/628/975 3440/627/975 3384/626/975 3360/731/975 3359/730/975 3379/681/975 3423/1760/975 3422/1574/975 3421/675/975 3377/1576/975 3378/2233/975 3275/934/975 3274/2234/975 3249/2115/975 3250/782/975 3335/783/975 3336/2149/975 3337/837/975 3347/2140/975 3292/2139/975 3293/920/975 3441/919/975 3442/918/975 3463/2235/975 3464/2236/975 3317/885/975 3318/816/975 3361/737/975 3386/713/975 3385/1591/975 3490/2176/975 3491/1782/975 3511/2175/975 3536/385/975 3535/384/975 3510/383/975
f 138/2237/976 137/1340/976 1251/32/976 1250/1326/976 1249/1327/976 1248/1328/976 1247/1329/976 1246/1074/976 1245/1077/976 141/1330/976 140/1323/976 139/2238/976
f 3636/562/977 3637/1613/977 3651/1496/977 3650/564/977 3635/563/977
f 2762/1738/978 2763/338/978 2778/337/978 2777/103/978
f 3594/187/979 3660/273/979 3659/258/979 3658/274/979 3673/275/979 3674/257/979 3675/276/979 3706/277/979 3705/278/979 3704/279/979 3715/199/979 3734/197/979 3735/280/979 3802/281/979 3801/282/979 3656/271/979 3657/270/979 3642/269/979 3641/268/979 3630/283/979 3631/284/979 3561/285/979 3562/286/979 3542/287/979 3541/288/979 3470/289/979 3471/290/979 3593/291/979
f 2768/370/980 2769/500/980 2786/1367/980 2785/52/980
f 3646/1692/981 3647/244/981 3665/245/981 3664/432/981 3663/242/981
f 5389/249/982 5437/1483/982 5460/1484/982 5459/2203/982 5436/2239/982 5377/1496/982 5378/1495/982
f 1373/1486/983 1442/1487/983 1441/1488/983 1429/1489/983 1372/228/983
f 511/251/984 512/252/984 542/253/984 541/246/984 525/254/984 524/255/984 398/140/984 463/139/984
f 2782/274/985 2783/258/985 2798/257/985 2797/275/985
f 2783/258/986 2784/273/986 2799/276/986 2798/257/986
f 3707/42/987 3720/428/987 3719/1654/987 3661/52/987 3676/1436/987 3687/429/987
f 3667/1483/988 3693/216/988 3681/219/988 3666/1484/988
f 2794/1714/989 2795/1713/989 2809/2240/989 2808/221/989
f 5216/2241/990 5243/2242/990 5242/231/990 5215/2243/990
f 3619/340/991 3701/207/991 3700/336/991 3618/335/991
f 3689/63/992 3721/1363/992 3742/1362/992 3741/1439/992 3678/1437/992 3679/1366/992
f 2808/221/993 2809/2240/993 2821/91/993 2820/1715/993
f 5217/1485/994 5244/2244/994 5243/2242/994 5216/2241/994
f 2814/2197/995 2815/431/995 2833/2245/995 2832/161/995
f 2815/431/996 2816/430/996 2834/437/996 2833/2245/996
f 5069/206/997 5138/1460/997 5137/1464/997 5115/336/997 5068/1493/997
f 2828/279/998 2829/278/998 2840/2246/998 2839/199/998
f 2829/278/999 2830/277/999 2841/1637/999 2840/2246/999
f 2832/161/1000 2833/2245/1000 2847/2199/1000 2846/2198/1000
f 2833/2245/1001 2834/437/1001 2848/436/1001 2847/2199/1001
f 1390/886/1002 1389/241/1002 1361/203/1002 1362/205/1002 1348/163/1002 1327/162/1002 1266/13/1002 1231/12/1002 1232/356/1002 1300/887/1002 1306/109/1002 1328/128/1002 1407/888/1002 1406/889/1002
f 4609/1476/1003 4610/2247/1003 4628/2248/1003 4629/175/1003 4661/1480/1003 4660/2185/1003 4659/172/1003 4658/171/1003 4657/1478/1003 4656/1773/1003 4627/168/1003 4626/1772/1003 4625/128/1003 4608/130/1003
f 3711/165/1004 3712/2124/1004 3728/135/1004 3727/129/1004 3726/127/1004
f 1849/1025/1005 1884/1024/1005 1883/824/1005 1740/806/1005 1741/805/1005 1790/822/1005 1815/959/1005
f 2839/199/1006 2840/2246/1006 2859/280/1006 2858/197/1006
f 2840/2246/1007 2841/1637/1007 2860/1636/1007 2859/280/1007
f 1340/146/1008 1341/153/1008 1342/152/1008 1358/261/1008 1357/202/1008 1356/410/1008
f 3286/1996/1009 3287/156/1009 3299/669/1009 3298/1662/1009
f 2802/1437/1010 2865/1439/1010 2864/47/1010 2801/1438/1010
f 2849/166/1011 2850/127/1011 2868/126/1011 2867/433/1011
f 5476/133/1012 5481/111/1012 5498/110/1012 5497/127/1012 5475/2249/1012
f 2851/129/1013 2852/135/1013 2871/2232/1013 2870/2231/1013
f 2854/1718/1014 2921/137/1014 2920/1501/1014 2853/1719/1014
f 3731/1717/1015 3732/1716/1015 3750/17/1015 3749/1471/1015 3748/1474/1015
f 2856/1716/1016 2857/93/1016 2875/18/1016 2874/17/1016
f 3737/200/1017 3738/145/1017 3760/125/1017 3759/124/1017 3758/1256/1017 3757/1257/1017
f 2862/145/1018 2863/152/1018 2885/121/1018 2884/125/1018
f 4972/635/1019 5018/2/1019 254/1/1019 253/2250/1019 252/2251/1019 251/2252/1019 250/2253/1019
f 3744/126/1020 3745/111/1020 3763/1989/1020 3762/108/1020 3743/433/1020
f 5309/1761/1021 5310/1603/1021 5336/1562/1021 5335/313/1021 5334/312/1021
f 4811/39/1022 4812/38/1022 4838/2254/1022 4843/2255/1022 4842/2256/1022 4837/125/1022
f 4605/1294/1023 4606/1457/1023 4599/1458/1023 4600/107/1023 4623/887/1023 4622/434/1023
f 2912/86/1024 2945/1314/1024 2944/1319/1024 2943/15/1024 2888/14/1024 2875/18/1024 2857/93/1024 2820/1715/1024 2821/91/1024 2889/1709/1024 2894/2257/1024 2902/1704/1024 2911/1703/1024
f 423/89/1025 424/97/1025 435/98/1025 434/90/1025
f 3713/1739/1026 3775/590/1026 3774/589/1026 3653/103/1026 3654/337/1026 3699/101/1026
f 3008/554/1027 3053/1946/1027 3072/1965/1027 3071/1964/1027 3052/1963/1027 3051/317/1027 3006/316/1027 3007/550/1027
f 3780/1452/1028 3781/1451/1028 3790/1706/1028 3789/1705/1028 3779/1454/1028 3778/1704/1028 3770/2257/1028 3771/1707/1028 3772/1453/1028
f 2900/1755/1029 2901/72/1029 2909/71/1029 2908/1756/1029
f 4097/2258/1030 4098/445/1030 4112/1465/1030 4111/2259/1030 4110/2260/1030 4096/2261/1030
f 2692/1751/1031 2693/447/1031 2706/391/1031 2705/1753/1031 2716/1752/1031
f 53/1299/1032 54/1298/1032 55/1297/1032 359/1296/1032 358/1294/1032 52/1293/1032
f 5585/514/1033 5586/525/1033 5587/579/1033 5600/578/1033 5599/618/1033
f 2918/524/1034 2919/13/1034 2931/435/1034 2930/1419/1034
f 368/96/1035 433/95/1035 445/94/1035 444/144/1035 367/396/1035
f 3799/1700/1036 3800/1757/1036 3829/1469/1036 3828/24/1036
f 1272/2262/1037 1415/1513/1037 1414/1516/1037 1249/1327/1037 1250/1326/1037
f 381/1325/1038 382/32/1038 404/35/1038 403/2262/1038 380/1326/1038
f 2926/281/1039 2927/1635/1039 2958/1634/1039 2957/1434/1039
f 3887/37/1040 3888/36/1040 3905/2263/1040 3904/260/1040 3903/428/1040 3902/40/1040 3901/151/1040 3900/2264/1040
f 4744/61/1041 4745/60/1041 4750/2265/1041 4758/896/1041 4777/37/1041 4776/36/1041 4807/43/1041 4806/1506/1041 4805/1505/1041 4740/2266/1041 4741/1366/1041 4748/238/1041 4756/2267/1041 4757/47/1041 4749/2268/1041
f 7/1410/1042 212/1408/1042 2096/1260/1042 239/1409/1042
f 211/1063/1043 210/225/1043 2101/222/1043 2100/1407/1043
f 2061/222/1044 2062/223/1044 209/224/1044 210/225/1044
f 1170/1269/1045 1196/1270/1045 1195/1066/1045 151/1067/1045 152/224/1045 1194/223/1045 1193/222/1045 1150/2269/1045 1151/2030/1045 1131/1962/1045 1132/1961/1045 1089/875/1045 1090/1171/1045 1173/1271/1045 1172/1238/1045 1153/1243/1045 1152/1895/1045 1171/1241/1045
f 2070/77/1046 2071/76/1046 2072/1086/1046 207/1085/1046 208/1067/1046 2063/1066/1046 2064/1270/1046 2065/1240/1046 2066/1273/1046 2067/1272/1046 2068/1046/1046 2069/1045/1046
f 206/1084/1047 205/1399/1047 2114/1196/1047 2113/1198/1047
f 1206/1136/1048 1207/1135/1048 1208/1398/1048 142/1397/1048 143/1399/1048
f 5300/1835/1049 5301/2141/1049 5320/1836/1049 5319/862/1049 5299/863/1049
f 3240/908/1050 3363/735/1050 3362/734/1050 3239/815/1050
f 1212/1119/1051 1213/1185/1051 1214/2/1051 140/1/1051 141/1395/1051
f 201/634/1052 200/1394/1052 2124/636/1052 2123/635/1052
f 1218/1282/1053 1219/1283/1053 1220/1284/1053 1221/1455/1053 1222/319/1053 135/1798/1053 136/2270/1053 137/2271/1053 138/1394/1053 1216/1248/1053 1217/1247/1053
f 2090/319/1054 2091/1255/1054 198/1393/1054 199/1798/1054
f 198/1393/1055 197/1392/1055 2132/550/1055 2131/316/1055
f 196/557/1056 2135/556/1056 2134/555/1056 2133/554/1056 2132/550/1056 197/1392/1056
f 196/557/1057 8/1390/1057 240/2272/1057 2135/556/1057
f 2135/556/1058 240/2272/1058 241/2273/1058 2158/1199/1058
f 331/1994/1059 332/1993/1059 3112/1175/1059 3073/1200/1059
f 191/1380/1060 4728/1161/1060 4727/2053/1060 4726/1175/1060 192/1383/1060
f 248/2274/1061 249/2275/1061 250/2276/1061 251/1381/1061 252/2277/1061 2397/1925/1061 2249/706/1061 247/2278/1061
f 2397/1925/1062 252/2277/1062 253/1507/1062 2412/931/1062
f 262/2279/1063 263/2280/1063 264/1508/1063 265/1509/1063 2620/506/1063 2611/1510/1063 2599/1511/1063 2424/1512/1063 2412/931/1063 253/1507/1063 254/2281/1063 255/2282/1063 256/2283/1063 257/2284/1063 258/2285/1063 259/2286/1063 260/2287/1063 261/2288/1063
f 2620/506/1064 265/1509/1064 266/2289/1064 2626/507/1064
f 2626/507/1065 266/2289/1065 267/2290/1065 2639/508/1065
f 2639/508/1066 267/2290/1066 268/2291/1066 2651/509/1066
f 174/2291/1067 3853/2292/1067 3852/2293/1067 175/511/1067
f 176/512/1068 3851/2294/1068 3850/2266/1068 3849/237/1068 177/1365/1068
f 2803/1366/1069 271/1365/1069 272/64/1069 2813/63/1069
f 2968/897/1070 275/1361/1070 6/1358/1070 276/898/1070
f 3843/896/1071 3844/897/1071 85/572/1071 84/571/1071
f 2966/1435/1072 2967/896/1072 277/571/1072 278/2295/1072
f 3840/38/1073 3841/37/1073 3842/1435/1073 83/1357/1073 82/1348/1073
f 2963/122/1074 2964/38/1074 279/2296/1074 280/2297/1074
f 2960/2219/1075 2961/1345/1075 282/2298/1075 283/1343/1075
f 2959/1633/1076 2960/2219/1076 283/1343/1076 284/2299/1076
f 2958/1634/1077 2959/1633/1077 284/2299/1077 285/2300/1077
f 2957/1434/1078 2958/1634/1078 285/2300/1078 286/1340/1078
f 2956/1470/1079 2957/1434/1079 286/1340/1079 287/1931/1079
f 3825/177/1080 3826/178/1080 71/1330/1080 70/2301/1080 69/181/1080 3824/182/1080
f 2946/1315/1081 2947/1267/1081 298/1268/1081 299/1316/1081
f 2943/15/1082 2944/1319/1082 302/1313/1082 303/1312/1082
f 2942/16/1083 2943/15/1083 303/1312/1083 304/395/1083
f 3749/1471/1084 3750/17/1084 3818/16/1084 63/395/1084 62/397/1084 3817/1472/1084
f 2940/1473/1085 2941/1472/1085 305/397/1085 306/1311/1085
f 2939/2230/1086 2940/1473/1086 306/1311/1086 307/1308/1086
f 2938/1306/1087 2939/2230/1087 307/1308/1087 308/1307/1087
f 3813/1304/1088 3814/1306/1088 59/1307/1088 58/1303/1088
f 2936/1567/1089 2937/1304/1089 309/1303/1089 310/1302/1089
f 2935/1804/1090 2936/1567/1090 310/1302/1090 311/1300/1090
f 2934/1296/1091 2935/1804/1091 311/1300/1091 312/1297/1091
f 2932/434/1092 2933/1295/1092 315/1293/1092 316/1292/1092
f 2931/435/1093 2932/434/1093 316/1292/1093 317/1291/1093
f 213/1287/1094 2928/578/1094 321/1286/1094 5/1285/1094
f 353/578/1095 724/618/1095 743/620/1095 767/676/1095 926/937/1095 952/966/1095 967/1873/1095 20/2014/1095 21/2302/1095 22/2303/1095 23/2304/1095 24/2305/1095 25/2306/1095 26/2307/1095 27/2308/1095 28/2309/1095 29/2310/1095 30/2311/1095 31/2312/1095 32/2313/1095 33/2314/1095 34/2315/1095 35/2316/1095 36/2317/1095 37/2318/1095 4458/2319/1095 4485/2320/1095 38/2321/1095 39/2322/1095 40/2323/1095 41/2324/1095 42/2325/1095 43/2326/1095 44/2327/1095 45/2328/1095 46/1287/1095
f 232/1418/1096 2327/2329/1096 2339/2097/1096 231/2014/1096
f 1853/1872/1097 1902/1034/1097 163/1417/1097 164/2013/1097 165/1418/1097
f 235/1414/1098 2262/1033/1098 2271/2330/1098 234/1417/1098
f 236/1413/1099 2250/1412/1099 2262/1033/1099 235/1414/1099
f 1930/1415/1100 2014/1891/1100 2056/1260/1100 156/1409/1100 157/2331/1100 158/2332/1100 159/2008/1100 160/2333/1100 161/1416/1100
f 5571/791/1101 5578/1041/1101 5577/1902/1101 5589/1411/1101 5588/2012/1101 5575/1262/1101 5576/1261/1101
f 1166/791/1102 1167/1237/1102 1168/789/1102 1190/1266/1102 1189/1259/1102 1165/792/1102
f 2973/788/1103 2974/1265/1103 3015/1971/1103 3014/789/1103
f 2143/1238/1104 2166/2004/1104 2165/2003/1104 2142/2002/1104 2105/1355/1104 2106/1273/1104
f 2980/1273/1105 2981/1354/1105 3019/1271/1105 3018/1238/1105
f 2981/1354/1106 2982/1353/1106 3020/1047/1106 3019/1271/1106
f 4282/2334/1107 4293/2335/1107 4292/1134/1107 4281/2336/1107
f 2997/775/1108 2998/643/1108 3027/642/1108 3026/2020/1108
f 3000/637/1109 3001/533/1109 3030/537/1109 3029/638/1109
f 4033/2024/1110 4060/1282/1110 4059/1113/1110 4045/2337/1110 4032/535/1110
f 3002/534/1111 3003/1194/1111 3033/1193/1111 3032/535/1111
f 3970/1427/1112 3964/2026/1112 3965/1799/1112 3971/319/1112
f 354/7/1113 355/8/1113 396/9/1113 395/10/1113 394/11/1113
f 4510/1241/1114 4557/1984/1114 4558/1983/1114 4587/1066/1114 4604/1065/1114 4603/1981/1114 4586/2030/1114 4585/2034/1114 4556/2338/1114 4555/2339/1114 4482/1171/1114 4483/1214/1114 4502/1238/1114 4501/1243/1114 4509/1242/1114
f 1117/1123/1115 1178/1122/1115 1177/1121/1115 1116/1124/1115
f 3026/2020/1116 3027/642/1116 3045/1172/1116 3044/1231/1116
f 4958/1969/1117 5020/1968/1117 5019/2022/1117 4957/2021/1117
f 3466/600/1118 3448/2179/1118 3468/617/1118 3467/1744/1118
f 4032/535/1119 4045/2337/1119 4044/691/1119 4012/1192/1119 4013/1429/1119
f 2161/1973/1120 2162/1972/1120 2180/699/1120 2179/700/1120 2178/2340/1120
f 2569/1727/1121 2661/470/1121 2673/2174/1121 2674/299/1121 2691/298/1121 2690/297/1121 2723/296/1121 2722/364/1121 2702/386/1121 2660/385/1121 2635/2175/1121 2615/1782/1121 2614/2176/1121 2509/1591/1121 2510/713/1121 2533/1729/1121 2568/1728/1121
f 1135/1115/1122 1136/21/1122 1157/640/1122 1156/1244/1122
f 3046/640/1123 3047/639/1123 3065/20/1123 3064/1173/1123
f 1139/1110/1124 1140/1456/1124 1160/1249/1124 1159/691/1124 1138/1111/1124
f 3969/1426/1125 3989/1425/1125 3988/1188/1125 3957/1948/1125 3931/1947/1125 3932/1223/1125 3958/2341/1125 3959/2342/1125 3964/2026/1125 3970/1427/1125
f 4555/2339/1126 4556/2338/1126 4585/2034/1126 4584/2033/1126 4583/1179/1126 4582/2343/1126
f 2148/1121/1127 2207/1533/1127 2217/2090/1127 2216/2091/1127 2247/1127/1127 2246/2092/1127 2185/1129/1127 2186/2093/1127 2118/211/1127 2119/210/1127
f 4620/2032/1128 4646/2028/1128 4645/1210/1128 4644/699/1128 4643/698/1128 4618/1828/1128 4619/1211/1128
f 2198/1951/1129 2199/1952/1129 2206/585/1129 2205/1953/1129 2204/1954/1129
f 3957/1948/1130 3988/1188/1130 3987/1189/1130 3956/1949/1130
f 1977/1137/1131 2074/1136/1131 2073/1083/1131 1976/1082/1131
f 3050/318/1132 3070/1186/1132 3069/1187/1132 3076/1188/1132 3086/1189/1132 3163/1190/1132 3162/1191/1132 3136/1108/1132 3085/1154/1132 3068/1156/1132 3049/1192/1132 3033/1193/1132 3003/1194/1132 3004/1195/1132 3005/319/1132
f 1226/555/1133 1105/1945/1133 1125/1222/1133 1124/1205/1133 1120/1204/1133 1119/1216/1133 1050/1106/1133 1051/1145/1133 1084/1168/1133 1095/2344/1133 1096/1384/1133 1145/2345/1133 1187/1387/1133 1227/1389/1133
f 3088/2047/1134 3089/1081/1134 3096/1939/1134 3095/1938/1134
f 3089/1081/1135 3090/1082/1135 3097/1940/1135 3096/1939/1135
f 3090/1082/1136 3091/1197/1136 3098/2048/1136 3097/1940/1136
f 134/1347/1137 1256/118/1137 1255/117/1137 135/1344/1137
f 2077/1132/1138 2078/1131/1138 2079/1120/1138 2080/1119/1138 203/1395/1138 204/1397/1138 2076/1398/1138
f 1973/1945/1139 2094/555/1139 2093/554/1139 2032/1254/1139 2012/1223/1139 1993/1222/1139
f 4582/2343/1140 4583/1179/1140 4598/2040/1140 4597/877/1140
f 4341/1938/1141 4351/2346/1141 4369/2347/1141 4322/1143/1141 4314/1140/1141 4315/1940/1141 4323/1939/1141
f 4482/1171/1142 4555/2339/1142 4554/874/1142 4481/2050/1142
f 2229/875/1143 2230/1171/1143 2238/2050/1143 2237/2055/1143
f 3106/1171/1144 3107/2042/1144 3115/2049/1144 3114/2050/1144
f 5189/1140/1145 5190/2348/1145 5200/2349/1145 5199/2350/1145
f 2235/1201/1146 2236/1175/1146 2242/707/1146 2241/1937/1146 2240/1202/1146
f 3080/1954/1147 3149/1827/1147 3148/1037/1147 3129/2054/1147 3079/698/1147
f 3113/2055/1148 3114/2050/1148 3120/1338/1148 3119/2056/1148
f 3114/2050/1149 3115/2049/1149 3121/1339/1149 3120/1338/1149
f 1770/839/1150 1771/1855/1150 1786/1856/1150 1785/939/1150 1784/912/1150 1783/841/1150 1769/840/1150
f 2189/20/1151 2257/1920/1151 2256/22/1151 2188/1173/1151
f 2268/2057/1152 2289/1907/1152 2288/1203/1152 2240/1202/1152 2241/1937/1152 2248/1924/1152 2261/1923/1152
f 304/1999/1153 303/1998/1153 302/1997/1153 2986/2351/1153 2985/1352/1153 2984/1288/1153 2983/1290/1153 2982/1353/1153 306/2352/1153 305/2000/1153
f 2387/646/1154 2467/2159/1154 2466/2158/1154 2386/2117/1154
f 2877/1701/1155 2951/1468/1155 2950/178/1155 2876/1702/1155
f 2984/1288/1156 3156/78/1156 3155/1289/1156 2983/1290/1156
f 2154/537/1157 2258/1919/1157 2257/1920/1157 2189/20/1157 2171/639/1157 2153/638/1157
f 1072/1108/1158 1118/1154/1158 1140/1456/1158 1139/1110/1158 1071/1109/1158
f 4766/1157/1159 4786/2057/1159 4785/1159/1159 4759/1158/1159
f 88/2353/1160 5550/2354/1160 5526/356/1160 5500/355/1160 89/1293/1160
f 2133/554/1161 2177/1946/1161 2196/1965/1161 2195/1964/1161 2176/1963/1161 2175/317/1161 2131/316/1161 2132/550/1161
f 5123/306/1162 5124/2355/1162 5125/2074/1162 5147/310/1162 5146/2356/1162 5121/308/1162 5122/1071/1162
f 4204/1914/1163 4217/1913/1163 4216/2357/1163 4258/308/1163 4257/307/1163 4234/1070/1163 4202/2358/1163 4187/1007/1163 4188/1105/1163 4203/2359/1163
f 3148/1037/1164 3149/1827/1164 3167/2078/1164 3166/2079/1164
f 1886/1035/1165 1887/834/1165 1905/881/1165 1904/880/1165
f 3150/881/1166 3151/2080/1166 3169/1825/1166 3168/1824/1166
f 3172/2081/1167 3186/2082/1167 3171/1332/1167 3154/1331/1167 3121/1339/1167 3115/2049/1167 3107/2042/1167 3043/2041/1167 3020/1047/1167 2982/1353/1167 2983/1290/1167 3155/1289/1167
f 3157/2077/1168 3158/1070/1168 3175/1446/1168 3174/1447/1168
f 4202/2358/1169 4234/1070/1169 4233/2121/1169 4210/2085/1169 4201/2083/1169
f 3159/1073/1170 3160/1007/1170 3178/1008/1170 3177/2083/1170
f 2134/555/1171 2226/1207/1171 2202/1206/1171 2196/1965/1171 2177/1946/1171 2133/554/1171
f 5223/1078/1172 5233/1144/1172 5199/2350/1172 5200/2349/1172 5190/2348/1172 5189/1140/1172 5188/2360/1172 5175/2048/1172 5174/2361/1172 5173/2362/1172 5164/2006/1172 5165/2019/1172 5158/2363/1172 5157/2364/1172 5142/211/1172 5143/2037/1172 5159/2036/1172 5160/1217/1172 5145/2039/1172 5144/2038/1172 5120/1218/1172 5119/1967/1172 5100/1228/1172 5099/1966/1172 5118/1121/1172 5117/1120/1172 5098/2365/1172 5091/2366/1172 5086/2367/1172 5072/4/1172 5073/2368/1172 5047/2369/1172 5022/2370/1172 5021/1115/1172 4959/1234/1172 4960/2371/1172 4943/1920/1172 4932/2372/1172 4931/1113/1172 4912/692/1172 4913/691/1172 4914/1970/1172 4895/1155/1172 4896/1109/1172 4874/1423/1172 4875/1107/1172 4854/1810/1172 4855/1898/1172 4876/1897/1172 4877/953/1172 4878/2373/1172 4879/2129/1172 4880/1882/1172 5006/1881/1172 5005/2374/1172 5024/2375/1172 5023/2376/1172 5049/1007/1172 5048/1916/1172 5075/1915/1172 5074/1914/1172 5092/1913/1172 5093/1912/1172 5121/308/1172 5146/2356/1172 5147/310/1172 5148/2377/1172 5056/2108/1172 5027/983/1172 4997/951/1172 4998/950/1172 5008/1817/1172 5009/1816/1172 4999/795/1172 4988/949/1172 4974/952/1172 4975/778/1172 4976/777/1172 4964/2378/1172 4965/2379/1172 4966/454/1172 4978/453/1172 4977/452/1172 4990/451/1172 4989/1403/1172 5010/1402/1172 5029/2380/1172 5028/2381/1172 5057/1813/1172 5058/1812/1172 5081/760/1172 5082/2167/1172 5059/2382/1172 5030/2383/1172 5031/1089/1172 5060/720/1172 5083/1862/1172 5090/2165/1172 5089/2164/1172 5106/753/1172 5105/2163/1172 5167/1004/1172 5166/1003/1172 5176/909/1172 5192/908/1172 5191/2384/1172 5251/1441/1172 5250/1440/1172 5232/2385/1172 5222/1086/1172 5186/1083/1172 5187/2044/1172 5197/2386/1172 5204/2387/1172 5205/1938/1172
f 48/2388/1173 49/581/1173 355/8/1173 354/7/1173 353/578/1173 47/1286/1173
f 2327/2329/1174 2271/2330/1174 2262/1033/1174 2250/1412/1174 2159/1411/1174 2160/1042/1174 2251/1889/1174 2137/791/1174 2138/790/1174 2161/1973/1174 2178/2340/1174 2179/700/1174 2252/2059/1174 2253/2054/1174 2272/1037/1174 2290/2079/1174 2291/2078/1174 2308/825/1174 2307/832/1174 2340/831/1174
f 3167/2078/1175 3168/1824/1175 3185/835/1175 3184/825/1175
f 3307/893/1176 3175/1446/1176 3176/1053/1176 3188/1052/1176 3189/2122/1176 3308/894/1176
f 2301/2083/1177 2302/1008/1177 2314/946/1177 2313/2122/1177 2312/1052/1177 2300/1053/1177
f 3952/1899/1178 3985/1898/1178 4007/2389/1178 4006/2390/1178 3984/905/1178 3951/824/1178
f 3181/1899/1179 3182/1908/1179 3194/819/1179 3193/824/1179
f 2018/2269/1180 1998/2031/1180 1997/1208/1180 1989/1211/1180 1990/586/1180 1999/1962/1180 2019/2030/1180
f 4302/2391/1181 4303/909/1181 4311/1876/1181 4310/907/1181 4301/738/1181
f 3195/1841/1182 3196/2089/1182 3206/852/1182 3205/853/1182
f 3196/2089/1183 3197/1839/1183 3207/977/1183 3206/852/1183
f 278/2392/1184 277/2393/1184 276/2394/1184 3010/556/1184 3009/555/1184 3008/554/1184 279/2395/1184
f 2309/835/1185 2292/1824/1185 2293/1825/1185 2275/2080/1185 2274/881/1185 2273/1827/1185 2204/1954/1185 2205/1953/1185 2227/1830/1185 2228/2035/1185 2229/875/1185 2237/2055/1185 2243/2056/1185 2244/1338/1185 2277/1337/1185 2276/1336/1185 2345/1335/1185 2346/1334/1185 2294/1333/1185 2295/1332/1185 2310/2082/1185 2296/2081/1185 2297/1888/1185 2311/80/1185 2419/81/1185 2418/864/1185 2408/1854/1185 2407/1853/1185 2425/861/1185 2441/885/1185 2440/917/1185 2406/922/1185 2381/941/1185 2380/942/1185 2331/977/1185 2321/1839/1185 2320/2089/1185 2319/1841/1185 2329/853/1185 2330/852/1185 2344/975/1185 2343/969/1185 2328/1844/1185 2342/1000/1185 2341/999/1185 2413/998/1185 2414/997/1185 2401/844/1185 2376/972/1185 2377/973/1185 2402/913/1185 2415/914/1185 2416/2139/1185 2471/2140/1185 2461/837/1185 2451/807/1185 2439/1850/1185 2438/826/1185 2308/825/1185
f 4479/2396/1186 4500/2397/1186 4499/2398/1186 4477/868/1186 4478/2399/1186 4450/1332/1186 4451/1014/1186 4452/1015/1186 4480/872/1186
f 4391/75/1187 4392/76/1187 4408/77/1187 4407/78/1187 4406/2400/1187 4405/2401/1187 4404/538/1187 4389/1442/1187 4390/818/1187
f 502/207/1188 583/340/1188 582/335/1188 501/208/1188
f 3230/2094/1189 3270/961/1189 3269/821/1189 3229/820/1189 3194/819/1189 3182/1908/1189 3165/1907/1189 3144/2057/1189 3145/1922/1189 3201/1640/1189 3202/1641/1189 3213/1164/1189 3212/1016/1189
f 3212/1016/1190 3213/1164/1190 3231/2095/1190 3230/2094/1190
f 3213/1164/1191 3214/1927/1191 3232/1026/1191 3231/2095/1191
f 2327/2329/1192 2340/831/1192 2360/830/1192 2359/967/1192 2358/965/1192 2357/2114/1192 2339/2097/1192
f 971/850/1193 986/849/1193 970/848/1193 956/1874/1193 930/843/1193 931/842/1193 932/938/1193
f 1801/940/1194 1840/851/1194 1839/850/1194 1800/938/1194
f 5192/908/1195 5234/1864/1195 5252/818/1195 5251/1441/1195 5191/2384/1195
f 3256/942/1196 3257/941/1196 3282/922/1196 3281/921/1196 3280/2118/1196 3255/976/1196
f 4290/1004/1197 4291/2402/1197 4303/909/1197 4302/2391/1197
f 3161/2101/1198 3198/2102/1198 3199/2103/1198 3210/1012/1198 3227/2104/1198 3226/2105/1198 3242/2106/1198 3259/2107/1198 3329/2108/1198 3323/2109/1198 3309/2110/1198 3297/948/1198 3258/2111/1198 3190/946/1198 3178/1008/1198 3160/1007/1198
f 4003/2403/1199 4138/2404/1199 4137/2405/1199 4157/1010/1199 4156/1878/1199 4108/986/1199 4088/1877/1199 4072/2406/1199 4029/2407/1199 4002/2408/1199
f 949/990/1200 983/991/1200 982/992/1200 948/958/1200
f 2356/1026/1201 2396/1926/1201 2395/1995/1201 2355/2095/1201
f 3233/2114/1202 3234/965/1202 3249/2115/1202 3248/2116/1202
f 3234/965/1203 3235/967/1203 3250/782/1203 3249/2115/1203
f 3235/967/1204 3236/830/1204 3251/829/1204 3250/782/1204
f 2331/977/1205 2380/942/1205 2379/976/1205 2344/975/1205 2330/852/1205
f 2364/908/1206 2487/735/1206 2486/734/1206 2363/815/1206
f 3242/2106/1207 3243/2112/1207 3262/2117/1207 3261/1863/1207 3260/984/1207 3259/2107/1207
f 3243/2112/1208 3244/661/1208 3263/646/1208 3262/2117/1208
f 4029/2407/1209 4072/2406/1209 4071/2409/1209 4057/2410/1209 4051/988/1209 4028/2171/1209
f 3246/989/1210 3247/2113/1210 3268/727/1210 3267/746/1210
f 2399/934/1211 2502/2233/1211 2501/1576/1211 2545/675/1211 2544/676/1211 2372/2116/1211 2373/2115/1211 2398/2234/1211
f 3253/973/1212 3254/974/1212 3279/912/1212 3278/913/1212
f 3254/974/1213 3255/976/1213 3280/2118/1213 3279/912/1213
f 2380/942/1214 2381/941/1214 2406/922/1214 2405/921/1214 2404/2118/1214 2379/976/1214
f 1761/891/1215 1894/1069/1215 1893/1068/1215 1760/892/1215
f 3190/946/1216 3258/2111/1216 3297/948/1216 3309/2110/1216 3308/894/1216 3189/2122/1216
f 4124/795/1217 4118/985/1217 4126/984/1217 4125/950/1217
f 4086/647/1218 4087/646/1218 4107/2411/1218 4106/2412/1218
f 3192/2087/1219 3325/2126/1219 3324/2127/1219 3312/2128/1219 3268/727/1219 3247/2113/1219 3228/1882/1219 3211/2129/1219 3200/2130/1219 3191/2088/1219
f 3269/821/1220 3270/961/1220 3286/1996/1220 3285/822/1220
f 1791/157/1221 1792/156/1221 1793/931/1221 1819/964/1221 1818/1871/1221 1817/990/1221 1816/958/1221
f 2404/2118/1222 2405/921/1222 2417/920/1222 2416/2139/1222 2415/914/1222 2402/913/1222 2403/912/1222
f 1085/708/1223 1086/707/1223 1096/1384/1223 1095/2344/1223 1084/1168/1223
f 4426/539/1224 4427/2413/1224 4449/862/1224 4448/1836/1224 4425/540/1224
f 3650/564/1225 3651/1496/1225 3669/2414/1225 3668/249/1225 3667/1483/1225 3666/1484/1225 3649/565/1225
f 2472/2415/1226 2488/1796/1226 2487/735/1226 2364/908/1226 2365/2416/1226
f 2422/1662/1227 2580/421/1227 2579/1661/1227 2529/404/1227 2482/403/1227 2470/408/1227 2458/823/1227 2409/822/1227 2410/1996/1227
f 3287/156/1228 3288/931/1228 3300/1512/1228 3299/669/1228
f 1757/883/1229 1758/542/1229 1773/81/1229 1772/864/1229 1756/540/1229
f 3295/81/1230 3296/82/1230 3305/817/1230 3304/884/1230
f 5490/825/1231 5491/1851/1231 5514/827/1231 5513/1814/1231 5512/829/1231 5511/2098/1231 5510/993/1231 5509/832/1231
f 4942/20/1232 4943/1920/1232 4960/2371/1232 4959/1234/1232
f 4551/2417/1233 4580/2418/1233 4579/835/1233 4615/836/1233 4614/1851/1233 4546/808/1233 4545/807/1233 4544/837/1233 4524/2419/1233 4525/915/1233 4547/914/1233 4548/913/1233 4549/973/1233 4576/972/1233 4575/844/1233 4574/997/1233 4595/846/1233 4596/2099/1233 4578/970/1233 4550/849/1233 4528/969/1233 4518/2100/1233 4519/2420/1233 4529/2421/1233 4530/1841/1233 4520/1840/1233 4508/1839/1233 4507/977/1233 4506/942/1233 4476/941/1233 4475/944/1233 4474/1251/1233 4447/1820/1233 4448/1836/1233 4449/862/1233 4427/2413/1233 4426/539/1233 4404/538/1233 4405/2401/1233 4406/2400/1233 4429/2422/1233 4428/2082/1233 4450/1332/1233 4478/2399/1233 4477/868/1233 4499/2398/1233 4500/2397/1233 4479/2396/1233 4480/872/1233 4553/2423/1233 4554/874/1233 4555/2339/1233 4582/2343/1233 4597/877/1233 4598/2040/1233 4618/1828/1233 4617/2424/1233 4581/881/1233 4552/882/1233
f 330/2273/1234 331/1994/1234 3073/1200/1234 3034/1199/1234
f 4415/541/1235 4425/540/1235 4448/1836/1235 4447/1820/1235 4387/1852/1235 4388/817/1235 4403/542/1235
f 3306/892/1236 3307/893/1236 3321/890/1236 3320/2074/1236
f 1750/890/1237 1751/899/1237 1762/894/1237 1761/891/1237
f 3308/894/1238 3309/2110/1238 3323/2109/1238 3322/895/1238
f 3314/826/1239 3315/1850/1239 3327/807/1239 3326/2146/1239 3313/827/1239
f 2441/885/1240 2588/2236/1240 2587/2235/1240 2566/918/1240 2440/917/1240
f 2363/815/1241 2486/734/1241 2485/737/1241 2442/816/1241 2429/817/1241 2420/82/1241 2362/818/1241
f 2446/895/1242 2447/2109/1242 2453/2108/1242 2452/2425/1242 2443/2075/1242 2444/2074/1242 2445/890/1242
f 981/1025/1243 1016/1024/1243 1015/824/1243 872/806/1243 873/805/1243 922/822/1243 947/959/1243
f 4027/679/1244 4069/2168/1244 4068/1028/1244 4026/1029/1244
f 4545/807/1245 4633/2146/1245 4632/784/1245 4544/837/1245
f 2468/773/1246 2499/772/1246 2527/1800/1246 2543/1660/1246 2598/1659/1246 2597/1031/1246 2578/1030/1246 2556/678/1246 2454/2180/1246 2455/2157/1246
f 3333/806/1247 3334/823/1247 3346/408/1247 3345/407/1247
f 1715/1092/1248 1725/1091/1248 1724/1090/1248 1714/759/1248 1701/758/1248 1702/765/1248
f 3342/2158/1249 3343/2159/1249 3357/2160/1249 3356/2161/1249
f 4923/2426/1250 4955/29/1250 4954/28/1250 4922/281/1250
f 4208/2427/1251 4229/753/1251 4230/2428/1251 4290/1004/1251 4302/2391/1251 4301/738/1251 4253/740/1251 4252/717/1251 4228/1860/1251 4215/1859/1251 4207/1789/1251
f 3351/2166/1252 3352/1812/1252 3369/758/1252 3368/2167/1252
f 4132/762/1253 4133/1401/1253 4134/2429/1253 4153/2430/1253 4152/765/1253 4151/1089/1253 4150/2431/1253 4149/645/1253
f 2527/1800/1254 2528/405/1254 2543/1660/1254
f 2809/2240/1255 2810/1711/1255 2822/1710/1255 2821/91/1255
f 5155/979/1256 5171/2432/1256 5170/1870/1256 5154/1462/1256 5139/1461/1256 5140/2433/1256 5156/592/1256
f 4027/679/1257 4028/2171/1257 4051/988/1257 4057/2410/1257 4056/2169/1257 4070/744/1257 4069/2168/1257
f 3949/804/1258 3981/803/1258 3980/772/1258 3948/771/1258
f 4543/1279/1259 4664/1278/1259 4663/2434/1259 4631/1181/1259 4613/703/1259 4594/702/1259 4573/633/1259 4542/1280/1259
f 4310/907/1260 4367/734/1260 4386/1590/1260 4385/924/1260 4309/923/1260
f 3363/735/1261 3364/1796/1261 3388/929/1261 3387/736/1261
f 5149/605/1262 5162/477/1262 5168/2177/1262 5179/715/1262 5178/906/1262 5126/1797/1262 5127/2162/1262
f 2499/772/1263 2500/406/1263 2528/405/1263 2527/1800/1263
f 2482/403/1264 2529/404/1264 2528/405/1264 2500/406/1264 2469/407/1264 2470/408/1264
f 2530/682/1265 2549/683/1265 2548/672/1265 2504/685/1265 2505/733/1265
f 2505/733/1266 2506/732/1266 2531/2173/1266 2530/682/1266
f 3382/732/1267 3383/633/1267 3408/632/1267 3407/2173/1267
f 5237/1778/1268 5238/470/1268 5239/2435/1268 5228/2436/1268 5229/2437/1268 5240/2438/1268 5241/2439/1268 5264/1630/1268 5263/1629/1268 5262/1595/1268 5261/1594/1268 5260/1593/1268 5279/1592/1268 5278/1591/1268 5257/713/1268 5258/712/1268 5259/1779/1268
f 2513/481/1269 2553/480/1269 2552/476/1269 2538/928/1269 2512/929/1269
f 3466/600/1270 3465/599/1270 3392/598/1270 3393/1792/1270 3415/1791/1270 3448/2179/1270
f 2519/1789/1271 2520/1790/1271 2521/720/1271 2539/1791/1271 2517/1792/1271 2518/723/1271
f 1627/645/1272 1658/763/1272 1683/1089/1272 1682/720/1272 1657/719/1272 1626/644/1272
f 3330/2180/1273 3432/678/1273 3431/679/1273 3267/746/1273 3268/727/1273 3312/2128/1273 3324/2127/1273
f 4826/424/1274 4862/1660/1274 4861/2155/1274
f 1113/879/1275 1114/878/1275 1115/1179/1275 1122/586/1275 1121/1211/1275
f 3407/2173/1276 3408/632/1276 3427/631/1276 3426/687/1276
f 2536/1732/1277 2570/1731/1277 2535/1730/1277
f 3421/675/1278 3422/1574/1278 3423/1760/1278 3424/672/1278 3438/175/1278 3437/174/1278 3436/1686/1278 3435/1685/1278 3434/1687/1278 3433/2181/1278 3420/676/1278
f 3793/11/1279 3794/524/1279 3806/1419/1279 3805/1420/1279
f 4165/1169/1280 4127/2202/1280 4128/25/1280 4095/2201/1280 4096/2261/1280 4110/2260/1280 4119/65/1280 4120/2440/1280 4121/1467/1280 4112/1465/1280 4098/445/1280 4099/446/1280 4114/2441/1280 4113/2442/1280 4122/457/1280 4123/456/1280 4101/455/1280 4102/2443/1280 4115/1758/1280 4116/2444/1280 4133/1401/1280 4132/762/1280 4149/645/1280 4148/2445/1280 4147/482/1280 4146/1670/1280 4145/1672/1280 4171/1671/1280 4172/486/1280 4173/617/1280 4214/1694/1280 4213/1743/1280 4131/2225/1280 4144/345/1280 4143/1612/1280 4142/2215/1280 4130/1487/1280 4129/2446/1280 4140/2214/1280 4168/207/1280 4167/304/1280 4241/303/1280 4240/982/1280 4239/981/1280 4263/980/1280 4264/979/1280 4286/978/1280 4287/588/1280 4265/589/1280 4266/103/1280 4332/2447/1280 4244/338/1280 4245/1619/1280 4267/1622/1280 4268/1621/1280 4246/1620/1280 4247/612/1280 4248/611/1280 4225/1735/1280 4226/2448/1280 4249/602/1280 4250/2070/1280 4269/2449/1280 4270/1909/1280 4284/477/1280 4296/478/1280 4307/2209/1280 4308/474/1280 4340/927/1280 4349/1731/1280 4350/926/1280 4366/925/1280 4384/712/1280 4383/1779/1280 4365/1778/1280 4364/1777/1280 4347/2218/1280 4348/2450/1280 4339/496/1280 4338/2217/1280 4320/302/1280 4333/2451/1280 4334/2452/1280 4437/321/1280 4436/320/1280 4461/326/1280 4462/325/1280 4488/2453/1280 4487/1500/1280 4460/138/1280 4435/142/1280 4395/141/1280 4374/93/1280 4375/2454/1280 4376/2455/1280 4377/2456/1280 4360/1491/1280 4331/1490/1280 4330/1492/1280 4329/1485/1280 4358/2457/1280 4357/2458/1280 4328/2459/1280 4327/2460/1280 4319/2461/1280 4318/2462/1280 4295/1451/1280 4294/1706/1280 4325/2463/1280 4326/2464/1280 4355/2465/1280 4354/2466/1280 4344/2467/1280 4343/2468/1280 4285/2469/1280 4283/2470/1280 4278/2471/1280 4238/1929/1280 4219/2472/1280 4212/2473/1280 4193/1170/1280 4194/1076/1280 4166/1075/1280
f 4081/2474/1281 4082/2475/1281 4083/2476/1281 4103/2477/1281 4104/2478/1281 4116/2444/1281 4115/1758/1281 4102/2443/1281 4101/455/1281 4100/458/1281 4099/446/1281 4098/445/1281 4097/2258/1281 4096/2261/1281 4095/2201/1281 4094/1469/1281 4078/30/1281 4079/31/1281 4080/442/1281
f 3431/679/1282 3432/678/1282 3454/1030/1282 3453/1029/1282
f 3433/2181/1283 3434/1687/1283 3458/1608/1283 3457/1609/1283
f 725/514/1284 726/623/1284 746/625/1284 745/670/1284 744/619/1284
f 3436/1686/1285 3437/174/1285 3460/173/1285 3459/515/1285
f 5426/1280/1286 5427/1573/1286 5428/1572/1286 5456/1571/1286 5455/1570/1286 5454/631/1286 5453/632/1286 5452/1281/1286
f 2590/600/1287 2572/2179/1287 2592/617/1287 2591/1744/1287
f 3448/2179/1288 3449/645/1288 3469/1746/1288 3468/617/1288
f 1060/1020/1289 1061/1149/1289 1073/1150/1289 1059/1021/1289
f 3401/744/1290 3430/655/1290 3452/1028/1290 3470/289/1290 3541/288/1290 3542/287/1290 3562/286/1290 3561/285/1290 3631/284/1290 3630/283/1290 3451/2182/1290 3400/454/1290 3374/649/1290 3357/2160/1290 3343/2159/1290 3263/646/1290 3244/661/1290 3245/1865/1290 3264/1866/1290 3265/658/1290 3402/657/1290
f 2576/1028/1291 2577/1029/1291 2578/1030/1291 2597/1031/1291 2596/1032/1291 2595/290/1291 2594/289/1291
f 1553/517/1292 1595/624/1292 1594/623/1292 1552/1676/1292
f 2602/595/1293 2567/596/1293 2603/597/1293
f 5127/2162/1294 5128/599/1294 5108/608/1294 5109/2448/1294 5130/2479/1294 5129/2480/1294 5150/2449/1294 5149/605/1294
f 3467/1744/1295 3591/1743/1295 3590/614/1295 3602/2188/1295 3601/1737/1295 3579/1736/1295 3580/1735/1295 3556/601/1295 3466/600/1295
f 3468/617/1296 3469/1746/1296 3483/482/1296 3482/486/1296
f 5458/566/1297 5457/1560/1297 5429/568/1297 5430/574/1297 5431/1559/1297 5432/529/1297 5433/526/1297 5434/1557/1297 5407/1556/1297 5408/1555/1297 5435/2481/1297 5436/2239/1297 5459/2203/1297
f 4423/2187/1298 4539/1406/1298 4538/569/1298 4411/1404/1298 4412/576/1298
f 710/559/1299 711/506/1299 723/419/1299 722/418/1299 721/417/1299 709/462/1299
f 3882/1995/1300 3883/2138/1300 3895/2482/1300 3894/961/1300
f 1476/1617/1301 1487/359/1301 1486/402/1301 1475/1618/1301 1465/350/1301 1466/349/1301
f 3494/1683/1302 3495/505/1302 3500/504/1302 3499/2190/1302
f 4328/2459/1303 4357/2458/1303 4356/2483/1303 4327/2460/1303
f 4764/1274/1304 4830/1276/1304 4829/2484/1304 4800/504/1304 4754/503/1304 4755/502/1304
f 672/526/1305 673/527/1305 687/528/1305 686/529/1305
f 5323/1673/1306 5350/2062/1306 5373/488/1306 5372/1548/1306 5304/1547/1306 5305/1546/1306
f 3881/1274/1307 3943/2195/1307 3942/374/1307 3911/375/1307
f 3518/2063/1308 3519/2062/1308 3532/465/1308 3531/1549/1308
f 3519/2062/1309 3520/495/1309 3533/494/1309 3532/465/1309
f 2645/491/1310 2646/492/1310 2658/493/1310 2657/494/1310 2644/495/1310
f 3523/1726/1311 3524/1725/1311 3539/301/1311 3538/300/1311
f 1433/293/1312 1434/292/1312 183/512/1312 184/511/1312 1446/510/1312 1551/1370/1312 1564/1372/1312 1570/1374/1312 1579/506/1312 1578/559/1312 1568/558/1312 1569/503/1312 1563/502/1312 1562/544/1312 1550/543/1312 1463/1628/1312 1464/377/1312 1445/1627/1312 1444/1626/1312
f 2654/566/1313 2773/565/1313 2790/1484/1313 2805/219/1313 2804/1561/1313
f 3531/1549/1314 3532/465/1314 3544/2204/1314 3543/463/1314
f 2669/2205/1315 2688/1535/1315 2687/401/1315 2668/2204/1315 2656/465/1315 2657/494/1315
f 3537/470/1316 3538/300/1316 3550/299/1316 3549/2174/1316
f 1516/1666/1317 1625/1667/1317 1643/696/1317 1656/695/1317 1655/1668/1317 1515/1669/1317
f 4288/2485/1318 4298/696/1318 4297/2208/1318 4296/478/1318 4284/477/1318 4289/481/1318
f 2607/482/1319 2664/1745/1319 2682/484/1319 2681/485/1319 2606/486/1319
f 3821/1314/1320 3822/1315/1320 67/1316/1320 66/1318/1320 65/1313/1320 3820/1319/1320
f 3545/2205/1321 3546/1544/1321 3565/2213/1321 3564/1535/1321
f 1610/420/1322 1778/930/1322 1777/155/1322
f 4981/447/1323 5001/1751/1323 5000/456/1323 4980/448/1323
f 3525/374/1324 3623/373/1324 3632/372/1324 3484/1653/1324 3485/1664/1324 3494/1683/1324 3499/2190/1324 3512/2200/1324
f 2688/1535/1325 2689/2213/1325 2701/2228/1325 2700/1541/1325 2699/2229/1325 2687/401/1325
f 2675/294/1326 2724/295/1326 2723/296/1326 2690/297/1326 2691/298/1326 2674/299/1326 2662/300/1326 2663/301/1326 2676/302/1326
f 4772/2133/1327 4773/2486/1327 4797/2136/1327 4796/2172/1327 4795/749/1327 4794/1802/1327 4793/2148/1327 4792/2147/1327 4771/157/1327
f 3585/169/1328 3634/379/1328 3633/520/1328 3528/2196/1328 3529/171/1328 3572/170/1328
f 5001/1751/1329 4981/447/1329 4982/446/1329 4992/1753/1329 4993/2487/1329
f 2596/1032/1330 2616/183/1330 2707/1631/1330 2708/1632/1330 2959/1633/1330 2958/1634/1330 2927/1635/1330 2926/281/1330 2859/280/1330 2860/1636/1330 2841/1637/1330 2830/277/1330 2799/276/1330 2784/273/1330 2718/187/1330 2717/291/1330 2595/290/1330
f 3948/771/1331 3980/772/1331 3979/2155/1331 3947/1803/1331
f 4021/273/1332 4022/1517/1332 4041/186/1332 4042/290/1332 4067/662/1332 4066/2488/1332 4055/1530/1332 4054/286/1332 4065/2489/1332 4064/2490/1332 4081/2474/1332 4080/442/1332 4053/1526/1332 4052/1525/1332 4063/271/1332 4062/1432/1332 4035/35/1332 4036/2223/1332 4046/1524/1332 4047/1523/1332 4048/215/1332 4038/214/1332 4019/1521/1332 4020/189/1332 4039/2491/1332 4049/1519/1332 4050/2492/1332 4040/2493/1332
f 3908/2494/1333 3909/1626/1333 3889/2495/1333 3890/2496/1333 3910/2497/1333 3911/375/1333 3942/374/1333 3941/2498/1333 3940/415/1333 3939/2499/1333
f 3595/1552/1334 3596/366/1334 3604/365/1334 3603/1553/1334
f 3552/302/1335 3627/1724/1335 3617/1723/1335 3605/329/1335 3600/295/1335 3551/294/1335
f 5066/1610/1336 5113/339/1336 5133/331/1336 5132/2500/1336 5112/613/1336 5111/2501/1336 5096/2502/1336 5013/2503/1336 5038/1611/1336
f 496/2073/1337 580/327/1337 586/330/1337 585/348/1337 542/253/1337 512/252/1337 495/1720/1337
f 3604/365/1338 3605/329/1338 3617/1723/1338 3616/1722/1338
f 5114/236/1339 5115/336/1339 5137/1464/1339 5136/1463/1339 5135/2504/1339 5134/1619/1339 5133/331/1339 5113/339/1339
f 2732/339/1340 2733/344/1340 2743/340/1340 2742/335/1340
f 1372/228/1341 1429/1489/1341 1441/1488/1341 1453/2068/1341 1461/345/1341 1460/341/1341 1452/340/1341 1371/207/1341
f 2748/369/1342 2768/370/1342 2767/371/1342 2756/372/1342 2747/373/1342 2649/374/1342 2650/375/1342 2736/376/1342 2737/377/1342 2749/378/1342
f 582/335/1343 583/340/1343 591/341/1343 590/342/1343
f 640/388/1344 690/2505/1344 691/383/1344 663/2506/1344 664/1595/1344 692/2507/1344 706/2508/1344 705/2176/1344 802/1780/1344 803/713/1344 825/1795/1344 879/1852/1344 878/811/1344 731/810/1344 730/814/1344 752/813/1344 751/1252/1344 903/1855/1344 902/839/1344 841/838/1344 855/837/1344 854/784/1344 853/783/1344 928/782/1344 927/936/1344 911/935/1344 912/934/1344 795/933/1344 794/932/1344 768/675/1344 769/674/1344 770/673/1344 796/681/1344 823/730/1344 824/1279/1344 801/1689/1344 750/1688/1344 729/1691/1344 728/1690/1344 749/1570/1344 774/631/1344 773/687/1344 781/689/1344 780/682/1344 772/683/1344 771/672/1344 748/671/1344 615/2248/1344 616/2247/1344 480/1476/1344 481/1482/1344 462/135/1344 441/134/1344 440/133/1344 439/513/1344 432/1459/1344 422/1458/1344 421/1457/1344 358/1294/1344 359/1296/1344 360/1301/1344 361/1305/1344 362/1304/1344 363/1310/1344 364/1309/1344 365/116/1344 400/115/1344 399/137/1344 398/140/1344 524/255/1344 523/1483/1344 494/216/1344 510/219/1344 509/1561/1344 658/566/1344 712/1560/1344 713/1406/1344 714/595/1344 753/1684/1344 715/1405/1344 704/1404/1344 703/574/1344 697/545/1344 698/1681/1344 687/528/1344 673/527/1344 672/526/1344 578/1682/1344 579/561/1344 556/264/1344 557/263/1344 541/246/1344 542/253/1344 585/348/1344 596/350/1344 606/1618/1344 617/402/1344 627/401/1344 637/464/1344 636/463/1344 659/466/1344 674/488/1344 688/532/1344 689/531/1344 677/530/1344 678/492/1344 662/1503/1344 661/489/1344 638/439/1344 639/438/1344 629/399/1344 619/398/1344 618/359/1344 607/1617/1344 608/368/1344 641/387/1344
f 1985/1123/1345 2046/1122/1345 2045/1121/1345 1984/1124/1345
f 152/1298/1346 1235/1987/1346 1234/2509/1346 153/1299/1346
f 4491/263/1347 4522/2510/1347 4533/563/1347 4532/247/1347 4490/246/1347
f 3638/1738/1348 3639/338/1348 3654/337/1348 3653/103/1348
f 2765/268/1349 2766/269/1349 2781/270/1349 2780/271/1349 2779/272/1349
f 1419/188/1350 1482/187/1350 1481/186/1350 1606/185/1350 1605/289/1350 1538/653/1350 1539/652/1350 1524/286/1350 1523/651/1350 1439/284/1350 1438/650/1350 1430/1515/1350 1431/1514/1350 1416/270/1350 1415/1513/1350 1272/2262/1350 1273/35/1350 1338/193/1350 1337/197/1350 1353/199/1350 1374/215/1350 1375/214/1350 1376/190/1350 1400/189/1350 1399/257/1350 1398/256/1350 1417/259/1350 1418/258/1350
f 3644/370/1351 3645/500/1351 3662/1367/1351 3661/52/1351
f 4654/1771/1352 4692/1770/1352 4691/1769/1352 4677/241/1352 4653/245/1352
f 2774/564/1353 2775/1496/1353 2793/2414/1353 2792/249/1353 2791/1483/1353 2790/1484/1353 2773/565/1353
f 2776/253/1354 2807/252/1354 2806/1499/1354 2853/1719/1354 2920/1501/1354 2792/249/1354 2793/2414/1354 2775/1496/1354
f 3658/274/1355 3659/258/1355 3674/257/1355 3673/275/1355
f 3659/258/1356 3660/273/1356 3675/276/1356 3674/257/1356
f 1363/216/1357 1392/1483/1357 1391/1484/1357 1379/219/1357
f 428/99/1358 482/100/1358 500/101/1358 544/102/1358 543/103/1358 427/104/1358
f 3670/1714/1359 3671/1713/1359 3685/2240/1359 3684/221/1359
f 2795/1713/1360 2796/1712/1360 2810/1711/1360 2809/2240/1360
f 1371/207/1361 1452/340/1361 1451/335/1361 1370/208/1361
f 1359/62/1362 1387/63/1362 1404/50/1362 1403/49/1362 1344/46/1362 1345/45/1362
f 3684/221/1363 3685/2240/1363 3697/91/1363 3696/1715/1363
f 4330/1492/1364 4359/220/1364 4358/2457/1364 4329/1485/1364
f 4129/2446/1365 4130/1487/1365 4142/2215/1365 4141/229/1365 4140/2214/1365
f 3690/2197/1366 3691/431/1366 3709/2245/1366 3708/161/1366
f 3691/431/1367 3692/430/1367 3710/437/1367 3709/2245/1367
f 2559/1685/1368 2560/1686/1368 2583/515/1368 2582/1608/1368 2558/1687/1368
f 2824/336/1369 2825/207/1369 2838/1740/1369 2837/1739/1369 2823/101/1369
f 1554/529/1370 1555/528/1370 1566/1681/1370 1565/545/1370
f 3704/279/1371 3705/278/1371 3716/2246/1371 3715/199/1371
f 3705/278/1372 3706/277/1372 3717/1637/1372 3716/2246/1372
f 3708/161/1373 3709/2245/1373 3723/2199/1373 3722/2198/1373
f 3709/2245/1374 3710/437/1374 3724/436/1374 3723/2199/1374
f 3692/430/1375 3691/431/1375 3664/432/1375 3665/245/1375 3647/244/1375 3648/167/1375 3725/166/1375 3743/433/1375 3762/108/1375 3808/434/1375 3807/435/1375 3795/13/1375 3724/436/1375 3710/437/1375
f 480/1476/1376 616/2247/1376 615/2248/1376 748/671/1376 747/174/1376 727/624/1376 685/517/1376 657/380/1376 614/170/1376 604/169/1376 605/1678/1376 538/888/1376 459/128/1376 460/127/1376
f 3715/199/1377 3716/2246/1377 3735/280/1377 3734/197/1377
f 3716/2246/1378 3717/1637/1378 3736/1636/1378 3735/280/1378
f 2842/1655/1379 2843/1654/1379 2844/428/1379 2863/152/1379 2862/145/1379 2861/200/1379
f 3872/960/1380 3893/157/1380 3892/2133/1380 3871/669/1380
f 3678/1437/1381 3741/1439/1381 3740/47/1381 3677/1438/1381
f 3725/166/1382 3726/127/1382 3744/126/1382 3743/433/1382
f 2850/127/1383 2851/129/1383 2870/2231/1383 2869/111/1383 2868/126/1383
f 3727/129/1384 3728/135/1384 3747/2232/1384 3746/2231/1384
f 3730/1718/1385 3797/137/1385 3796/1501/1385 3729/1719/1385
f 2872/1474/1386 2922/115/1386 2921/137/1386 2854/1718/1386 2855/1717/1386
f 1312/113/1387 1313/144/1387 1335/141/1387 1334/1475/1387 1311/114/1387
f 3732/1716/1388 3733/93/1388 3751/18/1388 3750/17/1388
f 1322/119/1389 1323/150/1389 1341/153/1389 1340/146/1389 1320/409/1389 1321/120/1389
f 3738/145/1390 3739/152/1390 3761/121/1390 3760/125/1390
f 1300/887/1391 1301/1459/1391 1308/513/1391 1307/126/1391 1306/109/1391
f 3332/2156/1392 3331/2157/1392 3330/2180/1392 3324/2127/1392 3325/2126/1392 3192/2087/1392 3193/824/1392 3333/806/1392
f 2873/1471/1393 2941/1472/1393 2940/1473/1393 2922/115/1393 2872/1474/1393
f 4111/2259/1394 4112/1465/1394 4121/1467/1394 4120/2440/1394
f 2883/124/1395 2962/123/1395 2961/1345/1395 2882/1256/1395
f 2885/121/1396 2964/38/1396 2963/122/1396 2962/123/1396 2883/124/1396 2884/125/1396
f 3768/354/1397 3809/1295/1397 3808/434/1397 3762/108/1397 3763/1989/1397 3769/357/1397
f 3788/86/1398 3821/1314/1398 3820/1319/1398 3819/15/1398 3764/14/1398 3751/18/1398 3733/93/1398 3696/1715/1398 3697/91/1398 3765/1709/1398 3770/2257/1398 3778/1704/1398 3787/1703/1398
f 2889/1709/1399 2890/1708/1399 2895/1707/1399 2894/2257/1399
f 4821/1899/1400 4855/1898/1400 4854/1810/1400 4820/1950/1400 4787/2058/1400 4788/2511/1400
f 1277/1449/1401 1278/1450/1401 1284/1451/1401 1283/1452/1401 1294/1453/1401 1293/97/1401 1292/89/1401 1281/88/1401 1282/1454/1401
f 3776/1755/1402 3777/72/1402 3785/71/1402 3784/1756/1402
f 4984/444/1403 4985/443/1403 4996/2260/1403 4995/72/1403 4994/1465/1403 4983/445/1403
f 178/64/1404 3848/63/1404 3847/62/1404 3846/240/1404 3845/2512/1404 179/1361/1404
f 5070/2513/1405 5071/2514/1405 5085/1077/1405 5084/2515/1405
f 2582/1608/1406 2917/11/1406 2929/1420/1406 2928/578/1406 2581/1609/1406
f 3794/524/1407 3795/13/1407 3807/435/1407 3806/1419/1407
f 1240/96/1408 1302/95/1408 1314/94/1408 1313/144/1408 1239/396/1408
f 1247/1329/1409 1248/1328/1409 1271/1430/1409 1270/1431/1409
f 4062/1432/1410 4063/271/1410 4079/31/1410 4078/30/1410 4061/1433/1410
f 1250/1326/1411 1251/32/1411 1273/35/1411 1272/2262/1411
f 3802/281/1412 3803/1635/1412 3834/1634/1412 3833/1434/1412
f 2812/36/1413 2965/37/1413 2964/38/1413 2885/121/1413 2863/152/1413 2844/428/1413 2831/42/1413 2811/429/1413
f 3845/2512/1414 3846/240/1414 3869/239/1414 3874/47/1414 3875/2516/1414 3870/238/1414 3849/237/1414 3850/2266/1414 3907/1505/1414 3906/1506/1414 3905/2263/1414 3888/36/1414 3887/37/1414 3873/58/1414 3868/2265/1414
f 5/1410/1415 321/1408/1415 2969/1260/1415 328/1409/1415
f 1711/755/1416 1845/1088/1416 1828/1087/1416 1710/756/1416
f 316/2517/1417 315/1063/1417 2975/1407/1417 2974/1265/1417
f 312/1067/1418 311/2518/1418 2978/1356/1418 2977/1066/1418
f 309/2519/1419 308/2520/1419 307/2521/1419 306/2352/1419 2982/1353/1419 2981/1354/1419 2980/1273/1419 2979/1355/1419 2978/1356/1419 311/2518/1419 310/2522/1419
f 4859/773/1420 4860/772/1420 4861/2155/1420 4862/1660/1420 4863/2153/1420 4888/427/1420 4887/665/1420 4886/678/1420 4885/724/1420 4858/1818/1420
f 1743/809/1421 1874/836/1421 1873/1822/1421 1836/1823/1421 1823/968/1421 1797/781/1421 1781/780/1421 1742/779/1421
f 586/330/1422 587/329/1422 601/353/1422 600/296/1422 599/364/1422 598/1601/1422 608/368/1422 607/1617/1422 597/349/1422
f 302/1997/1423 301/1085/1423 2987/1351/1423 2986/2351/1423
f 5194/714/1424 5257/713/1424 5256/1590/1424 5235/734/1424 5193/907/1424
f 299/1084/1425 298/1399/1425 2990/1196/1425 2989/1198/1425
f 297/1397/1426 296/213/1426 2993/212/1426 2992/1396/1426
f 5503/1988/1427 5552/1227/1427 5551/1040/1427 5528/1264/1427 5502/1971/1427
f 1501/393/1428 1502/392/1428 1522/1665/1428 1521/456/1428
f 300/2084/1429 2988/2523/1429 2987/1351/1429 301/1085/1429
f 283/2524/1430 282/551/1430 3005/319/1430 3004/1195/1430
f 2032/1254/1431 2093/554/1431 2092/550/1431 2091/1255/1431 2030/317/1431 2031/1225/1431 2011/1224/1431 2012/1223/1431
f 280/549/1432 279/2395/1432 3008/554/1432 3007/550/1432
f 2928/578/1433 2929/1420/1433 2930/1419/1433 318/581/1433 319/2525/1433 320/2388/1433 321/1286/1433
f 276/2394/1434 6/1390/1434 329/2272/1434 3010/556/1434
f 3010/556/1435 329/2272/1435 330/2273/1435 3034/1199/1435
f 242/2526/1436 243/1994/1436 2197/1200/1436 2158/1199/1436 241/2273/1436
f 126/2527/1437 127/1385/1437 1145/2345/1437 1096/1384/1437 124/1383/1437 125/2528/1437
f 246/2529/1438 247/2278/1438 2249/706/1438 2242/707/1438 2236/1175/1438 245/1993/1438
f 335/2530/1439 336/1382/1439 337/2531/1439 338/2275/1439 339/2276/1439 340/1381/1439 341/2277/1439 3273/1925/1439 3125/706/1439 333/2278/1439 334/2274/1439
f 3273/1925/1440 341/2277/1440 342/1507/1440 3288/931/1440
f 107/1508/1441 108/2532/1441 109/2279/1441 110/2533/1441 111/2286/1441 112/2534/1441 113/2284/1441 114/2283/1441 115/2535/1441 116/1376/1441 925/931/1441 910/930/1441 742/420/1441 723/419/1441 711/506/1441 106/1375/1441
f 3496/506/1442 344/1509/1442 345/2289/1442 3502/507/1442
f 3502/507/1443 345/2289/1443 346/2290/1443 3515/508/1443
f 3515/508/1444 346/2290/1444 347/2291/1444 3527/509/1444
f 268/2291/1445 269/511/1445 2750/510/1445 2651/509/1445
f 270/512/1446 271/1365/1446 2803/1366/1446 2786/1367/1446 2769/500/1446
f 1228/578/1447 1592/618/1447 1611/620/1447 1635/676/1447 1794/937/1447 1820/966/1447 1835/1873/1447 166/2014/1447 167/2536/1447 168/2537/1447 169/2538/1447 170/2539/1447 171/2540/1447 172/2541/1447 173/2310/1447 174/2311/1447 175/2322/1447 176/2324/1447 177/1365/1447 3849/237/1447 3848/63/1447 178/2542/1447 179/1287/1447
f 86/59/1448 87/2543/1448 88/2544/1448 89/2545/1448 90/64/1448 518/63/1448 490/62/1448 476/45/1448 393/44/1448
f 3844/897/1449 352/1361/1449 2/1358/1449 85/572/1449
f 3842/1435/1450 3843/896/1450 84/571/1450 83/1357/1450
f 82/1348/1451 83/1357/1451 391/57/1451 390/56/1451 389/1349/1451
f 3839/122/1452 3840/38/1452 82/1348/1452 81/1346/1452
f 2961/1345/1453 2962/123/1453 2963/122/1453 280/2297/1453 281/1884/1453 282/2298/1453
f 3836/2219/1454 3837/1345/1454 79/1344/1454 78/1343/1454
f 3835/1633/1455 3836/2219/1455 78/1343/1455 77/1342/1455
f 3834/1634/1456 3835/1633/1456 77/1342/1456 76/1341/1456
f 3833/1434/1457 3834/1634/1457 76/1341/1457 75/1340/1457
f 3832/1470/1458 3833/1434/1458 75/1340/1458 74/1324/1458
f 70/2301/1459 71/1330/1459 375/1077/1459 374/177/1459 373/2137/1459 69/181/1459
f 3822/1315/1460 3823/1267/1460 68/1268/1460 67/1316/1460
f 66/1318/1461 67/1316/1461 371/1321/1461 370/85/1461 369/84/1461 65/1313/1461
f 3819/15/1462 3820/1319/1462 65/1313/1462 64/1312/1462
f 3818/16/1463 3819/15/1463 64/1312/1463 63/395/1463
f 367/396/1464 444/144/1464 443/113/1464 366/112/1464 62/397/1464 63/395/1464
f 1239/396/1465 1313/144/1465 1312/113/1465 1238/112/1465
f 3816/1473/1466 3817/1472/1466 62/397/1466 61/1311/1466
f 3815/2230/1467 3816/1473/1467 61/1311/1467 60/1308/1467
f 3814/1306/1468 3815/2230/1468 60/1308/1468 59/1307/1468
f 3812/1567/1469 3813/1304/1469 58/1303/1469 57/1302/1469
f 3810/1296/1470 3811/1804/1470 56/1300/1470 55/1297/1470
f 2933/1295/1471 2934/1296/1471 312/1297/1471 313/1298/1471 314/1299/1471 315/1293/1471
f 3808/434/1472 3809/1295/1472 52/1293/1472 51/1292/1472
f 3807/435/1473 3808/434/1473 51/1292/1473 50/1291/1473
f 3806/1419/1474 3807/435/1474 50/1291/1474 49/581/1474
f 3804/578/1475 3805/1420/1475 3806/1419/1475 49/581/1475 48/2388/1475 47/1286/1475
f 4931/1113/1476 4932/2372/1476 4943/1920/1476 4942/20/1476 4941/1153/1476 4940/638/1476
f 322/1287/1477 3804/578/1477 47/1286/1477 1/1285/1477
f 2581/1609/1478 2928/578/1478 213/1287/1478 214/2326/1478 215/2546/1478 216/2325/1478 217/2547/1478 218/2311/1478 219/2548/1478 220/2539/1478 221/2549/1478 222/2308/1478 223/2550/1478 224/2551/1478 225/2306/1478 226/2305/1478 227/2304/1478 228/2303/1478 229/2302/1478 230/2552/1478 231/2014/1478 2339/2097/1478 2357/2114/1478 2372/2116/1478 2544/676/1478 2557/2181/1478
f 324/1418/1479 3203/2329/1479 3215/2097/1479 323/2014/1479
f 2271/2330/1480 2327/2329/1480 232/1418/1480 233/2013/1480 234/1417/1480
f 326/1414/1481 3138/1033/1481 3147/2330/1481 325/1417/1481
f 327/1413/1482 3126/1412/1482 3138/1033/1482 326/1414/1482
f 2159/1411/1483 2250/1412/1483 236/1413/1483 237/2553/1483 238/2554/1483 239/1409/1483 2096/1260/1483
f 1879/947/1484 1880/946/1484 1897/1008/1484 1896/1072/1484 1895/1053/1484 1878/1894/1484
f 3300/1512/1485 3475/1511/1485 3299/669/1485
f 3859/667/1486 3860/2131/1486 3872/960/1486 3871/669/1486
f 2395/1995/1487 2396/1926/1487 2397/1925/1487 2412/931/1487 2411/156/1487 2410/1996/1487 2394/961/1487
f 3869/239/1488 3870/238/1488 3875/2516/1488 3874/47/1488
f 4752/1162/1489 4753/963/1489 4763/962/1489 4762/991/1489
f 3879/1162/1490 3880/1642/1490 3884/1164/1490 3883/2138/1490
f 1727/1094/1491 1765/1097/1491 1764/1096/1491 1726/1095/1491
f 1730/798/1492 1731/751/1492 1740/806/1492 1739/801/1492 1738/799/1492
f 2866/1362/1493 2968/897/1493 2967/896/1493 2966/1435/1493 2965/37/1493 2812/36/1493 2811/429/1493 2800/1436/1493 2785/52/1493 2786/1367/1493 2803/1366/1493 2802/1437/1493 2801/1438/1493 2864/47/1493 2865/1439/1493
f 3851/2294/1494 3908/2494/1494 3907/1505/1494 3850/2266/1494
f 320/2555/1495 319/2556/1495 2971/786/1495 2970/793/1495 2969/1260/1495 321/1408/1495
f 4762/991/1496 4763/962/1496 4770/961/1496 4769/2482/1496
f 3883/2138/1497 3884/1164/1497 3896/2557/1497 3895/2482/1497
f 1583/1405/1498 1621/1684/1498 1582/595/1498
f 1003/1019/1499 1004/1018/1499 995/1017/1499 996/1027/1499 984/1026/1499 950/1871/1499 951/964/1499 1080/706/1499 1079/705/1499 1073/1150/1499 1061/1149/1499 1060/1020/1499
f 1259/56/1500 1386/55/1500 1385/54/1500 1377/260/1500 1358/261/1500 1342/152/1500 1324/151/1500 1258/1349/1500
f 3933/1946/1501 3934/554/1501 3960/553/1501 3965/1799/1501 3964/2026/1501 3959/2342/1501 3958/2341/1501 3932/1223/1501
f 3645/500/1502 3644/370/1502 3624/369/1502 3625/378/1502 3613/377/1502 3612/376/1502 3526/375/1502 3513/501/1502 3514/502/1502 3501/503/1502 3500/504/1502 3495/505/1502 3496/506/1502 3502/507/1502 3515/508/1502 3527/509/1502 3626/510/1502 348/511/1502 349/512/1502
f 1634/421/1503 1776/154/1503 1791/157/1503 1790/822/1503 1741/805/1503 1732/750/1503 1720/749/1503 1690/423/1503 1633/422/1503
f 3893/157/1504 3894/961/1504 3921/2558/1504 3920/822/1504
f 3894/961/1505 3895/2482/1505 3896/2557/1505 3884/1164/1505 3885/1641/1505 3897/1640/1505 3898/1639/1505 3926/2184/1505 3925/2559/1505 3924/1908/1505 3923/1024/1505 3922/1025/1505 3921/2558/1505
f 4728/1161/1506 4784/1160/1506 4783/1937/1506 4727/2053/1506
f 4765/2045/1507 4782/1207/1507 4781/1947/1507 4780/1965/1507 4779/1946/1507 4778/2025/1507
f 1269/115/1508 1311/114/1508 1334/1475/1508 1333/138/1508 1268/137/1508
f 3901/151/1509 3902/40/1509 3937/145/1509 3936/125/1509
f 2831/42/1510 2844/428/1510 2843/1654/1510 2785/52/1510 2800/1436/1510 2811/429/1510
f 4803/369/1511 4804/2560/1511 4834/2499/1511 4833/415/1511 4832/373/1511 4831/374/1511 4801/1275/1511 4802/376/1511 4774/377/1511 4775/2495/1511
f 682/543/1512 694/544/1512 693/460/1512 681/459/1512
f 693/460/1513 694/544/1513 695/502/1513 701/503/1513 700/558/1513 699/461/1513
f 3912/504/1514 3913/559/1514 3945/1683/1514 3944/461/1514
f 4734/1990/1515 4799/559/1515 4828/462/1515 4827/1664/1515 4798/1663/1515 4733/1991/1515
f 3718/1655/1516 3719/1654/1516 3720/428/1516 3739/152/1516 3738/145/1516 3737/200/1516
f 3918/1802/1517 3919/2135/1517 3950/800/1517 3949/804/1517
f 5502/1971/1518 5485/1957/1518 5486/1211/1518 5487/1828/1518 5505/1917/1518 5504/1918/1518 5503/1988/1518
f 3923/1024/1519 3924/1908/1519 3952/1899/1519 3951/824/1519
f 1031/1058/1520 1032/1057/1520 1033/1023/1520 1052/1022/1520 1051/1145/1520 1050/1106/1520
f 1059/1021/1521 1073/1150/1521 1079/705/1521 1085/708/1521 1084/1168/1521 1051/1145/1521 1052/1022/1521
f 1953/708/1522 1954/707/1522 1964/1384/1522 1963/2344/1522 1952/1168/1522
f 2468/773/1523 2469/407/1523 2500/406/1523 2499/772/1523
f 3941/2498/1524 3942/374/1524 3943/2195/1524 3944/461/1524 3945/1683/1524 3946/1664/1524 3963/1653/1524 3940/415/1524
f 793/425/1525 821/424/1525 820/729/1525
f 4826/424/1526 4861/2155/1526 4860/772/1526 4825/771/1526
f 2456/2156/1527 2457/806/1527 2469/407/1527 2468/773/1527 2455/2157/1527
f 2116/1396/1528 2117/212/1528 2147/2018/1528 2146/2019/1528 2115/2006/1528
f 571/415/1529 720/416/1529 721/417/1529 722/418/1529 723/419/1529 742/420/1529 909/155/1529 908/154/1529 766/421/1529 765/422/1529 822/423/1529 821/424/1529 793/425/1529 741/426/1529 740/427/1529 739/184/1529 707/183/1529 708/413/1529 634/412/1529 635/411/1529 487/410/1529 488/202/1529 551/52/1529 564/293/1529 563/371/1529
f 4840/2026/1530 4845/318/1530 4844/1806/1530 4839/2027/1530
f 4842/2256/1531 4843/2255/1531 4849/1345/1531 4848/2561/1531
f 416/594/1532 417/1867/1532 410/1868/1532 411/1869/1532 428/99/1532 427/104/1532 426/1870/1532
f 760/2065/1533 835/768/1533 848/767/1533 847/1092/1533 834/765/1533 815/1089/1533 790/763/1533 759/645/1533
f 5206/709/1534 5225/1731/1534 5224/710/1534
f 4842/2256/1535 4848/2561/1535 4867/2562/1535 4866/200/1535 4836/145/1535 4837/125/1535
f 5021/1115/1536 5022/2370/1536 5047/2369/1536 5046/1944/1536 5020/1968/1536
f 4817/1949/1537 4853/1809/1537 4852/1808/1537 4816/1948/1537
f 4848/2561/1538 4849/1345/1538 4868/2563/1538 4892/1652/1538 4891/1632/1538 4903/1650/1538 4902/183/1538 4889/1649/1538 4890/1657/1538 4864/2564/1538 4865/201/1538 4866/200/1538 4867/2562/1538
f 839/748/1539 862/798/1539 870/799/1539 869/724/1539 779/678/1539 764/677/1539 740/427/1539 741/426/1539 793/425/1539 820/729/1539
f 3983/902/1540 3984/905/1540 4006/2390/1540 4005/2565/1540 4004/2566/1540 4003/2403/1540 4002/2408/1540 4001/2567/1540 4000/2568/1540 3999/903/1540
f 4823/1819/1541 4847/801/1541 4858/1818/1541 4885/724/1541 4884/2569/1541 4857/2570/1541 4856/905/1541 4822/1896/1541
f 2212/2047/1542 2219/1938/1542 2218/1078/1542 2232/1942/1542 2233/1143/1542 2332/2052/1542 2333/2348/1542 2234/1941/1542 2221/1940/1542 2222/2048/1542 2215/1197/1542 2114/1196/1542 2115/2006/1542 2146/2019/1542 2147/2018/1542 2117/212/1542 2118/211/1542 2186/2093/1542 2185/1129/1542 2246/2092/1542 2247/1127/1542 2216/2091/1542 2217/2090/1542 2207/1533/1542 2208/1228/1542 2149/1229/1542 2148/1121/1542 2119/210/1542 2120/776/1542 2223/1118/1542 2224/1117/1542 2225/1230/1542 2187/1174/1542 2188/1173/1542 2256/22/1542 2257/1920/1542 2258/1919/1542 2154/537/1542 2155/536/1542 2172/691/1542 2190/2029/1542 2191/1155/1542 2259/1109/1542 2260/1108/1542 2286/1191/1542 2287/1190/1542 2304/1058/1542 2303/1897/1542 2315/2088/1542 2324/2130/1542 2335/2129/1542 2352/1882/1542 2334/1012/1542 2323/2103/1542 2322/2102/1542 2285/2101/1542 2284/1007/1542 2267/2571/1542 2266/2572/1542 2255/1103/1542 2254/1913/1542 2265/2573/1542 2264/2076/1542 2263/309/1542 2443/2075/1542 2452/2425/1542 2453/2108/1542 2383/2107/1542 2384/984/1542 2435/794/1542 2434/797/1542 2464/796/1542 2465/795/1542 2385/1863/1542 2386/2117/1542 2466/2158/1542 2480/2161/1542 2481/2160/1542 2498/649/1542 2524/454/1542 2523/2183/1542 2497/1093/1542 2496/769/1542 2479/1403/1542 2478/767/1542 2477/766/1542 2463/1091/1542 2462/1813/1542 2476/1812/1542 2475/2166/1542 2492/2167/1542 2493/758/1542 2494/765/1542 2522/764/1542 2521/720/1542 2520/1790/1542 2519/1789/1542 2491/2574/1542 2490/2575/1542 2474/2428/1542 2473/1004/1542 2349/2576/1542 2365/2416/1542 2364/908/1542 2348/1875/1542 2347/75/1542 2111/1352/1542 2112/1351/1542 207/1085/1542 206/1084/1542 2113/1198/1542 2214/1082/1542 2213/1081/1542
f 2038/1269/1543 2064/1270/1543 2063/1066/1543 208/1067/1543 209/224/1543 2062/223/1543 2061/222/1543 2018/2269/1543 2019/2030/1543 1999/1962/1543 2000/1961/1543 1957/875/1543 1958/1171/1543 2041/1271/1543 2040/1238/1543 2021/1243/1543 2020/1895/1543 2039/1241/1543
f 2431/893/1544 2432/894/1544 2446/895/1544 2445/890/1544
f 4901/666/1545 4902/183/1545 4903/1650/1545 4891/1632/1545 4892/1652/1545 4911/2224/1545 4910/1635/1545 4922/281/1545 4921/280/1545 4909/2222/1545 4908/2221/1545 4907/1521/1545 4906/189/1545 4905/1518/1545 4904/1517/1545 4916/1532/1545 4915/290/1545
f 3996/1030/1546 3997/2151/1546 4027/679/1546 4026/1029/1546
f 3997/2151/1547 3998/904/1547 3999/903/1547 4000/2568/1547 4001/2567/1547 4028/2171/1547 4027/679/1547
f 4001/2567/1548 4002/2408/1548 4029/2407/1548 4028/2171/1548
f 1425/264/1549 1448/561/1549 1447/1682/1549 1540/526/1549 1554/529/1549 1565/545/1549 1571/574/1549 1581/1406/1549 1580/1560/1549 1527/566/1549 1408/1494/1549 1409/262/1549 1424/265/1549
f 4873/1811/1550 4874/1423/1550 4896/1109/1550 4895/1155/1550 4872/1805/1550
f 2007/1110/1551 2008/1456/1551 2028/1249/1551 2027/691/1551 2006/1111/1551
f 4013/1429/1552 4014/1284/1552 4033/2024/1552 4032/535/1552
f 4015/2224/1553 4016/34/1553 4035/35/1553 4034/1434/1553
f 4017/2222/1554 4018/2221/1554 4037/2577/1554 4036/2223/1554
f 4018/2221/1555 4019/1521/1555 4038/214/1555 4037/2577/1555
f 4020/189/1556 4021/273/1556 4040/2493/1556 4039/2491/1556
f 1645/655/1557 1646/679/1557 1813/728/1557 1812/988/1557 1811/658/1557 1687/657/1557 1686/656/1557
f 1329/127/1558 1330/136/1558 1331/135/1558 1350/1482/1558 1349/1476/1558
f 4036/2223/1559 4037/2577/1559 4047/1523/1559 4046/1524/1559
f 4037/2577/1560 4038/214/1560 4048/215/1560 4047/1523/1560
f 4039/2491/1561 4040/2493/1561 4050/2492/1561 4049/1519/1561
f 550/188/1562 613/187/1562 612/186/1562 738/185/1562 737/289/1562 669/653/1562 670/652/1562 655/286/1562 654/651/1562 570/284/1562 569/650/1562 561/1515/1562 562/1514/1562 547/270/1562 546/1513/1562 403/2262/1562 404/35/1562 469/193/1562 468/197/1562 484/199/1562 505/215/1562 506/214/1562 507/190/1562 531/189/1562 530/257/1562 529/256/1562 548/259/1562 549/258/1562
f 4900/664/1563 4948/663/1563 4947/2168/1563 4899/679/1563
f 762/654/1564 763/664/1564 778/679/1564 777/655/1564
f 1184/1112/1565 1185/1250/1565 1219/1283/1565 1218/1282/1565 1183/1113/1565
f 4953/27/1566 4970/31/1566 4969/442/1566 4937/1526/1566 4938/1525/1566
f 4898/2171/1567 4924/988/1567 4933/2170/1567 4945/2578/1567 4944/1865/1567 4897/1883/1567
f 1070/1114/1568 1183/1113/1568 1182/1152/1568 1158/1153/1568 1137/20/1568 1069/19/1568
f 4059/1113/1569 4060/1282/1569 4077/1247/1569 4076/1152/1569
f 403/2262/1570 546/1513/1570 545/1516/1570 379/1327/1570 380/1326/1570
f 4087/646/1571 4086/647/1571 4085/2378/1571 4084/2579/1571 4083/2476/1571 4082/2475/1571 4081/2474/1571 4064/2490/1571 4065/2489/1571 4054/286/1571 4055/1530/1571 4066/2488/1571 4067/662/1571 4068/1028/1571 4069/2168/1571 4070/744/1571 4056/2169/1571 4057/2410/1571 4071/2409/1571 4072/2406/1571 4088/1877/1571
f 4074/2580/1572 4075/1153/1572 4091/1232/1572 4090/1234/1572
f 4092/1986/1573 4163/642/1573 4162/1172/1573 4091/1232/1573
f 1438/650/1574 1629/440/1574 1685/454/1574 1684/453/1574 1705/1093/1574 1704/769/1574 1659/1758/1574 1660/449/1574 1522/1665/1574 1502/392/1574 1493/391/1574 1319/445/1574 1305/1759/1574 1289/70/1574 1271/1430/1574 1248/1328/1574 1249/1327/1574 1414/1516/1574 1430/1515/1574
f 4085/2378/1575 4086/647/1575 4106/2412/1575 4105/2581/1575
f 861/647/1576 941/646/1576 940/952/1576 860/778/1576
f 4087/646/1577 4088/1877/1577 4108/986/1577 4107/2411/1577
f 2923/1700/1578 2924/1757/1578 2953/1469/1578 2952/24/1578
f 436/1759/1579 450/445/1579 449/105/1579 430/67/1579 419/66/1579 420/70/1579
f 2261/1923/1580 2270/1158/1580 2269/1922/1580 2268/2057/1580
f 2683/1750/1581 2684/1749/1581 2693/447/1581 2692/1751/1581
f 2732/339/1582 2731/331/1582 2725/1737/1582 2726/2188/1582 2714/614/1582 2715/1743/1582 2735/1616/1582 2734/345/1582 2733/344/1582
f 4326/2464/1583 4325/2463/1583 4294/1706/1583 4295/1451/1583 4318/2462/1583 4319/2461/1583 4327/2460/1583 4356/2483/1583 4355/2465/1583
f 4110/2260/1584 4111/2259/1584 4120/2440/1584 4119/65/1584
f 2879/73/1585 2901/72/1585 2900/1755/1585 2878/1754/1585
f 623/390/1586 624/391/1586 633/392/1586 632/393/1586 611/394/1586
f 2478/767/1587 2479/1403/1587 2496/769/1587 2495/761/1587
f 184/511/1588 185/1369/1588 1551/1370/1588 1446/510/1588
f 5029/2380/1589 5030/2383/1589 5059/2382/1589 5058/1812/1589 5057/1813/1589 5028/2381/1589
f 288/2582/1590 287/2583/1590 286/2271/1590 285/2584/1590 284/2585/1590 283/2524/1590 3004/1195/1590 3003/1194/1590 3002/534/1590 3001/533/1590 3000/637/1590 2999/636/1590 290/1394/1590 289/2586/1590
f 3311/794/1591 3341/795/1591 3340/796/1591 3310/797/1591
f 4108/986/1592 4156/1878/1592 4155/2587/1592 4126/984/1592 4118/985/1592 4107/2411/1592
f 5445/1824/1593 5489/1035/1593 5488/1827/1593 5444/1826/1593
f 2746/1742/1594 2827/1741/1594 2826/228/1594 2764/343/1594 2745/347/1594
f 3074/1951/1595 3057/1957/1595 3058/1982/1595 3039/1981/1595 3040/2005/1595 3059/587/1595 3075/1952/1595
f 5011/1401/1596 5012/2065/1596 5033/1793/1596 5032/763/1596 5031/1089/1596 5030/2383/1596 5029/2380/1596 5010/1402/1596
f 131/572/1597 1262/44/1597 1261/58/1597 1260/57/1597 132/1357/1597
f 992/1012/1598 979/1011/1598 978/1010/1598 961/987/1598 962/986/1598 963/661/1598 964/660/1598 965/989/1598 966/957/1598 980/956/1598
f 2003/1115/1599 2004/21/1599 2025/640/1599 2024/1244/1599
f 503/228/1600 560/1489/1600 572/1488/1600 584/2068/1600 592/345/1600 591/341/1600 583/340/1600 502/207/1600
f 668/2066/1601 719/482/1601 718/615/1601 650/1671/1601 651/2067/1601
f 4147/482/1602 4148/2445/1602 4173/617/1602 4172/486/1602
f 4148/2445/1603 4149/645/1603 4174/1693/1603 4173/617/1603
f 2540/763/1604 2573/645/1604 2572/2179/1604 2539/1791/1604 2521/720/1604 2522/764/1604
f 3353/766/1605 3370/765/1605 3369/758/1605 3352/1812/1605 3338/1813/1605 3339/1091/1605
f 4158/2375/1606 4159/2376/1606 4187/1007/1606 4186/2086/1606 4185/1056/1606 4184/945/1606 4183/948/1606 4182/2588/1606 4181/2109/1606 4180/2108/1606 4155/2587/1606 4156/1878/1606 4157/1010/1606 4137/2405/1606 4138/2404/1606 4139/2589/1606
f 1972/1116/1607 2003/1115/1607 2024/1244/1607 2023/1183/1607 1971/1117/1607
f 4162/1172/1608 4163/642/1608 4191/1184/1608 4190/1944/1608
f 4163/642/1609 4164/2/1609 4192/1185/1609 4191/1184/1609
f 5067/340/1610 5114/236/1610 5113/339/1610 5066/1610/1610
f 4073/2590/1611 4074/2580/1611 4090/1234/1611 4089/2371/1611
f 4177/2591/1612 4178/1812/1612 4197/2592/1612 4196/2593/1612
f 193/1385/1613 194/1386/1613 2055/1387/1613 2013/2345/1613
f 4181/2109/1614 4182/2588/1614 4199/2143/1614 4198/2145/1614
f 4184/945/1615 4185/1056/1615 4200/947/1615 4199/2143/1615 4182/2588/1615 4183/948/1615
f 4566/248/1616 4567/2594/1616 4591/2595/1616 4564/219/1616 4565/218/1616
f 4186/2086/1617 4187/1007/1617 4202/2358/1617 4201/2083/1617
f 5437/1483/1618 5462/216/1618 5461/219/1618 5460/1484/1618
f 5046/1944/1619 5047/2369/1619 5073/2368/1619 5072/4/1619 5044/3/1619 5045/1184/1619
f 5087/1053/1620 5102/1069/1620 5101/1911/1620 5076/1910/1620 5077/1054/1620
f 3065/20/1621 3133/1920/1621 3132/22/1621 3064/1173/1621
f 2431/893/1622 2299/1446/1622 2300/1053/1622 2312/1052/1622 2313/2122/1622 2432/894/1622
f 2743/340/1623 2825/207/1623 2824/336/1623 2742/335/1623
f 3025/1229/1624 3084/1228/1624 3083/1533/1624 3024/1121/1624
f 4213/1743/1625 4214/1694/1625 4227/600/1625 4226/2448/1625 4225/1735/1625 4248/611/1625 4247/612/1625 4223/2227/1625 4224/2226/1625
f 5063/617/1626 5095/1694/1626 5108/608/1626 5062/1693/1626
f 810/716/1627 789/719/1627 814/720/1627 813/721/1627 812/722/1627 811/723/1627
f 882/890/1628 883/899/1628 894/894/1628 893/891/1628
f 2282/1070/1629 2281/2077/1629 2264/2076/1629 2265/2573/1629 2254/1913/1629 2255/1103/1629 2266/2572/1629 2267/2571/1629 2284/1007/1629 2283/1073/1629
f 3700/336/1630 3701/207/1630 3714/1740/1630 3713/1739/1630 3699/101/1630
f 3608/339/1631 3607/331/1631 3601/1737/1631 3602/2188/1631 3590/614/1631 3591/1743/1631 3611/1616/1631 3610/345/1631 3609/344/1631
f 1600/718/1632 1677/717/1632 1676/739/1632 1584/2071/1632 1585/2070/1632 1517/602/1632 1518/609/1632 1601/608/1632
f 4175/1861/1633 4228/1860/1633 4252/717/1633 4251/2596/1633 4227/600/1633 4174/1693/1633
f 3322/895/1634 3323/2109/1634 3329/2108/1634 3328/2425/1634 3319/2075/1634 3320/2074/1634 3321/890/1634
f 4231/2144/1635 4232/2120/1635 4255/305/1635 4254/311/1635
f 5102/1069/1636 5103/1893/1636 5124/2355/1636 5123/306/1636
f 4233/2121/1637 4234/1070/1637 4257/307/1637 4256/306/1637
f 2837/1739/1638 2899/590/1638 2898/589/1638 2777/103/1638 2778/337/1638 2823/101/1638
f 5133/331/1639 5134/1619/1639 5152/333/1639 5151/1621/1639
f 807/477/1640 808/739/1640 809/717/1640 829/740/1640 828/738/1640 805/694/1640 806/481/1640
f 2298/1447/1641 2430/892/1641 2444/2074/1641 2443/2075/1641 2263/309/1641 2264/2076/1641 2281/2077/1641
f 4244/338/1642 4332/2447/1642 4266/103/1642 4243/102/1642
f 2080/1119/1643 2081/1185/1643 2082/2/1643 202/1/1643 203/1395/1643
f 5158/2363/1644 5165/2019/1644 5164/2006/1644 5157/2364/1644
f 2490/2575/1645 2491/2574/1645 2519/1789/1645 2518/723/1645 2517/1792/1645 2516/598/1645 2489/1797/1645 2488/1796/1645 2472/2415/1645 2473/1004/1645 2474/2428/1645
f 3500/504/1646 3501/503/1646 3514/502/1646 3513/501/1646 3512/2200/1646 3499/2190/1646
f 776/480/1647 806/481/1647 805/694/1647 788/695/1647 775/696/1647
f 2349/2576/1648 2473/1004/1648 2472/2415/1648 2365/2416/1648
f 5286/1421/1649 5309/1761/1649 5334/312/1649 5333/315/1649 5285/2597/1649
f 4630/1182/1650 4631/1181/1650 4663/2434/1650 4662/1760/1650
f 859/1094/1651 939/985/1651 938/984/1651 897/1097/1651
f 3447/479/1652 3554/478/1652 3553/1734/1652 3413/1733/1652 3414/928/1652 3428/476/1652
f 1654/927/1653 1655/1668/1653 1656/695/1653 1673/694/1653 1672/736/1653 1671/713/1653 1651/1787/1653 1652/1788/1653 1653/926/1653
f 4300/929/1654 4301/738/1654 4310/907/1654 4309/923/1654
f 1710/756/1655 1828/1087/1655 1827/741/1655 1695/735/1655 1696/738/1655
f 4442/1535/1656 4468/2207/1656 4467/360/1656 4441/359/1656 4418/398/1656 4419/2213/1656
f 4304/2598/1657 4305/2043/1657 4316/2044/1657 4315/1940/1657
f 2990/1196/1658 3091/1197/1658 3090/1082/1658 3021/2599/1658 2989/1198/1658
f 158/1385/1659 3865/1200/1659 3864/1175/1659 159/1383/1659
f 1123/1188/1660 1124/1205/1660 1125/1222/1660 1144/1223/1660 1143/1224/1660 1163/1225/1660 1162/317/1660 1161/1226/1660 1142/1186/1660 1141/1187/1660
f 45/2600/1661 4672/2601/1661 4697/2602/1661 4710/2015/1661 46/1286/1661
f 3110/1941/1662 3209/2348/1662 3208/2052/1662 3109/1143/1662
f 4315/1940/1663 4316/2044/1663 4324/2386/1663 4323/1939/1663
f 5157/2364/1664 5164/2006/1664 5173/2362/1664 263/2603/1664 262/2604/1664
f 4333/2451/1665 4320/302/1665 4337/2216/1665 4336/1598/1665 4335/329/1665 4334/2452/1665
f 5070/2513/1666 5084/2515/1666 5085/1077/1666 5097/1625/1666 5116/177/1666 5141/1929/1666 5161/1928/1666 5163/1698/1666 5172/1697/1666 5231/1314/1666 5230/86/1666 5248/2605/1666 5247/1704/1666 5220/1454/1666 5221/1449/1666 5185/2606/1666 5184/1451/1666 5203/1452/1666 5202/1453/1666 5219/1707/1666 5218/98/1666 5245/2607/1666 5244/2244/1666 5217/1485/1666 5216/2241/1666 5215/2243/1666 5242/231/1666 5265/2456/1666 5266/2455/1666 5267/92/1666 5268/2608/1666 5285/2597/1666 5333/315/1666 5361/138/1666 5380/1500/1666 5379/1499/1666 5359/1498/1666 5360/2609/1666 5332/1721/1666 5331/327/1666 5212/1723/1666 5213/351/1666 5201/302/1666 5208/2610/1666 5207/1725/1666 5226/497/1666 5227/469/1666 5238/470/1666 5237/1778/1666 5259/1779/1666 5258/712/1666 5236/711/1666 5224/710/1666 5225/1731/1666 5206/709/1666 5195/474/1666 5196/473/1666 5183/472/1666 5162/477/1666 5149/605/1666 5150/2449/1666 5129/2480/1666 5130/2479/1666 5109/2448/1666 5110/1735/1666 5131/611/1666 5132/2500/1666 5133/331/1666 5151/1621/1666 5152/333/1666 5134/1619/1666 5135/2504/1666 5214/2611/1666 5153/103/1666 5154/1462/1666 5170/1870/1666 5171/2432/1666 5155/979/1666 5156/592/1666 5140/2433/1666 5139/1461/1666 5138/1460/1666 5069/206/1666 5068/1493/1666 5042/228/1666 5015/227/1666 5014/226/1666 5040/230/1666 5039/1612/1666 5038/1611/1666 5013/2503/1666 5096/2502/1666 5095/1694/1666 5063/617/1666 5064/486/1666 5065/485/1666 5037/484/1666 5036/483/1666 5035/482/1666 5034/2445/1666 5033/1793/1666 5012/2065/1666 5011/1401/1666 4990/451/1666 4991/450/1666 4979/449/1666 4980/448/1666 5000/456/1666 5001/1751/1666 4993/2487/1666 4992/1753/1666 4982/446/1666 4983/445/1666 4994/1465/1666 5002/1467/1666 5003/1466/1666 5004/2612/1666 4996/2260/1666 4985/443/1666 4986/26/1666 5016/25/1666 5017/24/1666 5043/2613/1666 5071/2514/1666
f 4323/1939/1667 4324/2386/1667 4342/2614/1667 4341/1938/1667
f 5185/2606/1668 5221/1449/1668 5220/1454/1668 5247/1704/1668 5246/2257/1668 5219/1707/1668 5202/1453/1668 5203/1452/1668 5184/1451/1668
f 5219/1707/1669 5246/2257/1669 5245/2607/1669 5218/98/1669
f 1367/91/1670 1368/1485/1670 1384/233/1670 1383/220/1670
f 4338/2217/1671 4339/496/1671 4348/2450/1671 4347/2218/1671
f 3412/1732/1672 3446/1731/1672 3411/1730/1672
f 4742/63/1673 4743/62/1673 4744/61/1673 4749/2268/1673 4748/238/1673 4741/1366/1673
f 5209/2615/1674 5210/353/1674 5241/2439/1674 5240/2438/1674 5229/2437/1674 5228/2436/1674 5227/469/1674 5208/2610/1674 5201/302/1674
f 4346/1785/1675 4347/2218/1675 4364/1777/1675 4363/1786/1675
f 4371/2616/1676 4353/2617/1676 4343/2468/1676 4344/2467/1676 4354/2466/1676 4355/2465/1676 4356/2483/1676 4357/2458/1676 4358/2457/1676 4375/2454/1676 4374/93/1676 4373/2618/1676 4372/14/1676
f 4358/2457/1677 4359/220/1677 4376/2455/1677 4375/2454/1677
f 4359/220/1678 4360/1491/1678 4377/2456/1678 4376/2455/1678
f 1671/713/1679 1672/736/1679 1695/735/1679 1694/743/1679 1693/1795/1679
f 826/743/1680 958/742/1680 957/83/1680 906/82/1680 891/817/1680 879/1852/1680 825/1795/1680
f 2347/75/1681 2348/1875/1681 2364/908/1681 2363/815/1681 2362/818/1681
f 4373/2618/1682 4374/93/1682 4395/141/1682 4394/17/1682
f 663/2506/1683 691/383/1683 690/2505/1683 640/388/1683 641/387/1683 608/368/1683 598/1601/1683 599/364/1683 620/2619/1683 664/1595/1683
f 665/470/1684 755/2072/1684 754/1728/1684 783/1787/1684 803/713/1684 802/1780/1684 705/2176/1684 706/2508/1684 692/2507/1684 664/1595/1684 620/2619/1684 599/364/1684 600/296/1684 630/1645/1684 631/298/1684 643/468/1684 642/467/1684
f 4388/817/1685 4389/1442/1685 4404/538/1685 4403/542/1685
f 4394/17/1686 4417/113/1686 4416/1603/1686 4393/16/1686
f 1871/1019/1687 1872/1018/1687 1863/1017/1687 1864/1027/1687 1852/1026/1687 1818/1871/1687 1819/964/1687 1948/706/1687 1947/705/1687 1941/1150/1687 1929/1149/1687 1928/1020/1687
f 2279/1289/1688 2280/78/1688 2297/1888/1688 2296/2081/1688
f 1910/499/1689 1911/78/1689 2070/77/1689 2069/1045/1689
f 41/1302/1690 4521/2620/1690 4559/1296/1690 42/2621/1690
f 4335/329/1691 4438/322/1691 4437/321/1691 4334/2452/1691
f 5288/576/1692 5303/575/1692 5302/596/1692
f 3597/363/1693 3598/364/1693 3599/296/1693 3600/295/1693 3605/329/1693 3604/365/1693 3596/366/1693 3588/367/1693 3589/368/1693
f 1530/489/1694 1531/1503/1694 1546/492/1694 1545/530/1694 1544/490/1694
f 366/112/1695 443/113/1695 442/114/1695 400/115/1695 365/116/1695
f 3564/1535/1696 3565/2213/1696 3577/2228/1696 3576/1541/1696 3575/2229/1696 3563/401/1696
f 4419/2213/1697 4420/2622/1697 4443/2205/1697 4442/1535/1697
f 4429/2422/1698 4430/1147/1698 4431/1290/1698 4457/1353/1698 4456/1047/1698 4455/1956/1698 4454/1955/1698 4453/1050/1698 4452/1015/1698 4451/1014/1698 4450/1332/1698 4428/2082/1698
f 2740/1722/1699 2819/1721/1699 2818/1720/1699 2807/252/1699 2776/253/1699 2727/1553/1699 2728/365/1699
f 4438/322/1700 4439/362/1700 4465/350/1700 4464/323/1700
f 2712/367/1701 2720/366/1701 2719/1552/1701 2711/1551/1701 2699/2229/1701 2700/1541/1701
f 1507/439/1702 1530/489/1702 1529/465/1702 1506/464/1702 1496/401/1702 1497/400/1702
f 4444/1502/1703 4445/490/1703 4471/1680/1703 4470/465/1703
f 4452/1015/1704 4453/1050/1704 4481/2050/1704 4480/872/1704
f 4453/1050/1705 4454/1955/1705 4482/1171/1705 4481/2050/1705
f 4456/1047/1706 4457/1353/1706 4484/2623/1706 4483/1214/1706
f 4459/2624/1707 4460/138/1707 4487/1500/1707 4486/140/1707
f 3203/2329/1708 3216/831/1708 3236/830/1708 3235/967/1708 3234/965/1708 3233/2114/1708 3215/2097/1708
f 2057/1259/1709 2058/1266/1709 2059/1265/1709 2060/1064/1709 211/1063/1709 212/1408/1709 2056/1260/1709
f 4469/2206/1710 4470/465/1710 4493/2625/1710 4492/463/1710
f 4470/465/1711 4471/1680/1711 4494/1679/1711 4493/2625/1711
f 877/812/1712 919/860/1712 918/1856/1712 903/1855/1712 751/1252/1712 752/813/1712
f 5367/1336/1713 5342/1832/1713 5341/1338/1713 5316/1339/1713 5317/1331/1713 5318/1332/1713 5343/867/1713 5344/1833/1713 5368/869/1713
f 4483/1214/1714 4484/2623/1714 4503/1239/1714 4502/1238/1714
f 4541/1688/1715 4542/1280/1715 4573/633/1715 4572/632/1715 4571/631/1715 4570/2626/1715 4569/2627/1715 4540/1572/1715
f 5377/1496/1716 5436/2239/1716 5435/2481/1716 5408/1555/1716 5376/1554/1716
f 2040/1238/1717 2066/1273/1717 2065/1240/1717 2039/1241/1717 2020/1895/1717 2021/1243/1717
f 3088/2047/1718 3095/1938/1718 3094/1078/1718 3108/1942/1718 3109/1143/1718 3208/2052/1718 3209/2348/1718 3110/1941/1718 3097/1940/1718 3098/2048/1718 3091/1197/1718 2990/1196/1718 2991/2006/1718 3022/2019/1718 3023/2018/1718 2993/212/1718 2994/211/1718 3062/2093/1718 3061/1129/1718 3122/2092/1718 3123/1127/1718 3092/2091/1718 3093/2090/1718 3083/1533/1718 3084/1228/1718 3025/1229/1718 3024/1121/1718 2995/210/1718 2996/776/1718 3099/1118/1718 3100/1117/1718 3101/1230/1718 3063/1174/1718 3064/1173/1718 3132/22/1718 3133/1920/1718 3134/1919/1718 3030/537/1718 3031/536/1718 3048/691/1718 3066/2029/1718 3067/1155/1718 3135/1109/1718 3136/1108/1718 3162/1191/1718 3163/1190/1718 3180/1058/1718 3179/1897/1718 3191/2088/1718 3200/2130/1718 3211/2129/1718 3228/1882/1718 3210/1012/1718 3199/2103/1718 3198/2102/1718 3161/2101/1718 3160/1007/1718 3143/2571/1718 3142/2572/1718 3131/1103/1718 3130/1913/1718 3141/2573/1718 3140/2076/1718 3139/309/1718 3319/2075/1718 3328/2425/1718 3329/2108/1718 3259/2107/1718 3260/984/1718 3311/794/1718 3310/797/1718 3340/796/1718 3341/795/1718 3261/1863/1718 3262/2117/1718 3342/2158/1718 3356/2161/1718 3357/2160/1718 3374/649/1718 3400/454/1718 3399/2183/1718 3373/1093/1718 3372/769/1718 3355/1403/1718 3354/767/1718 3353/766/1718 3339/1091/1718 3338/1813/1718 3352/1812/1718 3351/2166/1718 3368/2167/1718 3369/758/1718 3370/765/1718 3398/764/1718 3397/720/1718 3396/1790/1718 3395/1789/1718 3367/2574/1718 3366/2575/1718 3350/2428/1718 3349/1004/1718 3225/2576/1718 3241/2416/1718 3240/908/1718 3224/1875/1718 3223/75/1718 2985/1352/1718 2986/2351/1718 2987/1351/1718 2988/2523/1718 300/2084/1718 299/1084/1718 2989/1198/1718 3021/2599/1718 3090/1082/1718 3089/1081/1718
f 1802/858/1719 1857/857/1719 1856/852/1719 1840/851/1719 1801/940/1719
f 4507/977/1720 4508/1839/1720 4520/1840/1720 4519/2420/1720
f 4481/2050/1721 4554/874/1721 4553/2423/1721 4480/872/1721
f 5397/528/1722 5432/529/1722 5431/1559/1722 5396/546/1722
f 4516/911/1723 4517/943/1723 4527/974/1723 4526/912/1723
f 5393/1606/1724 5394/1605/1724 5403/2628/1724 5402/1843/1724
f 4519/2420/1725 4520/1840/1725 4530/1841/1725 4529/2421/1725
f 501/208/1726 582/335/1726 590/342/1726 589/1615/1726 568/2069/1726 559/267/1726 544/102/1726 500/101/1726
f 3280/2118/1727 3281/921/1727 3293/920/1727 3292/2139/1727 3291/914/1727 3278/913/1727 3279/912/1727
f 4526/912/1728 4527/974/1728 4549/973/1728 4548/913/1728
f 217/2629/1729 216/1067/1729 4587/1066/1729 4558/1983/1729 4511/1240/1729 4503/1239/1729 4484/2623/1729 4457/1353/1729 4431/1290/1729 4408/77/1729 4392/76/1729 4370/2630/1729 218/1997/1729
f 1258/1349/1730 1324/151/1730 1323/150/1730 1322/119/1730 1256/118/1730 1257/1350/1730
f 5182/471/1731 5181/476/1731 5169/2178/1731 5168/2177/1731 5162/477/1731 5183/472/1731
f 1618/1688/1732 1669/1689/1732 1668/633/1732 1650/688/1732 1642/631/1732 1617/1570/1732 1596/1690/1732 1597/1691/1732
f 1722/784/1733 1723/837/1733 1734/807/1733 1733/785/1733
f 1020/833/1734 1019/834/1734 1007/835/1734 1006/836/1734 875/809/1734 876/808/1734 866/807/1734 855/837/1734 841/838/1734 902/839/1734 901/840/1734 915/841/1734 931/842/1734 930/843/1734 914/844/1734 900/845/1734 899/846/1734 969/847/1734 970/848/1734 986/849/1734 971/850/1734 972/851/1734 988/852/1734 987/853/1734 997/854/1734 998/855/1734 999/856/1734 989/857/1734 934/858/1734 935/859/1734 919/860/1734 877/812/1734 878/811/1734 887/861/1734 920/862/1734 921/863/1734 904/864/1734 905/81/1734 1009/80/1734 1024/79/1734 1023/498/1734 1008/865/1734 1022/866/1734 1021/867/1734 974/868/1734 973/869/1734 1039/870/1734 1040/871/1734 1075/872/1734 1074/873/1734 1081/874/1734 1089/875/1734 1088/876/1734 1087/877/1734 1114/878/1734 1113/879/1734 1036/880/1734 1037/881/1734 1038/882/1734
f 4551/2417/1735 4552/882/1735 4581/881/1735 4580/2418/1735
f 4560/2631/1736 4561/2125/1736 4590/129/1736 4589/132/1736
f 5475/2249/1737 5497/127/1737 5496/1476/1737 5463/1482/1737 5464/135/1737
f 3530/566/1738 3649/565/1738 3666/1484/1738 3681/219/1738 3680/1561/1738
f 4094/1469/1739 4127/2202/1739 4165/1169/1739 4193/1170/1739 22/1330/1739 21/2632/1739 20/2014/1739 967/1873/1739 985/1872/1739 19/2633/1739 18/1340/1739 4034/1434/1739 4061/1433/1739 4078/30/1739
f 4571/631/1740 4572/632/1740 4593/704/1740 4592/1569/1740
f 4572/632/1741 4573/633/1741 4594/702/1741 4593/704/1741
f 4546/808/1742 4614/1851/1742 4634/2634/1742 4633/2146/1742 4545/807/1742
f 1798/843/1743 1824/1874/1743 1838/848/1743 1837/847/1743 1767/846/1743 1768/845/1743 1782/844/1743
f 4580/2418/1744 4616/1035/1744 4615/836/1744 4579/835/1744
f 2273/1827/1745 2274/881/1745 2292/1824/1745 2291/2078/1745
f 5442/585/1746 5443/584/1746 5468/1830/1746 5467/1829/1746
f 5467/1829/1747 5487/1828/1747 5486/1211/1747 5441/586/1747 5442/585/1747
f 2198/1951/1748 2181/1957/1748 2182/1982/1748 2163/1981/1748 2164/2005/1748 2183/587/1748 2199/1952/1748
f 1754/902/1749 1753/725/1749 1737/724/1749 1738/799/1749 1739/801/1749 1740/806/1749 1883/824/1749 1882/905/1749
f 2633/389/1750 2671/388/1750 2672/387/1750 2713/368/1750 2712/367/1750 2700/1541/1750 2701/2228/1750 2689/2213/1750 2670/1544/1750 2669/2205/1750 2657/494/1750 2658/493/1750 2646/492/1750 2645/491/1750 2632/2061/1750 2631/2060/1750 2642/2063/1750 2655/1549/1750 2667/463/1750 2668/2204/1750 2687/401/1750 2699/2229/1750 2711/1551/1750 2719/1552/1750 2727/1553/1750 2776/253/1750 2775/1496/1750 2761/1613/1750 2760/562/1750 2739/561/1750 2738/560/1750 2640/570/1750 2641/1448/1750 2630/547/1750 2622/546/1750 2621/545/1750 2612/569/1750 2613/2189/1750 2603/597/1750 2567/596/1750 2602/595/1750 2601/568/1750 2600/567/1750 2654/566/1750 2804/1561/1750 2805/219/1750 2817/216/1750 2791/1483/1750 2792/249/1750 2920/1501/1750 2921/137/1750 2922/115/1750 2940/1473/1750 2939/2230/1750 2938/1306/1750 2937/1304/1750 2936/1567/1750 2935/1804/1750 2934/1296/1750 2933/1295/1750 2892/354/1750 2893/357/1750 2887/1989/1750 2869/111/1750 2870/2231/1750 2871/2232/1750 2852/135/1750 2836/2124/1750 2835/165/1750 2698/164/1750 2697/176/1750 2562/175/1750 2548/672/1750 2549/683/1750 2530/682/1750 2531/2173/1750 2550/687/1750 2551/631/1750 2563/630/1750 2585/629/1750 2586/628/1750 2564/627/1750 2508/626/1750 2484/731/1750 2483/730/1750 2503/681/1750 2547/1760/1750 2546/1574/1750 2545/675/1750 2501/1576/1750 2502/2233/1750 2399/934/1750 2398/2234/1750 2373/2115/1750 2374/782/1750 2459/783/1750 2460/2149/1750 2461/837/1750 2471/2140/1750 2416/2139/1750 2417/920/1750 2565/919/1750 2566/918/1750 2587/2235/1750 2588/2236/1750 2441/885/1750 2442/816/1750 2485/737/1750 2510/713/1750 2509/1591/1750 2614/2176/1750 2615/1782/1750 2635/2175/1750 2660/385/1750 2659/384/1750 2634/383/1750
f 4687/1762/1751 4698/11/1751 4697/2602/1751 4672/2601/1751 4673/524/1751
f 2892/354/1752 2933/1295/1752 2932/434/1752 2886/108/1752 2887/1989/1752 2893/357/1752
f 3726/127/1753 3727/129/1753 3746/2231/1753 3745/111/1753 3744/126/1753
f 3381/733/1754 3382/732/1754 3407/2173/1754 3406/682/1754
f 3616/1722/1755 3695/1721/1755 3694/1720/1755 3683/252/1755 3652/253/1755 3603/1553/1755 3604/365/1755
f 4607/110/1756 4608/130/1756 4625/128/1756 4624/109/1756
f 1349/1476/1757 1485/2247/1757 1484/2248/1757 1616/671/1757 1615/174/1757 1595/624/1757 1553/517/1757 1526/380/1757 1483/170/1757 1473/169/1757 1474/1678/1757 1407/888/1757 1328/128/1757 1329/127/1757
f 780/682/1758 798/686/1758 797/680/1758 771/672/1758 772/683/1758
f 3203/2329/1759 3147/2330/1759 3138/1033/1759 3126/1412/1759 3035/1411/1759 3036/1042/1759 3127/1889/1759 3012/791/1759 3013/790/1759 3037/1973/1759 3054/2340/1759 3055/700/1759 3128/2059/1759 3129/2054/1759 3148/1037/1759 3166/2079/1759 3167/2078/1759 3184/825/1759 3183/832/1759 3216/831/1759
f 4616/1035/1760 4617/2424/1760 4641/1037/1760 4640/1036/1760
f 4617/2424/1761 4618/1828/1761 4643/698/1761 4642/697/1761 4641/1037/1761
f 1129/1208/1762 1169/1209/1762 1149/1210/1762 1128/1151/1762 1112/698/1762 1113/879/1762 1121/1211/1762
f 4653/245/1763 4677/241/1763 4676/1768/1763 4652/2635/1763 4651/2636/1763 4650/1764/1763 4649/1763/1763 4648/2637/1763 4622/434/1763 4623/887/1763 4624/109/1763 4625/128/1763 4626/1772/1763 4654/1771/1763
f 5517/685/1764 5518/684/1764 5536/673/1764 5535/681/1764
f 2400/828/1765 2437/827/1765 2450/2146/1765 2460/2149/1765 2459/783/1765 2374/782/1765 2375/829/1765
f 4636/2638/1766 4637/968/1766 4667/967/1766 4666/1581/1766
f 1065/697/1767 1112/698/1767 1128/1151/1767 1127/700/1767 1064/701/1767
f 1127/700/1768 1128/1151/1768 1149/1210/1768 1148/1227/1768 1126/1038/1768
f 3014/789/1769 3015/1971/1769 3038/1972/1769 3037/1973/1769 3013/790/1769
f 4646/2028/1770 4647/2639/1770 4671/1266/1770 4670/1980/1770
f 4648/2637/1771 4649/1763/1771 4673/524/1771 4672/2601/1771
f 3801/282/1772 3802/281/1772 3833/1434/1772 3832/1470/1772 3831/29/1772
f 4650/1764/1773 4651/2636/1773 4675/2640/1773 4674/523/1773
f 4651/2636/1774 4652/2635/1774 4676/1768/1774 4675/2640/1774
f 520/241/1775 521/886/1775 537/889/1775 536/243/1775 519/1677/1775
f 4655/1774/1776 4656/1773/1776 4657/1478/1776 4658/171/1776 4679/381/1776 4678/1775/1776
f 1525/381/1777 1526/380/1777 1553/517/1777 1552/1676/1777 1594/623/1777 1593/514/1777 1263/11/1777 1264/10/1777 1265/9/1777 1266/13/1777 1327/162/1777 1326/159/1777 1325/158/1777 1346/161/1777 1360/204/1777 1361/203/1777 1389/241/1777 1388/1677/1777 1405/243/1777 1406/889/1777 1407/888/1777 1474/1678/1777 1473/169/1777 1423/379/1777 1422/382/1777
f 5538/1479/1778 5539/517/1778 5557/516/1778 5556/515/1778
f 4660/2185/1779 4661/1480/1779 4682/621/1779 4681/515/1779
f 111/180/1780 110/1930/1780 5141/1929/1780 5116/177/1780 5097/1625/1780 112/1624/1780
f 1509/388/1781 1558/2505/1781 1559/383/1781 1532/2506/1781 1533/1595/1781 1560/2507/1781 1574/2508/1781 1573/2176/1781 1670/1780/1781 1671/713/1781 1693/1795/1781 1747/1852/1781 1746/811/1781 1599/810/1781 1598/814/1781 1620/813/1781 1619/1252/1781 1771/1855/1781 1770/839/1781 1709/838/1781 1723/837/1781 1722/784/1781 1721/783/1781 1796/782/1781 1795/936/1781 1779/935/1781 1780/934/1781 1663/933/1781 1662/932/1781 1636/675/1781 1637/674/1781 1638/673/1781 1664/681/1781 1691/730/1781 1692/1279/1781 1669/1689/1781 1618/1688/1781 1597/1691/1781 1596/1690/1781 1617/1570/1781 1642/631/1781 1641/687/1781 1649/689/1781 1648/682/1781 1640/683/1781 1639/672/1781 1616/671/1781 1484/2248/1781 1485/2247/1781 1349/1476/1781 1350/1482/1781 1331/135/1781 1310/134/1781 1309/133/1781 1308/513/1781 1301/1459/1781 1291/1458/1781 1290/1457/1781 1233/1294/1781 154/1293/1781 153/1299/1781 1234/2509/1781 1235/1987/1781 1236/1296/1781 1237/116/1781 1269/115/1781 1268/137/1781 1267/140/1781 1393/255/1781 1392/1483/1781 1363/216/1781 1379/219/1781 1378/1561/1781 1527/566/1781 1580/1560/1781 1581/1406/1781 1582/595/1781 1621/1684/1781 1583/1405/1781 1572/1404/1781 1571/574/1781 1565/545/1781 1566/1681/1781 1555/528/1781 1541/527/1781 1540/526/1781 1447/1682/1781 1448/561/1781 1425/264/1781 1426/263/1781 1410/246/1781 1411/253/1781 1454/348/1781 1465/350/1781 1475/1618/1781 1486/402/1781 1496/401/1781 1506/464/1781 1505/463/1781 1528/466/1781 1542/488/1781 1556/532/1781 1557/531/1781 1545/530/1781 1546/492/1781 1531/1503/1781 1530/489/1781 1507/439/1781 1508/438/1781 1498/399/1781 1488/398/1781 1487/359/1781 1476/1617/1781 1477/368/1781 1510/387/1781
f 4674/523/1782 4675/2640/1782 4689/1766/1782 4688/1765/1782
f 4675/2640/1783 4676/1768/1783 4690/1767/1783 4689/1766/1783
f 4864/2564/1784 4890/1657/1784 4889/1649/1784 4902/183/1784 4901/666/1784 4888/427/1784 4863/2153/1784 4862/1660/1784 4826/424/1784 4796/2172/1784 4797/2136/1784 4773/2486/1784 4772/2133/1784 4747/669/1784 4732/668/1784 4733/1991/1784 4798/1663/1784 4827/1664/1784 4841/2641/1784 4833/415/1784 4834/2499/1784 4804/2560/1784 4805/1505/1784 4835/202/1784 4865/201/1784
f 58/1303/1785 59/1307/1785 363/1310/1785 362/1304/1785
f 5556/515/1786 5585/514/1786 5584/2642/1786 5574/1685/1786 5555/2643/1786
f 4667/967/1787 4705/965/1787 4704/936/1787 4666/1581/1787
f 1263/11/1788 1593/514/1788 1592/618/1788 1228/578/1788 1229/7/1788
f 4699/514/1789 4700/619/1789 4712/2017/1789 4711/2016/1789
f 4683/1574/1790 4701/1575/1790 4713/1857/1790 4712/2017/1790 4700/619/1790 4693/622/1790 4682/621/1790 4661/1480/1790 4629/175/1790 4630/1182/1790 4662/1760/1790
f 3275/934/1791 3378/2233/1791 3377/1576/1791 3421/675/1791 3420/676/1791 3248/2116/1791 3249/2115/1791 3274/2234/1791
f 4704/936/1792 4705/965/1792 4715/996/1792 4714/937/1792
f 2137/791/1793 2251/1889/1793 2160/1042/1793 2159/1411/1793 2096/1260/1793 2097/793/1793 2136/792/1793
f 3/1358/1794 179/1361/1794 3845/2512/1794 9/2644/1794
f 2369/1865/1795 2368/661/1795 2367/2112/1795 2366/2106/1795 2350/2105/1795 2351/2104/1795 2334/1012/1795 2352/1882/1795 2371/2113/1795 2370/989/1795
f 182/1364/1796 4741/1366/1796 4740/2266/1796 4739/2645/1796 183/512/1796
f 174/2291/1797 173/1371/1797 3854/1372/1797 3853/2292/1797
f 173/1371/1798 172/2289/1798 3855/2646/1798 3854/1372/1798
f 172/2289/1799 171/1509/1799 3856/506/1799 3855/2646/1799
f 5438/1978/1800 5478/1977/1800 5484/1407/1800 273/2647/1800 272/224/1800 271/2648/1800
f 169/1376/1801 3860/2131/1801 3859/667/1801 3858/668/1801 3857/1991/1801 3856/506/1801 171/1509/1801 170/1508/1801
f 169/1376/1802 168/1377/1802 3861/964/1802 3860/2131/1802
f 162/1378/1803 161/1379/1803 160/1380/1803 3862/1161/1803 3861/964/1803 168/1377/1803 167/1381/1803 166/2276/1803 165/2649/1803 164/2531/1803 163/1382/1803
f 192/1383/1804 193/1385/1804 2013/2345/1804 1964/1384/1804
f 157/1386/1805 156/1388/1805 3867/556/1805 3866/1199/1805
f 156/1388/1806 7/1390/1806 239/557/1806 3867/556/1806
f 5173/2362/1807 5174/2361/1807 5187/2044/1807 5186/1083/1807
f 4723/2046/1808 4765/2045/1808 4778/2025/1808 4813/553/1808 244/552/1808 243/2650/1808 242/2393/1808 241/2651/1808 240/557/1808
f 4839/2027/1809 4844/1806/1809 246/1798/1809 245/2652/1809 244/552/1809 4813/553/1809
f 2184/582/1810 2229/875/1810 2228/2035/1810 2206/585/1810 2199/1952/1810 2183/587/1810
f 4288/2485/1811 4289/481/1811 4300/929/1811 4299/928/1811 4298/696/1811
f 232/1394/1812 4093/1985/1812 4077/1247/1812 4060/1282/1812 4033/2024/1812 4014/1284/1812 3990/1428/1812 3971/319/1812 237/1798/1812 236/2653/1812 235/2270/1812 234/2271/1812 233/2654/1812
f 4093/1985/1813 232/1394/1813 231/2253/1813 4109/635/1813
f 4206/1119/1814 228/5/1814 227/2655/1814 4211/2656/1814
f 4211/2656/1815 227/2655/1815 226/2657/1815 4218/2658/1815
f 4218/2658/1816 226/2657/1816 225/2659/1816 4237/2660/1816
f 4237/2660/1817 225/2659/1817 224/2661/1817 4262/1120/1817
f 4262/1120/1818 224/2661/1818 223/2662/1818 4277/1131/1818
f 4277/1131/1819 223/2662/1819 222/2604/1819 4282/2334/1819
f 4306/1136/1820 221/1399/1820 220/2663/1820 4317/1083/1820
f 264/2663/1821 5186/1083/1821 5222/1086/1821 267/2664/1821 266/2665/1821 265/2666/1821
f 4352/2667/1822 219/2664/1822 218/1997/1822 4370/2630/1822
f 5272/77/1823 5295/1148/1823 5311/1353/1823 5337/1354/1823 5364/1975/1823 5383/1240/1823 5410/1979/1823 5438/1978/1823 271/2648/1823 270/2522/1823 269/2668/1823 268/2669/1823 5232/2385/1823 5250/1440/1823
f 2206/585/1824 2228/2035/1824 2227/1830/1824 2205/1953/1824
f 213/1408/1825 4722/1260/1825 4709/1259/1825 4671/1266/1825 4647/2639/1825 4621/1064/1825 214/1063/1825
f 4722/1260/1826 213/1408/1826 5/1410/1826 328/1409/1826
f 1062/1415/1827 1146/1891/1827 1188/1260/1827 9/1409/1827 10/2331/1827 11/2670/1827 12/2554/1827 13/2671/1827 14/2008/1827 15/2672/1827 16/1416/1827
f 4719/1033/1828 4720/1044/1828 327/1413/1828 326/1414/1828
f 4718/1034/1829 4719/1033/1829 326/1414/1829 325/1417/1829
f 4716/995/1830 4717/994/1830 324/1418/1830 323/2014/1830
f 3457/1609/1831 3804/578/1831 322/1287/1831 323/2014/1831 3215/2097/1831 3233/2114/1831 3248/2116/1831 3420/676/1831 3433/2181/1831
f 46/1286/1832 4710/2015/1832 322/1287/1832 1/1285/1832
f 44/2673/1833 4648/2637/1833 4672/2601/1833 45/2600/1833
f 15/1886/1834 3966/1646/1834 3972/414/1834 3991/1652/1834 16/2299/1834
f 4588/1987/1835 4605/1294/1835 43/1293/1835 42/2621/1835 4559/1296/1835
f 91/1297/1836 5466/1296/1836 5409/1567/1836 92/1302/1836
f 40/2674/1837 4512/2675/1837 4521/2620/1837 41/1302/1837
f 39/2676/1838 4504/2677/1838 4512/2675/1838 40/2674/1838
f 38/1307/1839 4485/2320/1839 4504/2677/1839 39/2676/1839
f 36/2678/1840 4432/1562/1840 4458/2319/1840 37/2318/1840
f 35/397/1841 4416/1603/1841 4432/1562/1841 36/2678/1841
f 31/2679/1842 4371/2616/1842 4393/16/1842 32/2211/1842
f 30/2680/1843 4353/2617/1843 4371/2616/1843 31/2679/1843
f 29/1318/1844 4343/2468/1844 4353/2617/1844 30/2680/1844
f 2172/691/1845 2173/1192/1845 2192/1156/1845 2191/1155/1845 2190/2029/1845
f 27/1921/1846 4278/2471/1846 4283/2470/1846 28/1400/1846
f 5479/1959/1847 5480/1958/1847 5485/1957/1847 5502/1971/1847 5501/2639/1847 5484/1407/1847 5478/1977/1847
f 116/2681/1848 115/2632/1848 114/1330/1848 5085/1077/1848 5071/2514/1848 5043/2613/1848 5017/24/1848 4987/23/1848 4971/30/1848 4955/29/1848 4923/2426/1848 119/1340/1848 118/2682/1848 117/2683/1848
f 17/2684/1849 4015/2224/1849 4034/1434/1849 18/1340/1849
f 16/2299/1850 3991/1652/1850 4015/2224/1850 17/2684/1850
f 122/1343/1851 121/2299/1851 4892/1652/1851 4868/2563/1851 4849/1345/1851 123/1886/1851
f 124/1887/1852 123/1886/1852 4849/1345/1852 4843/2255/1852 125/1884/1852
f 12/2297/1853 3935/2254/1853 3961/1885/1853 13/1884/1853
f 10/2685/1854 3868/2265/1854 3873/58/1854 11/2686/1854
f 9/2644/1855 3845/2512/1855 3868/2265/1855 10/2685/1855
f 5599/618/1856 5600/578/1856 352/1287/1856 351/64/1856 3689/63/1856 3679/1366/1856 350/2325/1856 349/2324/1856 348/2322/1856 347/2311/1856 346/2548/1856 345/2541/1856 344/2540/1856 343/2539/1856 342/2687/1856 341/2688/1856 340/2536/1856 339/2014/1856 5594/2097/1856 5595/2096/1856 5596/1858/1856 5597/1857/1856 5598/2181/1856
f 4730/931/1857 4731/667/1857 4747/669/1857 4746/960/1857
f 2424/1512/1858 2599/1511/1858 2423/669/1858
f 2813/63/1859 2845/1363/1859 2866/1362/1859 2865/1439/1859 2802/1437/1859 2803/1366/1859
f 4748/238/1860 4749/2268/1860 4757/47/1860 4756/2267/1860
f 4751/1163/1861 4752/1162/1861 4762/991/1861 4761/1164/1861
f 3232/1026/1862 3272/1926/1862 3271/1995/1862 3231/2095/1862
f 358/1294/1863 421/1457/1863 422/1458/1863 432/1459/1863 431/887/1863 357/356/1863
f 2269/1922/1864 2270/1158/1864 2261/1923/1864 2248/1924/1864 2249/706/1864 2397/1925/1864 2396/1926/1864 2356/1026/1864 2338/1927/1864 2337/1164/1864 2326/1641/1864 2325/1640/1864
f 5199/2350/1865 5233/1144/1865 5223/1078/1865 5205/1938/1865 5198/2689/1865 5188/2360/1865 5189/1140/1865
f 4761/1164/1866 4762/991/1866 4769/2482/1866 4768/2690/1866
f 2355/2095/1867 2395/1995/1867 2394/961/1867 2354/2094/1867
f 4740/2266/1868 4805/1505/1868 4804/2560/1868 4739/2645/1868
f 908/154/1869 909/155/1869 924/156/1869 923/157/1869
f 1105/1945/1870 1226/555/1870 1225/554/1870 1164/1254/1870 1144/1223/1870 1125/1222/1870
f 2241/1937/1871 2242/707/1871 2249/706/1871 2248/1924/1871
f 4769/2482/1872 4770/961/1872 4791/821/1872 4790/1025/1872 4789/819/1872 4788/2511/1872 4787/2058/1872 4786/2057/1872 4766/1157/1872 4767/1166/1872 4760/1165/1872 4761/1164/1872 4768/2690/1872
f 4770/961/1873 4771/157/1873 4792/2147/1873 4791/821/1873
f 3298/1662/1874 3456/421/1874 3455/1661/1874 3405/404/1874 3358/403/1874 3346/408/1874 3334/823/1874 3285/822/1874 3286/1996/1874
f 3851/2294/1875 176/512/1875 175/511/1875 3852/2293/1875 3853/2292/1875 3854/1372/1875 3855/2646/1875 3856/506/1875 3913/559/1875 3912/504/1875 3877/503/1875 3876/502/1875 3881/1274/1875 3911/375/1875 3910/2497/1875 3890/2496/1875 3889/2495/1875 3909/1626/1875 3908/2494/1875
f 5056/2108/1876 5148/2377/1876 5147/310/1876 5125/2074/1876 5104/890/1876 5080/895/1876 5055/2691/1876
f 79/1344/1877 80/1347/1877 81/1346/1877 388/1350/1877 387/118/1877 386/117/1877
f 3926/2184/1878 3927/1644/1878 3928/1643/1878 3929/1178/1878 3954/1177/1878 3953/1950/1878 3925/2559/1878
f 3953/1950/1879 3986/1190/1879 3985/1898/1879 3952/1899/1879 3924/1908/1879 3925/2559/1879
f 4788/2511/1880 4789/819/1880 4822/1896/1880 4821/1899/1880
f 3922/1025/1881 3923/1024/1881 3951/824/1881 3950/800/1881 3919/2135/1881 3920/822/1881 3921/2558/1881
f 4793/2148/1882 4794/1802/1882 4824/407/1882 4823/1819/1882
f 852/749/1883 864/750/1883 863/751/1883 840/747/1883 821/424/1883 822/423/1883
f 5211/329/1884 5330/2692/1884 5329/366/1884 5328/1540/1884 5283/368/1884 5284/1601/1884 5264/1630/1884 5241/2439/1884 5210/353/1884
f 1578/559/1885 1579/506/1885 1591/419/1885 1590/418/1885 1589/417/1885 1577/462/1885
f 4799/559/1886 4800/504/1886 4829/2484/1886 4828/462/1886
f 2624/504/1887 2625/503/1887 2638/502/1887 2637/501/1887 2636/2200/1887 2623/2190/1887
f 2636/2200/1888 2637/501/1888 2650/375/1888 2649/374/1888
f 3904/260/1889 3905/2263/1889 3906/1506/1889 3907/1505/1889 3938/202/1889 3903/428/1889
f 3759/124/1890 3838/123/1890 3837/1345/1890 3758/1256/1890
f 3938/202/1891 3975/1647/1891 3974/146/1891 3937/145/1891 3902/40/1891 3903/428/1891
f 4810/40/1892 4811/39/1892 4837/125/1892 4836/145/1892
f 3076/1188/1893 3069/1187/1893 3070/1186/1893 3050/318/1893 3051/317/1893 3052/1963/1893 3071/1964/1893 3072/1965/1893 3078/1206/1893 3077/1205/1893
f 862/798/1894 863/751/1894 872/806/1894 871/801/1894 870/799/1894
f 820/729/1895 821/424/1895 840/747/1895 839/748/1895
f 3947/1803/1896 3979/2155/1896 3978/2154/1896
f 4831/374/1897 4832/373/1897 4833/415/1897 4841/2641/1897 4827/1664/1897 4828/462/1897 4829/2484/1897 4830/1276/1897
f 3900/2264/1898 3901/151/1898 3936/125/1898 3962/149/1898 3961/1885/1898 3935/2254/1898
f 2029/1226/1899 2030/317/1899 2091/1255/1899 2090/319/1899
f 1708/747/1900 1731/751/1900 1730/798/1900 1707/748/1900
f 3975/1647/1901 3938/202/1901 3907/1505/1901 3908/2494/1901 3939/2499/1901 3940/415/1901 3963/1653/1901 3946/1664/1901 3914/1663/1901 3857/1991/1901 3858/668/1901 3871/669/1901 3892/2133/1901 3891/2134/1901 3915/2136/1901 3916/423/1901 3947/1803/1901 3978/2154/1901 3977/2153/1901 3995/2152/1901 4025/2220/1901 4024/183/1901 3994/1649/1901 3993/1648/1901 3976/411/1901
f 2094/555/1902 1973/1945/1902 1993/1222/1902 1992/1205/1902 1988/1204/1902 1987/1216/1902 1918/1106/1902 1919/1145/1902 1952/1168/1902 1963/2344/1902 1964/1384/1902 2013/2345/1902 2055/1387/1902 2095/1389/1902
f 4351/2346/1903 4341/1938/1903 4342/2614/1903 4324/2386/1903 4316/2044/1903 4317/1083/1903 4352/2667/1903 4370/2630/1903 4392/76/1903 4391/75/1903 4312/1875/1903 4311/1876/1903 4303/909/1903 4291/2402/1903 4290/1004/1903 4230/2428/1903 4229/753/1903 4208/2427/1903 4207/1789/1903 4195/1862/1903 4176/720/1903 4151/1089/1903 4152/765/1903 4177/2591/1903 4196/2593/1903 4197/2592/1903 4178/1812/1903 4179/2693/1903 4154/2694/1903 4153/2430/1903 4134/2429/1903 4117/770/1903 4116/2444/1903 4104/2478/1903 4103/2477/1903 4083/2476/1903 4084/2579/1903 4085/2378/1903 4105/2581/1903 4106/2412/1903 4107/2411/1903 4118/985/1903 4124/795/1903 4135/2150/1903 4136/1817/1903 4125/950/1903 4126/984/1903 4155/2587/1903 4180/2108/1903 4271/2377/1903 4272/310/1903 4273/309/1903 4258/308/1903 4216/2357/1903 4217/1913/1903 4204/1914/1903 4203/2359/1903 4188/1105/1903 4187/1007/1903 4159/2376/1903 4158/2375/1903 4139/2589/1903 4138/2404/1903 4003/2403/1903 4004/2566/1903 4005/2565/1903 4006/2390/1903 4007/2389/1903 3985/1898/1903 3986/1190/1903 4008/1424/1903 4009/1423/1903 4030/2064/1903 4031/1110/1903 4043/1235/1903 4044/691/1903 4045/2337/1903 4059/1113/1903 4058/2372/1903 4073/2590/1903 4089/2371/1903 4090/1234/1903 4161/1233/1903 4160/1116/1903 4189/1943/1903 4205/1118/1903 4206/1119/1903 4211/2656/1903 4218/2658/1903 4237/2660/1903 4262/1120/1903 4261/1220/1903 4236/1229/1903 4235/1228/1903 4260/1219/1903 4259/1218/1903 4275/1126/1903 4274/1127/1903 4279/1217/1903 4280/1221/1903 4276/1130/1903 4277/1131/1903 4282/2334/1903 4281/2336/1903 4292/1134/1903 4293/2335/1903 4306/1136/1903 4305/2043/1903 4304/2598/1903 4315/1940/1903 4314/1140/1903 4313/2051/1903 4321/2052/1903 4322/1143/1903 4369/2347/1903
f 2304/1058/1904 2305/1899/1904 2317/824/1904 2316/2087/1904 2315/2088/1904 2303/1897/1904
f 4856/905/1905 4857/2570/1905 4884/2569/1905 4883/2128/1905 4882/727/1905 4881/957/1905 4880/1882/1905 4879/2129/1905 4878/2373/1905 4877/953/1905
f 3344/773/1906 3375/772/1906 3403/1800/1906 3419/1660/1906 3474/1659/1906 3473/1031/1906 3454/1030/1906 3432/678/1906 3330/2180/1906 3331/2157/1906
f 3671/1713/1907 3672/1712/1907 3686/1711/1907 3685/2240/1907
f 2882/1256/1908 2961/1345/1908 2960/2219/1908 2959/1633/1908 2708/1632/1908 2707/1631/1908 2616/183/1908 2617/1658/1908 2694/1657/1908 2695/1656/1908 2842/1655/1908 2861/200/1908 2881/1257/1908
f 4869/1284/1909 4870/693/1909 4894/535/1909 4893/2024/1909
f 1159/691/1910 1160/1249/1910 1186/693/1910 1185/1250/1910 1184/1112/1910
f 2873/1471/1911 2874/17/1911 2942/16/1911 304/395/1911 305/397/1911 2941/1472/1911
f 4881/957/1912 4882/727/1912 4898/2171/1912 4897/1883/1912
f 4885/724/1913 4886/678/1913 4899/679/1913 4898/2171/1913 4882/727/1913 4883/2128/1913 4884/2569/1913
f 4886/678/1914 4887/665/1914 4900/664/1914 4899/679/1914
f 4026/1029/1915 4068/1028/1915 4067/662/1915 4042/290/1915 4025/2220/1915 3995/2152/1915 3996/1030/1915
f 5292/883/1916 5301/2141/1916 5300/1835/1916 5276/1443/1916 5277/884/1916
f 2835/165/1917 2836/2124/1917 2852/135/1917 2851/129/1917 2850/127/1917
f 297/1397/1918 2992/1396/1918 2991/2006/1918 2990/1196/1918 298/1399/1918
f 4905/1518/1919 4906/189/1919 4918/1520/1919 4917/258/1919
f 4907/1521/1920 4908/2221/1920 4920/2695/1920 4919/278/1920
f 4908/2221/1921 4909/2222/1921 4921/280/1921 4920/2695/1921
f 4910/1635/1922 4911/2224/1922 4923/2426/1922 4922/281/1922
f 2964/38/1923 2965/37/1923 2966/1435/1923 278/2295/1923 279/2296/1923
f 4917/258/1924 4918/1520/1924 4926/1519/1924 4925/274/1924
f 4919/278/1925 4920/2695/1925 4928/1523/1925 4927/1522/1925
f 4920/2695/1926 4921/280/1926 4929/1524/1926 4928/1523/1926
f 3001/533/1927 3002/534/1927 3032/535/1927 3031/536/1927 3030/537/1927
f 4930/1282/1928 4931/1113/1928 4940/638/1928 4939/2023/1928
f 4058/2372/1929 4059/1113/1929 4076/1152/1929 4075/1153/1929 4074/2580/1929 4073/2590/1929
f 4720/1044/1930 4721/1043/1930 4722/1260/1930 328/1409/1930 327/1413/1930
f 1415/1513/1931 1416/270/1931 1431/1514/1931 1430/1515/1931 1414/1516/1931
f 2925/282/1932 2926/281/1932 2957/1434/1932 2956/1470/1932 2955/29/1932
f 1215/1245/1933 139/634/1933 140/1/1933 1214/2/1933 1180/642/1933 1181/1246/1933 1157/640/1933 1158/1153/1933 1182/1152/1933 1217/1247/1933 1216/1248/1933
f 4941/1153/1934 4942/20/1934 4959/1234/1934 4958/1969/1934
f 1069/19/1935 1137/20/1935 1136/21/1935 1068/22/1935
f 1150/2269/1936 1193/222/1936 1192/1064/1936 1191/1265/1936 1169/1209/1936 1129/1208/1936 1130/2031/1936
f 4946/656/1937 4947/2168/1937 4948/663/1937 4949/662/1937 4950/1531/1937 4935/1530/1937 4936/1529/1937 4951/1528/1937 4952/1527/1937 4968/441/1937 4967/440/1937 4966/454/1937 4965/2379/1937 4964/2378/1937 4963/2123/1937 4962/646/1937 4961/1877/1937 4944/1865/1937 4945/2578/1937 4933/2170/1937 4934/2169/1937
f 2780/271/1938 2925/282/1938 2955/29/1938 2954/30/1938 2779/272/1938
f 5080/895/1939 5104/890/1939 5103/1893/1939 5079/1892/1939
f 4961/1877/1940 4962/646/1940 4974/952/1940 4973/986/1940
f 3263/646/1941 3343/2159/1941 3342/2158/1941 3262/2117/1941
f 4963/2123/1942 4964/2378/1942 4976/777/1942 4975/778/1942
f 2575/2182/1943 2754/283/1943 2765/268/1943 2779/272/1943 2954/30/1943 2953/1469/1943 2924/1757/1943 2910/70/1943 2891/69/1943 2880/74/1943 2706/391/1943 2693/447/1943 2684/1749/1943 2542/1748/1943 2541/1747/1943 2496/769/1943 2497/1093/1943 2523/2183/1943 2524/454/1943
f 3147/2330/1944 3203/2329/1944 324/1418/1944 325/1417/1944
f 3652/253/1945 3683/252/1945 3682/1499/1945 3729/1719/1945 3796/1501/1945 3668/249/1945 3669/2414/1945 3651/1496/1945
f 1727/1094/1946 1807/985/1946 1806/984/1946 1765/1097/1946
f 4117/770/1947 4134/2429/1947 4133/1401/1947 4116/2444/1947
f 4100/458/1948 4122/457/1948 4113/2442/1948 4114/2441/1948 4099/446/1948
f 3755/73/1949 3777/72/1949 3776/1755/1949 3754/1754/1949
f 4995/72/1950 4996/2260/1950 5004/2612/1950 5003/1466/1950
f 4739/2645/1951 4804/2560/1951 4803/369/1951 4775/2495/1951 4774/377/1951 4802/376/1951 4801/1275/1951 4764/1274/1951 4755/502/1951 4754/503/1951 4800/504/1951 4799/559/1951 4734/1990/1951 4735/2646/1951 4736/1372/1951 4737/1368/1951 4738/510/1951 184/511/1951 183/512/1951
f 294/2696/1952 293/5/1952 2996/776/1952 2995/210/1952 295/209/1952
f 4997/951/1953 5027/983/1953 5026/1878/1953 4973/986/1953 4974/952/1953 4988/949/1953
f 859/1094/1954 897/1097/1954 896/1096/1954 858/1095/1954
f 3622/1742/1955 3703/1741/1955 3702/228/1955 3640/343/1955 3621/347/1955
f 3144/2057/1956 3165/1907/1956 3164/1203/1956 3116/1202/1956 3117/1937/1956 3124/1924/1956 3137/1923/1956
f 5018/2/1957 5019/2022/1957 5045/1184/1957 5044/3/1957
f 5019/2022/1958 5020/1968/1958 5046/1944/1958 5045/1184/1958
f 4160/1116/1959 4161/1233/1959 4162/1172/1959 4190/1944/1959 4189/1943/1959
f 5023/2376/1960 5024/2375/1960 5005/2374/1960 5006/1881/1960 5007/1880/1960 5025/1879/1960 5026/1878/1960 5027/983/1960 5056/2108/1960 5055/2691/1960 5054/2697/1960 5053/948/1960 5052/2698/1960 5051/1056/1960 5050/1055/1960 5049/1007/1960
f 4153/2430/1961 4154/2694/1961 4179/2693/1961 4178/1812/1961 4177/2591/1961 4152/765/1961
f 759/645/1962 790/763/1962 815/1089/1962 814/720/1962 789/719/1962 758/644/1962
f 5033/1793/1963 5034/2445/1963 5063/617/1963 5062/1693/1963
f 5034/2445/1964 5035/482/1964 5064/486/1964 5063/617/1964
f 3483/482/1965 3540/1745/1965 3558/484/1965 3557/485/1965 3482/486/1965
f 2168/1231/1966 2224/1117/1966 2223/1118/1966 2120/776/1966 2121/775/1966 2150/2020/1966
f 5049/1007/1967 5050/1055/1967 5077/1054/1967 5076/1910/1967
f 3177/2083/1968 3178/1008/1968 3190/946/1968 3189/2122/1968 3188/1052/1968 3176/1053/1968
f 5051/1056/1969 5052/2698/1969 5053/948/1969 5054/2697/1969 5079/1892/1969 5078/1051/1969
f 5054/2697/1970 5055/2691/1970 5080/895/1970 5079/1892/1970
f 5058/1812/1971 5059/2382/1971 5082/2167/1971 5081/760/1971
f 1931/1889/1972 2034/791/1972 2033/792/1972 2057/1259/1972 2056/1260/1972 2014/1891/1972 2015/1890/1972
f 1026/1069/1973 1027/1053/1973 1028/1072/1973 1046/1073/1973 1045/1070/1973
f 2554/655/1974 2555/679/1974 2577/1029/1974 2576/1028/1974
f 3158/1070/1975 3157/2077/1975 3140/2076/1975 3141/2573/1975 3130/1913/1975 3131/1103/1975 3142/2572/1975 3143/2571/1975 3160/1007/1975 3159/1073/1975
f 5095/1694/1976 5096/2502/1976 5111/2501/1976 5112/613/1976 5132/2500/1976 5131/611/1976 5110/1735/1976 5109/2448/1976 5108/608/1976
f 1305/1759/1977 1319/445/1977 1318/105/1977 1299/67/1977 1288/66/1977 1289/70/1977
f 5101/1911/1978 5102/1069/1978 5123/306/1978 5122/1071/1978
f 893/891/1979 1026/1069/1979 1025/1068/1979 892/892/1979
f 5103/1893/1980 5104/890/1980 5125/2074/1980 5124/2355/1980
f 4198/2145/1981 4231/2144/1981 4254/311/1981 4272/310/1981 4271/2377/1981 4180/2108/1981 4181/2109/1981
f 5062/1693/1982 5108/608/1982 5128/599/1982 5127/2162/1982 5107/716/1982 5061/1794/1982
f 4251/2596/1983 4252/717/1983 4270/1909/1983 4269/2449/1983 4250/2070/1983 4249/602/1983 4226/2448/1983 4227/600/1983
f 1479/606/1984 1478/614/1984 1472/613/1984 1471/612/1984 1458/1615/1984 1459/342/1984 1460/341/1984 1461/345/1984 1462/1616/1984
f 4220/208/1985 4221/236/1985 4222/339/1985 4246/1620/1985 4245/1619/1985 4244/338/1985 4243/102/1985 4242/101/1985
f 482/100/1986 483/206/1986 502/207/1986 501/208/1986 500/101/1986
f 1984/1124/1987 2045/1121/1987 2079/1120/1987 2078/1131/1987 2002/1130/1987 2001/1129/1987 1945/1128/1987 1946/1127/1987 1978/1126/1987 1979/1125/1987
f 1760/892/1988 1893/1068/1988 1912/1071/1988 1923/1100/1988 1922/1099/1988 1748/310/1988 1749/311/1988
f 1437/2069/1989 1458/1615/1989 1457/334/1989 1436/1622/1989
f 5419/973/1990 5449/1846/1990 5448/1874/1990 5447/970/1990 5418/1844/1990 5402/1843/1990 5403/2628/1990
f 4240/982/1991 4241/303/1991 4242/101/1991 4243/102/1991 4266/103/1991 4265/589/1991
f 5135/2504/1992 5136/1463/1992 5153/103/1992 5214/2611/1992
f 1532/2506/1993 1559/383/1993 1558/2505/1993 1509/388/1993 1510/387/1993 1477/368/1993 1467/1601/1993 1468/364/1993 1489/2619/1993 1533/1595/1993
f 2043/1134/1994 2044/1133/1994 2077/1132/1994 2076/1398/1994 2075/1135/1994
f 1940/1108/1995 1986/1154/1995 2008/1456/1995 2007/1110/1995 1939/1109/1995
f 811/723/1996 812/722/1996 831/752/1996 830/753/1996 844/754/1996 843/755/1996 842/756/1996 828/738/1996 829/740/1996 809/717/1996 810/716/1996
f 3366/2575/1997 3367/2574/1997 3395/1789/1997 3394/723/1997 3393/1792/1997 3392/598/1997 3365/1797/1997 3364/1796/1997 3348/2415/1997 3349/1004/1997 3350/2428/1997
f 3225/2576/1998 3349/1004/1998 3348/2415/1998 3241/2416/1998
f 313/224/1999 312/1067/1999 2977/1066/1999 2976/222/1999 2975/1407/1999 315/1063/1999 314/225/1999
f 1109/1137/2000 1206/1136/2000 1205/1083/2000 1108/1082/2000
f 5174/2361/2001 5175/2048/2001 5188/2360/2001 5187/2044/2001
f 3348/2415/2002 3364/1796/2002 3363/735/2002 3240/908/2002 3241/2416/2002
f 5178/906/2003 5179/715/2003 5194/714/2003 5193/907/2003
f 2510/713/2004 2511/736/2004 2512/929/2004 2538/928/2004 2537/1733/2004 2536/1732/2004 2535/1730/2004 2534/925/2004 2533/1729/2004
f 5187/2044/2005 5188/2360/2005 5198/2689/2005 5197/2386/2005
f 1092/1144/2006 1093/1143/2006 1094/1140/2006 1100/1139/2006 1099/1180/2006 1098/1079/2006 1097/1078/2006
f 991/1141/2007 1094/1140/2007 1093/1143/2007 990/1142/2007
f 2282/1070/2008 2283/1073/2008 2301/2083/2008 2300/1053/2008 2299/1446/2008
f 400/115/2009 442/114/2009 465/1475/2009 464/138/2009 399/137/2009
f 5197/2386/2010 5198/2689/2010 5205/1938/2010 5204/2387/2010
f 376/1074/2011 377/1329/2011 401/1431/2011 402/1430/2011 420/70/2011 419/66/2011 418/65/2011 429/68/2011 448/106/2011 449/105/2011 450/445/2011 624/391/2011 623/390/2011 611/394/2011 632/393/2011 652/456/2011 653/1665/2011 792/449/2011 791/1758/2011 836/769/2011 835/768/2011 760/2065/2011 759/645/2011 736/616/2011 719/482/2011 668/2066/2011 651/2067/2011 650/1671/2011 718/615/2011 735/617/2011 734/607/2011 610/606/2011 593/1616/2011 592/345/2011 584/2068/2011 572/1488/2011 573/1487/2011 504/1486/2011 503/228/2011 502/207/2011 483/206/2011 482/100/2011 428/99/2011 411/1869/2011 410/1868/2011 417/1867/2011 416/594/2011 426/1870/2011 427/104/2011 543/103/2011 558/266/2011 559/267/2011 568/2069/2011 567/1622/2011 588/334/2011 589/1615/2011 602/612/2011 621/611/2011 622/610/2011 649/609/2011 648/602/2011 717/2070/2011 716/2071/2011 808/739/2011 807/477/2011 647/1666/2011 646/1669/2011 787/1668/2011 786/927/2011 756/1699/2011 785/926/2011 784/1788/2011 783/1787/2011 754/1728/2011 755/2072/2011 665/470/2011 666/469/2011 679/497/2011 680/496/2011 667/301/2011 645/352/2011 566/351/2011 581/328/2011 580/327/2011 496/2073/2011 495/1720/2011 512/252/2011 511/251/2011 463/139/2011 464/138/2011 465/1475/2011 466/141/2011 467/93/2011 497/92/2011 513/221/2011 526/232/2011 527/231/2011 528/234/2011 515/233/2011 499/1485/2011 498/91/2011 434/90/2011 435/98/2011 424/97/2011 425/1453/2011 414/1452/2011 415/1451/2011 409/1450/2011 408/1449/2011 413/1454/2011 412/88/2011 406/87/2011 407/86/2011 370/85/2011 371/1321/2011 372/1320/2011 373/2137/2011 374/177/2011 375/1077/2011 446/1076/2011 447/1075/2011
f 5201/302/2012 5213/351/2012 5212/1723/2012 5211/329/2012 5210/353/2012 5209/2615/2012
f 1119/1216/2013 1120/1204/2013 1124/1205/2013 1123/1188/2013
f 4349/1731/2014 4340/927/2014 4350/926/2014
f 5207/1725/2015 5208/2610/2015 5227/469/2015 5226/497/2015
f 514/220/2016 515/233/2016 528/234/2016 527/231/2016
f 3685/2240/2017 3686/1711/2017 3698/1710/2017 3697/91/2017
f 3765/1709/2018 3766/1708/2018 3771/1707/2018 3770/2257/2018
f 2904/1452/2019 2905/1451/2019 2914/1706/2019 2913/1705/2019 2903/1454/2019 2902/1704/2019 2894/2257/2019 2895/1707/2019 2896/1453/2019
f 5227/469/2020 5228/2436/2020 5239/2435/2020 5238/470/2020
f 1470/353/2021 1513/294/2021 1514/352/2021 1536/301/2021 1535/469/2021 1512/468/2021 1500/298/2021 1499/1645/2021 1469/296/2021
f 126/2297/2022 4838/2254/2022 4812/38/2022 4777/37/2022 4758/896/2022 128/2686/2022 127/2295/2022
f 4433/313/2023 4434/143/2023 4435/142/2023 4460/138/2023 4459/2624/2023
f 1694/743/2024 1826/742/2024 1825/83/2024 1774/82/2024 1759/817/2024 1747/1852/2024 1693/1795/2024
f 3362/734/2025 3363/735/2025 3387/736/2025 3386/713/2025 3361/737/2025
f 4285/2469/2026 4343/2468/2026 29/1318/2026 28/1400/2026 4283/2470/2026
f 5242/231/2027 5243/2242/2027 5266/2455/2027 5265/2456/2027
f 5243/2242/2028 5244/2244/2028 5267/92/2028 5266/2455/2028
f 5249/1319/2029 5271/96/2029 5270/95/2029 5269/94/2029 5268/2608/2029 5267/92/2029 5244/2244/2029 5245/2607/2029 5246/2257/2029 5247/1704/2029 5248/2605/2029 5230/86/2029 5231/1314/2029
f 5253/1442/2030 5254/2142/2030 5277/884/2030 5276/1443/2030
f 3303/883/2031 3304/884/2031 3305/817/2031 3318/816/2031 3317/885/2031 3301/861/2031 3302/540/2031
f 1534/470/2032 1623/2072/2032 1622/1728/2032 1651/1787/2032 1671/713/2032 1670/1780/2032 1573/2176/2032 1574/2508/2032 1560/2507/2032 1533/1595/2032 1489/2619/2032 1468/364/2032 1469/296/2032 1499/1645/2032 1500/298/2032 1512/468/2032 1511/467/2032
f 4053/1526/2033 4080/442/2033 4079/31/2033 4063/271/2033 4052/1525/2033
f 4399/1596/2034 4400/2699/2034 4410/1537/2034 4409/388/2034 4398/387/2034 4397/1602/2034 4396/1601/2034 4378/1600/2034 4379/1629/2034 4380/1595/2034
f 5268/2608/2035 5269/94/2035 5286/1421/2035 5285/2597/2035
f 4371/2616/2036 4372/14/2036 4373/2618/2036 4394/17/2036 4393/16/2036
f 1042/499/2037 1043/78/2037 1202/77/2037 1201/1045/2037
f 4407/78/2038 4430/1147/2038 4429/2422/2038 4406/2400/2038
f 2104/1356/2039 2105/1355/2039 2142/2002/2039 2141/2001/2039
f 2601/568/2040 2602/595/2040 2603/597/2040 2613/2189/2040 2612/569/2040
f 508/260/2041 516/54/2041 532/53/2041 551/52/2041 488/202/2041 489/261/2041
f 2571/479/2042 2678/478/2042 2677/1734/2042 2537/1733/2042 2538/928/2042 2552/476/2042
f 5212/1723/2043 5331/327/2043 5330/2692/2043 5211/329/2043
f 1066/1102/2044 1056/1101/2044 1055/1100/2044 1044/1071/2044 1045/1070/2044 1046/1073/2044 1047/1007/2044 1058/1105/2044 1057/1104/2044 1067/1103/2044
f 661/489/2045 662/1503/2045 678/492/2045 677/530/2045 676/490/2045
f 1455/330/2046 1456/329/2046 1470/353/2046 1469/296/2046 1468/364/2046 1467/1601/2046 1477/368/2046 1476/1617/2046 1466/349/2046
f 5297/1834/2047 5298/865/2047 5318/1332/2047 5317/1331/2047 5316/1339/2047 5315/2700/2047 5314/1049/2047 5313/1212/2047 5312/1215/2047 5311/1353/2047 5295/1148/2047 5296/1147/2047
f 904/864/2048 921/863/2048 920/862/2048 887/861/2048 888/540/2048
f 5306/1544/2049 5307/1543/2049 5326/1535/2049 5325/1534/2049
f 618/359/2050 619/398/2050 629/399/2050 628/400/2050 627/401/2050 617/402/2050
f 2855/1717/2051 2856/1716/2051 2874/17/2051 2873/1471/2051 2872/1474/2051
f 5311/1353/2052 5312/1215/2052 5338/1214/2052 5337/1354/2052
f 2167/2041/2053 2231/2042/2053 2230/1171/2053 2144/1271/2053 2145/1047/2053
f 5314/1049/2054 5315/2700/2054 5340/1936/2054 5339/1213/2054
f 5315/2700/2055 5316/1339/2055 5341/1338/2055 5340/1936/2055
f 2888/14/2056 2943/15/2056 2942/16/2056 2874/17/2056 2875/18/2056
f 731/810/2057 878/811/2057 877/812/2057 752/813/2057 730/814/2057
f 5323/1673/2058 5324/494/2058 5351/465/2058 5350/2062/2058
f 3545/2205/2059 3564/1535/2059 3563/401/2059 3544/2204/2059 3532/465/2059 3533/494/2059
f 3588/367/2060 3596/366/2060 3595/1552/2060 3587/1551/2060 3575/2229/2060 3576/1541/2060
f 5329/366/2061 5330/2692/2061 5357/1553/2061 5356/1552/2061
f 3748/1474/2062 3798/115/2062 3797/137/2062 3730/1718/2062 3731/1717/2062
f 5337/1354/2063 5338/1214/2063 5365/1238/2063 5364/1975/2063
f 2278/1331/2064 2295/1332/2064 2294/1333/2064 2346/1334/2064 2345/1335/2064 2276/1336/2064 2277/1337/2064 2244/1338/2064 2245/1339/2064
f 1745/812/2065 1787/860/2065 1786/1856/2065 1771/1855/2065 1619/1252/2065 1620/813/2065
f 676/490/2066 677/530/2066 689/531/2066 688/532/2066 674/488/2066 675/487/2066
f 5350/2062/2067 5351/465/2067 5374/1549/2067 5373/488/2067
f 5351/465/2068 5352/464/2068 5375/1550/2068 5374/1549/2068
f 4489/250/2069 4505/249/2069 4486/140/2069 4487/1500/2069 4488/2453/2069 4462/325/2069 4463/324/2069 4490/246/2069
f 5361/138/2070 5362/314/2070 5381/1501/2070 5380/1500/2070
f 3018/1238/2071 3042/2004/2071 3041/2003/2071 3017/2002/2071 2979/1355/2071 2980/1273/2071
f 2018/2269/2072 2061/222/2072 2060/1064/2072 2059/1265/2072 2037/1209/2072 1997/1208/2072 1998/2031/2072
f 540/262/2073 541/246/2073 557/263/2073 556/264/2073 555/265/2073
f 5341/1338/2074 5415/873/2074 5414/1831/2074 5340/1936/2074
f 5386/1839/2075 5387/1604/2075 5392/1607/2075 5391/1840/2075
f 4506/942/2076 4507/977/2076 4519/2420/2076 4518/2100/2076 4517/943/2076
f 1786/1856/2077 1787/860/2077 1803/859/2077 1802/858/2077 1801/940/2077 1785/939/2077
f 2410/1996/2078 2411/156/2078 2423/669/2078 2422/1662/2078
f 874/779/2079 913/780/2079 929/781/2079 928/782/2079 853/783/2079 854/784/2079 865/785/2079
f 5391/1840/2080 5392/1607/2080 5401/1842/2080 5400/1841/2080
f 5394/1605/2081 5395/2119/2081 5404/2132/2081 5403/2628/2081
f 3497/545/2082 3498/546/2082 3506/547/2082 3505/529/2082
f 4514/2194/2083 4536/2193/2083 4535/526/2083 4513/1448/2083
f 1170/1269/2084 1171/1241/2084 1197/1240/2084 1196/1270/2084
f 3105/875/2085 3106/1171/2085 3114/2050/2085 3113/2055/2085
f 777/655/2086 778/679/2086 945/728/2086 944/988/2086 943/658/2086 819/657/2086 818/656/2086
f 5403/2628/2087 5404/2132/2087 5420/1847/2087 5419/973/2087
f 5331/327/2088 5332/1721/2088 5360/2609/2088 5359/1498/2088 5358/1497/2088 5357/1553/2088 5330/2692/2088
f 3317/885/2089 3464/2236/2089 3463/2235/2089 3442/918/2089 3316/917/2089
f 1957/875/2090 2000/1961/2090 1999/1962/2090 1990/586/2090 1983/1179/2090 1956/876/2090
f 5416/882/2091 5417/1825/2091 5445/1824/2091 5444/1826/2091
f 2450/2146/2092 2451/807/2092 2461/837/2092 2460/2149/2092
f 4566/248/2093 4532/247/2093 4533/563/2093 4522/2510/2093 4523/1556/2093 4534/560/2093 4535/526/2093 4536/2193/2093 4537/2192/2093 4538/569/2093 4539/1406/2093 4568/567/2093 4567/2594/2093
f 1392/1483/2094 1393/255/2094 1394/254/2094 1410/246/2094 1409/262/2094 1408/1494/2094 1391/1484/2094
f 2791/1483/2095 2817/216/2095 2805/219/2095 2790/1484/2095
f 430/67/2096 449/105/2096 448/106/2096 429/68/2096
f 1150/2269/2097 1130/2031/2097 1129/1208/2097 1121/1211/2097 1122/586/2097 1131/1962/2097 1151/2030/2097
f 101/2701/2098 102/2702/2098 103/1369/2098 683/1370/2098 671/1675/2098 577/510/2098 94/511/2098 95/1307/2098 5382/1564/2098 5363/1563/2098 96/2703/2098 97/2704/2098 98/2705/2098 99/2706/2098 100/2707/2098
f 1088/876/2099 1115/1179/2099 1114/878/2099 1087/877/2099
f 4581/881/2100 4617/2424/2100 4616/1035/2100 4580/2418/2100
f 5446/835/2101 5490/825/2101 5489/1035/2101 5445/1824/2101
f 930/843/2102 956/1874/2102 970/848/2102 969/847/2102 899/846/2102 900/845/2102 914/844/2102
f 5423/1849/2103 5515/1815/2103 5514/827/2103 5491/1851/2103 5422/1850/2103
f 2234/1941/2104 2333/2348/2104 2332/2052/2104 2233/1143/2104
f 5452/1281/2105 5453/632/2105 5472/689/2105 5471/1277/2105
f 5453/632/2106 5454/631/2106 5473/1569/2106 5472/689/2106
f 1408/1494/2107 1527/566/2107 1378/1561/2107 1379/219/2107 1391/1484/2107
f 4210/2085/2108 4233/2121/2108 4232/2120/2108 4199/2143/2108 4200/947/2108 4209/1894/2108
f 5464/135/2109 5465/134/2109 5476/133/2109 5475/2249/2109
f 317/2708/2110 316/2517/2110 2974/1265/2110 2973/788/2110 2972/787/2110 2971/786/2110 319/2556/2110 318/581/2110 2930/1419/2110 2931/435/2110
f 4409/388/2111 4410/1537/2111 4400/2699/2111 4399/1596/2111 4380/1595/2111 4381/1594/2111 4382/1782/2111 4401/1781/2111 4402/1780/2111 4385/924/2111 4386/1590/2111 4387/1852/2111 4447/1820/2111 4446/1588/2111 4472/1821/2111 4473/1253/2111 4496/1252/2111 4497/916/2111 4525/915/2111 4524/2419/2111 4544/837/2111 4632/784/2111 4665/1582/2111 4666/1581/2111 4704/936/2111 4703/2234/2111 4695/2709/2111 4694/1577/2111 4702/1576/2111 4701/1575/2111 4683/1574/2111 4662/1760/2111 4663/2434/2111 4664/1278/2111 4543/1279/2111 4542/1280/2111 4541/1688/2111 4540/1572/2111 4569/2627/2111 4570/2626/2111 4571/631/2111 4592/1569/2111 4593/704/2111 4612/682/2111 4611/683/2111 4630/1182/2111 4629/175/2111 4628/2248/2111 4610/2247/2111 4609/1476/2111 4562/2124/2111 4561/2125/2111 4560/2631/2111 4589/132/2111 4601/131/2111 4600/107/2111 4599/1458/2111 4606/1457/2111 4605/1294/2111 4588/1987/2111 4559/1296/2111 4521/2620/2111 4512/2675/2111 4504/2677/2111 4485/2320/2111 4458/2319/2111 4432/1562/2111 4433/313/2111 4459/2624/2111 4486/140/2111 4505/249/2111 4531/217/2111 4563/216/2111 4564/219/2111 4591/2595/2111 4567/2594/2111 4568/567/2111 4539/1406/2111 4423/2187/2111 4424/2186/2111 4412/576/2111 4411/1404/2111 4538/569/2111 4537/2192/2111 4515/2191/2111 4514/2194/2111 4513/1448/2111 4535/526/2111 4534/560/2111 4523/1556/2111 4522/2510/2111 4491/263/2111 4490/246/2111 4463/324/2111 4464/323/2111 4465/350/2111 4466/361/2111 4467/360/2111 4468/2207/2111 4469/2206/2111 4492/463/2111 4493/2625/2111 4494/1679/2111 4495/532/2111 4422/531/2111 4421/530/2111 4414/1504/2111 4413/1503/2111 4444/1502/2111 4443/2205/2111 4420/2622/2111 4419/2213/2111 4418/398/2111 4441/359/2111 4440/358/2111 4397/1602/2111 4398/387/2111
f 4149/645/2112 4150/2431/2112 4151/1089/2112 4176/720/2112 4175/1861/2112 4174/1693/2112
f 1959/1049/2113 2022/1048/2113 2042/1047/2113 2041/1271/2113 1958/1171/2113
f 4603/1981/2114 4604/1065/2114 4621/1064/2114 4647/2639/2114 4646/2028/2114 4620/2032/2114 4602/2031/2114
f 219/2664/2115 4352/2667/2115 4317/1083/2115 220/2663/2115
f 4607/110/2116 4624/109/2116 4623/887/2116 4600/107/2116 4601/131/2116
f 2140/1971/2117 2181/1957/2117 2198/1951/2117 2204/1954/2117 2203/698/2117 2180/699/2117 2162/1972/2117
f 5487/1828/2118 5488/1827/2118 5507/1904/2118 5506/697/2118 5505/1917/2118
f 5488/1827/2119 5489/1035/2119 5508/1905/2119 5507/1904/2119
f 1932/701/2120 1995/700/2120 1994/1038/2120 2016/1227/2120 2035/1237/2120 2034/791/2120 1931/1889/2120 2015/1890/2120 2014/1891/2120 1930/1415/2120 1921/1033/2120 1902/1034/2120 1853/1872/2120 1836/1823/2120 1873/1822/2120 1874/836/2120 1886/1035/2120 1885/1060/2120 1903/1061/2120 1933/697/2120
f 4614/1851/2121 4615/836/2121 4639/832/2121 4638/993/2121 4637/968/2121 4636/2638/2121 4635/2710/2121 4634/2634/2121
f 1648/682/2122 1666/686/2122 1665/680/2122 1639/672/2122 1640/683/2122
f 290/1394/2123 2999/636/2123 2998/643/2123 291/1/2123
f 5497/127/2124 5498/110/2124 5524/109/2124 5523/1477/2124
f 5501/2639/2125 5502/1971/2125 5528/1264/2125 5527/1263/2125
f 1148/1227/2126 1149/1210/2126 1169/1209/2126 1168/789/2126 1167/1237/2126
f 3037/1973/2127 3038/1972/2127 3056/699/2127 3055/700/2127 3054/2340/2127
f 2203/698/2128 2253/2054/2128 2252/2059/2128 2179/700/2128 2180/699/2128
f 1821/965/2129 1822/967/2129 1823/968/2129 1836/1823/2129 1853/1872/2129 1835/1873/2129 1820/966/2129
f 5511/2098/2130 5512/829/2130 5532/1581/2130 5531/967/2130
f 4634/2634/2131 4635/2710/2131 4636/2638/2131 4666/1581/2131 4665/1582/2131 4632/784/2131 4633/2146/2131
f 798/686/2132 799/702/2132 800/633/2132 801/1689/2132 824/1279/2132 823/730/2132 796/681/2132 797/680/2132
f 771/672/2133 797/680/2133 796/681/2133 770/673/2133
f 5546/430/2134 5561/431/2134 5560/241/2134 5545/245/2134 5544/244/2134 5522/167/2134 5523/1477/2134 5524/109/2134 5525/108/2134 5526/356/2134 5550/2354/2134 5549/13/2134 5548/436/2134 5547/437/2134
f 732/718/2135 809/717/2135 808/739/2135 716/2071/2135 717/2070/2135 648/602/2135 649/609/2135 733/608/2135
f 5537/1480/2136 5538/1479/2136 5556/515/2136 5555/2643/2136
f 685/517/2137 727/624/2137 726/623/2137 684/1676/2137
f 2628/172/2138 2653/171/2138 2652/2196/2138 2757/520/2138 2758/379/2138 2709/169/2138 2710/168/2138 2772/167/2138 2771/244/2138 2770/1692/2138 2787/242/2138 2788/432/2138 2815/431/2138 2814/2197/2138 2832/161/2138 2846/2198/2138 2847/2199/2138 2848/436/2138 2919/13/2138 2918/524/2138 2917/11/2138 2582/1608/2138 2583/515/2138 2627/516/2138
f 5542/169/2139 5543/521/2139 5559/520/2139 5558/519/2139 5540/518/2139 5541/1478/2139
f 1389/241/2140 1390/886/2140 1406/889/2140 1405/243/2140 1388/1677/2140
f 5546/430/2141 5547/437/2141 5562/2245/2141 5561/431/2141
f 5547/437/2142 5548/436/2142 5563/523/2142 5562/2245/2142
f 5549/13/2143 5550/2354/2143 5565/580/2143 5564/524/2143
f 3753/1701/2144 3827/1468/2144 3826/178/2144 3752/1702/2144
f 5561/431/2145 5562/2245/2145 5569/161/2145 5568/204/2145
f 5562/2245/2146 5563/523/2146 5570/158/2146 5569/161/2146
f 2097/793/2147 2098/788/2147 2139/789/2147 2138/790/2147 2137/791/2147 2136/792/2147
f 5532/1581/2148 5580/1580/2148 5579/965/2148 5531/967/2148
f 3009/555/2149 3010/556/2149 3034/1199/2149 3073/1200/2149 3112/1175/2149 3111/1201/2149 3116/1202/2149 3164/1203/2149 3163/1190/2149 3086/1189/2149 3087/1204/2149 3077/1205/2149 3078/1206/2149 3102/1207/2149
f 5579/965/2150 5580/1580/2150 5596/1858/2150 5595/2096/2150
f 4713/1857/2151 4701/1575/2151 4702/1576/2151 4694/1577/2151 4695/2709/2151 4703/2234/2151 4704/936/2151 4714/937/2151
f 5574/1685/2152 5584/2642/2152 5598/2181/2152 5597/1857/2152 5583/1575/2152 5554/1574/2152 5536/673/2152 5518/684/2152 5519/1481/2152 5537/1480/2152 5555/2643/2152
f 5584/2642/2153 5585/514/2153 5599/618/2153 5598/2181/2153
f 4698/11/2154 4699/514/2154 4711/2016/2154 4710/2015/2154 4697/2602/2154
f 8/1390/2155 195/1388/2155 4723/2046/2155 240/557/2155
f 195/1388/2156 194/1386/2156 4724/1387/2156 4723/2046/2156
f 128/2526/2157 129/1386/2157 1187/1387/2157 1145/2345/2157 127/1385/2157
f 123/2529/2158 124/1383/2158 1096/1384/2158 1086/707/2158 1080/706/2158 122/1380/2158
f 190/1377/2159 4729/964/2159 4728/1161/2159 191/1380/2159
f 190/1377/2160 189/1376/2160 4730/931/2160 4729/964/2160
f 188/1375/2161 189/1376/2161 1793/931/2161 1778/930/2161 1610/420/2161 1591/419/2161 1579/506/2161
f 188/1375/2162 187/1373/2162 4735/2646/2162 4734/1990/2162
f 187/1373/2163 186/1371/2163 4736/1372/2163 4735/2646/2163
f 186/1371/2164 185/1369/2164 4737/1368/2164 4736/1372/2164
f 347/2291/2165 348/511/2165 3626/510/2165 3527/509/2165
f 182/1364/2166 181/64/2166 4742/63/2166 4741/1366/2166
f 180/59/2167 181/64/2167 1387/63/2167 1359/62/2167 1345/45/2167 1262/44/2167
f 180/59/2168 4/1358/2168 130/2644/2168 4745/60/2168
f 4745/60/2169 130/2644/2169 129/2685/2169 4750/2265/2169
f 4750/2265/2170 129/2685/2170 128/2686/2170 4758/896/2170
f 3873/58/2171 3887/37/2171 3900/2264/2171 3935/2254/2171 12/2297/2171 11/2686/2171
f 4838/2254/2172 126/2297/2172 125/1884/2172 4843/2255/2172
f 958/742/2173 959/741/2173 976/1002/2173 975/75/2173 957/83/2173
f 4892/1652/2174 121/2299/2174 120/2684/2174 4911/2224/2174
f 4911/2224/2175 120/2684/2175 119/1340/2175 4923/2426/2175
f 332/1993/2176 333/2278/2176 3125/706/2176 3118/707/2176 3112/1175/2176
f 132/1357/2177 1260/57/2177 1259/56/2177 1258/1349/2177 1257/1350/2177 133/1346/2177
f 22/1330/2178 4193/1170/2178 4212/2473/2178 24/1624/2178 23/1623/2178
f 24/1624/2179 4212/2473/2179 4219/2472/2179 4238/1929/2179 26/1930/2179 25/180/2179
f 26/1930/2180 4238/1929/2180 4278/2471/2180 27/1921/2180
f 5161/1928/2181 109/1921/2181 108/1400/2181 5163/1698/2181
f 5231/1314/2182 104/1318/2182 103/1313/2182 5249/1319/2182
f 5249/1319/2183 103/1313/2183 102/1312/2183 5271/96/2183
f 5271/96/2184 102/1312/2184 101/2211/2184 5287/16/2184
f 4393/16/2185 4416/1603/2185 35/397/2185 34/2711/2185 33/2712/2185 32/2211/2185
f 5310/1603/2186 98/397/2186 97/1311/2186 5336/1562/2186
f 5336/1562/2187 97/1311/2187 96/2713/2187 5363/1563/2187
f 393/44/2188 476/45/2188 475/46/2188 474/47/2188 533/48/2188 534/49/2188 535/50/2188 552/51/2188 551/52/2188 532/53/2188 516/54/2188 517/55/2188 390/56/2188 391/57/2188 392/58/2188
f 5382/1564/2189 95/1307/2189 94/2676/2189 5390/1565/2189
f 5390/1565/2190 94/2676/2190 93/1303/2190 5399/1566/2190
f 5399/1566/2191 93/1303/2191 92/1302/2191 5409/1567/2191
f 89/1293/2192 5500/355/2192 5477/1568/2192 5466/1296/2192 91/1297/2192 90/1298/2192
f 43/1293/2193 4605/1294/2193 4622/434/2193 4648/2637/2193 44/2673/2193
f 5550/2354/2194 88/2353/2194 87/581/2194 5565/580/2194
f 5600/578/2195 86/577/2195 2/1285/2195 352/1287/2195
f 5593/1906/2196 5594/2097/2196 339/2014/2196 338/1418/2196
f 985/1872/2197 1034/1034/2197 18/1417/2197 19/1418/2197
f 5591/1901/2198 5592/1900/2198 336/1417/2198 335/2714/2198
f 5590/1415/2199 5591/1901/2199 335/2714/2199 334/1413/2199
f 275/2715/2200 5588/2012/2200 329/2011/2200 6/1410/2200
f 5527/1263/2201 5575/1262/2201 5588/2012/2201 275/2715/2201 274/2716/2201 273/2647/2201 5484/1407/2201 5501/2639/2201
f 267/2664/2202 5222/1086/2202 5232/2385/2202 268/2669/2202
f 263/2603/2203 5173/2362/2203 5186/1083/2203 264/2663/2203
f 221/1399/2204 4306/1136/2204 4293/2335/2204 4282/2334/2204 222/2604/2204
f 261/2662/2205 5142/211/2205 5157/2364/2205 262/2604/2205
f 260/2661/2206 5117/1120/2206 5142/211/2206 261/2662/2206
f 259/2659/2207 5098/2365/2207 5117/1120/2207 260/2661/2207
f 258/2657/2208 5091/2366/2208 5098/2365/2208 259/2659/2208
f 257/2655/2209 5086/2367/2209 5091/2366/2209 258/2657/2209
f 256/5/2210 5072/4/2210 5086/2367/2210 257/2655/2210
f 229/6/2211 228/5/2211 4206/1119/2211 4192/1185/2211 4164/2/2211 230/1/2211
f 230/1/2212 4164/2/2212 4109/635/2212 231/2253/2212
f 249/1394/2213 4956/636/2213 4972/635/2213 250/2253/2213
f 4930/1282/2214 4939/2023/2214 4956/636/2214 249/1394/2214 248/2653/2214 247/2524/2214 246/1798/2214 4844/1806/2214 4850/1455/2214 4869/1284/2214 4893/2024/2214
f 3857/1991/2215 3914/1663/2215 3946/1664/2215 3945/1683/2215 3913/559/2215 3856/506/2215
