# Blender 5.0.0
# www.blender.org
mtllib maxwell.mtl
o choucat
v -0.141357 0.081180 -0.024448
v -0.085139 0.339428 0.019165
v -0.120650 0.092506 -0.192336
v -0.074187 0.337763 -0.193419
v 0.166976 0.048157 -0.019850
v 0.166322 0.352562 0.034087
v 0.156943 0.070742 -0.167162
v 0.182844 0.318510 -0.180666
v -0.102296 0.036777 0.175806
v -0.109796 0.166089 0.282843
v 0.080101 0.019698 0.181283
v 0.125220 0.141435 0.296363
v 0.070266 0.382608 0.213649
v -0.091476 0.387326 0.158414
v 0.029964 0.250554 0.348040
v -0.106916 0.270397 0.280898
v -0.074640 0.375296 0.361924
v -0.129824 0.369571 0.303096
v -0.088112 0.302885 0.374350
v -0.140389 0.312450 0.335683
v -0.135652 0.251679 0.169173
v 0.152507 0.238779 0.182074
v 0.115152 0.017487 0.108091
v -0.139469 0.063626 0.100498
v -0.130508 0.301598 0.214887
v 0.103743 0.331632 0.280786
v -0.133567 0.361825 0.308764
v -0.077600 0.363056 0.369309
v 0.041019 0.045388 -0.197598
v 0.046856 0.360240 -0.226769
v 0.002881 0.024409 -0.022355
v 0.024373 0.399987 0.004415
v -0.007422 0.024815 0.184205
v -0.020248 0.128842 0.308396
v 0.003723 0.406928 0.171601
v -0.045995 0.244435 0.317248
v -0.115527 0.398715 0.324613
v -0.118841 0.305188 0.362002
v -0.129590 0.339150 0.363495
v -0.007003 0.022387 0.097688
v -0.169636 0.216259 -0.021196
v -0.110296 0.220861 -0.223445
v 0.208087 0.195519 -0.195015
v 0.190704 0.189906 -0.004568
v -0.139530 0.083160 0.225079
v 0.129541 0.055693 0.238124
v -0.153225 0.154485 0.127987
v 0.160847 0.139033 0.131733
v -0.007637 0.033202 0.258240
v 0.044632 0.212355 -0.306835
v -0.045128 0.447229 0.256442
v -0.132075 0.373323 0.288094
v -0.101535 0.281530 0.349614
v -0.144382 0.300783 0.310116
v -0.136577 0.363424 0.295366
v -0.065191 0.365496 0.372954
v -0.060881 0.382709 0.365480
v -0.050452 0.292870 0.373216
v -0.023271 0.319308 0.388642
v -0.011783 0.433749 0.335132
v -0.124405 0.399637 0.248512
v -0.151982 0.343072 0.283129
v -0.090174 0.339397 0.376778
v -0.081618 0.386879 0.353418
v -0.125256 0.378444 0.307473
v -0.142709 0.346427 0.326007
v -0.138911 0.084239 -0.115004
v -0.134308 0.295265 -0.007484
v -0.084299 0.351056 -0.102190
v -0.117530 0.149780 -0.214792
v -0.039488 0.044125 -0.204915
v 0.137329 0.342922 -0.212761
v 0.183877 0.110367 -0.182748
v 0.166595 0.065424 -0.102800
v 0.186889 0.339175 -0.100009
v 0.182776 0.122746 -0.009598
v 0.076245 0.021758 -0.022157
v -0.035135 0.377992 0.003174
v -0.139817 0.127435 0.255047
v 0.099903 0.021624 0.204187
v 0.043029 0.021710 0.183119
v -0.064467 0.139588 0.295559
v -0.132510 0.201740 0.225341
v 0.169391 0.298246 0.124213
v 0.132256 0.021288 0.050430
v -0.121990 0.046657 0.146726
v -0.047494 0.414789 0.153089
v -0.079173 0.257725 0.297288
v -0.121867 0.281331 0.253698
v 0.090653 0.359616 0.247694
v -0.085000 0.364573 0.106960
v 0.104744 0.364394 0.134667
v -0.100612 0.211451 0.271558
v 0.072552 0.201264 0.338674
v -0.084487 0.436277 0.249099
v -0.132943 0.287932 0.330037
v -0.150672 0.314139 0.296149
v 0.010831 0.388907 0.366767
v -0.133346 0.283539 0.293564
v -0.116424 0.398299 0.207389
v 0.049054 0.419098 0.265241
v -0.011993 0.279877 0.364090
v -0.116878 0.301072 0.101411
v 0.140781 0.186465 0.236997
v 0.096645 0.018145 0.153476
v -0.139597 0.075698 0.045398
v -0.115944 0.347985 0.183913
v 0.072896 0.279614 0.346546
v -0.139342 0.374649 0.257901
v -0.035674 0.297779 0.377751
v 0.044630 0.333071 0.360034
v -0.107559 0.336035 0.368658
v 0.121847 0.289638 0.225814
v -0.116360 0.282195 0.191063
v -0.155623 0.318581 0.245714
v -0.072805 0.027330 0.096551
v -0.153210 0.206158 0.147572
v 0.164564 0.087382 0.121518
v 0.105866 0.055043 -0.188687
v -0.023389 0.349240 -0.217354
v -0.067713 0.027532 -0.024376
v 0.100643 0.399508 0.013497
v -0.060489 0.028382 0.180935
v 0.040168 0.124209 0.330596
v 0.040657 0.394073 0.191242
v -0.007574 0.241708 0.337110
v -0.015344 0.453646 0.276638
v -0.071436 0.285601 0.366493
v -0.139473 0.336347 0.349697
v 0.053027 0.019491 0.100104
v -0.004427 0.023791 0.044836
v -0.121126 0.372839 0.352322
v -0.078398 0.263806 0.335707
v -0.011463 0.434385 0.216547
v -0.123648 0.316520 0.363774
v -0.027092 0.188781 0.309816
v -0.007951 0.023236 0.144206
v -0.006529 0.027509 0.219528
v 0.032963 0.406190 -0.113461
v 0.019571 0.028715 -0.110390
v 0.014588 0.387287 0.100435
v 0.052228 0.087362 -0.273036
v -0.159970 0.143014 -0.023711
v -0.090200 0.293851 -0.212882
v 0.197040 0.269888 -0.194580
v 0.200128 0.265893 0.002962
v -0.120795 0.051173 0.195012
v 0.130580 0.095996 0.263704
v -0.148147 0.109309 0.111957
v 0.157137 0.186318 0.148363
v -0.021183 0.067891 0.305022
v 0.047076 0.286906 -0.281742
v -0.037898 0.213783 -0.281066
v 0.053827 0.029749 0.256084
v 0.170496 0.170609 0.069987
v -0.168324 0.188397 0.063744
v -0.144974 0.120651 0.180102
v 0.152261 0.101660 0.189190
v -0.067809 0.041983 0.257162
v 0.207249 0.194007 -0.098045
v 0.148576 0.205531 -0.280011
v -0.152814 0.226336 -0.123179
v -0.121221 0.388831 0.314041
v -0.134114 0.308955 0.347610
v -0.143026 0.320266 0.332719
v -0.090293 0.366066 0.361747
v -0.129825 0.364118 0.320909
v -0.089029 0.312694 0.377424
v -0.094753 0.394870 0.346075
v -0.100555 0.303895 0.370821
v -0.125156 0.392381 0.286029
v -0.083724 0.436009 0.294811
v -0.112929 0.293736 0.357155
v -0.142536 0.309282 0.325305
v -0.149648 0.337223 0.309799
v -0.059047 0.418121 0.349644
v -0.065733 0.316298 0.383070
v -0.075265 0.297627 0.374133
v -0.062098 0.374911 0.368502
v -0.134219 0.368792 0.290860
v -0.076955 0.369199 0.364491
v -0.131275 0.365775 0.306872
v -0.130670 0.371849 0.295718
v -0.135341 0.361839 0.302774
v -0.068412 0.379380 0.363075
v -0.072426 0.363143 0.371565
v -0.048504 0.397615 0.366295
v -0.056077 0.358184 0.383636
v -0.140985 0.358891 0.291547
v -0.132006 0.379974 0.276989
v -0.081603 0.355950 0.374373
v -0.075894 0.379185 0.359587
v -0.128337 0.372021 0.304292
v -0.135972 0.357394 0.313875
v -0.127320 0.304596 -0.112775
v 0.139052 0.277487 -0.256485
v 0.208966 0.272295 -0.100374
v -0.038421 0.384556 0.094997
v 0.090129 0.032712 -0.108801
v -0.034572 0.382975 -0.107212
v -0.067837 0.095300 0.295158
v 0.148662 0.140422 0.207824
v -0.143715 0.082379 0.160535
v 0.046488 0.020000 0.145880
v -0.145015 0.295868 0.272230
v -0.113892 0.240440 0.235858
v 0.117022 0.330507 0.176530
v 0.019192 0.188273 0.332797
v -0.135707 0.317544 0.349351
v -0.061993 0.436610 0.209658
v 0.070888 0.384000 0.335993
v -0.042043 0.270011 0.356437
v 0.014822 0.293424 0.367316
v -0.128457 0.366408 0.330559
v 0.128014 0.240095 0.282908
v -0.110308 0.328465 0.145067
v -0.137915 0.373997 0.220137
v 0.061763 0.021234 0.046113
v -0.155448 0.128421 0.052526
v 0.180561 0.230143 0.085557
v -0.072966 0.026888 0.042995
v -0.104496 0.369201 0.356064
v -0.111122 0.272098 0.314217
v 0.022072 0.422475 0.236621
v -0.107029 0.315492 0.372564
v -0.067842 0.194666 0.289553
v -0.066737 0.028307 0.143026
v 0.053051 0.059743 0.309343
v 0.129820 0.397573 -0.111359
v -0.053481 0.029530 -0.112058
v 0.066532 0.379655 0.110909
v -0.024859 0.287244 -0.262547
v -0.044512 0.124677 -0.270512
v 0.047316 0.024040 0.216492
v 0.171000 0.107610 0.062192
v -0.149292 0.264777 0.078009
v -0.143286 0.159219 0.202670
v 0.150227 0.054134 0.173538
v -0.062616 0.031664 0.214407
v 0.191120 0.123594 -0.097964
v 0.131418 0.095295 -0.243339
v -0.154541 0.150486 -0.120689
v -0.113125 0.418401 0.287035
v -0.134786 0.301049 0.340693
v -0.146822 0.319042 0.316302
v -0.071071 0.371405 0.365898
v -0.132547 0.367150 0.299584
v -0.067768 0.302662 0.378008
v -0.062519 0.436603 0.316750
v -0.089955 0.294914 0.369592
v -0.044518 0.382329 0.374734
v -0.136418 0.371065 0.279320
v -0.081606 0.366835 0.364447
v -0.130806 0.364470 0.312704
v -0.128924 0.378521 0.290593
v -0.140507 0.354063 0.305390
v -0.063682 0.392447 0.360115
v -0.072377 0.346528 0.385711
v -0.130938 0.088345 -0.160263
v -0.141805 0.082413 -0.067973
v -0.159530 0.261467 -0.015803
v -0.109880 0.317706 0.001965
v -0.083693 0.346316 -0.045794
v -0.083730 0.349929 -0.155597
v -0.113948 0.184028 -0.220686
v -0.120556 0.118007 -0.204455
v 0.003603 0.042565 -0.201038
v -0.090564 0.063617 -0.207242
v 0.095275 0.356853 -0.223773
v 0.166658 0.329094 -0.196942
v 0.203101 0.148914 -0.189158
v 0.167712 0.085900 -0.174865
v 0.168732 0.060128 -0.060372
v 0.161827 0.067948 -0.141492
v 0.187029 0.327864 -0.149175
v 0.182310 0.349419 -0.039291
v 0.185674 0.155980 -0.006748
v 0.178936 0.087828 -0.014059
v 0.037946 0.023039 -0.021842
v 0.117949 0.023288 -0.022503
v -0.007267 0.390276 0.002459
v -0.060115 0.362695 0.007732
v -0.142686 0.107118 0.242881
v -0.128612 0.147000 0.272785
v 0.120480 0.031901 0.222982
v 0.088159 0.020182 0.190465
v 0.018567 0.023311 0.183842
v 0.064587 0.020408 0.182190
v -0.042553 0.133466 0.299058
v -0.087047 0.150285 0.291272
v -0.134530 0.225204 0.197339
v -0.127654 0.182476 0.253869
v 0.162031 0.268318 0.155135
v 0.170307 0.326309 0.084981
v 0.122137 0.018206 0.080171
v 0.151853 0.028085 0.017260
v -0.133128 0.054623 0.125093
v -0.111118 0.040373 0.164266
v -0.018017 0.411661 0.161335
v -0.072028 0.402438 0.144695
v -0.062891 0.250499 0.306328
v -0.094298 0.264932 0.289562
v -0.127783 0.289108 0.235772
v -0.115331 0.276014 0.268967
v 0.095149 0.344797 0.263634
v 0.083484 0.374339 0.229586
v -0.082039 0.352723 0.069565
v -0.087036 0.373025 0.137502
v 0.082997 0.367429 0.176685
v 0.132450 0.364971 0.090743
v -0.103800 0.187596 0.278440
v -0.095928 0.237535 0.265872
v 0.050116 0.227572 0.342101
v 0.105015 0.170387 0.327822
v -0.064675 0.442133 0.252844
v -0.112405 0.421960 0.247584
v -0.116885 0.282872 0.340364
v -0.139947 0.294848 0.319281
v -0.153130 0.324858 0.289707
v -0.147802 0.306744 0.302667
v 0.002543 0.357344 0.379912
v 0.007210 0.412563 0.351966
v -0.121279 0.276969 0.286955
v -0.142004 0.291842 0.301841
v -0.118787 0.401081 0.227696
v -0.107465 0.388134 0.182230
v 0.034958 0.439077 0.284239
v 0.060429 0.400523 0.242114
v -0.032426 0.287548 0.370374
v 0.009063 0.268189 0.355524
v -0.101185 0.319153 0.065067
v -0.132873 0.280611 0.135889
v 0.136445 0.163369 0.265417
v 0.145291 0.211733 0.209180
v 0.087278 0.018980 0.170347
v 0.106311 0.017546 0.132478
v -0.140327 0.079158 0.013069
v -0.139736 0.070372 0.074018
v -0.103202 0.364229 0.175022
v -0.126608 0.322019 0.192595
v 0.049646 0.261068 0.350616
v 0.102995 0.308673 0.324578
v -0.133177 0.386878 0.249952
v -0.146970 0.361353 0.269091
v -0.042636 0.294980 0.375390
v -0.028985 0.303375 0.381691
v 0.081556 0.335545 0.338247
v 0.015085 0.328366 0.377743
v -0.118908 0.340012 0.369305
v -0.100701 0.339350 0.371016
v 0.139027 0.265647 0.202952
v 0.108896 0.311589 0.252073
v -0.125319 0.268848 0.180537
v -0.117868 0.296597 0.206822
v -0.144298 0.307753 0.228860
v -0.157668 0.333267 0.265382
v -0.039002 0.023596 0.096921
v -0.107761 0.037063 0.097336
v -0.154438 0.179915 0.137290
v -0.145648 0.230901 0.158116
v 0.162906 0.115430 0.126087
v 0.160928 0.046528 0.117889
v 0.136315 0.060586 -0.179761
v 0.074562 0.050006 -0.194006
v -0.053981 0.343180 -0.206542
v 0.008948 0.354726 -0.222995
v -0.115637 0.040655 -0.025083
v -0.031597 0.025760 -0.023442
v 0.134665 0.383737 0.020831
v 0.061374 0.405643 0.008328
v -0.084750 0.032236 0.178208
v -0.033985 0.026240 0.183288
v 0.084140 0.127003 0.326956
v 0.004910 0.127776 0.325159
v 0.056099 0.387993 0.201538
v 0.023411 0.400967 0.181406
v 0.011300 0.244540 0.343658
v -0.027353 0.241292 0.328308
v -0.011903 0.451643 0.301050
v -0.026525 0.450888 0.261997
v -0.059902 0.289723 0.370448
v -0.085917 0.281518 0.360215
v -0.142847 0.342084 0.337005
v -0.134670 0.336493 0.357231
v 0.082669 0.017887 0.102928
v 0.023465 0.021176 0.098590
v -0.001791 0.024178 0.013931
v -0.005956 0.022949 0.072225
v -0.119954 0.385090 0.336736
v -0.127089 0.358989 0.357195
v -0.062920 0.255944 0.326908
v -0.092158 0.272418 0.343808
v -0.002348 0.419640 0.196556
v -0.026271 0.445189 0.236086
v -0.125799 0.324553 0.364191
v -0.121147 0.310576 0.362926
v -0.024340 0.158456 0.311920
v -0.033958 0.219096 0.310770
v -0.007704 0.022406 0.121717
v -0.007802 0.023960 0.165036
v -0.006467 0.029519 0.237586
v -0.006947 0.026007 0.202129
v 0.041370 0.389539 -0.175828
v 0.028224 0.405723 -0.052269
v 0.030354 0.035281 -0.155755
v 0.010135 0.025451 -0.064720
v 0.020151 0.392271 0.055390
v 0.008539 0.394450 0.139941
v 0.043859 0.152455 -0.311824
v 0.050020 0.061758 -0.233457
v -0.152000 0.112363 -0.024182
v -0.166795 0.177251 -0.023032
v -0.080172 0.319733 -0.203031
v -0.102466 0.260270 -0.221020
v 0.189150 0.298436 -0.188715
v 0.204261 0.235776 -0.196850
v 0.192947 0.307999 0.013378
v 0.197658 0.226168 -0.001952
v -0.109757 0.041726 0.183758
v -0.133945 0.064490 0.208644
v 0.129046 0.116903 0.277745
v 0.130833 0.077205 0.251120
v -0.144567 0.088645 0.105686
v -0.151066 0.130892 0.119498
v 0.157524 0.211801 0.163236
v 0.158881 0.161995 0.138585
v -0.025314 0.100456 0.317114
v -0.012110 0.042922 0.283896
v 0.046960 0.324502 -0.262109
v 0.045562 0.252399 -0.294206
v -0.075963 0.217084 -0.258616
v 0.000535 0.212320 -0.296533
v 0.092300 0.029630 0.252358
v 0.021487 0.032174 0.257682
v 0.180065 0.182295 0.035060
v 0.164739 0.155748 0.101811
v -0.172051 0.203812 0.023810
v -0.161097 0.171762 0.097953
v -0.147703 0.137483 0.155363
v -0.144536 0.103209 0.202584
v 0.157271 0.120936 0.161072
v 0.144025 0.080396 0.214990
v -0.036068 0.034062 0.257786
v -0.104153 0.063276 0.249881
v 0.211384 0.193668 -0.146540
v 0.200161 0.193364 -0.049776
v 0.099213 0.209354 -0.302183
v 0.187860 0.201929 -0.244019
v -0.163201 0.223703 -0.070793
v -0.136449 0.224612 -0.176383
v -0.119007 0.394220 0.319099
v -0.123204 0.383366 0.310366
v -0.127508 0.306860 0.355079
v -0.138002 0.311044 0.340617
v -0.144604 0.329515 0.330368
v -0.141446 0.315054 0.334532
v -0.092081 0.356783 0.369182
v -0.087073 0.375399 0.356366
v -0.126735 0.371044 0.315291
v -0.134803 0.356917 0.324374
v -0.088418 0.306265 0.375689
v -0.089716 0.321638 0.379081
v -0.088052 0.390607 0.348826
v -0.104401 0.400301 0.340822
v -0.093052 0.303195 0.373093
v -0.110386 0.305147 0.365029
v -0.126043 0.399335 0.268589
v -0.124671 0.385737 0.297856
v -0.105823 0.418460 0.313258
v -0.064700 0.442815 0.276120
v -0.108183 0.287950 0.353975
v -0.116316 0.299564 0.359888
v -0.141387 0.311317 0.331585
v -0.143576 0.306148 0.317851
v -0.147351 0.339903 0.318509
v -0.151118 0.338906 0.298660
v -0.036944 0.429811 0.338280
v -0.072996 0.400929 0.351731
v -0.078635 0.324268 0.382388
v -0.049835 0.313093 0.385036
v -0.083094 0.300158 0.374278
v -0.064633 0.295623 0.374182
v -0.063720 0.369593 0.370756
v -0.061148 0.379634 0.366686
v -0.132944 0.371522 0.288980
v -0.135566 0.365798 0.293279
v -0.077614 0.365776 0.366980
v -0.075874 0.372590 0.362822
v -0.130351 0.367916 0.304967
v -0.132452 0.363571 0.308223
v -0.131404 0.372830 0.291310
v -0.130100 0.370618 0.300045
v -0.134359 0.361662 0.306441
v -0.136134 0.362522 0.298685
v -0.064277 0.381416 0.364284
v -0.072169 0.377099 0.362249
v -0.075631 0.362895 0.370341
v -0.068571 0.364121 0.372441
v -0.032427 0.417388 0.359177
v -0.056491 0.387674 0.365839
v -0.062312 0.363082 0.376341
v -0.041022 0.336359 0.391277
v -0.145349 0.353654 0.288242
v -0.138158 0.361872 0.293924
v -0.132040 0.375607 0.284086
v -0.131764 0.387484 0.266013
v -0.085593 0.349572 0.378507
v -0.078940 0.360509 0.371069
v -0.075075 0.376652 0.361085
v -0.077796 0.382786 0.357118
v -0.127019 0.374646 0.305473
v -0.129249 0.370398 0.303598
v -0.134362 0.360144 0.310808
v -0.138510 0.353571 0.318231
v -0.130988 0.302569 -0.058311
v -0.106365 0.331077 -0.105757
v -0.114957 0.300140 -0.167522
v -0.143197 0.267310 -0.119546
v 0.095848 0.283670 -0.275630
v 0.137994 0.309477 -0.239948
v 0.173300 0.273137 -0.231287
v 0.141490 0.246303 -0.269431
v 0.206346 0.270193 -0.149991
v 0.200080 0.306935 -0.099494
v 0.206118 0.272192 -0.047710
v 0.211992 0.233085 -0.099354
v -0.036946 0.380266 0.052539
v -0.063929 0.378430 0.097499
v -0.040391 0.395219 0.128027
v -0.012213 0.386218 0.096759
v 0.097494 0.042045 -0.151728
v 0.129017 0.037554 -0.107666
v 0.083403 0.025472 -0.064096
v 0.054054 0.029889 -0.109776
v -0.030830 0.378667 -0.167571
v -0.060831 0.367806 -0.103414
v -0.034685 0.380265 -0.050672
v -0.003713 0.395799 -0.110696
v -0.044633 0.081619 0.298074
v -0.065784 0.117605 0.294487
v -0.100180 0.111784 0.294225
v -0.067568 0.063255 0.290076
v 0.152319 0.163010 0.178551
v 0.145243 0.162125 0.220609
v 0.142517 0.118183 0.235642
v 0.150723 0.120829 0.197770
v -0.145332 0.097401 0.137745
v -0.139720 0.063463 0.152547
v -0.140037 0.065618 0.179618
v -0.144737 0.101026 0.169841
v 0.049637 0.019488 0.124041
v 0.071856 0.018664 0.148462
v 0.044014 0.020820 0.165505
v 0.019937 0.021577 0.144693
v -0.134288 0.288852 0.262459
v -0.139826 0.289469 0.283313
v -0.151516 0.305542 0.284397
v -0.150097 0.304480 0.259650
v -0.123223 0.221969 0.231807
v -0.110664 0.224837 0.256341
v -0.110618 0.264772 0.243292
v -0.115043 0.260178 0.213993
v 0.144006 0.318601 0.149319
v 0.114949 0.350129 0.154961
v 0.097428 0.344183 0.210228
v 0.115920 0.308645 0.198732
v 0.030204 0.156570 0.333356
v 0.044832 0.192350 0.337626
v 0.007396 0.217179 0.331898
v -0.005743 0.187573 0.323567
v -0.137156 0.325011 0.350162
v -0.140001 0.318901 0.341283
v -0.134577 0.312644 0.348800
v -0.130432 0.316904 0.356860
v -0.047355 0.437377 0.185433
v -0.091169 0.431965 0.209543
v -0.073113 0.437309 0.229520
v -0.034593 0.437450 0.211611
v 0.090577 0.374635 0.283271
v 0.073421 0.417449 0.292810
v 0.043973 0.393910 0.346789
v 0.056694 0.358269 0.351129
v -0.024928 0.258372 0.346833
v -0.026197 0.275185 0.360995
v -0.057981 0.278982 0.362873
v -0.060487 0.263962 0.349045
v 0.042071 0.289376 0.358050
v 0.031699 0.310441 0.367151
v -0.011988 0.295373 0.375378
v 0.001114 0.285373 0.365991
v -0.123743 0.376099 0.323524
v -0.128920 0.365024 0.326276
v -0.135646 0.356685 0.337174
v -0.124983 0.370187 0.341943
v 0.134482 0.213407 0.257433
v 0.128787 0.265958 0.253028
v 0.109390 0.262934 0.322438
v 0.113846 0.219232 0.319766
v -0.111941 0.316178 0.121799
v -0.118340 0.307345 0.167815
v -0.105593 0.336453 0.166874
v -0.100565 0.347924 0.123419
v -0.128265 0.361686 0.193322
v -0.153918 0.352901 0.232613
v -0.139956 0.375521 0.240498
v -0.124360 0.385481 0.212422
v 0.068413 0.021525 0.014558
v 0.095064 0.019887 0.047493
v 0.056830 0.020233 0.074220
v 0.028747 0.022456 0.045415
v -0.158692 0.136444 0.017100
v -0.148264 0.102959 0.048627
v -0.151792 0.119228 0.083778
v -0.162389 0.156405 0.057506
v 0.192162 0.250531 0.047631
v 0.181412 0.264634 0.101608
v 0.167768 0.208845 0.118122
v 0.174590 0.200007 0.075616
v -0.071239 0.027444 0.011892
v -0.037901 0.025277 0.043917
v -0.073768 0.026386 0.070539
v -0.115984 0.037391 0.042190
v -0.100363 0.381022 0.350499
v -0.114649 0.371121 0.354103
v -0.107856 0.358052 0.363141
v -0.097612 0.367554 0.358414
v -0.096437 0.265887 0.306432
v -0.095649 0.267454 0.324494
v -0.122902 0.278586 0.322282
v -0.123920 0.277217 0.303761
v 0.031799 0.407972 0.216668
v 0.006453 0.427483 0.225637
v 0.010957 0.439283 0.253400
v 0.035827 0.419856 0.249558
v -0.109035 0.326322 0.372685
v -0.115612 0.315914 0.368714
v -0.104105 0.308920 0.371643
v -0.098301 0.314953 0.375578
v -0.065687 0.165879 0.294520
v -0.047796 0.191061 0.298003
v -0.068428 0.227339 0.286692
v -0.085737 0.201278 0.281274
v -0.070325 0.028185 0.120815
v -0.037152 0.024686 0.143519
v -0.063037 0.028132 0.163021
v -0.095637 0.035172 0.143789
v 0.102945 0.074119 0.294095
v 0.048833 0.091488 0.325113
v 0.014735 0.059261 0.310967
v 0.055359 0.038246 0.282065
v 0.135499 0.374249 -0.169778
v 0.080934 0.411518 -0.114850
v 0.116920 0.404713 -0.046941
v 0.166450 0.370222 -0.104968
v -0.044620 0.033528 -0.158395
v -0.015331 0.028236 -0.111042
v -0.061579 0.028019 -0.066464
v -0.101708 0.038132 -0.114292
v 0.083452 0.390925 0.065961
v 0.041461 0.384466 0.104881
v 0.050842 0.381211 0.155233
v 0.088048 0.372685 0.120065
v -0.059401 0.289664 -0.243890
v -0.021548 0.318590 -0.244283
v 0.009341 0.286463 -0.273858
v -0.031099 0.252697 -0.274788
v -0.084889 0.140449 -0.249603
v -0.042644 0.170778 -0.280360
v 0.000633 0.102674 -0.279002
v -0.042791 0.079704 -0.248577
v 0.073842 0.022270 0.211965
v 0.050792 0.025968 0.234807
v 0.020416 0.025934 0.218804
v 0.044398 0.022705 0.199667
v 0.176017 0.116187 0.028483
v 0.170103 0.140976 0.066086
v 0.168132 0.098356 0.092875
v 0.171921 0.067185 0.057720
v -0.140521 0.282714 0.037638
v -0.168524 0.228702 0.071438
v -0.156605 0.236594 0.116086
v -0.130808 0.285663 0.087124
v -0.146814 0.180703 0.175719
v -0.144373 0.140022 0.191083
v -0.142069 0.141611 0.228679
v -0.139849 0.180214 0.214885
v 0.158982 0.072289 0.148759
v 0.152673 0.080043 0.181028
v 0.133063 0.032430 0.193554
v 0.124979 0.021307 0.162850
v -0.033741 0.028736 0.218415
v -0.065817 0.034700 0.233197
v -0.092685 0.039402 0.206881
v -0.060483 0.029565 0.197600
v 0.191475 0.118426 -0.141976
v 0.200268 0.157248 -0.097469
v 0.187603 0.125253 -0.052667
v 0.180566 0.093793 -0.099430
v 0.094738 0.090306 -0.260309
v 0.154287 0.139577 -0.277156
v 0.163049 0.100786 -0.218320
v 0.116086 0.072068 -0.216531
v -0.159469 0.147519 -0.070334
v -0.155509 0.186857 -0.123132
v -0.140145 0.152142 -0.170739
v -0.149050 0.117638 -0.117103
v -0.118965 0.402384 0.302935
v -0.096708 0.431208 0.289308
v -0.097476 0.431338 0.267258
v -0.121473 0.404272 0.285532
v -0.134303 0.305228 0.344810
v -0.139245 0.305290 0.331266
v -0.134803 0.295916 0.335703
v -0.125333 0.296277 0.349871
v -0.144889 0.320093 0.324710
v -0.148798 0.326906 0.312814
v -0.148737 0.317701 0.306651
v -0.144759 0.313498 0.320217
v -0.074344 0.370244 0.365040
v -0.071913 0.367397 0.368171
v -0.067067 0.372927 0.367010
v -0.069948 0.375265 0.364268
v -0.131819 0.366433 0.303510
v -0.131514 0.369518 0.297717
v -0.133356 0.367942 0.295320
v -0.133799 0.364611 0.301299
v -0.079103 0.307742 0.377956
v -0.070871 0.299537 0.375831
v -0.053762 0.299976 0.377810
v -0.065694 0.308100 0.380161
v -0.087307 0.416433 0.337953
v -0.056867 0.430944 0.331324
v -0.036603 0.447750 0.296370
v -0.072528 0.438378 0.303349
v -0.096058 0.299207 0.370407
v -0.101135 0.293562 0.364449
v -0.081976 0.290503 0.368720
v -0.081448 0.296237 0.372408
v -0.055227 0.377717 0.370840
v -0.049486 0.368981 0.378993
v -0.014530 0.389573 0.378714
v -0.044238 0.392715 0.370532
v -0.135217 0.369754 0.285818
v -0.133923 0.376600 0.276106
v -0.137766 0.372945 0.270518
v -0.139171 0.364753 0.284820
v -0.079185 0.368060 0.364443
v -0.079490 0.372633 0.361245
v -0.085018 0.365946 0.363790
v -0.082264 0.361412 0.368776
v -0.130978 0.365112 0.309755
v -0.133174 0.360765 0.314387
v -0.130516 0.364030 0.316284
v -0.129161 0.368222 0.309264
v -0.129883 0.374605 0.293388
v -0.128271 0.375587 0.297973
v -0.127505 0.384275 0.287702
v -0.130274 0.380267 0.282885
v -0.137431 0.358527 0.304038
v -0.141327 0.355254 0.298699
v -0.145057 0.347895 0.307117
v -0.138595 0.354968 0.310718
v -0.066290 0.384696 0.361958
v -0.055932 0.396839 0.362331
v -0.061102 0.403348 0.356461
v -0.070601 0.386047 0.359314
v -0.072784 0.357454 0.376888
v -0.078426 0.351218 0.380528
v -0.068462 0.328746 0.386036
v -0.064029 0.348437 0.387470
v -0.152646 0.266390 -0.066346
v -0.107099 0.326716 -0.050821
v -0.101247 0.327813 -0.160799
v -0.128181 0.264960 -0.173507
v 0.095419 0.250766 -0.289192
v 0.097434 0.319023 -0.257135
v 0.168352 0.302005 -0.218379
v 0.180160 0.241101 -0.240048
v 0.212495 0.233763 -0.149326
v 0.197755 0.300905 -0.148460
v 0.198378 0.311350 -0.043280
v 0.206118 0.231599 -0.049267
v -0.009441 0.387169 0.052640
v -0.061727 0.368809 0.056849
v -0.067115 0.388832 0.129529
v -0.015196 0.397345 0.132486
v 0.064066 0.038097 -0.154289
v 0.132096 0.048348 -0.147753
v 0.125819 0.029498 -0.064171
v 0.045085 0.024723 -0.064168
v 0.003390 0.385068 -0.173110
v -0.060611 0.366359 -0.159368
v -0.059863 0.364100 -0.047419
v -0.005701 0.394121 -0.052372
v -0.039990 0.050746 0.286813
v -0.042691 0.107979 0.299402
v -0.092998 0.130351 0.292779
v -0.105361 0.087038 0.289960
v 0.155146 0.141592 0.168721
v 0.149338 0.186409 0.191992
v 0.140645 0.139017 0.248580
v 0.143751 0.099893 0.225034
v -0.146924 0.117005 0.146076
v -0.142984 0.077833 0.130659
v -0.127494 0.050551 0.170528
v -0.144344 0.084045 0.190481
v 0.021522 0.021004 0.122496
v 0.077364 0.018088 0.127051
v 0.067019 0.019563 0.166852
v 0.018867 0.022393 0.165093
v -0.139385 0.296419 0.246794
v -0.128712 0.282789 0.275705
v -0.147264 0.298091 0.292991
v -0.155545 0.316088 0.275395
v -0.124101 0.243736 0.205980
v -0.118477 0.203631 0.257409
v -0.102507 0.250243 0.255839
v -0.117282 0.278318 0.225718
v 0.140923 0.292471 0.176356
v 0.143497 0.343747 0.119183
v 0.092941 0.357956 0.192501
v 0.099244 0.327235 0.229684
v -0.000011 0.156125 0.325578
v 0.063755 0.160421 0.336299
v 0.028467 0.220561 0.338060
v -0.013706 0.216999 0.322266
v -0.132176 0.324375 0.357673
v -0.142096 0.327529 0.340130
v -0.138523 0.314070 0.341489
v -0.128842 0.311499 0.356210
v -0.022816 0.425999 0.187541
v -0.101525 0.428956 0.227366
v -0.049260 0.442665 0.233258
v 0.097580 0.357394 0.304520
v 0.077408 0.393994 0.261238
v 0.043021 0.424144 0.338093
v 0.026675 0.356235 0.367465
v -0.044082 0.253569 0.339158
v -0.007305 0.262701 0.352044
v -0.044203 0.283798 0.367233
v -0.074179 0.273893 0.355321
v 0.024881 0.276489 0.357387
v 0.061922 0.309930 0.351812
v -0.000133 0.304290 0.378952
v -0.022129 0.290704 0.372775
v -0.121888 0.381134 0.330737
v -0.125002 0.373563 0.319568
v -0.135096 0.356307 0.330998
v -0.131632 0.358360 0.349643
v 0.129723 0.191196 0.287833
v 0.137127 0.238697 0.229509
v 0.120965 0.292424 0.280195
v 0.077428 0.241237 0.342634
v -0.097954 0.335188 0.093566
v -0.124193 0.295671 0.151528
v -0.116028 0.316928 0.183962
v -0.099707 0.355480 0.150771
v -0.116659 0.375668 0.190720
v -0.150674 0.332880 0.208344
v -0.151176 0.358827 0.252168
v -0.129029 0.388278 0.231807
v 0.032633 0.022823 0.014424
v 0.105687 0.020694 0.015208
v 0.087899 0.018610 0.076345
v 0.025788 0.021689 0.073039
v -0.166413 0.167737 0.019987
v -0.150468 0.108276 0.014819
v -0.146365 0.096345 0.078510
v -0.156867 0.143930 0.090286
v 0.186417 0.215104 0.039544
v 0.188512 0.290384 0.061598
v 0.169184 0.237755 0.134213
v 0.164227 0.181948 0.107815
v -0.117014 0.040328 0.011447
v -0.035872 0.025633 0.012861
v -0.038689 0.024178 0.071335
v -0.112598 0.034219 0.070302
v -0.093938 0.378068 0.352616
v -0.110234 0.385588 0.347105
v -0.117601 0.358559 0.360413
v -0.099991 0.357332 0.365933
v -0.110494 0.271025 0.296926
v -0.080037 0.261304 0.316170
v -0.107805 0.275729 0.332712
v -0.135056 0.285243 0.311577
v 0.046231 0.403786 0.228322
v 0.015825 0.413611 0.206032
v -0.004455 0.443885 0.241376
v 0.023305 0.438104 0.267860
v -0.100141 0.324729 0.376700
v -0.113815 0.326654 0.367436
v -0.113066 0.310696 0.365319
v -0.096111 0.308016 0.374242
v -0.085429 0.174408 0.287953
v -0.044896 0.161188 0.300275
v -0.052012 0.222820 0.298590
v -0.083696 0.231461 0.275438
v -0.102479 0.037112 0.121908
v -0.038485 0.024002 0.121043
v -0.035439 0.025405 0.164240
v -0.088996 0.033081 0.162606
v 0.104804 0.050870 0.276452
v 0.097392 0.098141 0.310449
v 0.010923 0.092138 0.324589
v 0.018989 0.040290 0.282705
v 0.168177 0.353152 -0.158260
v 0.090757 0.388174 -0.176970
v 0.070831 0.413347 -0.050158
v 0.156423 0.383841 -0.041276
v -0.094542 0.044238 -0.162200
v -0.005059 0.033326 -0.157019
v -0.024583 0.026329 -0.065501
v -0.110269 0.038612 -0.067784
v 0.111045 0.380056 0.074412
v 0.051710 0.394981 0.059977
v 0.030860 0.388665 0.147444
v 0.068278 0.373616 0.164631
v -0.068296 0.255689 -0.254711
v -0.053266 0.317767 -0.228951
v 0.010908 0.320817 -0.254015
v 0.005562 0.251857 -0.286669
v -0.087898 0.101317 -0.236251
v -0.081016 0.178617 -0.256685
v -0.002825 0.161060 -0.297734
v 0.005956 0.061416 -0.244443
v 0.067768 0.021166 0.196362
v 0.081531 0.024094 0.230003
v 0.021530 0.027920 0.237039
v 0.019199 0.024457 0.201460
v 0.175045 0.077856 0.023973
v 0.176916 0.150143 0.031879
v 0.165985 0.129273 0.097029
v 0.167821 0.057143 0.089141
v -0.118625 0.303665 0.047353
v -0.164821 0.249053 0.030318
v -0.162838 0.203225 0.106863
v -0.144290 0.261711 0.124673
v -0.143261 0.203598 0.187059
v -0.147646 0.158647 0.165202
v -0.143868 0.123288 0.215333
v -0.136727 0.161418 0.243069
v 0.149062 0.034010 0.143203
v 0.158915 0.099375 0.154366
v 0.142534 0.058390 0.204660
v 0.105700 0.019806 0.179002
v -0.033448 0.027347 0.201040
v -0.034518 0.030524 0.236538
v -0.100245 0.048367 0.224843
v -0.086839 0.034555 0.191998
v 0.177341 0.091147 -0.140362
v 0.204267 0.153978 -0.143859
v 0.193676 0.158176 -0.050768
v 0.180414 0.093717 -0.055813
v 0.084518 0.066843 -0.225666
v 0.103682 0.144292 -0.308244
v 0.187147 0.140772 -0.236392
v 0.146096 0.077650 -0.201085
v -0.152246 0.115148 -0.068976
v -0.163243 0.183615 -0.071351
v -0.138904 0.186777 -0.174909
v -0.138781 0.120424 -0.164329
v -0.121926 0.393449 0.299532
v -0.112884 0.411552 0.307314
v -0.080485 0.438045 0.271133
v -0.117220 0.415481 0.265144
v -0.126574 0.301859 0.352858
v -0.138518 0.308389 0.337365
v -0.140048 0.301251 0.325911
v -0.122572 0.290038 0.346033
v -0.143133 0.314818 0.327687
v -0.146697 0.328361 0.321848
v -0.150906 0.326674 0.302099
v -0.146320 0.311238 0.311660
v -0.073341 0.373709 0.363418
v -0.075100 0.366625 0.367332
v -0.068135 0.368513 0.369284
v -0.065881 0.377160 0.365382
v -0.132992 0.364102 0.305072
v -0.130867 0.368610 0.301743
v -0.132249 0.370465 0.293377
v -0.134653 0.365249 0.297226
v -0.078473 0.314665 0.380116
v -0.080418 0.302863 0.375930
v -0.058641 0.297531 0.375775
v -0.050012 0.304443 0.380980
v -0.093086 0.421571 0.328942
v -0.079329 0.407480 0.346519
v -0.033110 0.440614 0.317202
v -0.048895 0.447003 0.282062
v -0.088296 0.299370 0.372673
v -0.107635 0.299562 0.364165
v -0.094807 0.288006 0.362708
v -0.072185 0.293265 0.372085
v -0.054612 0.384264 0.368229
v -0.058105 0.369662 0.373697
v -0.028781 0.364669 0.388464
v -0.018125 0.407568 0.368381
v -0.136994 0.365583 0.289498
v -0.133461 0.373404 0.283667
v -0.134525 0.381743 0.265231
v -0.142375 0.363298 0.278550
v -0.079714 0.363944 0.367639
v -0.077612 0.372322 0.362217
v -0.082354 0.373662 0.359415
v -0.086337 0.358466 0.369894
v -0.129829 0.367826 0.307164
v -0.132568 0.362428 0.311105
v -0.134063 0.358734 0.318610
v -0.128170 0.369241 0.311844
v -0.130848 0.375762 0.287928
v -0.129316 0.372682 0.298915
v -0.126780 0.379835 0.297429
v -0.129489 0.387381 0.276070
v -0.136045 0.358812 0.308261
v -0.138205 0.359526 0.298962
v -0.145819 0.348825 0.298268
v -0.142495 0.349806 0.314059
v -0.071232 0.380834 0.361064
v -0.060973 0.387344 0.363609
v -0.049002 0.412107 0.358250
v -0.070805 0.393006 0.356278
v -0.067361 0.359287 0.377541
v -0.076561 0.358476 0.374101
v -0.078207 0.338986 0.381965
v -0.055878 0.327366 0.388184
v -0.063921 0.436254 0.139429
v -0.073999 0.440775 0.127293
v -0.078333 0.434557 0.136659
v -0.081780 0.438394 0.146686
v -0.082338 0.438514 0.141556
v -0.062649 0.442631 0.147317
v -0.070258 0.440944 0.148938
v -0.079139 0.439373 0.146282
v -0.069855 0.448959 0.119528
v -0.084975 0.415880 0.147646
v -0.058754 0.439928 0.160110
v -0.086161 0.436398 0.164623
v -0.068522 0.437782 0.171126
v -0.074542 0.423589 0.137505
v -0.101226 0.425378 0.166071
v -0.094924 0.425104 0.155658
v -0.060327 0.427831 0.146636
v 0.106780 0.453443 0.328314
v 0.111206 0.452908 0.324970
v 0.106236 0.450262 0.320446
v 0.114489 0.441059 0.326755
v 0.115290 0.446275 0.331615
v 0.119111 0.452246 0.328424
v 0.107897 0.450103 0.331376
v 0.114119 0.449076 0.321877
v 0.105601 0.451263 0.330741
v 0.065453 0.434197 0.303481
v 0.088561 0.411524 0.329043
v 0.095742 0.405309 0.309423
v 0.073725 0.422146 0.335765
v 0.065309 0.436840 0.334634
v 0.062350 0.445423 0.311647
v 0.085300 0.413782 0.301293
v 0.083476 0.448253 0.316492
v 0.100775 0.418095 0.322502
v 0.092094 0.435698 0.334839
v 0.099500 0.436301 0.312093
v 0.089990 0.443033 0.312381
v 0.102700 0.428978 0.332045
v 0.084747 0.445677 0.332022
v 0.083473 0.452846 0.324822
v -0.143777 0.346953 0.302617
v -0.213671 0.212169 0.228133
v -0.134473 0.297913 0.329986
v -0.187713 0.313473 0.161801
v -0.145220 0.327368 0.320704
v -0.215477 0.267382 0.213806
v -0.167150 0.333782 0.230563
v -0.171102 0.245767 0.279116
v -0.185453 0.300220 0.267492
v -0.096372 0.339110 0.368423
v -0.021632 0.229150 0.450971
v -0.101466 0.287672 0.355228
v 0.026986 0.306262 0.443464
v -0.113094 0.318128 0.363500
v -0.002745 0.266292 0.462430
v -0.042472 0.328191 0.399039
v -0.071644 0.260096 0.396881
v -0.073485 0.307208 0.403369
v -0.179270 0.318900 0.251328
v -0.177687 0.324277 0.195883
v -0.204283 0.291257 0.191229
v -0.201393 0.284318 0.240692
v -0.181246 0.274892 0.275604
v -0.217262 0.240605 0.224395
v -0.191847 0.227282 0.253635
v -0.140954 0.313537 0.326146
v -0.166264 0.314311 0.294141
v -0.152248 0.270154 0.304562
v -0.145606 0.338057 0.312461
v -0.155719 0.341017 0.266291
v -0.037895 0.286212 0.433076
v 0.011135 0.286020 0.455713
v -0.008531 0.317599 0.420533
v -0.055401 0.317624 0.405457
v -0.048473 0.244929 0.422796
v -0.013174 0.247464 0.459467
v -0.072597 0.282749 0.402988
v -0.088391 0.274190 0.374924
v -0.096853 0.312057 0.382174
v -0.109231 0.303133 0.360206
v -0.072967 0.336786 0.380648
v -0.088310 0.326828 0.384357
v -0.109441 0.331615 0.364439
v -0.192563 0.305850 0.221184
v -0.199643 0.257353 0.250060
v -0.161489 0.293819 0.300936
v -0.163225 0.329250 0.281800
v -0.024484 0.302623 0.429123
v -0.044703 0.266229 0.430117
v -0.093058 0.294041 0.380376
v -0.074079 0.328012 0.389542
v -0.099325 0.324487 0.377756
v -0.191142 0.303238 0.246144
v -0.179747 0.321193 0.224992
v -0.190987 0.308955 0.192895
v -0.204616 0.287738 0.217912
v -0.186315 0.251157 0.264944
v -0.193331 0.279892 0.259461
v -0.209606 0.262878 0.233432
v -0.205956 0.234374 0.239456
v -0.147493 0.293884 0.315561
v -0.154200 0.312741 0.310937
v -0.174863 0.296513 0.285296
v -0.166827 0.270994 0.290312
v -0.155822 0.327802 0.302722
v -0.152359 0.339066 0.290917
v -0.166871 0.331231 0.257666
v -0.174877 0.316592 0.274414
v -0.048847 0.303966 0.418292
v -0.014155 0.285443 0.445892
v 0.000926 0.303236 0.437381
v -0.033297 0.316777 0.413501
v -0.060172 0.263814 0.413060
v -0.032383 0.247062 0.441006
v -0.025258 0.266718 0.447100
v -0.058247 0.286207 0.417902
v -0.098432 0.289929 0.367700
v -0.082188 0.278103 0.388624
v -0.085008 0.299632 0.392653
v -0.103802 0.307111 0.371944
v -0.074062 0.320686 0.395764
v -0.062119 0.328174 0.393300
v -0.084183 0.333649 0.380089
v -0.105632 0.322076 0.372333
v -0.090583 0.318423 0.387442
v -0.099502 0.331480 0.373498
v -0.186212 0.312665 0.236221
v -0.185503 0.315258 0.208896
v -0.198521 0.298650 0.206195
v -0.198112 0.295667 0.232024
v -0.190590 0.265974 0.262855
v -0.201652 0.271418 0.246462
v -0.208501 0.248929 0.237235
v -0.196123 0.242511 0.252210
v -0.151270 0.303629 0.313549
v -0.164714 0.304660 0.298133
v -0.171513 0.284207 0.288293
v -0.157147 0.282184 0.302947
v -0.154514 0.333750 0.297119
v -0.159751 0.335332 0.274244
v -0.171542 0.324365 0.266529
v -0.165582 0.322376 0.288565
v -0.031818 0.294766 0.431884
v -0.006946 0.294417 0.442245
v -0.016636 0.310185 0.425135
v -0.040934 0.310445 0.416691
v -0.046758 0.255643 0.426740
v -0.029152 0.256968 0.444662
v -0.041969 0.276559 0.432358
v -0.059403 0.275006 0.416093
v -0.090791 0.284221 0.377869
v -0.083634 0.288908 0.391204
v -0.095057 0.303437 0.382008
v -0.101412 0.298705 0.370143
v -0.066984 0.323903 0.395926
v -0.073940 0.332035 0.385560
v -0.080844 0.327717 0.387273
v -0.098513 0.319549 0.380281
v -0.094931 0.325741 0.380908
v -0.103967 0.327799 0.372079
v -0.183475 0.310273 0.260272
v -0.173581 0.326579 0.241233
v -0.172515 0.329273 0.213111
v -0.182732 0.318956 0.178805
v -0.196334 0.302469 0.176943
v -0.210888 0.279630 0.203802
v -0.208551 0.275915 0.227254
v -0.193771 0.292463 0.254108
v -0.176545 0.260567 0.277648
v -0.184463 0.288269 0.272411
v -0.217377 0.254304 0.220385
v -0.215802 0.226491 0.226692
v -0.202691 0.219515 0.240886
v -0.181272 0.235892 0.266380
v -0.137852 0.305837 0.328166
v -0.143502 0.320789 0.323725
v -0.155858 0.320904 0.307428
v -0.176207 0.307460 0.280832
v -0.161472 0.257328 0.291843
v -0.143293 0.283822 0.317275
v -0.145829 0.333049 0.316883
v -0.144830 0.342617 0.307639
v -0.149780 0.344066 0.284416
v -0.161531 0.337643 0.248315
v -0.055222 0.296251 0.418598
v -0.020369 0.276236 0.447713
v 0.003825 0.276059 0.460109
v 0.018937 0.296109 0.449934
v 0.009129 0.311977 0.431909
v -0.025797 0.323035 0.409517
v -0.048608 0.322832 0.402787
v -0.063507 0.312716 0.405969
v -0.060747 0.252627 0.409414
v -0.035282 0.237078 0.436742
v -0.017526 0.238275 0.455565
v -0.008329 0.256781 0.461986
v -0.072967 0.294340 0.404433
v -0.072142 0.271369 0.400257
v -0.095158 0.280969 0.364935
v -0.080706 0.267258 0.385479
v -0.087070 0.309671 0.391792
v -0.105307 0.314963 0.372781
v -0.111894 0.310718 0.362169
v -0.105593 0.295432 0.357822
v -0.058360 0.332973 0.389279
v -0.085802 0.339031 0.373559
v -0.092740 0.333352 0.376274
v -0.082284 0.318776 0.392906
v -0.104184 0.336428 0.365650
v -0.112344 0.325304 0.363990
vn -0.9942 0.0796 -0.0721
vn -0.9119 0.4098 -0.0214
vn -0.9181 0.3844 -0.0962
vn -0.9822 0.1272 -0.1379
vn -0.7627 0.6447 0.0517
vn -0.7954 0.6060 -0.0070
vn -0.8400 0.5275 -0.1270
vn -0.9195 0.3377 -0.2013
vn -0.9617 0.1446 -0.2328
vn -0.6912 0.7183 0.0791
vn -0.6958 0.7162 0.0549
vn -0.7037 0.7105 -0.0068
vn -0.6394 0.7664 0.0621
vn -0.6384 0.7696 0.0132
vn -0.7390 0.6726 -0.0379
vn -0.7623 0.5826 -0.2821
vn -0.8182 0.4586 -0.3467
vn -0.6525 0.7274 -0.2124
vn -0.6121 0.6285 -0.4800
vn -0.6565 0.5130 -0.5531
vn -0.6928 0.4338 -0.5760
vn -0.8734 0.3078 -0.3775
vn -0.9098 0.1346 -0.3926
vn -0.7472 0.2950 -0.5955
vn -0.7914 0.1212 -0.5992
vn -0.0695 0.1872 -0.9799
vn -0.0426 0.3251 -0.9447
vn 0.2568 0.3329 -0.9073
vn 0.2683 0.1909 -0.9442
vn -0.0323 0.4139 -0.9098
vn 0.2747 0.4011 -0.8739
vn 0.5037 0.3793 -0.7762
vn 0.5102 0.3154 -0.8001
vn 0.5694 0.1481 -0.8086
vn -0.0384 0.5833 -0.8113
vn 0.2784 0.5458 -0.7903
vn -0.0429 0.7756 -0.6298
vn 0.2372 0.7432 -0.6257
vn 0.4843 0.6524 -0.5830
vn 0.5003 0.4879 -0.7153
vn 0.6823 0.4288 -0.5921
vn 0.7098 0.3391 -0.6175
vn 0.6759 0.5531 -0.4870
vn 0.8271 0.4489 -0.3382
vn 0.8603 0.3579 -0.3631
vn 0.8969 0.2707 -0.3497
vn 0.7545 0.2529 -0.6056
vn 0.8222 0.0707 -0.5648
vn 0.9399 0.1552 -0.3041
vn 0.9715 -0.0209 -0.2360
vn 0.9954 0.0659 -0.0698
vn 0.9956 -0.0931 -0.0050
vn 0.9694 0.2134 -0.1214
vn 0.9870 0.1606 0.0052
vn 0.9982 -0.0117 0.0590
vn 0.9847 -0.1418 0.1015
vn 0.9366 0.3191 -0.1444
vn 0.8694 0.4582 -0.1849
vn 0.8792 0.4730 -0.0577
vn 0.9506 0.3090 -0.0299
vn 0.9513 0.2991 0.0745
vn 0.9909 0.0978 0.0929
vn 0.8497 0.5207 0.0830
vn 0.7732 0.6010 0.2025
vn 0.9472 0.2811 0.1542
vn 0.9886 0.0245 0.1483
vn 0.9885 -0.0767 0.1306
vn 0.9740 -0.1659 0.1543
vn 0.9751 -0.1382 0.1734
vn 0.9655 -0.1737 0.1941
vn -0.2159 0.9711 0.1016
vn -0.3255 0.9443 0.0491
vn -0.2128 0.9768 0.0240
vn -0.1307 0.9844 0.1175
vn -0.4421 0.8970 -0.0042
vn -0.3352 0.9390 -0.0771
vn -0.1997 0.9574 -0.2084
vn -0.0576 0.9900 -0.1290
vn 0.0355 0.9991 -0.0239
vn -0.5869 0.8090 -0.0323
vn -0.5522 0.8191 -0.1554
vn -0.7665 0.6167 -0.1793
vn -0.7471 0.6196 -0.2407
vn -0.4791 0.8395 -0.2564
vn -0.4618 0.7502 -0.4731
vn -0.0797 0.8891 -0.4507
vn -0.7850 0.5255 -0.3280
vn -0.8080 0.1307 -0.5745
vn -0.3357 0.2481 -0.9087
vn 0.3616 0.6570 -0.6615
vn 0.1184 0.9278 -0.3537
vn 0.2362 0.9419 -0.2387
vn 0.2836 0.8568 -0.4307
vn 0.3692 0.8705 -0.3254
vn 0.1242 -0.9442 -0.3050
vn 0.1810 -0.9270 -0.3284
vn 0.1139 -0.9721 -0.2051
vn 0.0745 -0.9818 -0.1746
vn 0.2412 -0.9012 -0.3602
vn 0.1642 -0.9570 -0.2393
vn 0.1059 -0.9800 -0.1685
vn 0.0558 -0.9892 -0.1356
vn 0.0253 -0.9943 -0.1034
vn 0.4278 -0.8382 -0.3382
vn 0.3872 -0.8943 -0.2242
vn 0.6614 -0.7080 -0.2475
vn 0.7172 -0.6793 -0.1555
vn 0.7701 -0.6300 -0.1007
vn 0.3720 -0.9136 -0.1643
vn 0.3382 -0.9317 -0.1321
vn 0.0546 -0.9919 -0.1146
vn 0.7988 -0.5962 -0.0804
vn 0.7729 -0.6328 -0.0464
vn 0.2362 -0.9648 -0.1160
vn 0.0075 -0.9985 -0.0545
vn 0.0044 -0.9968 -0.0796
vn -0.0147 -0.9986 -0.0517
vn -0.0281 -0.9991 -0.0307
vn -0.0352 -0.9992 -0.0204
vn -0.2098 0.7503 -0.6270
vn -0.2253 0.9031 -0.3656
vn -0.0901 0.9108 -0.4030
vn -0.3082 0.7192 -0.6227
vn -0.3498 0.8830 -0.3131
vn -0.4201 0.9070 -0.0296
vn -0.3036 0.9488 -0.0870
vn -0.1749 0.9739 -0.1448
vn -0.4650 0.6736 -0.5745
vn -0.5003 0.8322 -0.2391
vn -0.5354 0.8445 0.0112
vn -0.5668 0.8225 0.0476
vn -0.4666 0.8837 0.0381
vn -0.3576 0.9332 0.0347
vn -0.2306 0.9725 0.0334
vn -0.0603 -0.9598 0.2743
vn -0.1524 -0.8277 0.5402
vn -0.2323 -0.6913 0.6843
vn -0.1541 -0.9339 0.3228
vn -0.3150 -0.4888 0.8136
vn -0.3152 -0.2496 0.9156
vn -0.1118 -0.0830 0.9903
vn -0.2878 -0.5529 0.7819
vn -0.3642 -0.8512 0.3779
vn -0.4438 -0.0744 0.8931
vn -0.3746 0.0117 0.9271
vn -0.4701 0.0173 0.8824
vn -0.3482 -0.0002 0.9374
vn -0.1752 0.0164 0.9844
vn -0.1158 0.0198 0.9931
vn -0.3010 0.0274 0.9532
vn -0.4093 -0.0545 0.9108
vn -0.2586 0.0852 0.9622
vn -0.5266 0.2010 0.8260
vn -0.7431 0.1309 0.6563
vn -0.8966 0.0361 0.4414
vn -0.5347 -0.3877 0.7509
vn -0.5848 -0.7021 0.4063
vn -0.9271 -0.1991 0.3176
vn -0.8671 -0.4196 0.2684
vn 0.9885 0.0331 0.1476
vn 0.9868 -0.0037 0.1621
vn 0.9863 0.0334 0.1618
vn 0.9859 0.0225 0.1660
vn 0.9794 -0.0756 0.1874
vn 0.9858 0.0166 0.1669
vn 0.9830 0.0153 0.1828
vn 0.9810 -0.0080 0.1939
vn 0.9769 -0.0452 0.2088
vn 0.9661 -0.0658 0.2495
vn 0.9806 0.0046 0.1960
vn 0.9388 0.0836 0.3342
vn 0.9680 0.0669 0.2419
vn 0.9779 0.0634 0.1992
vn 0.9823 0.0344 0.1839
vn 0.9681 -0.0333 0.2483
vn 0.9649 -0.0730 0.2523
vn 0.9578 0.0111 0.2874
vn 0.8126 -0.1279 0.5686
vn 0.8670 -0.1704 0.4683
vn 0.8806 -0.2146 0.4225
vn 0.9577 -0.1107 0.2655
vn 0.9426 -0.1847 0.2782
vn 0.8684 -0.3075 0.3890
vn 0.7952 -0.4867 0.3616
vn -0.9813 -0.1202 0.1501
vn -0.9833 -0.1513 0.1010
vn -0.9931 -0.0953 0.0680
vn -0.9916 -0.0723 0.1074
vn -0.9837 -0.1726 0.0498
vn -0.9911 -0.1299 0.0286
vn -0.9811 -0.1935 0.0077
vn -0.9974 -0.0682 0.0213
vn -0.9985 -0.0224 0.0494
vn -0.9760 -0.2172 0.0133
vn -0.9599 -0.2801 0.0102
vn -0.8600 -0.5102 0.0067
vn -0.7443 -0.6678 -0.0044
vn -0.5779 -0.8159 -0.0202
vn -0.8726 -0.4884 0.0001
vn -0.6728 -0.7357 0.0779
vn -0.8727 -0.4807 0.0854
vn -0.4490 -0.8935 0.0100
vn -0.3528 -0.9323 0.0798
vn -0.4659 -0.8685 0.1694
vn -0.5907 -0.7781 0.2138
vn -0.9713 -0.2286 0.0662
vn -0.9953 -0.0816 0.0530
vn -0.7606 -0.5977 0.2533
vn -0.0411 -0.9991 -0.0110
vn -0.0469 -0.9987 -0.0174
vn -0.0524 -0.9986 0.0079
vn -0.0485 -0.9987 0.0168
vn -0.0517 -0.9984 -0.0205
vn -0.0542 -0.9985 0.0042
vn -0.0571 -0.9980 0.0255
vn -0.0582 -0.9979 0.0297
vn -0.0542 -0.9979 0.0342
vn -0.0313 -0.9994 -0.0176
vn -0.0358 -0.9993 0.0071
vn 0.2769 -0.9607 -0.0194
vn 0.1811 -0.9833 -0.0178
vn 0.0721 -0.9973 0.0118
vn -0.0410 -0.9988 0.0258
vn -0.0465 -0.9981 0.0403
vn -0.0599 -0.9974 0.0408
vn 0.0025 -0.9990 0.0452
vn -0.0231 -0.9981 0.0578
vn -0.0482 -0.9972 0.0565
vn -0.0606 -0.9966 0.0564
vn -0.0606 -0.9973 0.0413
vn -0.0558 -0.9976 0.0416
vn -0.0605 -0.9965 0.0569
vn -0.0559 -0.9968 0.0568
vn -0.6719 -0.5834 -0.4562
vn -0.7072 -0.6680 -0.2315
vn -0.6888 -0.6951 -0.2062
vn -0.7895 -0.5228 -0.3215
vn -0.7137 -0.6972 -0.0674
vn -0.6085 -0.7806 -0.1428
vn -0.7582 -0.6456 -0.0915
vn -0.8476 -0.5187 -0.1118
vn -0.9587 -0.2526 -0.1306
vn -0.6972 -0.7168 0.0072
vn -0.5401 -0.8337 -0.1153
vn -0.6393 -0.7553 0.1443
vn -0.4758 -0.8755 -0.0840
vn -0.6007 -0.7986 -0.0377
vn -0.6808 -0.7295 -0.0660
vn -0.8699 -0.4831 0.0997
vn -0.9250 -0.3692 0.0893
vn -0.7994 -0.5914 0.1060
vn -0.9135 -0.3367 0.2282
vn -0.9417 -0.2491 0.2262
vn -0.9628 -0.1652 0.2140
vn -0.9752 -0.2027 0.0889
vn -0.9947 0.0733 0.0715
vn -0.9829 -0.0176 0.1833
vn -0.9393 0.2899 0.1836
vn -0.9042 0.3173 0.2859
vn -0.9082 0.2813 0.3099
vn -0.8819 0.3270 0.3397
vn -0.9022 0.3081 0.3019
vn -0.9126 0.2647 0.3116
vn -0.8743 0.3288 0.3570
vn -0.9108 0.2156 0.3521
vn -0.9663 0.1383 0.2170
vn -0.9788 0.1312 0.1572
vn -0.8428 0.2739 0.4632
vn -0.7862 0.3002 0.5401
vn -0.5140 0.2637 0.8163
vn -0.5568 0.2618 0.7883
vn -0.7801 0.2749 0.5620
vn -0.9145 -0.1679 0.3682
vn -0.9445 -0.2973 0.1401
vn -0.7253 -0.0782 0.6840
vn -0.9330 -0.3479 -0.0922
vn -0.9026 -0.3298 -0.2768
vn 0.9024 0.1571 0.4012
vn 0.8093 0.3804 0.4476
vn 0.9006 0.2910 0.3229
vn 0.8819 0.2962 0.3668
vn 0.7576 0.4673 0.4558
vn 0.7783 0.4823 0.4020
vn 0.8340 0.4472 0.3233
vn 0.8914 0.4266 0.1527
vn 0.8417 0.4691 0.2673
vn 0.6883 0.6337 0.3530
vn 0.5538 0.7877 0.2700
vn 0.4471 0.8626 0.2367
vn 0.6540 0.6801 0.3313
vn 0.7646 0.6340 0.1156
vn 0.9049 0.3882 0.1745
vn 0.5304 0.8475 0.0226
vn 0.5981 0.7736 -0.2093
vn 0.8143 0.5681 -0.1192
vn 0.9467 0.3191 -0.0432
vn 0.9216 0.3789 0.0837
vn 0.9025 0.4307 0.0028
vn 0.9643 0.2623 -0.0357
vn 0.9484 0.2887 0.1308
vn -0.2965 -0.0522 0.9536
vn -0.3901 -0.0773 0.9175
vn -0.4969 -0.0663 0.8653
vn -0.0115 -0.1593 0.9872
vn -0.1479 -0.0953 0.9844
vn -0.2494 -0.0731 0.9656
vn -0.4299 -0.0649 0.9005
vn -0.5161 -0.0580 0.8545
vn 0.3690 -0.2409 0.8977
vn 0.1203 -0.1440 0.9822
vn 0.5825 -0.1019 0.8064
vn 0.2524 -0.0924 0.9632
vn -0.0694 -0.0919 0.9933
vn -0.1525 -0.2140 0.9648
vn -0.3019 -0.2340 0.9242
vn 0.0460 -0.1968 0.9794
vn -0.0083 -0.3282 0.9446
vn -0.1348 -0.4171 0.8988
vn -0.2449 -0.5100 0.8246
vn -0.4474 -0.2679 0.8532
vn -0.5363 -0.2818 0.7956
vn -0.3629 -0.6120 0.7026
vn -0.4923 -0.6724 0.5527
vn -0.6188 0.1112 0.7776
vn -0.8356 0.0553 0.5465
vn -0.7677 -0.1894 0.6122
vn -0.5490 -0.1285 0.8259
vn -0.9173 0.0922 0.3874
vn -0.8714 -0.1648 0.4621
vn -0.8439 -0.2365 0.4816
vn -0.7449 -0.2651 0.6122
vn -0.5500 -0.2370 0.8008
vn -0.9448 0.2510 0.2105
vn -0.9538 -0.0889 0.2870
vn -0.8883 0.4245 0.1750
vn -0.9723 -0.0047 0.2338
vn -0.9517 -0.1663 0.2582
vn -0.9114 -0.2004 0.3595
vn -0.8913 -0.2409 0.3842
vn -0.8242 -0.2767 0.4941
vn -0.9325 -0.2163 0.2893
vn -0.9123 -0.2501 0.3244
vn -0.8871 -0.2614 0.3804
vn -0.8110 -0.3158 0.4925
vn -0.7125 -0.3247 0.6220
vn -0.5042 -0.3734 0.7786
vn -0.6799 -0.3867 0.6231
vn -0.4705 -0.3695 0.8013
vn 0.3165 0.8766 -0.3626
vn 0.4049 0.8433 -0.3532
vn 0.2435 0.9533 -0.1789
vn -0.0663 0.9953 -0.0705
vn 0.1333 0.9595 -0.2483
vn 0.3108 0.8722 -0.3778
vn -0.8468 0.1872 -0.4979
vn -0.8868 0.4212 -0.1901
vn -0.6285 0.7729 -0.0876
vn -0.8088 0.4731 -0.3494
vn -0.0676 -0.3400 -0.9380
vn -0.6491 -0.1876 -0.7372
vn -0.7440 -0.1841 -0.6423
vn -0.1530 -0.3905 -0.9078
vn -0.0938 0.9913 0.0925
vn 0.4866 0.8640 -0.1292
vn 0.6098 0.7887 -0.0782
vn -0.1563 0.9681 0.1960
vn -0.4276 0.9027 0.0487
vn -0.3389 0.9307 0.1376
vn -0.4741 0.8797 -0.0383
vn -0.5951 0.7892 -0.1517
vn -0.2258 0.9690 -0.0998
vn -0.8546 0.4385 -0.2782
vn -0.8206 0.5251 -0.2253
vn -0.8544 0.5083 -0.1078
vn -0.7060 0.7011 -0.1003
vn -0.3540 0.9346 -0.0354
vn -0.1081 0.9744 -0.1969
vn 0.0604 0.9570 -0.2838
vn -0.2416 0.9671 -0.0798
vn -0.1623 0.9809 -0.1070
vn 0.9323 0.1915 0.3069
vn 0.7182 0.2539 0.6478
vn 0.9764 0.2139 -0.0301
vn 0.6825 0.0418 0.7297
vn 0.5813 0.2481 0.7749
vn 0.5062 0.0814 0.8586
vn 0.7765 0.5477 -0.3115
vn 0.5741 0.7457 -0.3381
vn -0.1925 0.9767 0.0948
vn -0.1772 0.5336 0.8270
vn -0.0265 0.5903 0.8068
vn 0.0038 0.9893 0.1455
vn 0.0811 0.0242 0.9964
vn 0.1118 0.2746 0.9550
vn 0.1965 0.5383 -0.8195
vn 0.0516 0.7451 -0.6649
vn 0.1727 0.9385 -0.2991
vn 0.1621 0.6179 -0.7694
vn 0.4748 -0.3706 0.7982
vn 0.8579 -0.5133 0.0230
vn 0.8768 -0.4677 -0.1115
vn 0.7018 -0.0980 0.7056
vn 0.0272 0.6666 0.7449
vn 0.3232 0.9428 -0.0820
vn 0.0756 0.8801 0.4687
vn 0.2677 0.6707 0.6917
vn 0.3624 0.2524 0.8972
vn 0.3974 0.3507 0.8480
vn 0.4489 0.1684 0.8776
vn 0.3903 -0.0298 0.9202
vn 0.3531 0.1423 0.9247
vn 0.1545 -0.1728 0.9728
vn -0.2322 -0.8056 0.5451
vn -0.3660 -0.8857 0.2856
vn -0.1121 -0.6673 0.7363
vn -0.0563 -0.6636 0.7460
vn -0.1992 -0.7904 0.5794
vn -0.3305 -0.8882 0.3192
vn -0.0584 -0.5638 0.8238
vn 0.0344 -0.4575 0.8885
vn 0.0484 -0.5665 0.8226
vn -0.0131 -0.6144 0.7889
vn -0.0330 -0.5940 0.8038
vn -0.0810 -0.6298 0.7725
vn -0.0071 -0.5920 0.8059
vn -0.0505 -0.5682 0.8213
vn -0.0582 -0.5751 0.8160
vn -0.1116 -0.6242 0.7732
vn -0.2172 -0.7433 0.6327
vn -0.3575 -0.8262 0.4355
vn -0.2564 -0.7082 0.6579
vn -0.3775 -0.7719 0.5115
vn 0.1887 -0.2045 0.9605
vn 0.1509 -0.3494 0.9247
vn 0.4869 -0.0232 0.8732
vn 0.3225 -0.1913 0.9270
vn 0.2697 -0.4106 0.8710
vn 0.1417 -0.5080 0.8497
vn 0.7986 0.2250 0.5582
vn 0.5157 0.0443 0.8556
vn 0.4154 -0.1593 0.8956
vn 0.2789 -0.3507 0.8940
vn 0.1334 -0.5337 0.8350
vn 0.0523 -0.4400 0.8965
vn -0.0140 -0.5478 0.8365
vn 0.0472 -0.5749 0.8169
vn -0.0436 -0.5688 0.8213
vn -0.7916 0.5184 0.3236
vn -0.9054 0.3884 0.1713
vn -0.9253 0.3602 0.1183
vn -0.7957 0.4927 0.3523
vn -0.9460 0.2973 0.1295
vn -0.9361 0.3457 0.0654
vn -0.8689 0.4948 0.0168
vn -0.8643 0.4755 0.1641
vn -0.5933 0.5562 0.5819
vn -0.9466 0.2903 0.1405
vn -0.9241 0.3731 0.0825
vn -0.9301 0.3275 0.1665
vn -0.9029 0.4109 0.1263
vn -0.8430 0.5324 0.0773
vn -0.8629 0.5054 -0.0043
vn -0.8402 0.5380 0.0674
vn -0.8596 0.4798 0.1758
vn -0.8005 0.5921 0.0928
vn -0.8416 0.4324 0.3238
vn -0.6161 0.4313 0.6591
vn 0.9108 0.0361 0.4112
vn 0.9712 0.0894 0.2208
vn 0.9424 0.0989 0.3194
vn 0.7311 0.0077 0.6823
vn 0.9613 0.1641 0.2214
vn 0.9572 0.2448 0.1545
vn 0.9366 0.2856 0.2030
vn 0.7836 0.0624 0.6181
vn 0.3904 -0.0984 0.9154
vn -0.8008 0.5981 -0.0323
vn -0.8715 0.4568 -0.1782
vn -0.8325 0.5527 -0.0393
vn -0.9023 0.4145 -0.1188
vn -0.9261 0.3727 -0.0586
vn -0.8844 0.4383 -0.1602
vn -0.8862 0.4518 0.1027
vn -0.9237 0.3724 0.0893
vn -0.9581 0.2801 0.0605
vn -0.9420 -0.0158 -0.3352
vn -0.9276 0.2628 -0.2656
vn -0.6855 -0.2841 -0.6703
vn -0.7165 0.0879 -0.6920
vn -0.9103 0.3572 -0.2091
vn -0.8241 0.1740 -0.5390
vn -0.7554 0.2834 -0.5908
vn -0.8533 0.0584 -0.5181
vn -0.6931 0.2688 -0.6689
vn -0.7914 0.5252 -0.3128
vn -0.7944 0.4959 -0.3508
vn -0.8442 -0.1052 -0.5256
vn -0.9438 0.2577 -0.2070
vn -0.9151 0.4023 0.0259
vn -0.8218 0.5661 -0.0652
vn -0.8561 0.4853 0.1778
vn -0.8373 0.5385 0.0949
vn -0.8015 0.5736 -0.1690
vn -0.8433 0.5370 -0.0197
vn -0.0375 -0.9992 -0.0142
vn -0.0405 -0.9991 -0.0132
vn -0.0242 -0.9995 -0.0220
vn -0.0378 -0.9988 -0.0321
vn -0.0390 -0.9989 -0.0258
vn -0.0405 -0.9989 -0.0252
vn 0.0962 -0.9929 -0.0693
vn 0.6051 -0.7961 -0.0095
vn 0.4255 -0.9049 -0.0073
vn 0.0103 -0.9987 -0.0509
vn -0.0211 -0.9988 -0.0451
vn -0.0460 -0.9982 -0.0383
vn 0.3386 -0.9405 -0.0288
vn -0.0424 -0.9986 -0.0310
vn -0.0388 -0.9988 -0.0291
vn -0.9904 -0.1248 -0.0597
vn -0.9827 -0.1851 0.0002
vn -1.0000 -0.0000 -0.0031
vn -0.9760 -0.2162 -0.0261
vn -0.9680 -0.2507 0.0080
vn -0.9668 -0.2533 0.0345
vn -0.9758 -0.2105 0.0596
vn -0.9926 -0.0889 0.0829
vn -0.9586 -0.2847 -0.0060
vn -0.9550 -0.2965 0.0069
vn -0.9007 -0.4341 -0.0159
vn -0.9062 -0.4227 -0.0107
vn -0.9081 -0.4180 -0.0231
vn -0.9596 -0.2812 0.0049
vn -0.9707 -0.2402 0.0010
vn -0.9734 -0.2239 0.0491
vn -0.8982 -0.4391 -0.0178
vn -0.9757 -0.1962 0.0975
vn -0.9803 -0.1336 0.1454
vn 0.9610 -0.1926 0.1986
vn 0.9643 -0.1580 0.2127
vn 0.9798 -0.0750 0.1852
vn 0.9626 -0.1657 0.2142
vn 0.9599 -0.1943 0.2020
vn 0.9761 -0.0984 0.1938
vn 0.9611 0.1872 0.2029
vn 0.9639 0.0291 0.2646
vn 0.9546 -0.0743 0.2885
vn 0.9615 -0.1700 0.2161
vn 0.9765 -0.1106 0.1849
vn 0.9872 -0.0149 0.1590
vn -0.5950 -0.8033 -0.0275
vn -0.6093 -0.7922 -0.0347
vn -0.1523 -0.9882 -0.0163
vn -0.1571 -0.9872 -0.0268
vn -0.1448 -0.9886 -0.0403
vn -0.5878 -0.8076 -0.0475
vn -0.0424 -0.9990 -0.0156
vn -0.0455 -0.9989 -0.0127
vn -0.0462 -0.9986 -0.0251
vn -0.0543 -0.9983 -0.0207
vn -0.1488 -0.9889 0.0047
vn -0.0724 -0.9974 0.0067
vn -0.1773 -0.9829 0.0492
vn -0.5254 -0.8509 0.0026
vn -0.4676 -0.8829 0.0414
vn -0.3863 0.3711 0.8444
vn -0.2997 0.3640 0.8819
vn -0.2138 0.4453 0.8695
vn -0.3165 0.4732 0.8221
vn -0.2590 0.4120 0.8736
vn -0.1356 0.4236 0.8957
vn -0.1318 0.5088 0.8507
vn -0.1969 0.5592 0.8053
vn -0.2618 0.5892 0.7644
vn -0.5056 0.5473 0.6670
vn -0.3693 0.5390 0.7571
vn -0.2204 0.5159 0.8278
vn -0.1986 0.4208 0.8852
vn -0.1688 0.4321 0.8859
vn -0.2564 0.1644 0.9525
vn -0.2768 0.2476 0.9285
vn -0.3037 0.4457 0.8421
vn -0.4038 0.4717 0.7839
vn -0.3719 0.2749 0.8866
vn -0.4011 0.1743 0.8993
vn -0.5555 -0.7679 0.3191
vn -0.4076 -0.9130 -0.0134
vn -0.5382 -0.7272 0.4260
vn -0.3736 -0.9254 0.0646
vn -0.3971 -0.9091 0.1260
vn -0.4961 -0.8680 0.0195
vn -0.5421 -0.6901 0.4794
vn -0.3790 -0.9124 0.1543
vn -0.3605 -0.9121 0.1950
vn -0.4019 -0.8545 0.3290
vn -0.4994 -0.8387 0.2173
vn -0.4534 -0.7733 0.4433
vn -0.6868 -0.6483 0.3287
vn -0.6854 -0.7186 0.1178
vn -0.8570 -0.4583 0.2355
vn 0.4936 0.8373 -0.2349
vn 0.5048 0.7997 -0.3251
vn 0.4716 0.8493 -0.2374
vn 0.4936 0.8118 -0.3121
vn 0.5120 0.7756 -0.3692
vn 0.5110 0.7720 -0.3780
vn 0.5154 0.7416 -0.4294
vn 0.4295 0.8628 -0.2666
vn 0.4723 0.8209 -0.3210
vn 0.4674 0.7991 -0.3781
vn 0.3078 0.8956 -0.3213
vn 0.4373 0.8552 -0.2783
vn -0.0120 0.9929 -0.1182
vn 0.1047 0.9942 -0.0243
vn 0.4549 0.8717 -0.1821
vn 0.0971 0.9711 0.2180
vn -0.3490 0.0710 0.9344
vn -0.2735 -0.0480 0.9607
vn -0.4163 0.1005 0.9036
vn -0.4537 -0.2367 0.8591
vn -0.3020 -0.2103 0.9298
vn -0.2205 -0.2410 0.9451
vn -0.3894 -0.0037 0.9211
vn -0.4652 -0.2300 0.8548
vn -0.4169 -0.3946 0.8188
vn -0.4313 -0.3769 0.8197
vn -0.4317 -0.3759 0.8200
vn -0.4042 -0.4041 0.8206
vn -0.2855 -0.3232 0.9022
vn -0.2158 -0.3278 0.9198
vn -0.2688 -0.3842 0.8832
vn -0.2211 -0.3889 0.8944
vn -0.2767 0.1831 0.9434
vn -0.2574 0.0824 0.9628
vn -0.3899 0.1016 0.9152
vn -0.3941 0.2035 0.8962
vn -0.3706 -0.0102 0.9287
vn -0.4540 -0.0038 0.8910
vn -0.5585 -0.2465 0.7921
vn -0.5575 -0.1926 0.8075
vn -0.5767 -0.1291 0.8067
vn -0.3938 -0.9191 0.0137
vn -0.1920 -0.9808 0.0357
vn -0.1748 -0.9844 0.0191
vn -0.3211 -0.9470 -0.0091
vn -0.0861 -0.9959 0.0270
vn -0.0853 -0.9958 0.0328
vn -0.0769 -0.9963 0.0378
vn -0.1460 -0.9891 0.0213
vn -0.0719 -0.9959 0.0552
vn -0.1339 -0.9893 0.0575
vn -0.2563 -0.9665 -0.0101
vn -0.2334 -0.9698 0.0701
vn 0.5613 -0.6242 0.5435
vn 0.3422 -0.8535 0.3931
vn 0.5958 -0.4340 0.6758
vn 0.1740 -0.6020 0.7793
vn 0.1169 -0.8431 0.5249
vn 0.0174 -0.9540 0.2992
vn 0.5417 -0.3095 0.7815
vn 0.1285 -0.3149 0.9404
vn -0.1680 -0.2225 0.9603
vn -0.1025 -0.6155 0.7814
vn -0.0633 -0.8814 0.4681
vn -0.0498 -0.9658 0.2543
vn 0.7054 0.6463 -0.2910
vn 0.4663 0.7950 -0.3881
vn 0.4267 0.8903 -0.1593
vn 0.7105 0.6951 -0.1093
vn 0.1729 0.8881 -0.4258
vn 0.0893 0.9805 -0.1748
vn 0.0193 0.9988 0.0459
vn 0.3419 0.9378 0.0600
vn -0.0114 0.9885 0.1507
vn 0.2575 0.9478 0.1879
vn 0.6378 0.7663 0.0777
vn 0.5198 0.8291 0.2060
vn -0.8048 -0.4012 -0.4374
vn -0.5260 -0.6788 -0.5124
vn -0.4952 -0.8309 -0.2538
vn -0.8569 -0.4393 -0.2697
vn -0.1822 -0.8826 -0.4334
vn -0.1135 -0.9744 -0.1939
vn -0.1085 -0.9907 -0.0826
vn -0.5049 -0.8540 -0.1258
vn -0.8769 -0.4584 -0.1450
vn 0.0125 -0.9417 -0.3362
vn 0.0223 -0.9868 -0.1602
vn -0.0061 -0.9968 -0.0802
vn -0.0310 -0.9989 -0.0364
vn -0.1295 -0.9911 -0.0314
vn -0.5505 -0.8329 -0.0562
vn -0.8913 -0.4497 -0.0573
vn 0.3803 0.8884 0.2571
vn 0.1945 0.9487 0.2492
vn 0.2228 0.9591 0.1745
vn 0.3032 0.9312 0.2023
vn 0.0096 0.9799 0.1992
vn 0.1313 0.9871 0.0920
vn 0.3156 0.9387 -0.1391
vn 0.3698 0.9269 -0.0645
vn 0.4007 0.9158 -0.0274
vn -0.5549 0.2884 -0.7803
vn -0.6037 0.1175 -0.7885
vn -0.5066 0.4345 -0.7447
vn -0.3395 0.4318 -0.8356
vn -0.3757 0.2927 -0.8793
vn -0.4257 0.1265 -0.8960
vn -0.4718 0.5336 -0.7020
vn -0.3161 0.5612 -0.7650
vn -0.2329 0.5734 -0.7855
vn -0.2376 0.4205 -0.8756
vn -0.2491 0.3078 -0.9182
vn -0.2933 0.1539 -0.9436
vn -0.8240 -0.2044 -0.5285
vn -0.5794 -0.3862 -0.7177
vn -0.8191 -0.0745 -0.5688
vn -0.6229 -0.1673 -0.7642
vn -0.4140 -0.3100 -0.8559
vn -0.3141 -0.6085 -0.7287
vn -0.8099 0.0084 -0.5866
vn -0.6284 -0.0258 -0.7775
vn -0.4492 -0.0759 -0.8902
vn -0.3033 -0.1458 -0.9417
vn -0.2116 -0.5029 -0.8381
vn -0.0674 -0.2192 -0.9733
vn 0.0483 -0.6776 -0.7339
vn -0.0665 -0.7939 -0.6045
vn 0.1374 -0.8604 -0.4908
vn 0.0524 -0.9948 0.0875
vn -0.0384 -0.9961 0.0793
vn 0.2368 -0.9566 0.1701
vn 0.0093 -0.9922 0.1240
vn -0.0543 -0.9933 0.1024
vn -0.0589 -0.9952 0.0778
vn 0.5707 -0.7591 0.3132
vn 0.1309 -0.9649 0.2275
vn -0.0405 -0.9865 0.1590
vn -0.0533 -0.9870 0.1518
vn -0.0580 -0.9932 0.1007
vn -0.0443 -0.9887 0.1432
vn -0.0515 -0.9940 0.0966
vn -0.0599 -0.9952 0.0779
vn -0.0546 -0.9956 0.0762
vn 0.9719 -0.2276 0.0595
vn 0.9605 -0.2534 0.1150
vn 0.9851 -0.1157 0.1270
vn 0.9879 -0.0462 0.1482
vn 0.9917 -0.0000 0.1285
vn 0.9367 -0.3350 0.1020
vn 0.9748 -0.1315 0.1804
vn 0.9777 -0.0779 0.1951
vn 0.9865 -0.0190 0.1627
vn 0.9904 0.0268 0.1354
vn 0.9916 0.0060 0.1294
vn 0.9886 0.0324 0.1467
vn 0.9850 -0.0433 0.1673
vn 0.9039 -0.4208 0.0767
vn 0.8483 -0.5197 0.1018
vn -0.7144 0.6948 0.0832
vn -0.7756 0.6247 0.0902
vn -0.8466 0.5162 0.1295
vn -0.7797 0.6215 0.0764
vn -0.9307 0.3629 0.0449
vn -0.9688 0.2149 0.1235
vn -0.9810 0.0346 0.1909
vn -0.9325 0.2899 0.2154
vn -0.9798 -0.0536 0.1924
vn -0.9668 0.0915 0.2385
vn -0.8812 0.4412 0.1697
vn -0.9292 0.2487 0.2733
vn -0.9544 0.1611 0.2515
vn -0.9825 0.0249 0.1847
vn -0.9909 0.0480 0.1259
vn -0.9638 0.1506 0.2201
vn -0.9890 -0.0461 0.1406
vn -0.9971 0.0004 0.0756
vn -0.9982 0.0023 0.0594
vn -0.9855 0.0944 0.1410
vn -0.9311 0.2025 0.3035
vn 0.7238 -0.6766 0.1355
vn 0.9601 -0.1716 0.2208
vn 0.8825 -0.3992 0.2486
vn 0.4663 -0.8813 0.0760
vn 0.9836 -0.0148 0.1800
vn 0.9651 -0.1273 0.2289
vn 0.8877 -0.3643 0.2815
vn 0.6530 -0.7295 0.2032
vn 0.2296 -0.9692 0.0893
vn -0.0743 -0.9942 0.0779
vn -0.0824 -0.9917 0.0990
vn -0.2100 -0.9678 0.1386
vn -0.1562 -0.9824 0.1020
vn -0.1021 -0.9833 0.1508
vn -0.2954 -0.9310 0.2145
vn -0.4922 -0.8155 0.3046
vn -0.3799 -0.9017 0.2065
vn -0.2885 -0.9444 0.1578
vn 0.7525 -0.6167 -0.2311
vn 0.8652 -0.4941 -0.0857
vn 0.8326 -0.5259 -0.1737
vn 0.9153 -0.4025 -0.0125
vn 0.9522 -0.2994 0.0605
vn 0.9227 -0.3851 -0.0186
vn 0.9413 -0.2895 -0.1737
vn 0.9669 -0.2541 0.0228
vn 0.9697 -0.2205 0.1050
vn 0.9732 -0.1800 0.1429
vn 0.9750 -0.2036 0.0889
vn 0.9597 -0.2810 0.0090
vn 0.2415 -0.8572 -0.4549
vn 0.2545 -0.7352 -0.6282
vn 0.4291 -0.7224 -0.5422
vn 0.3316 -0.8239 -0.4596
vn 0.2807 -0.2880 -0.9156
vn 0.5826 -0.3429 -0.7369
vn 0.8112 -0.3418 -0.4746
vn 0.6475 -0.6525 -0.3937
vn 0.5258 -0.7500 -0.4014
vn -0.9640 -0.2616 -0.0485
vn -0.9837 -0.1631 -0.0753
vn -0.9756 -0.1074 -0.1914
vn -0.9609 -0.2301 -0.1542
vn -0.9918 -0.0526 -0.1166
vn -0.9745 0.0010 -0.2245
vn -0.9207 0.0188 -0.3897
vn -0.9293 -0.0630 -0.3639
vn -0.9327 -0.1818 -0.3115
vn -0.9364 0.3082 0.1677
vn -0.9326 0.3059 0.1913
vn -0.8847 0.4276 0.1856
vn -0.7292 0.6723 0.1280
vn -0.8833 0.4483 0.1374
vn -0.9194 0.3432 0.1922
vn -0.7634 0.6037 0.2297
vn -0.6285 0.7241 0.2839
vn -0.3944 0.9090 0.1345
vn -0.5286 0.8415 0.1113
vn -0.3434 0.9392 0.0044
vn -0.5188 0.8548 0.0121
vn -0.2690 0.9630 0.0177
vn -0.7867 0.6172 0.0087
vn -0.9015 0.4288 0.0582
vn -0.6520 -0.4594 0.6032
vn -0.4756 -0.4816 0.7361
vn -0.8143 -0.3568 0.4579
vn -0.8175 -0.4001 0.4142
vn -0.6139 -0.5452 0.5708
vn -0.4540 -0.5935 0.6646
vn -0.8957 -0.2972 0.3309
vn -0.9247 -0.2677 0.2708
vn -0.9336 -0.2483 0.2583
vn -0.9065 -0.2989 0.2982
vn -0.9089 -0.3001 0.2897
vn -0.7953 -0.4599 0.3950
vn -0.9368 -0.2415 0.2530
vn -0.5428 -0.6514 0.5301
vn -0.4048 -0.7059 0.5812
vn -0.9498 -0.2000 0.2406
vn -0.9587 -0.1536 0.2395
vn -0.9604 -0.1622 0.2267
vn -0.9509 -0.2032 0.2334
vn -0.9634 -0.0251 0.2670
vn -0.9370 0.2621 0.2308
vn -0.9632 0.1993 0.1802
vn -0.9745 -0.0711 0.2127
vn -0.9842 -0.0444 0.1716
vn -0.9644 -0.1522 0.2164
vn -0.9571 0.2470 0.1515
vn -0.9511 -0.1987 0.2364
vn -0.3773 0.4171 0.8268
vn -0.3582 0.4680 0.8079
vn -0.3963 0.4495 0.8005
vn -0.4035 0.3888 0.8283
vn -0.3339 0.5444 0.7695
vn -0.3701 0.5158 0.7726
vn -0.3888 0.4866 0.7824
vn -0.4069 0.4231 0.8096
vn -0.4160 0.3681 0.8315
vn -0.3171 0.6060 0.7296
vn -0.3379 0.5867 0.7359
vn -0.3096 0.6326 0.7099
vn -0.3210 0.6365 0.7013
vn -0.3275 0.6317 0.7026
vn -0.3576 0.5628 0.7453
vn -0.3780 0.5314 0.7581
vn -0.4053 0.4580 0.7912
vn -0.3386 0.6120 0.7147
vn -0.3659 0.5774 0.7299
vn -0.4020 0.5028 0.7652
vn -0.4270 0.4280 0.7966
vn -0.4181 0.3996 0.8158
vn -0.4237 0.3536 0.8339
vn -0.4355 0.3763 0.8178
vn -0.4368 0.3441 0.8311
vn -0.7838 0.5861 0.2053
vn -0.7940 0.5692 0.2134
vn -0.7894 0.5659 0.2380
vn -0.7806 0.5827 0.2262
vn -0.8025 0.5539 0.2218
vn -0.7948 0.5559 0.2436
vn -0.7937 0.5540 0.2512
vn -0.7880 0.5635 0.2480
vn -0.7828 0.5747 0.2387
vn -0.8198 0.5262 0.2260
vn -0.8053 0.5380 0.2489
vn -0.8357 0.4971 0.2335
vn -0.8385 0.4872 0.2441
vn -0.8397 0.4831 0.2479
vn -0.8084 0.5319 0.2522
vn -0.8085 0.5309 0.2541
vn -0.7918 0.5545 0.2563
vn -0.8404 0.4814 0.2488
vn -0.8381 0.4816 0.2562
vn -0.8072 0.5297 0.2604
vn -0.7891 0.5559 0.2612
vn -0.7865 0.5623 0.2555
vn -0.7846 0.5670 0.2507
vn -0.7845 0.5626 0.2610
vn -0.7848 0.5630 0.2591
vn -0.1996 -0.2222 0.9544
vn -0.2848 -0.0837 0.9549
vn -0.1688 -0.3065 0.9368
vn -0.1199 -0.4200 0.8996
vn -0.1476 -0.3500 0.9250
vn -0.1928 -0.2779 0.9410
vn -0.1613 -0.3820 0.9100
vn -0.1719 -0.4336 0.8846
vn -0.1216 -0.4688 0.8749
vn -0.1148 -0.4633 0.8788
vn -0.0734 -0.5396 0.8387
vn -0.0807 -0.5036 0.8602
vn -0.0732 -0.5319 0.8436
vn -0.0865 -0.4462 0.8907
vn -0.1046 -0.3293 0.9384
vn -0.4420 0.7653 0.4679
vn -0.3014 0.6559 0.6921
vn -0.2014 0.8959 0.3959
vn -0.2953 0.9275 0.2292
vn -0.3628 0.5385 0.7605
vn -0.4174 0.4392 0.7955
vn -0.3058 0.6781 0.6683
vn -0.1948 0.8284 0.5252
vn -0.1274 0.9093 0.3961
vn -0.1872 0.9625 0.1962
vn -0.1371 0.8436 0.5192
vn -0.2179 0.9738 0.0652
vn -0.2230 -0.4516 0.8639
vn -0.3344 -0.4482 0.8290
vn -0.2509 -0.5338 0.8076
vn -0.1639 -0.4999 0.8504
vn -0.4200 -0.4613 0.7815
vn -0.3744 -0.5736 0.7286
vn -0.3140 -0.6650 0.6776
vn -0.1761 -0.5813 0.7944
vn -0.0994 -0.5405 0.8355
vn -0.4522 0.3494 0.8207
vn -0.4509 0.3368 0.8266
vn -0.4505 0.4014 0.7974
vn -0.3359 0.4142 0.8459
vn -0.3075 0.4142 0.8567
vn -0.3316 0.4248 0.8424
vn -0.4255 0.4937 0.7585
vn -0.3685 0.5835 0.7237
vn -0.2757 0.4113 0.8688
vn -0.3389 0.4270 0.8384
vn 0.0159 0.2580 0.9660
vn 0.1402 0.4044 0.9038
vn -0.0061 0.0242 0.9997
vn 0.0962 0.5936 0.7990
vn -0.0894 0.7140 0.6944
vn -0.7856 0.5604 0.2623
vn -0.7884 0.5587 0.2575
vn -0.7904 0.5531 0.2635
vn -0.7985 0.5438 0.2582
vn -0.7907 0.5539 0.2609
vn -0.8001 0.5446 0.2517
vn -0.8208 0.5065 0.2641
vn -0.8607 0.4409 0.2546
vn -0.8889 0.3889 0.2419
vn -0.8478 0.4642 0.2564
vn -0.8695 0.4674 0.1595
vn -0.8162 0.5346 0.2191
vn -0.8861 0.4533 0.0972
vn -0.8077 0.5349 0.2482
vn -0.8366 0.4959 0.2327
vn -0.2999 0.6247 0.7210
vn -0.3059 0.6542 0.6917
vn -0.3020 0.5687 0.7650
vn -0.2926 0.5853 0.7562
vn -0.2928 0.6413 0.7092
vn -0.3095 0.6189 0.7220
vn -0.3218 0.4764 0.8182
vn -0.3683 0.3892 0.8443
vn -0.3817 0.3760 0.8444
vn -0.3247 0.4782 0.8160
vn -0.3375 0.4761 0.8121
vn -0.2849 0.5949 0.7516
vn -0.4007 0.3765 0.8353
vn -0.3683 0.5876 0.7205
vn -0.4481 0.3314 0.8303
vn -0.8467 0.4959 0.1926
vn -0.8713 0.4445 0.2079
vn -0.8185 0.5452 0.1812
vn -0.8291 0.5408 0.1419
vn -0.8712 0.4638 0.1612
vn -0.8984 0.3965 0.1891
vn -0.7954 0.5817 0.1703
vn -0.7754 0.6070 0.1741
vn -0.7626 0.6311 0.1419
vn -0.7882 0.6001 0.1367
vn -0.7840 0.6099 0.1157
vn -0.8336 0.5402 0.1156
vn -0.7796 0.6124 0.1309
vn -0.8876 0.4378 0.1433
vn -0.9158 0.3601 0.1779
vn -0.8752 0.4170 0.2452
vn -0.8765 0.4179 0.2391
vn -0.9023 0.3628 0.2328
vn -0.8994 0.3646 0.2413
vn -0.8764 0.4235 0.2292
vn -0.9039 0.3698 0.2149
vn -0.9208 0.3322 0.2044
vn -0.9154 0.3343 0.2244
vn -0.9123 0.3635 0.1885
vn -0.7707 0.6066 0.1951
vn -0.7785 0.5893 0.2160
vn -0.7790 0.6032 0.1715
vn -0.7619 0.6297 0.1517
vn -0.7860 0.5701 0.2392
vn -0.7961 0.5666 0.2124
vn -0.8434 0.5067 0.1788
vn -0.8408 0.5204 0.1489
vn -0.8158 0.5619 0.1366
vn -0.4043 0.3508 0.8447
vn -0.4192 0.3400 0.8418
vn -0.4241 0.3598 0.8311
vn -0.4131 0.3492 0.8411
vn -0.4358 0.3378 0.8343
vn -0.4108 0.3859 0.8260
vn -0.2550 0.6039 0.7552
vn -0.3880 0.4434 0.8080
vn -0.4182 0.3697 0.8297
vn -0.3184 0.6171 0.7196
vn -0.2796 0.6332 0.7218
vn -0.3648 0.2226 0.9041
vn -0.2087 0.2798 0.9371
vn -0.2954 0.6581 0.6926
vn -0.3299 0.4385 0.8360
vn -0.4278 0.0212 0.9036
vn -0.2593 -0.1143 0.9590
vn -0.1317 -0.1288 0.9829
vn 0.8095 -0.2444 -0.5338
vn 0.3302 0.6871 -0.6472
vn 0.7697 0.0469 -0.6366
vn 0.6686 0.2237 -0.7092
vn 0.8348 0.5233 0.1713
vn 0.5759 0.0862 -0.8129
vn -0.1766 0.9745 -0.1381
vn 0.2958 0.7005 -0.6495
vn 0.5480 -0.3832 0.7436
vn 0.1746 0.0461 0.9836
vn 0.5196 0.6333 -0.5735
vn 0.7300 0.2794 -0.6237
vn 0.9733 -0.2218 -0.0596
vn -0.2409 0.5814 0.7772
vn -0.8672 0.2719 0.4171
vn -0.8349 0.4908 0.2492
vn -0.8513 0.4882 0.1924
vn -0.8874 0.2891 0.3590
vn -0.7727 0.6204 0.1343
vn -0.7914 0.6047 0.0895
vn -0.8065 0.5883 0.0599
vn -0.8606 0.4872 0.1488
vn -0.8989 0.3132 0.3065
vn -0.7248 0.6850 0.0738
vn -0.7443 0.6666 0.0416
vn -0.7096 0.7027 0.0509
vn -0.7292 0.6838 0.0264
vn -0.7495 0.6619 0.0138
vn -0.7636 0.6453 0.0229
vn -0.7793 0.6265 0.0157
vn -0.8165 0.5756 0.0436
vn -0.7662 0.6425 0.0110
vn -0.7719 0.6356 0.0111
vn -0.7833 0.6215 0.0140
vn -0.8175 0.5747 0.0359
vn -0.8634 0.4903 0.1186
vn -0.9020 0.3429 0.2622
vn -0.8622 0.4957 0.1045
vn -0.9017 0.3555 0.2461
vn -0.7000 -0.1836 0.6901
vn -0.7168 -0.1641 0.6777
vn -0.7316 -0.1460 0.6659
vn -0.7117 -0.1655 0.6827
vn -0.7642 -0.0938 0.6382
vn -0.7859 -0.0721 0.6141
vn -0.8080 -0.0365 0.5881
vn -0.7491 -0.1151 0.6524
vn -0.7263 -0.1358 0.6738
vn -0.8274 0.0461 0.5597
vn -0.8525 0.0710 0.5179
vn -0.8731 0.1089 0.4751
vn -0.8875 0.1571 0.4332
vn -0.8284 0.0118 0.5600
vn -0.8898 0.1736 0.4220
vn -0.8322 0.0300 0.5537
vn -0.7677 -0.0723 0.6367
vn -0.7429 -0.0949 0.6627
vn -0.7726 -0.0517 0.6328
vn -0.7504 -0.0742 0.6568
vn -0.7090 -0.1641 0.6858
vn -0.7159 -0.1433 0.6833
vn -0.7102 -0.1549 0.6867
vn -0.7008 -0.1759 0.6913
vn -0.7376 -0.0873 0.6696
vn -0.7358 -0.0954 0.6704
vn -0.7378 -0.1026 0.6672
vn -0.7052 -0.1664 0.6892
vn -0.6935 -0.1875 0.6956
vn -0.7737 0.0135 0.6334
vn -0.7776 0.0172 0.6285
vn -0.8106 0.1763 0.5584
vn -0.8165 0.2045 0.5399
vn -0.8278 0.2348 0.5096
vn -0.7876 0.0231 0.6157
vn -0.8040 0.0317 0.5937
vn -0.7471 -0.1026 0.6567
vn -0.8448 0.2559 0.4699
vn -0.7072 -0.1705 0.6862
vn -0.6934 -0.1905 0.6949
vn -0.8198 0.3606 0.4449
vn -0.8153 0.4088 0.4100
vn -0.8058 0.4875 0.3363
vn -0.7872 0.5424 0.2934
vn -0.7635 0.6003 0.2381
vn -0.8116 0.4596 0.3607
vn -0.7964 0.5499 0.2515
vn -0.7687 0.6043 0.2097
vn -0.7993 0.5647 0.2056
vn -0.7534 0.6359 0.1673
vn -0.7123 0.6910 0.1231
vn -0.7285 0.6664 0.1588
vn -0.7154 0.6892 0.1151
vn -0.7596 0.6231 0.1866
vn -0.6994 0.7096 0.0856
vn -0.8185 0.4846 0.3085
vn -0.5662 0.2122 0.7965
vn -0.5335 0.2568 0.8059
vn -0.3772 0.4811 0.7914
vn -0.3792 0.4812 0.7904
vn -0.5066 0.3017 0.8076
vn -0.3696 0.4911 0.7888
vn -0.2802 0.6021 0.7477
vn -0.2755 0.6083 0.7444
vn -0.2687 0.6183 0.7386
vn -0.4844 0.3394 0.8063
vn -0.3616 0.5027 0.7852
vn -0.4745 0.3556 0.8052
vn -0.3589 0.5065 0.7840
vn -0.2855 0.5955 0.7510
vn -0.2837 0.5978 0.7498
vn -0.2467 0.6487 0.7200
vn -0.2375 0.6599 0.7128
vn -0.2512 0.6430 0.7235
vn -0.2427 0.6588 0.7121
vn -0.2378 0.6649 0.7081
vn -0.2268 0.6780 0.6992
vn -0.2275 0.6718 0.7049
vn -0.2173 0.6839 0.6964
vn -0.2152 0.6913 0.6898
vn -0.2043 0.7032 0.6810
vn -0.7942 -0.2020 0.5731
vn -0.7686 -0.1598 0.6194
vn -0.7552 -0.1441 0.6395
vn -0.7814 -0.1910 0.5941
vn -0.7489 -0.1194 0.6518
vn -0.7345 -0.0999 0.6712
vn -0.6957 -0.0326 0.7176
vn -0.7184 -0.0839 0.6906
vn -0.7453 -0.1397 0.6519
vn -0.7330 -0.0771 0.6758
vn -0.7172 -0.0546 0.6947
vn -0.7247 -0.0528 0.6870
vn -0.7070 -0.0288 0.7066
vn -0.6631 0.0463 0.7471
vn -0.6754 0.0174 0.7372
vn -0.6022 0.1513 0.7839
vn -0.6268 0.0989 0.7728
vn -0.5886 0.1785 0.7885
vn -0.6543 0.0403 0.7552
vn -0.6847 -0.0224 0.7285
vn -0.8382 -0.4632 0.2878
vn -0.8471 -0.4007 0.3490
vn -0.8306 -0.4044 0.3828
vn -0.8209 -0.4490 0.3528
vn -0.8429 -0.3177 0.4343
vn -0.8278 -0.3187 0.4617
vn -0.7942 -0.2837 0.5373
vn -0.8028 -0.3640 0.4722
vn -0.8000 -0.3964 0.4503
vn -0.8226 -0.2525 0.5094
vn -0.8090 -0.2478 0.5330
vn -0.7732 -0.2066 0.5996
vn -0.7251 -0.1125 0.6794
vn -0.7632 -0.2091 0.6114
vn -0.6684 0.0410 0.7427
vn -0.7333 -0.0733 0.6759
vn -0.7852 -0.2738 0.5554
vn -0.7914 -0.2866 0.5399
vn -0.7722 -0.1115 0.6255
vn -0.7832 -0.0972 0.6141
vn -0.3650 0.5130 0.7769
vn -0.4932 0.3682 0.7881
vn -0.2618 0.6338 0.7279
vn -0.2575 0.6595 0.7062
vn -0.3269 0.6059 0.7253
vn -0.4192 0.5321 0.7356
vn -0.1996 0.7144 0.6706
vn -0.2110 0.6975 0.6848
vn -0.2203 0.7210 0.6570
vn -0.2250 0.7079 0.6695
vn -0.3997 0.6423 0.6540
vn -0.3802 0.6331 0.6743
vn -0.2855 0.6861 0.6692
vn -0.2878 0.7021 0.6514
vn -0.7397 0.1094 0.6640
vn -0.7459 0.1356 0.6521
vn -0.6958 0.1141 0.7091
vn -0.6348 0.3124 0.7067
vn -0.6506 0.3536 0.6721
vn -0.6604 0.3585 0.6598
vn -0.6016 0.2312 0.7646
vn -0.5260 0.4370 0.7296
vn -0.5316 0.5341 0.6574
vn -0.5074 0.5361 0.6746
vt 0.291066 0.733414
vt 0.278886 0.699467
vt 0.316094 0.691088
vt 0.326486 0.722463
vt 0.266798 0.668029
vt 0.305117 0.660676
vt 0.346336 0.656931
vt 0.355935 0.684831
vt 0.365473 0.713851
vt 0.255762 0.642660
vt 0.296700 0.635776
vt 0.239532 0.616417
vt 0.291424 0.613084
vt 0.335739 0.612722
vt 0.339081 0.633487
vt 0.381124 0.632408
vt 0.388417 0.652821
vt 0.376649 0.613658
vt 0.407558 0.614383
vt 0.416504 0.626098
vt 0.426133 0.644176
vt 0.397038 0.677946
vt 0.406228 0.705905
vt 0.435631 0.668255
vt 0.444624 0.695821
vt 0.605404 0.438782
vt 0.577568 0.468396
vt 0.551122 0.441605
vt 0.573091 0.412950
vt 0.549638 0.492028
vt 0.527829 0.460300
vt 0.505782 0.431973
vt 0.524604 0.414798
vt 0.541676 0.387704
vt 0.512470 0.514339
vt 0.498999 0.477461
vt 0.461740 0.530604
vt 0.459445 0.492395
vt 0.453340 0.458748
vt 0.483230 0.446886
vt 0.467077 0.423941
vt 0.483981 0.409000
vt 0.444801 0.433674
vt 0.436321 0.417308
vt 0.447022 0.406238
vt 0.458746 0.389002
vt 0.498191 0.389674
vt 0.511060 0.363994
vt 0.469740 0.367092
vt 0.480916 0.340257
vt 0.439745 0.349720
vt 0.450766 0.322793
vt 0.429546 0.373793
vt 0.396048 0.360867
vt 0.406833 0.334908
vt 0.418133 0.308593
vt 0.419912 0.393754
vt 0.412991 0.412392
vt 0.377081 0.406298
vt 0.385625 0.383737
vt 0.345841 0.373582
vt 0.359842 0.348098
vt 0.332466 0.400125
vt 0.277018 0.393117
vt 0.306328 0.360887
vt 0.325414 0.333267
vt 0.372509 0.321324
vt 0.384305 0.295438
vt 0.340111 0.306857
vt 0.352488 0.281978
vt 0.260980 0.515706
vt 0.257381 0.541513
vt 0.217286 0.534779
vt 0.220111 0.508409
vt 0.253488 0.565497
vt 0.213470 0.559709
vt 0.179059 0.553000
vt 0.181827 0.527215
vt 0.184410 0.500568
vt 0.248279 0.588778
vt 0.207905 0.583728
vt 0.197958 0.607184
vt 0.166303 0.603391
vt 0.173920 0.578437
vt 0.146447 0.575420
vt 0.151301 0.546635
vt 0.140878 0.603159
vt 0.120927 0.600514
vt 0.130075 0.572815
vt 0.125947 0.543929
vt 0.152565 0.519505
vt 0.152504 0.493078
vt 0.127566 0.513224
vt 0.125739 0.487618
vt 0.572754 0.152487
vt 0.561275 0.176424
vt 0.534611 0.156574
vt 0.545193 0.132504
vt 0.548955 0.198614
vt 0.523397 0.180442
vt 0.494114 0.160370
vt 0.505312 0.134868
vt 0.516264 0.110516
vt 0.534773 0.219886
vt 0.511046 0.205538
vt 0.522592 0.238882
vt 0.498055 0.230316
vt 0.465960 0.219117
vt 0.481931 0.187810
vt 0.451133 0.169881
vt 0.463632 0.140274
vt 0.433731 0.205348
vt 0.405991 0.187577
vt 0.423340 0.150581
vt 0.435210 0.121690
vt 0.475125 0.113401
vt 0.486413 0.088941
vt 0.446407 0.094858
vt 0.457521 0.070289
vt 0.448168 0.559388
vt 0.400285 0.552335
vt 0.408601 0.527625
vt 0.435412 0.581750
vt 0.390364 0.574407
vt 0.342192 0.572436
vt 0.348139 0.550445
vt 0.354752 0.525842
vt 0.420515 0.601534
vt 0.380798 0.595020
vt 0.337353 0.592847
vt 0.292837 0.591153
vt 0.296957 0.569569
vt 0.301318 0.546779
vt 0.305926 0.521737
vt 0.093923 0.973025
vt 0.074790 0.960067
vt 0.080513 0.938305
vt 0.103160 0.953420
vt 0.055445 0.938097
vt 0.062284 0.916769
vt 0.069398 0.896966
vt 0.086058 0.916611
vt 0.112664 0.931108
vt 0.035936 0.914677
vt 0.048277 0.898560
vt 0.023899 0.891283
vt 0.038643 0.878980
vt 0.051342 0.866089
vt 0.059450 0.881957
vt 0.072662 0.862543
vt 0.082445 0.873022
vt 0.063665 0.849953
vt 0.076115 0.831087
vt 0.095077 0.838862
vt 0.114108 0.846746
vt 0.094470 0.886592
vt 0.124658 0.902129
vt 0.127533 0.858261
vt 0.143877 0.873379
vt 0.269114 0.213778
vt 0.256504 0.228755
vt 0.242372 0.206460
vt 0.254791 0.193352
vt 0.241330 0.244217
vt 0.227943 0.219584
vt 0.215879 0.195256
vt 0.229651 0.183753
vt 0.242045 0.171996
vt 0.222363 0.259874
vt 0.210173 0.233242
vt 0.199335 0.275606
vt 0.188823 0.247148
vt 0.178780 0.219752
vt 0.199181 0.207295
vt 0.188742 0.182306
vt 0.204815 0.171361
vt 0.168269 0.193920
vt 0.155425 0.167396
vt 0.176495 0.157147
vt 0.192934 0.146866
vt 0.218221 0.161160
vt 0.231362 0.149467
vt 0.207365 0.137016
vt 0.222521 0.124214
vt 0.194867 0.801125
vt 0.206495 0.818582
vt 0.190862 0.834025
vt 0.179400 0.819206
vt 0.216734 0.834633
vt 0.201067 0.848472
vt 0.188228 0.864224
vt 0.177954 0.850590
vt 0.166310 0.836667
vt 0.225653 0.850128
vt 0.210069 0.863185
vt 0.234524 0.869114
vt 0.218842 0.882481
vt 0.205393 0.897831
vt 0.197280 0.878771
vt 0.186929 0.896084
vt 0.178050 0.880924
vt 0.193682 0.911635
vt 0.185033 0.921781
vt 0.178103 0.913746
vt 0.168822 0.901539
vt 0.167307 0.867226
vt 0.155131 0.854094
vt 0.157995 0.886697
vt 0.371169 0.029484
vt 0.360699 0.050478
vt 0.343643 0.042337
vt 0.354476 0.022450
vt 0.350128 0.070566
vt 0.332785 0.061416
vt 0.317268 0.052497
vt 0.328274 0.034221
vt 0.339507 0.015468
vt 0.339365 0.090619
vt 0.321883 0.080307
vt 0.327481 0.112764
vt 0.310650 0.100373
vt 0.295759 0.087915
vt 0.306293 0.070256
vt 0.293101 0.061069
vt 0.303989 0.043901
vt 0.282998 0.076518
vt 0.273355 0.068174
vt 0.283262 0.053422
vt 0.292634 0.035960
vt 0.314777 0.025977
vt 0.326278 0.008156
vt 0.302905 0.017642
vt 0.314427 0.000114
vt 0.772330 0.359078
vt 0.747774 0.351319
vt 0.749056 0.337474
vt 0.767935 0.342829
vt 0.728777 0.342063
vt 0.734197 0.329970
vt 0.737743 0.318169
vt 0.750132 0.323073
vt 0.766410 0.325528
vt 0.714034 0.332333
vt 0.721978 0.322696
vt 0.701283 0.324688
vt 0.710743 0.316283
vt 0.717589 0.307404
vt 0.727500 0.312741
vt 0.731213 0.302137
vt 0.740147 0.305627
vt 0.722522 0.297815
vt 0.725283 0.288951
vt 0.732668 0.292472
vt 0.740463 0.294604
vt 0.751105 0.307873
vt 0.766346 0.307388
vt 0.750242 0.295206
vt 0.764756 0.292244
vt 0.138627 0.730102
vt 0.123575 0.758955
vt 0.109978 0.746246
vt 0.124414 0.717947
vt 0.109586 0.785156
vt 0.096527 0.771914
vt 0.085641 0.759018
vt 0.097897 0.735243
vt 0.111910 0.709305
vt 0.095003 0.808279
vt 0.083079 0.794717
vt 0.069038 0.815235
vt 0.064032 0.795853
vt 0.074321 0.779100
vt 0.064494 0.760268
vt 0.072973 0.743005
vt 0.057189 0.774624
vt 0.041295 0.749563
vt 0.050171 0.740160
vt 0.060822 0.730289
vt 0.084520 0.724444
vt 0.096709 0.702530
vt 0.072265 0.716948
vt 0.084808 0.699112
vt 0.211197 0.305232
vt 0.184108 0.320630
vt 0.172882 0.290914
vt 0.226894 0.334644
vt 0.197199 0.348690
vt 0.166604 0.356636
vt 0.156222 0.330595
vt 0.145233 0.302985
vt 0.247646 0.363670
vt 0.213045 0.375939
vt 0.226372 0.402606
vt 0.186091 0.404063
vt 0.177346 0.380964
vt 0.142147 0.380597
vt 0.134153 0.358898
vt 0.148551 0.401302
vt 0.115279 0.398409
vt 0.108699 0.376104
vt 0.101159 0.352592
vt 0.125643 0.335271
vt 0.116856 0.309612
vt 0.095038 0.331065
vt 0.088240 0.308570
vt 0.078301 0.072009
vt 0.093192 0.089794
vt 0.074118 0.103296
vt 0.059439 0.088007
vt 0.111453 0.109722
vt 0.088309 0.122248
vt 0.064896 0.134017
vt 0.052905 0.117232
vt 0.040749 0.102148
vt 0.131555 0.135850
vt 0.102642 0.143799
vt 0.120835 0.171264
vt 0.086444 0.173454
vt 0.075734 0.152088
vt 0.051327 0.158705
vt 0.041987 0.142598
vt 0.059878 0.176745
vt 0.035528 0.178645
vt 0.027950 0.162047
vt 0.019232 0.146768
vt 0.031420 0.127153
vt 0.020910 0.112372
vt 0.009437 0.131397
vt 0.000114 0.116694
vt 0.731519 0.239409
vt 0.731415 0.245319
vt 0.722150 0.246113
vt 0.720231 0.239139
vt 0.733666 0.251308
vt 0.725217 0.252663
vt 0.719844 0.254307
vt 0.716395 0.247261
vt 0.713682 0.239295
vt 0.741738 0.258323
vt 0.730817 0.260028
vt 0.748880 0.263727
vt 0.735930 0.266358
vt 0.728616 0.267002
vt 0.724161 0.260802
vt 0.720461 0.261465
vt 0.716262 0.255432
vt 0.724179 0.266800
vt 0.721808 0.266441
vt 0.718561 0.262721
vt 0.713886 0.257045
vt 0.712077 0.248149
vt 0.708345 0.239423
vt 0.708419 0.249534
vt 0.703262 0.239697
vt 0.944299 0.228507
vt 0.940623 0.247854
vt 0.918100 0.241111
vt 0.923216 0.222292
vt 0.934186 0.271410
vt 0.905835 0.260651
vt 0.883808 0.258040
vt 0.896057 0.238609
vt 0.903472 0.220000
vt 0.892056 0.310752
vt 0.884436 0.305946
vt 0.907828 0.304317
vt 0.909896 0.307970
vt 0.908603 0.322367
vt 0.896001 0.321923
vt 0.911940 0.313804
vt 0.920567 0.314767
vt 0.902639 0.282047
vt 0.914616 0.282470
vt 0.919277 0.293090
vt 0.913829 0.296337
vt 0.896072 0.296226
vt 0.909737 0.303067
vt 0.867538 0.276966
vt 0.852091 0.273730
vt 0.866684 0.255067
vt 0.844302 0.304647
vt 0.833812 0.292904
vt 0.820159 0.283585
vt 0.834508 0.270651
vt 0.849968 0.252206
vt 0.875940 0.237564
vt 0.883884 0.220821
vt 0.857472 0.237975
vt 0.863845 0.223668
vt 0.777849 0.028810
vt 0.792427 0.020516
vt 0.791007 0.052888
vt 0.764894 0.073626
vt 0.805784 0.011883
vt 0.810533 0.042598
vt 0.805427 0.089951
vt 0.778863 0.098495
vt 0.754243 0.103982
vt 0.820303 0.000114
vt 0.830735 0.026828
vt 0.952785 0.146385
vt 0.953229 0.163523
vt 0.926338 0.158047
vt 0.925065 0.137573
vt 0.865069 0.104171
vt 0.858177 0.100579
vt 0.868271 0.087904
vt 0.870811 0.088170
vt 0.852732 0.092589
vt 0.868143 0.086025
vt 0.877981 0.105522
vt 0.871279 0.107784
vt 0.874436 0.085830
vt 0.876207 0.090850
vt 0.851906 0.083110
vt 0.843104 0.076482
vt 0.864277 0.077089
vt 0.868305 0.080153
vt 0.833043 0.126578
vt 0.875469 0.155034
vt 0.823693 0.168451
vt 0.809301 0.147496
vt 0.806336 0.115271
vt 0.788336 0.139855
vt 0.767547 0.121873
vt 0.742104 0.127602
vt 0.760440 0.140869
vt 0.726759 0.155273
vt 0.645085 0.153956
vt 0.655122 0.139766
vt 0.663331 0.156759
vt 0.652182 0.171119
vt 0.664525 0.124630
vt 0.674149 0.142941
vt 0.681025 0.160246
vt 0.670438 0.173651
vt 0.658803 0.187205
vt 0.674058 0.110689
vt 0.683480 0.130069
vt 0.684898 0.097838
vt 0.692894 0.118570
vt 0.697259 0.138313
vt 0.689573 0.148580
vt 0.692989 0.165454
vt 0.685714 0.175962
vt 0.698987 0.156629
vt 0.699455 0.172407
vt 0.694839 0.179832
vt 0.688975 0.189113
vt 0.676528 0.188433
vt 0.666556 0.202859
vt 0.682002 0.201347
vt 0.674764 0.215937
vt 0.698799 0.085408
vt 0.703869 0.108206
vt 0.718829 0.071460
vt 0.718603 0.097983
vt 0.715035 0.120366
vt 0.705104 0.129225
vt 0.748145 0.050018
vt 0.739679 0.086264
vt 0.732564 0.110943
vt 0.720759 0.135270
vt 0.710678 0.142264
vt 0.713339 0.157072
vt 0.707070 0.161278
vt 0.704254 0.149117
vt 0.703060 0.166362
vt 0.784352 0.240515
vt 0.783759 0.245992
vt 0.770906 0.244590
vt 0.770856 0.239336
vt 0.782629 0.251236
vt 0.770909 0.250897
vt 0.761520 0.251248
vt 0.759487 0.242652
vt 0.757301 0.234937
vt 0.780873 0.255682
vt 0.771004 0.254301
vt 0.779056 0.259493
vt 0.771169 0.257971
vt 0.764227 0.257856
vt 0.762563 0.254288
vt 0.754193 0.255954
vt 0.751556 0.252330
vt 0.757537 0.259477
vt 0.748320 0.243626
vt 0.746540 0.237722
vt 0.142160 0.204578
vt 0.154049 0.231981
vt 0.125921 0.240266
vt 0.107455 0.208110
vt 0.163912 0.260792
vt 0.136288 0.272184
vt 0.106439 0.278624
vt 0.087106 0.236011
vt 0.066139 0.266518
vt 0.050374 0.225453
vt 0.070093 0.201555
vt 0.042434 0.198467
vt 0.205220 0.640887
vt 0.180641 0.631213
vt 0.180138 0.667132
vt 0.161579 0.657947
vt 0.141412 0.653270
vt 0.155160 0.627688
vt 0.158005 0.697158
vt 0.142213 0.686754
vt 0.126636 0.680272
vt 0.111822 0.676290
vt 0.123153 0.651045
vt 0.100132 0.675012
vt 0.105569 0.648580
vt 0.132857 0.627763
vt 0.112246 0.628830
vt 0.874735 0.335858
vt 0.849776 0.343553
vt 0.841071 0.327597
vt 0.855630 0.323649
vt 0.829851 0.349773
vt 0.826680 0.334351
vt 0.816847 0.313271
vt 0.832231 0.310328
vt 0.803553 0.360629
vt 0.794719 0.339605
vt 0.793911 0.317142
vt 0.788820 0.303540
vt 0.806996 0.301347
vt 0.783023 0.292398
vt 0.797967 0.291793
vt 0.821776 0.298768
vt 0.810276 0.290088
vt 0.421124 0.080179
vt 0.431824 0.056007
vt 0.410429 0.105083
vt 0.388717 0.091476
vt 0.399059 0.068648
vt 0.409408 0.045372
vt 0.399264 0.130572
vt 0.385055 0.161674
vt 0.365825 0.139559
vt 0.378167 0.114253
vt 0.358361 0.101410
vt 0.368828 0.080301
vt 0.346608 0.124707
vt 0.379153 0.059036
vt 0.389442 0.036923
vt 0.300477 0.761812
vt 0.270772 0.774605
vt 0.260434 0.747764
vt 0.308538 0.787053
vt 0.279785 0.798144
vt 0.255552 0.809876
vt 0.245738 0.788671
vt 0.234373 0.764598
vt 0.315874 0.809847
vt 0.287866 0.819476
vt 0.323438 0.833529
vt 0.296018 0.841852
vt 0.272734 0.850132
vt 0.264131 0.829251
vt 0.243686 0.839383
vt 0.234822 0.822084
vt 0.252593 0.859058
vt 0.224611 0.803462
vt 0.212843 0.782552
vt 0.312809 0.289823
vt 0.325493 0.267195
vt 0.297245 0.313830
vt 0.274788 0.291263
vt 0.290442 0.270791
vt 0.303252 0.250754
vt 0.276166 0.339777
vt 0.253602 0.313558
vt 0.236315 0.286528
vt 0.256572 0.268145
vt 0.272126 0.250310
vt 0.284896 0.232881
vt 0.334822 0.867947
vt 0.307516 0.874722
vt 0.347106 0.903691
vt 0.319293 0.909247
vt 0.295761 0.914849
vt 0.285334 0.882669
vt 0.355983 0.929946
vt 0.327830 0.935087
vt 0.364193 0.955348
vt 0.335753 0.960283
vt 0.312131 0.965033
vt 0.304227 0.940359
vt 0.283666 0.945661
vt 0.274966 0.920332
vt 0.291710 0.969623
vt 0.273249 0.974094
vt 0.264697 0.951147
vt 0.255583 0.926565
vt 0.265682 0.891721
vt 0.246082 0.899928
vt 0.771352 0.208954
vt 0.774069 0.214332
vt 0.763936 0.217045
vt 0.762082 0.211647
vt 0.776727 0.219503
vt 0.765655 0.221901
vt 0.755574 0.223011
vt 0.754634 0.217929
vt 0.753677 0.212358
vt 0.780449 0.227214
vt 0.768462 0.229473
vt 0.756297 0.230229
vt 0.745772 0.230759
vt 0.745256 0.223621
vt 0.730575 0.230960
vt 0.727565 0.223029
vt 0.744789 0.217779
vt 0.744511 0.211747
vt 0.730172 0.217542
vt 0.730175 0.208690
vt 0.688790 0.320913
vt 0.698557 0.311180
vt 0.675488 0.320250
vt 0.684999 0.307623
vt 0.693242 0.297118
vt 0.706216 0.302174
vt 0.661056 0.321072
vt 0.669986 0.306129
vt 0.645085 0.322080
vt 0.653609 0.306388
vt 0.662244 0.292682
vt 0.678725 0.293891
vt 0.686090 0.281732
vt 0.699741 0.287098
vt 0.670971 0.279290
vt 0.678386 0.267164
vt 0.692014 0.270720
vt 0.706599 0.277446
vt 0.712692 0.292649
vt 0.716979 0.283844
vt 0.953013 0.178590
vt 0.928082 0.173781
vt 0.951214 0.193871
vt 0.928286 0.188987
vt 0.908100 0.186648
vt 0.905855 0.171152
vt 0.901186 0.155012
vt 0.948134 0.210429
vt 0.926706 0.205072
vt 0.907411 0.202825
vt 0.889233 0.203567
vt 0.888523 0.186818
vt 0.867828 0.209050
vt 0.863186 0.195458
vt 0.883540 0.171075
vt 0.849296 0.183346
vt 0.718046 0.216118
vt 0.716422 0.207610
vt 0.719231 0.223664
vt 0.710660 0.223387
vt 0.710417 0.215369
vt 0.709424 0.207202
vt 0.720227 0.229088
vt 0.711723 0.231500
vt 0.706256 0.231972
vt 0.705203 0.221700
vt 0.701305 0.230660
vt 0.700996 0.218892
vt 0.704928 0.213877
vt 0.704339 0.206677
vt 0.701159 0.211165
vt 0.701573 0.206359
vt 0.057210 0.831812
vt 0.044997 0.845448
vt 0.040347 0.821634
vt 0.053017 0.809646
vt 0.031395 0.856650
vt 0.015549 0.866621
vt 0.009737 0.841990
vt 0.026041 0.832261
vt 0.019731 0.807193
vt 0.033196 0.796151
vt 0.005471 0.817837
vt 0.000114 0.796668
vt 0.012119 0.784612
vt 0.023108 0.771986
vt 0.046479 0.785541
vt 0.032568 0.759826
vt 0.228580 0.909258
vt 0.237883 0.933998
vt 0.222269 0.942553
vt 0.213348 0.920042
vt 0.247223 0.957291
vt 0.256505 0.979248
vt 0.241473 0.985091
vt 0.231606 0.964502
vt 0.217910 0.972624
vt 0.208984 0.951550
vt 0.228218 0.991951
vt 0.216309 0.999886
vt 0.205836 0.981208
vt 0.197437 0.959995
vt 0.200463 0.930429
vt 0.190697 0.939026
vt 0.195431 0.107667
vt 0.214430 0.090013
vt 0.176416 0.118104
vt 0.158409 0.083911
vt 0.182756 0.073166
vt 0.202281 0.064434
vt 0.156615 0.127440
vt 0.134782 0.097545
vt 0.118418 0.074988
vt 0.143469 0.060527
vt 0.098059 0.055117
vt 0.125059 0.039105
vt 0.169251 0.049543
vt 0.190062 0.042756
vt 0.155139 0.029720
vt 0.179534 0.022628
vt 0.412176 0.434850
vt 0.414318 0.462784
vt 0.367311 0.461874
vt 0.371826 0.431300
vt 0.414419 0.495044
vt 0.361786 0.494940
vt 0.311374 0.491916
vt 0.317943 0.459933
vt 0.265525 0.486931
vt 0.270725 0.456684
vt 0.323670 0.429181
vt 0.274971 0.428018
vt 0.456443 0.797957
vt 0.474678 0.829944
vt 0.440416 0.846247
vt 0.427526 0.805190
vt 0.487415 0.872491
vt 0.451589 0.883868
vt 0.415542 0.891425
vt 0.403874 0.856615
vt 0.391350 0.815073
vt 0.496809 0.905798
vt 0.461885 0.912491
vt 0.504942 0.934163
vt 0.470985 0.938294
vt 0.434638 0.943952
vt 0.425319 0.918783
vt 0.389154 0.924626
vt 0.379875 0.897971
vt 0.397996 0.949918
vt 0.367718 0.862582
vt 0.355689 0.824556
vt 0.229913 0.427597
vt 0.228045 0.453454
vt 0.189534 0.449031
vt 0.189943 0.425903
vt 0.224007 0.480904
vt 0.187100 0.474080
vt 0.152776 0.467645
vt 0.152754 0.443983
vt 0.123892 0.463388
vt 0.121865 0.440518
vt 0.151788 0.421917
vt 0.119344 0.419091
vt 0.468694 0.655619
vt 0.478479 0.682951
vt 0.456422 0.631859
vt 0.481877 0.616753
vt 0.496508 0.641178
vt 0.508598 0.669248
vt 0.441800 0.613663
vt 0.462531 0.596723
vt 0.480550 0.577911
vt 0.503807 0.600749
vt 0.499402 0.556380
vt 0.526500 0.582167
vt 0.521091 0.625402
vt 0.536326 0.654499
vt 0.546462 0.607193
vt 0.566757 0.637087
vt 0.457238 0.774433
vt 0.496799 0.771402
vt 0.498733 0.808138
vt 0.455944 0.748354
vt 0.492493 0.739678
vt 0.528825 0.735202
vt 0.537753 0.772308
vt 0.545961 0.814986
vt 0.451505 0.722308
vt 0.486553 0.710769
vt 0.519361 0.700466
vt 0.551857 0.691888
vt 0.567192 0.736907
vt 0.588516 0.682064
vt 0.608448 0.739894
vt 0.578030 0.776781
vt 0.581997 0.812944
vt 0.613070 0.776879
vt 0.611672 0.808284
vt 0.264536 0.076133
vt 0.253934 0.060571
vt 0.263404 0.054062
vt 0.253268 0.087381
vt 0.242796 0.068478
vt 0.230958 0.049942
vt 0.242724 0.043354
vt 0.254122 0.037180
vt 0.238329 0.106742
vt 0.229998 0.077706
vt 0.217823 0.056943
vt 0.206353 0.036948
vt 0.219945 0.031234
vt 0.196798 0.017277
vt 0.210637 0.012291
vt 0.232398 0.025374
vt 0.244670 0.019180
vt 0.223108 0.006953
vt 0.235446 0.000734
vt 0.390496 0.214322
vt 0.365365 0.197660
vt 0.376773 0.237106
vt 0.350623 0.222905
vt 0.328766 0.208452
vt 0.344209 0.181219
vt 0.364403 0.259047
vt 0.337598 0.245474
vt 0.315416 0.230830
vt 0.296924 0.215177
vt 0.309811 0.194296
vt 0.280944 0.198157
vt 0.293156 0.179162
vt 0.324821 0.166019
vt 0.307716 0.150508
vt 0.221990 0.658688
vt 0.234065 0.682096
vt 0.206981 0.703250
vt 0.194545 0.682061
vt 0.246861 0.713650
vt 0.220601 0.734435
vt 0.199416 0.758978
vt 0.184883 0.733399
vt 0.182015 0.782384
vt 0.168048 0.763256
vt 0.171690 0.712677
vt 0.153297 0.745215
vt 0.138574 0.773498
vt 0.153453 0.788867
vt 0.140145 0.811120
vt 0.124920 0.798262
vt 0.166969 0.804174
vt 0.153686 0.823494
vt 0.141666 0.841033
vt 0.127539 0.830258
vt 0.111099 0.819718
vt 0.293623 0.132865
vt 0.278993 0.160931
vt 0.267507 0.140224
vt 0.283885 0.108985
vt 0.266605 0.179339
vt 0.254616 0.158091
vt 0.245038 0.135328
vt 0.259266 0.115555
vt 0.273522 0.091479
vt 0.148195 0.995347
vt 0.135432 0.989938
vt 0.144744 0.971311
vt 0.157627 0.976403
vt 0.122759 0.985242
vt 0.132047 0.966181
vt 0.143752 0.946235
vt 0.155662 0.952058
vt 0.167862 0.956551
vt 0.109319 0.980160
vt 0.118712 0.960660
vt 0.130448 0.939326
vt 0.143908 0.913714
vt 0.156918 0.924349
vt 0.167448 0.932340
vt 0.177227 0.937286
vt 0.519612 0.256147
vt 0.487931 0.249165
vt 0.510299 0.278660
vt 0.476934 0.270173
vt 0.442482 0.260568
vt 0.454085 0.239785
vt 0.494389 0.308180
vt 0.463318 0.295618
vt 0.430101 0.283649
vt 0.396100 0.271656
vt 0.408115 0.249525
vt 0.420371 0.228534
vt 0.644858 0.249826
vt 0.638355 0.280024
vt 0.610221 0.275643
vt 0.617519 0.247745
vt 0.640041 0.319584
vt 0.605923 0.309130
vt 0.574640 0.299426
vt 0.582681 0.270906
vt 0.588953 0.245209
vt 0.634443 0.389922
vt 0.595282 0.366033
vt 0.559791 0.341293
vt 0.527593 0.322088
vt 0.543608 0.288307
vt 0.552435 0.264086
vt 0.556419 0.241862
vt 0.348799 0.800259
vt 0.342362 0.776727
vt 0.379959 0.767037
vt 0.385102 0.790627
vt 0.335158 0.750924
vt 0.373550 0.741402
vt 0.413681 0.732418
vt 0.419042 0.757524
vt 0.422487 0.781211
vt 0.791631 0.257833
vt 0.787638 0.262158
vt 0.795514 0.252021
vt 0.812459 0.252672
vt 0.804291 0.261192
vt 0.796878 0.266341
vt 0.799477 0.244792
vt 0.801642 0.237130
vt 0.824717 0.230609
vt 0.821553 0.240759
vt 0.839652 0.239213
vt 0.833094 0.251412
vt 0.843962 0.227166
vt 0.821102 0.266034
vt 0.809161 0.273240
vt 0.704806 0.252312
vt 0.697493 0.240688
vt 0.712243 0.260217
vt 0.711094 0.264790
vt 0.701040 0.256370
vt 0.690429 0.242061
vt 0.718067 0.265949
vt 0.722780 0.269900
vt 0.724101 0.275174
vt 0.718456 0.271519
vt 0.718228 0.276843
vt 0.709678 0.270380
vt 0.725294 0.281600
vt 0.696979 0.262021
vt 0.684619 0.255985
vt 0.726888 0.271982
vt 0.731799 0.272794
vt 0.734713 0.279052
vt 0.729241 0.277806
vt 0.738617 0.272534
vt 0.747510 0.271258
vt 0.749441 0.277829
vt 0.741465 0.279146
vt 0.745949 0.286397
vt 0.738060 0.286192
vt 0.755243 0.284303
vt 0.731523 0.284631
vt 0.762469 0.202182
vt 0.760214 0.202739
vt 0.761229 0.200942
vt 0.764002 0.200500
vt 0.757300 0.202994
vt 0.758301 0.201154
vt 0.759419 0.198801
vt 0.762624 0.198519
vt 0.765947 0.197852
vt 0.754154 0.202764
vt 0.755098 0.201031
vt 0.751644 0.202129
vt 0.751612 0.200560
vt 0.752046 0.198127
vt 0.755973 0.198728
vt 0.757104 0.195961
vt 0.760846 0.195904
vt 0.753218 0.195364
vt 0.754638 0.193009
vt 0.758243 0.192686
vt 0.762666 0.192275
vt 0.764302 0.195587
vt 0.767707 0.194855
vt 0.766450 0.192171
vt 0.768858 0.192339
vt 0.767534 0.266433
vt 0.768996 0.265872
vt 0.770600 0.267624
vt 0.768315 0.268019
vt 0.771087 0.265596
vt 0.772864 0.267416
vt 0.774917 0.269573
vt 0.772437 0.269799
vt 0.769869 0.270304
vt 0.773336 0.265710
vt 0.775086 0.267424
vt 0.775214 0.266067
vt 0.777143 0.267489
vt 0.779732 0.269627
vt 0.777323 0.269533
vt 0.779737 0.271817
vt 0.777178 0.271900
vt 0.782213 0.271925
vt 0.783888 0.273705
vt 0.782275 0.274072
vt 0.779579 0.274319
vt 0.774498 0.272104
vt 0.771967 0.272600
vt 0.776463 0.274368
vt 0.773926 0.274287
vt 0.712227 0.198126
vt 0.719648 0.198488
vt 0.706717 0.198395
vt 0.704580 0.188233
vt 0.709124 0.186977
vt 0.715492 0.187609
vt 0.702636 0.199300
vt 0.700035 0.201577
vt 0.699059 0.194308
vt 0.701412 0.190633
vt 0.701856 0.179946
vt 0.704924 0.176213
vt 0.699167 0.184789
vt 0.709478 0.173710
vt 0.716294 0.174562
vt 0.798922 0.223450
vt 0.793821 0.217104
vt 0.819880 0.209063
vt 0.824574 0.220344
vt 0.787208 0.209467
vt 0.782491 0.203954
vt 0.796554 0.195854
vt 0.811763 0.200442
vt 0.830048 0.190132
vt 0.842916 0.200805
vt 0.813608 0.185116
vt 0.847007 0.214562
vt 0.698562 0.206445
vt 0.697362 0.214248
vt 0.694308 0.207838
vt 0.696897 0.199772
vt 0.696213 0.228925
vt 0.691206 0.220149
vt 0.686623 0.211907
vt 0.691720 0.199570
vt 0.682327 0.227469
vt 0.695875 0.191061
vt 0.770329 0.187528
vt 0.772865 0.189414
vt 0.765190 0.187172
vt 0.769332 0.179152
vt 0.777315 0.180218
vt 0.780827 0.184180
vt 0.758562 0.188207
vt 0.752644 0.190158
vt 0.748567 0.183935
vt 0.758381 0.181068
vt 0.757492 0.164886
vt 0.778937 0.158422
vt 0.735102 0.170392
vt 0.792662 0.163870
vt 0.798750 0.176046
vt 0.777826 0.276934
vt 0.773380 0.276052
vt 0.782326 0.277047
vt 0.785969 0.280501
vt 0.779122 0.280406
vt 0.772188 0.279166
vt 0.785785 0.276492
vt 0.787109 0.275118
vt 0.793047 0.277481
vt 0.791187 0.279658
vt 0.799395 0.283952
vt 0.791082 0.285049
vt 0.802821 0.280703
vt 0.780616 0.285250
vt 0.769807 0.283978
vt 0.752327 0.203963
vt 0.749136 0.202534
vt 0.756150 0.204452
vt 0.754890 0.206023
vt 0.749779 0.205345
vt 0.744504 0.203364
vt 0.759908 0.204022
vt 0.763526 0.202687
vt 0.765486 0.203613
vt 0.760069 0.205491
vt 0.760797 0.207818
vt 0.753884 0.208409
vt 0.768243 0.205497
vt 0.746613 0.207752
vt 0.738123 0.204724
vt 0.772400 0.264373
vt 0.775560 0.265364
vt 0.769485 0.264112
vt 0.767847 0.262619
vt 0.771812 0.262896
vt 0.776327 0.264204
vt 0.767039 0.264648
vt 0.765494 0.266034
vt 0.762192 0.265610
vt 0.764504 0.263492
vt 0.761281 0.261984
vt 0.766071 0.260672
vt 0.757448 0.265005
vt 0.771421 0.260864
vt 0.777510 0.262332
vt 0.785582 0.272639
vt 0.782524 0.269774
vt 0.786232 0.269727
vt 0.790671 0.273700
vt 0.778972 0.267220
vt 0.781235 0.266495
vt 0.784150 0.264969
vt 0.791113 0.268943
vt 0.798199 0.274672
vt 0.765512 0.268370
vt 0.766961 0.271243
vt 0.763116 0.272757
vt 0.761641 0.268888
vt 0.769693 0.274004
vt 0.766703 0.276409
vt 0.762247 0.279964
vt 0.757760 0.274951
vt 0.756240 0.269647
vt 0.766967 0.200216
vt 0.770156 0.196790
vt 0.776246 0.195637
vt 0.771019 0.200285
vt 0.772421 0.192917
vt 0.779958 0.190064
vt 0.792313 0.186909
vt 0.784830 0.195061
vt 0.776412 0.201264
vt 0.748743 0.193129
vt 0.746572 0.196878
vt 0.737007 0.194077
vt 0.739499 0.188154
vt 0.747325 0.200135
vt 0.740047 0.199549
vt 0.730762 0.198828
vt 0.724563 0.190323
vt 0.725723 0.180565
vt 0.927149 0.294820
vt 0.932418 0.306224
vt 0.929377 0.314386
vt 0.929345 0.285623
vt 0.939618 0.294819
vt 0.951600 0.283473
vt 0.897573 0.336516
vt 0.878814 0.085072
vt 0.874306 0.079042
vt 0.869838 0.072374
vt 0.855727 0.064951
vt 0.885300 0.100056
vt 0.866295 0.123767
vt 0.878320 0.126530
vt 0.833515 0.085306
vt 0.837346 0.101512
vt 0.895897 0.126602
vt 0.899128 0.115508
vt 0.838606 0.058286
vt 0.831320 0.067582
vt 0.847487 0.112518
vt 0.271354 0.405313
vt 0.257419 0.468526
vt 0.208613 0.430499
vt 0.222536 0.363669
vt 0.244295 0.528493
vt 0.195427 0.494374
vt 0.146521 0.460404
vt 0.159657 0.393068
vt 0.173347 0.323512
vt 0.231712 0.586294
vt 0.182733 0.556278
vt 0.219399 0.643013
vt 0.170286 0.617196
vt 0.121173 0.591380
vt 0.133755 0.526262
vt 0.084776 0.496246
vt 0.097591 0.426534
vt 0.072060 0.565563
vt 0.022947 0.539746
vt 0.035797 0.466230
vt 0.048648 0.392713
vt 0.110602 0.356033
vt 0.123910 0.284348
vt 0.061498 0.319196
vt 0.074348 0.245679
vt 0.343133 0.088247
vt 0.320942 0.184502
vt 0.270816 0.137121
vt 0.288787 0.054088
vt 0.302790 0.264598
vt 0.253487 0.217581
vt 0.202858 0.175869
vt 0.218508 0.098467
vt 0.234442 0.019929
vt 0.286369 0.337769
vt 0.237444 0.292896
vt 0.187776 0.250999
vt 0.137611 0.211084
vt 0.151608 0.136637
vt 0.087199 0.172162
vt 0.100049 0.098645
vt 0.165803 0.061401
vt 0.180096 -0.014230
vt 0.112899 0.025129
vt 0.125750 -0.048388
vt 0.509735 0.428007
vt 0.498040 0.467654
vt 0.454658 0.393296
vt 0.468085 0.343067
vt 0.486345 0.507302
vt 0.441329 0.443134
vt 0.396004 0.380204
vt 0.411078 0.319730
vt 0.426434 0.258127
vt 0.474650 0.546949
vt 0.428195 0.492191
vt 0.462955 0.586596
vt 0.415342 0.540112
vt 0.367629 0.494043
vt 0.381494 0.438417
vt 0.334302 0.386610
vt 0.350060 0.319749
vt 0.319675 0.448941
vt 0.367101 0.247752
vt 0.384784 0.173187
vt 0.451179 0.626517
vt 0.402858 0.586540
vt 0.439403 0.666437
vt 0.390656 0.631831
vt 0.341897 0.597273
vt 0.354490 0.546754
vt 0.427627 0.706358
vt 0.378648 0.676342
vt 0.415851 0.746279
vt 0.366738 0.720462
vt 0.317625 0.694646
vt 0.329670 0.646326
vt 0.280691 0.616310
vt 0.293114 0.562809
vt 0.268512 0.668829
vt 0.306028 0.507347
vt 0.321212 0.438329
vt 0.259116 0.388431
vt 0.251181 0.454555
vt 0.300203 0.493350
vt 0.199916 0.340996
vt 0.195674 0.414294
vt 0.194132 0.492055
vt 0.244733 0.521586
vt 0.290268 0.548607
vt 0.138296 0.289339
vt 0.137235 0.370596
vt 0.069072 0.222358
vt 0.077330 0.325181
vt 0.085587 0.428005
vt 0.140594 0.460529
vt 0.144768 0.551840
vt 0.194810 0.572397
vt 0.093845 0.530829
vt 0.102103 0.633653
vt 0.149351 0.643841
vt 0.196599 0.654030
vt 0.243089 0.592045
vt 0.288167 0.608576
vt 0.243847 0.664218
vt 0.291095 0.674407
vt 0.344728 0.163216
vt 0.293133 0.128035
vt 0.281771 0.190090
vt 0.332036 0.228737
vt 0.241538 0.092854
vt 0.228944 0.151561
vt 0.217246 0.211536
vt 0.271953 0.253768
vt 0.323690 0.292970
vt 0.189943 0.057673
vt 0.175213 0.112214
vt 0.138349 0.022492
vt 0.121029 0.072459
vt 0.103710 0.122425
vt 0.160890 0.167445
vt 0.147383 0.224054
vt 0.207338 0.274045
vt 0.086391 0.172391
vt 0.265220 0.320692
vt 0.319215 0.360005
vt 0.512518 0.346969
vt 0.470571 0.301031
vt 0.464139 0.347256
vt 0.506264 0.385848
vt 0.428623 0.255093
vt 0.421562 0.308256
vt 0.415563 0.360623
vt 0.458227 0.392796
vt 0.500010 0.424727
vt 0.386675 0.209154
vt 0.378080 0.268437
vt 0.371139 0.327968
vt 0.367509 0.387993
vt 0.411692 0.411399
vt 0.371072 0.445107
vt 0.411567 0.458882
vt 0.453354 0.436963
vt 0.493756 0.463606
vt 0.450036 0.479105
vt 0.487502 0.502485
vt 0.339186 0.532647
vt 0.358751 0.505288
vt 0.328608 0.572605
vt 0.354503 0.589891
vt 0.370454 0.573647
vt 0.389793 0.555209
vt 0.333899 0.670573
vt 0.328609 0.619784
vt 0.376704 0.666740
vt 0.364600 0.623499
vt 0.462313 0.659074
vt 0.421358 0.603207
vt 0.396330 0.617551
vt 0.419508 0.662907
vt 0.448785 0.518570
vt 0.481205 0.541632
vt 0.416806 0.501372
vt 0.423709 0.531966
vt 0.445792 0.553424
vt 0.474908 0.580779
vt 0.385710 0.495904
vt 0.408682 0.541180
vt 0.468610 0.619927
vt 0.437248 0.581734
s 1
g choucat_
usemtl 
f 41/1/1 261/2/2 771/3/3 449/4/4
f 261/2/2 68/5/5 515/6/6 771/3/3
f 771/3/3 515/6/6 195/7/7 518/8/8
f 449/4/4 771/3/3 518/8/8 162/9/9
f 68/5/5 262/10/10 772/11/11 515/6/6
f 262/10/10 2/12/12 263/13/13 772/11/11
f 772/11/11 263/13/13 69/14/14 516/15/15
f 515/6/6 772/11/11 516/15/15 195/7/7
f 195/7/7 516/15/15 773/16/16 517/17/17
f 516/15/15 69/14/14 264/18/18 773/16/16
f 773/16/16 264/18/18 4/19/19 413/20/20
f 517/17/17 773/16/16 413/20/20 144/21/21
f 162/9/9 518/8/8 774/22/22 450/23/23
f 518/8/8 195/7/7 517/17/17 774/22/22
f 774/22/22 517/17/17 144/21/21 414/24/24
f 450/23/23 774/22/22 414/24/24 42/25/25
f 50/26/26 430/27/27 775/28/28 447/29/29
f 430/27/27 152/30/30 519/31/31 775/28/28
f 775/28/28 519/31/31 196/32/32 522/33/33
f 447/29/29 775/28/28 522/33/33 161/34/34
f 152/30/30 429/35/35 776/36/36 519/31/31
f 429/35/35 30/37/37 269/38/38 776/36/36
f 776/36/36 269/38/38 72/39/39 520/40/40
f 519/31/31 776/36/36 520/40/40 196/32/32
f 196/32/32 520/40/40 777/41/41 521/42/42
f 520/40/40 72/39/39 270/43/43 777/41/41
f 777/41/41 270/43/43 8/44/44 415/45/45
f 521/42/42 777/41/41 415/45/45 145/46/46
f 161/34/34 522/33/33 778/47/47 448/48/48
f 522/33/33 196/32/32 521/42/42 778/47/47
f 778/47/47 521/42/42 145/46/46 416/49/49
f 448/48/48 778/47/47 416/49/49 43/50/50
f 43/50/50 416/49/49 779/51/51 445/52/52
f 416/49/49 145/46/46 523/53/53 779/51/51
f 779/51/51 523/53/53 197/54/54 526/55/55
f 445/52/52 779/51/51 526/55/55 160/56/56
f 145/46/46 415/45/45 780/57/57 523/53/53
f 415/45/45 8/44/44 275/58/58 780/57/57
f 780/57/57 275/58/58 75/59/59 524/60/60
f 523/53/53 780/57/57 524/60/60 197/54/54
f 197/54/54 524/60/60 781/61/61 525/62/62
f 524/60/60 75/59/59 276/63/63 781/61/61
f 781/61/61 276/63/63 6/64/64 417/65/65
f 525/62/62 781/61/61 417/65/65 146/66/66
f 160/56/56 526/55/55 782/67/67 446/68/68
f 526/55/55 197/54/54 525/62/62 782/67/67
f 782/67/67 525/62/62 146/66/66 418/69/69
f 446/68/68 782/67/67 418/69/69 44/70/70
f 32/71/71 281/72/72 783/73/73 407/74/74
f 281/72/72 78/75/75 527/76/76 783/73/73
f 783/73/73 527/76/76 198/77/77 530/78/78
f 407/74/74 783/73/73 530/78/78 141/79/79
f 78/75/75 282/80/80 784/81/81 527/76/76
f 282/80/80 2/12/12 307/82/82 784/81/81
f 784/81/81 307/82/82 91/83/83 528/84/84
f 527/76/76 784/81/81 528/84/84 198/77/77
f 198/77/77 528/84/84 785/85/85 529/86/86
f 528/84/84 91/83/83 308/87/87 785/85/85
f 785/85/85 308/87/87 14/88/88 300/89/89
f 529/86/86 785/85/85 300/89/89 87/90/90
f 141/79/79 530/78/78 786/91/91 408/92/92
f 530/78/78 198/77/77 529/86/86 786/91/91
f 786/91/91 529/86/86 87/90/90 299/93/93
f 408/92/92 786/91/91 299/93/93 35/94/94
f 29/95/95 364/96/96 787/97/97 405/98/98
f 364/96/96 119/99/99 531/100/100 787/97/97
f 787/97/97 531/100/100 199/101/101 534/102/102
f 405/98/98 787/97/97 534/102/102 140/103/103
f 119/99/99 363/104/104 788/105/105 531/100/100
f 363/104/104 7/106/106 274/107/107 788/105/105
f 788/105/105 274/107/107 74/108/108 532/109/109
f 531/100/100 788/105/105 532/109/109 199/101/101
f 199/101/101 532/109/109 789/110/110 533/111/111
f 532/109/109 74/108/108 273/112/112 789/110/110
f 789/110/110 273/112/112 5/113/113 280/114/114
f 533/111/111 789/110/110 280/114/114 77/115/115
f 140/103/103 534/102/102 790/116/116 406/117/117
f 534/102/102 199/101/101 533/111/111 790/116/116
f 790/116/116 533/111/111 77/115/115 279/118/118
f 406/117/117 790/116/116 279/118/118 31/119/119
f 30/37/37 366/120/120 791/121/121 403/122/122
f 366/120/120 120/123/123 535/124/124 791/121/121
f 791/121/121 535/124/124 200/125/125 538/126/126
f 403/122/122 791/121/121 538/126/126 139/127/127
f 120/123/123 365/128/128 792/129/129 535/124/124
f 365/128/128 4/19/19 264/18/18 792/129/129
f 792/129/129 264/18/18 69/14/14 536/130/130
f 535/124/124 792/129/129 536/130/130 200/125/125
f 200/125/125 536/130/130 793/131/131 537/132/132
f 536/130/130 69/14/14 263/13/13 793/131/131
f 793/131/131 263/13/13 2/12/12 282/80/80
f 537/132/132 793/131/131 282/80/80 78/75/75
f 139/127/127 538/126/126 794/133/133 404/134/134
f 538/126/126 200/125/125 537/132/132 794/133/133
f 794/133/133 537/132/132 78/75/75 281/72/72
f 404/134/134 794/133/133 281/72/72 32/71/71
f 49/135/135 428/136/136 795/137/137 443/138/138
f 428/136/136 151/139/139 539/140/140 795/137/137
f 795/137/137 539/140/140 201/141/141 542/142/142
f 443/138/138 795/137/137 542/142/142 159/143/143
f 151/139/139 427/144/144 796/145/145 539/140/140
f 427/144/144 34/146/146 289/147/147 796/145/145
f 796/145/145 289/147/147 82/148/148 540/149/149
f 539/140/140 796/145/145 540/149/149 201/141/141
f 201/141/141 540/149/149 797/150/150 541/151/151
f 540/149/149 82/148/148 290/152/152 797/150/150
f 797/150/150 290/152/152 10/153/153 284/154/154
f 541/151/151 797/150/150 284/154/154 79/155/155
f 159/143/143 542/142/142 798/156/156 444/157/157
f 542/142/142 201/141/141 541/151/151 798/156/156
f 798/156/156 541/151/151 79/155/155 283/158/158
f 444/157/157 798/156/156 283/158/158 45/159/159
f 48/160/160 426/161/161 799/162/162 441/163/163
f 426/161/161 150/164/164 543/165/165 799/162/162
f 799/162/162 543/165/165 202/166/166 546/167/167
f 441/163/163 799/162/162 546/167/167 158/168/168
f 150/164/164 425/169/169 800/170/170 543/165/165
f 425/169/169 22/171/171 334/172/172 800/170/170
f 800/170/170 334/172/172 104/173/173 544/174/174
f 543/165/165 800/170/170 544/174/174 202/166/166
f 202/166/166 544/174/174 801/175/175 545/176/176
f 544/174/174 104/173/173 333/177/177 801/175/175
f 801/175/175 333/177/177 12/178/178 421/179/179
f 545/176/176 801/175/175 421/179/179 148/180/180
f 158/168/168 546/167/167 802/181/181 442/182/182
f 546/167/167 202/166/166 545/176/176 802/181/181
f 802/181/181 545/176/176 148/180/180 422/183/183
f 442/182/182 802/181/181 422/183/183 46/184/184
f 47/185/185 424/186/186 803/187/187 439/188/188
f 424/186/186 149/189/189 547/190/190 803/187/187
f 803/187/187 547/190/190 203/191/191 550/192/192
f 439/188/188 803/187/187 550/192/192 157/193/193
f 149/189/189 423/194/194 804/195/195 547/190/190
f 423/194/194 24/196/196 297/197/197 804/195/195
f 804/195/195 297/197/197 86/198/198 548/199/199
f 547/190/190 804/195/195 548/199/199 203/191/191
f 203/191/191 548/199/199 805/200/200 549/201/201
f 548/199/199 86/198/198 298/202/202 805/200/200
f 805/200/200 298/202/202 9/203/203 419/204/204
f 549/201/201 805/200/200 419/204/204 147/205/205
f 157/193/193 550/192/192 806/206/206 440/207/207
f 550/192/192 203/191/191 549/201/201 806/206/206
f 806/206/206 549/201/201 147/205/205 420/208/208
f 440/207/207 806/206/206 420/208/208 45/159/159
f 40/209/209 386/210/210 807/211/211 399/212/212
f 386/210/210 130/213/213 551/214/214 807/211/211
f 807/211/211 551/214/214 204/215/215 554/216/216
f 399/212/212 807/211/211 554/216/216 137/217/217
f 130/213/213 385/218/218 808/219/219 551/214/214
f 385/218/218 23/220/220 336/221/221 808/219/219
f 808/219/219 336/221/221 105/222/222 552/223/223
f 551/214/214 808/219/219 552/223/223 204/215/215
f 204/215/215 552/223/223 809/224/224 553/225/225
f 552/223/223 105/222/222 335/226/226 809/224/224
f 809/224/224 335/226/226 11/227/227 288/228/228
f 553/225/225 809/224/224 288/228/228 81/229/229
f 137/217/217 554/216/216 810/230/230 400/231/231
f 554/216/216 204/215/215 553/225/225 810/230/230
f 810/230/230 553/225/225 81/229/229 287/232/232
f 400/231/231 810/230/230 287/232/232 33/233/233
f 25/234/234 303/235/235 811/236/236 355/237/237
f 303/235/235 89/238/238 555/239/239 811/236/236
f 811/236/236 555/239/239 205/240/240 558/241/241
f 355/237/237 811/236/236 558/241/241 115/242/242
f 89/238/238 304/243/243 812/244/244 555/239/239
f 304/243/243 16/245/245 323/246/246 812/244/244
f 812/244/244 323/246/246 99/247/247 556/248/248
f 555/239/239 812/244/244 556/248/248 205/240/240
f 205/240/240 556/248/248 813/249/249 557/250/250
f 556/248/248 99/247/247 324/251/251 813/249/249
f 813/249/249 324/251/251 54/252/252 320/253/253
f 557/250/250 813/249/249 320/253/253 97/254/254
f 115/242/242 558/241/241 814/255/255 356/256/256
f 558/241/241 205/240/240 557/250/250 814/255/255
f 814/255/255 557/250/250 97/254/254 319/257/257
f 356/256/256 814/255/255 319/257/257 62/258/258
f 21/259/259 291/260/260 815/261/261 353/262/262
f 291/260/260 83/263/263 559/264/264 815/261/261
f 815/261/261 559/264/264 206/265/265 562/266/266
f 353/262/262 815/261/261 562/266/266 114/267/267
f 83/263/263 292/268/268 816/269/269 559/264/264
f 292/268/268 10/153/153 311/270/270 816/269/269
f 816/269/269 311/270/270 93/271/271 560/272/272
f 559/264/264 816/269/269 560/272/272 206/265/265
f 206/265/265 560/272/272 817/273/273 561/274/274
f 560/272/272 93/271/271 312/275/275 817/273/273
f 817/273/273 312/275/275 16/276/245 304/277/243
f 561/274/274 817/273/273 304/277/243 89/278/238
f 114/267/267 562/266/266 818/279/276 354/280/277
f 562/266/266 206/265/265 561/274/274 818/279/276
f 818/279/276 561/274/274 89/278/238 303/281/235
f 354/280/277 818/279/276 303/281/235 25/282/234
f 22/171/171 293/283/278 819/284/279 351/285/280
f 293/283/278 84/286/281 563/287/282 819/284/279
f 819/284/279 563/287/282 207/288/283 566/289/284
f 351/285/280 819/284/279 566/289/284 113/290/285
f 84/286/281 294/291/286 820/292/287 563/287/282
f 294/291/286 6/64/64 310/293/288 820/292/287
f 820/292/287 310/293/288 92/294/289 564/295/290
f 563/287/282 820/292/287 564/295/290 207/288/283
f 207/288/283 564/295/290 821/296/291 565/297/292
f 564/295/290 92/294/289 309/298/293 821/296/291
f 821/296/291 309/298/293 13/299/294 306/300/295
f 565/297/292 821/296/291 306/300/295 90/301/296
f 113/290/285 566/289/284 822/302/297 352/303/298
f 566/289/284 207/288/283 565/297/292 822/302/297
f 822/302/297 565/297/292 90/301/296 305/304/299
f 352/303/298 822/302/297 305/304/299 26/305/300
f 34/306/146 374/307/301 823/308/302 397/309/303
f 374/307/301 124/310/304 567/311/305 823/308/302
f 823/308/302 567/311/305 208/312/306 570/313/307
f 397/309/303 823/308/302 570/313/307 136/314/308
f 124/310/304 373/315/309 824/316/310 567/311/305
f 373/315/309 12/178/178 314/317/311 824/316/310
f 824/316/310 314/317/311 94/318/312 568/319/313
f 567/311/305 824/316/310 568/319/313 208/312/306
f 208/312/306 568/319/313 825/320/314 569/321/315
f 568/319/313 94/318/312 313/322/316 825/320/314
f 825/320/314 313/322/316 15/323/317 377/324/318
f 569/321/315 825/320/314 377/324/318 126/325/319
f 136/314/308 570/313/307 826/326/320 398/327/321
f 570/313/307 208/312/306 569/321/315 826/326/320
f 826/326/320 569/321/315 126/325/319 378/328/322
f 398/327/321 826/326/320 378/328/322 36/329/323
f 39/330/324 384/331/325 827/332/326 395/333/327
f 384/331/325 129/334/328 571/335/329 827/332/326
f 827/332/326 571/335/329 209/336/330 574/337/331
f 395/333/327 827/332/326 574/337/331 135/338/332
f 129/334/328 383/339/333 828/340/334 571/335/329
f 383/339/333 66/341/335 455/342/336 828/340/334
f 828/340/334 455/342/336 165/343/337 572/344/338
f 571/335/329 828/340/334 572/344/338 209/336/330
f 209/336/330 572/344/338 829/345/339 573/346/340
f 572/344/338 165/343/337 456/347/341 829/345/339
f 829/345/339 456/347/341 20/348/342 454/349/343
f 573/346/340 829/345/339 454/349/343 164/350/344
f 135/338/332 574/337/331 830/351/345 396/352/346
f 574/337/331 209/336/330 573/346/340 830/351/345
f 830/351/345 573/346/340 164/350/344 453/353/347
f 396/352/346 830/351/345 453/353/347 38/354/348
f 35/355/94 299/356/93 831/357/349 393/358/350
f 299/356/93 87/359/90 575/360/351 831/357/349
f 831/357/349 575/360/351 210/361/352 578/362/353
f 393/358/350 831/357/349 578/362/353 134/363/354
f 1041/364/355 1040/365/356 1029/366/357 1030/367/358
f 1039/368/359 1035/369/360 1028/370/361 1027/371/362
f 1038/372/363 1036/373/364 1031/374/365 1032/375/366
f 1037/376/367 1038/372/363 1032/375/366 1033/377/368
f 210/361/352 576/378/369 832/379/370 577/380/371
f 576/378/369 100/381/372 325/382/373 832/379/370
f 832/379/370 325/382/373 61/383/374 316/384/375
f 577/380/371 832/379/370 316/384/375 95/385/376
f 134/363/354 578/362/353 833/386/377 394/387/378
f 578/362/353 210/361/352 577/380/371 833/386/377
f 833/386/377 577/380/371 95/385/376 315/388/379
f 394/387/378 833/386/377 315/388/379 51/389/380
f 26/390/300 305/391/299 834/392/381 347/393/382
f 305/391/299 90/394/296 579/395/383 834/392/381
f 834/392/381 579/395/383 211/396/384 582/397/385
f 347/393/382 834/392/381 582/397/385 111/398/386
f 90/394/296 306/399/295 835/400/387 579/395/383
f 306/401/295 13/402/294 328/403/388 835/404/387
f 1066/405/389 1065/406/390 1051/407/391 1043/408/392
f 1065/406/390 1061/409/393 1049/410/394 1051/407/391
f 1063/411/395 1059/412/396 1044/413/397 1045/414/398
f 1064/415/399 1060/416/400 1046/417/401 1047/418/402
f 836/419/403 327/420/404 60/421/405 322/422/406
f 581/423/407 836/419/403 322/422/406 98/424/408
f 111/398/386 582/397/385 837/425/409 348/426/410
f 582/397/385 211/396/384 581/423/407 837/425/409
f 837/425/409 581/423/407 98/424/408 321/427/411
f 348/426/410 837/425/409 321/427/411 59/428/412
f 36/429/323 378/430/322 838/431/413 391/432/414
f 378/430/322 126/433/319 583/434/415 838/431/413
f 838/431/413 583/434/415 212/435/416 586/436/417
f 391/432/414 838/431/413 586/436/417 133/437/418
f 126/433/319 377/438/318 839/439/419 583/434/415
f 377/438/318 15/440/317 330/441/420 839/439/419
f 839/439/419 330/441/420 102/442/421 584/443/422
f 583/434/415 839/439/419 584/443/422 212/435/416
f 212/435/416 584/443/422 840/444/423 585/445/424
f 584/443/422 102/442/421 329/446/425 840/444/423
f 840/444/423 329/446/425 58/447/426 381/448/427
f 585/445/424 840/444/423 381/448/427 128/449/428
f 133/437/418 586/436/417 841/450/429 392/451/430
f 586/436/417 212/435/416 585/445/424 841/450/429
f 841/450/429 585/445/424 128/449/428 382/452/431
f 392/451/430 841/450/429 382/452/431 53/453/432
f 15/440/317 341/454/433 842/455/434 330/441/420
f 341/454/433 108/456/435 587/457/436 842/455/434
f 842/455/434 587/457/436 213/458/437 590/459/438
f 330/441/420 842/455/434 590/459/438 102/442/421
f 108/456/435 342/460/439 843/461/440 587/457/436
f 342/460/439 26/390/300 347/393/382 843/461/440
f 843/461/440 347/393/382 111/398/386 588/462/441
f 587/457/436 843/461/440 588/462/441 213/458/437
f 213/458/437 588/462/441 844/463/442 589/464/443
f 588/462/441 111/398/386 348/426/410 844/463/442
f 844/463/442 348/426/410 59/428/412 346/465/444
f 589/464/443 844/463/442 346/465/444 110/466/445
f 102/442/421 590/459/438 845/467/446 329/446/425
f 590/459/438 213/458/437 589/464/443 845/467/446
f 845/467/446 589/464/443 110/466/445 345/468/447
f 329/446/425 845/467/446 345/468/447 58/447/426
f 37/469/448 451/470/449 846/471/450 389/472/451
f 451/470/449 163/473/452 591/474/453 846/471/450
f 846/471/450 591/474/453 214/475/454 594/476/455
f 389/472/451 846/471/450 594/476/455 132/477/456
f 163/473/452 452/478/457 847/479/458 591/474/453
f 452/478/457 65/480/459 459/481/460 847/479/458
f 847/479/458 459/481/460 167/482/461 592/483/462
f 591/474/453 847/479/458 592/483/462 214/475/454
f 214/475/454 592/483/462 848/484/463 593/485/464
f 592/483/462 167/482/461 460/486/465 848/484/463
f 848/484/463 460/486/465 66/341/335 383/339/333
f 593/485/464 848/484/463 383/339/333 129/334/328
f 132/477/456 594/476/455 849/487/466 390/488/467
f 594/476/455 214/475/454 593/485/464 849/487/466
f 849/487/466 593/485/464 129/334/328 384/331/325
f 390/488/467 849/487/466 384/331/325 39/330/324
f 12/178/178 333/177/177 850/489/468 314/317/311
f 333/177/177 104/173/173 595/490/469 850/489/468
f 850/489/468 595/490/469 215/491/470 598/492/471
f 314/317/311 850/489/468 598/492/471 94/318/312
f 104/173/173 334/172/172 851/493/472 595/490/469
f 334/172/172 22/171/171 351/285/280 851/493/472
f 851/493/472 351/285/280 113/290/285 596/494/473
f 595/490/469 851/493/472 596/494/473 215/491/470
f 215/491/470 596/494/473 852/495/474 597/496/475
f 596/494/473 113/290/285 352/303/298 852/495/474
f 852/495/474 352/303/298 26/305/300 342/497/439
f 597/496/475 852/495/474 342/497/439 108/498/435
f 94/318/312 598/492/471 853/499/476 313/322/316
f 598/492/471 215/491/470 597/496/475 853/499/476
f 853/499/476 597/496/475 108/498/435 341/500/433
f 313/322/316 853/499/476 341/500/433 15/323/317
f 2/12/12 331/501/477 854/502/478 307/82/82
f 331/501/477 103/503/479 599/504/480 854/502/478
f 854/502/478 599/504/480 216/505/481 602/506/482
f 307/82/82 854/502/478 602/506/482 91/83/83
f 103/503/479 332/507/483 855/508/484 599/504/480
f 332/507/483 21/259/259 353/262/262 855/508/484
f 855/508/484 353/262/262 114/267/267 600/509/485
f 599/504/480 855/508/484 600/509/485 216/505/481
f 216/505/481 600/509/485 856/510/486 601/511/487
f 600/509/485 114/267/267 354/280/277 856/510/486
f 856/510/486 354/280/277 25/282/234 340/512/488
f 601/511/487 856/510/486 340/512/488 107/513/489
f 91/83/83 602/506/482 857/514/490 308/87/87
f 602/506/482 216/505/481 601/511/487 857/514/490
f 857/514/490 601/511/487 107/513/489 339/515/491
f 308/87/87 857/514/490 339/515/491 14/88/88
f 14/516/88 339/517/491 858/518/492 326/519/493
f 339/517/491 107/520/489 603/521/494 858/518/492
f 858/518/492 603/521/494 217/522/495 606/523/496
f 326/519/493 858/518/492 606/523/496 100/381/372
f 107/520/489 340/524/488 859/525/497 603/521/494
f 340/524/488 25/234/234 355/237/237 859/525/497
f 859/525/497 355/237/237 115/242/242 604/526/498
f 603/521/494 859/525/497 604/526/498 217/522/495
f 217/522/495 604/526/498 860/527/499 605/528/500
f 604/526/498 115/242/242 356/256/256 860/527/499
f 860/527/499 356/256/256 62/258/258 344/529/501
f 605/528/500 860/527/499 344/529/501 109/530/502
f 100/381/372 606/523/496 861/531/503 325/382/373
f 606/523/496 217/522/495 605/528/500 861/531/503
f 861/531/503 605/528/500 109/530/502 343/532/504
f 325/382/373 861/531/503 343/532/504 61/383/374
f 31/119/119 279/118/118 862/533/505 387/534/506
f 279/118/118 77/115/115 607/535/507 862/533/505
f 862/533/505 607/535/507 218/536/508 610/537/509
f 387/534/506 862/533/505 610/537/509 131/538/510
f 77/115/115 280/114/114 863/539/511 607/535/507
f 280/114/114 5/113/113 296/540/512 863/539/511
f 863/539/511 296/540/512 85/541/513 608/542/514
f 607/535/507 863/539/511 608/542/514 218/536/508
f 218/536/508 608/542/514 864/543/515 609/544/516
f 608/542/514 85/541/513 295/545/517 864/543/515
f 864/543/515 295/545/517 23/220/220 385/218/218
f 609/544/516 864/543/515 385/218/218 130/213/213
f 131/538/510 610/537/509 865/546/518 388/547/519
f 610/537/509 218/536/508 609/544/516 865/546/518
f 865/546/518 609/544/516 130/213/213 386/210/210
f 388/547/519 865/546/518 386/210/210 40/209/209
f 41/1/1 412/548/520 866/549/521 437/550/522
f 412/548/520 143/551/523 611/552/524 866/549/521
f 866/549/521 611/552/524 219/553/525 614/554/526
f 437/550/522 866/549/521 614/554/526 156/555/527
f 143/551/523 411/556/528 867/557/529 611/552/524
f 411/556/528 1/558/530 337/559/531 867/557/529
f 867/557/529 337/559/531 106/560/532 612/561/533
f 611/552/524 867/557/529 612/561/533 219/553/525
f 219/553/525 612/561/533 868/562/534 613/563/535
f 612/561/533 106/560/532 338/564/536 868/562/534
f 868/562/534 338/564/536 24/196/196 423/194/194
f 613/563/535 868/562/534 423/194/194 149/189/189
f 156/555/527 614/554/526 869/565/537 438/566/538
f 614/554/526 219/553/525 613/563/535 869/565/537
f 869/565/537 613/563/535 149/189/189 424/186/186
f 438/566/538 869/565/537 424/186/186 47/185/185
f 44/70/70 418/69/69 870/567/539 435/568/540
f 418/69/69 146/66/66 615/569/541 870/567/539
f 870/567/539 615/569/541 220/570/542 618/571/543
f 435/568/540 870/567/539 618/571/543 155/572/544
f 146/66/66 417/65/65 871/573/545 615/569/541
f 417/65/65 6/64/64 294/291/286 871/573/545
f 871/573/545 294/291/286 84/286/281 616/574/546
f 615/569/541 871/573/545 616/574/546 220/570/542
f 220/570/542 616/574/546 872/575/547 617/576/548
f 616/574/546 84/286/281 293/283/278 872/575/547
f 872/575/547 293/283/278 22/171/171 425/169/169
f 617/576/548 872/575/547 425/169/169 150/164/164
f 155/572/544 618/571/543 873/577/549 436/578/550
f 618/571/543 220/570/542 617/576/548 873/577/549
f 873/577/549 617/576/548 150/164/164 426/161/161
f 436/578/550 873/577/549 426/161/161 48/160/160
f 1/558/530 367/579/551 874/580/552 337/559/531
f 367/579/551 121/581/553 619/582/554 874/580/552
f 874/580/552 619/582/554 221/583/555 622/584/556
f 337/559/531 874/580/552 622/584/556 106/560/532
f 121/581/553 368/585/557 875/586/558 619/582/554
f 368/585/557 31/587/119 387/588/506 875/586/558
f 875/586/558 387/588/506 131/589/510 620/590/559
f 619/582/554 875/586/558 620/590/559 221/583/555
f 221/583/555 620/590/559 876/591/560 621/592/561
f 620/590/559 131/589/510 388/593/519 876/591/560
f 876/591/560 388/593/519 40/594/209 357/595/562
f 621/592/561 876/591/560 357/595/562 116/596/563
f 106/560/532 622/584/556 877/597/564 338/564/536
f 622/584/556 221/583/555 621/592/561 877/597/564
f 877/597/564 621/592/561 116/596/563 358/598/565
f 338/564/536 877/597/564 358/598/565 24/196/196
f 64/599/566 463/600/567 878/601/568 458/602/569
f 463/600/567 169/603/570 623/604/571 878/601/568
f 878/601/568 623/604/571 222/605/572 626/606/573
f 458/602/569 878/601/568 626/606/573 166/607/574
f 169/603/570 464/608/575 879/609/576 623/604/571
f 464/608/575 37/469/448 389/472/451 879/609/576
f 879/609/576 389/472/451 132/477/456 624/610/577
f 623/604/571 879/609/576 624/610/577 222/605/572
f 222/605/572 624/610/577 880/611/578 625/612/579
f 624/610/577 132/477/456 390/488/467 880/611/578
f 880/611/578 390/488/467 39/330/324 349/613/580
f 625/612/579 880/611/578 349/613/580 112/614/581
f 166/607/574 626/606/573 881/615/582 457/616/583
f 626/606/573 222/605/572 625/612/579 881/615/582
f 881/615/582 625/612/579 112/614/581 350/617/584
f 457/616/583 881/615/582 350/617/584 63/618/585
f 16/245/245 302/619/586 882/620/587 323/246/246
f 302/619/586 88/621/588 627/622/589 882/620/587
f 882/620/587 627/622/589 223/623/590 630/624/591
f 323/246/246 882/620/587 630/624/591 99/247/247
f 88/621/588 301/625/592 883/626/593 627/622/589
f 301/625/592 36/627/323 391/628/414 883/626/593
f 883/626/593 391/628/414 133/629/418 628/630/594
f 627/622/589 883/626/593 628/630/594 223/623/590
f 223/623/590 628/630/594 884/631/595 629/632/596
f 628/630/594 133/629/418 392/633/430 884/631/595
f 884/631/595 392/633/430 53/634/432 317/635/597
f 629/632/596 884/631/595 317/635/597 96/636/598
f 99/247/247 630/624/591 885/637/599 324/251/251
f 630/624/591 223/623/590 629/632/596 885/637/599
f 885/637/599 629/632/596 96/636/598 318/638/600
f 324/251/251 885/637/599 318/638/600 54/252/252
f 13/402/294 375/639/601 886/640/602 328/403/388
f 375/639/601 125/641/603 631/642/604 886/640/602
f 886/640/602 631/642/604 224/643/605 634/644/606
f 328/403/388 886/640/602 634/644/606 101/645/607
f 125/641/603 376/646/608 887/647/609 631/642/604
f 376/646/608 35/355/94 393/358/350 887/647/609
f 887/647/609 393/358/350 134/363/354 632/648/610
f 631/642/604 887/647/609 632/648/610 224/643/605
f 224/643/605 632/648/610 888/649/611 633/650/612
f 632/648/610 134/363/354 394/387/378 888/649/611
f 888/649/611 394/387/378 51/389/380 380/651/613
f 633/650/612 888/649/611 380/651/613 127/652/614
f 101/645/607 634/644/606 889/653/615 327/420/404
f 634/644/606 224/643/605 633/650/612 889/653/615
f 889/653/615 633/650/612 127/652/614 379/654/616
f 327/420/404 889/653/615 379/654/616 60/421/405
f 63/618/585 350/617/584 890/655/617 462/656/618
f 350/617/584 112/614/581 635/657/619 890/655/617
f 890/655/617 635/657/619 225/658/620 638/659/621
f 462/656/618 890/655/617 638/659/621 168/660/622
f 112/614/581 349/613/580 891/661/623 635/657/619
f 349/613/580 39/330/324 395/333/327 891/661/623
f 891/661/623 395/333/327 135/338/332 636/662/624
f 635/657/619 891/661/623 636/662/624 225/658/620
f 225/658/620 636/662/624 892/663/625 637/664/626
f 636/662/624 135/338/332 396/352/346 892/663/625
f 892/663/625 396/352/346 38/354/348 466/665/627
f 637/664/626 892/663/625 466/665/627 170/666/628
f 168/660/622 638/659/621 893/667/629 461/668/630
f 638/659/621 225/658/620 637/664/626 893/667/629
f 893/667/629 637/664/626 170/666/628 465/669/631
f 461/668/630 893/667/629 465/669/631 19/670/632
f 10/153/153 290/152/152 894/671/633 311/270/270
f 290/152/152 82/148/148 639/672/634 894/671/633
f 894/671/633 639/672/634 226/673/635 642/674/636
f 311/270/270 894/671/633 642/674/636 93/271/271
f 82/148/148 289/147/147 895/675/637 639/672/634
f 289/147/147 34/146/146 397/676/303 895/675/637
f 895/675/637 397/676/303 136/677/308 640/678/638
f 639/672/634 895/675/637 640/678/638 226/673/635
f 226/673/635 640/678/638 896/679/639 641/680/640
f 640/678/638 136/677/308 398/681/321 896/679/639
f 896/679/639 398/681/321 36/682/323 301/683/592
f 641/680/640 896/679/639 301/683/592 88/684/588
f 93/271/271 642/674/636 897/685/641 312/275/275
f 642/674/636 226/673/635 641/680/640 897/685/641
f 897/685/641 641/680/640 88/684/588 302/686/586
f 312/275/275 897/685/641 302/686/586 16/276/245
f 24/196/196 358/598/565 898/687/642 297/197/197
f 358/598/565 116/596/563 643/688/643 898/687/642
f 898/687/642 643/688/643 227/689/644 646/690/645
f 297/197/197 898/687/642 646/690/645 86/198/198
f 116/596/563 357/595/562 899/691/646 643/688/643
f 357/595/562 40/594/209 399/692/212 899/691/646
f 899/691/646 399/692/212 137/693/217 644/694/647
f 643/688/643 899/691/646 644/694/647 227/689/644
f 227/689/644 644/694/647 900/695/648 645/696/649
f 644/694/647 137/693/217 400/697/231 900/695/648
f 900/695/648 400/697/231 33/698/233 372/699/650
f 645/696/649 900/695/648 372/699/650 123/700/651
f 86/198/198 646/690/645 901/701/652 298/202/202
f 646/690/645 227/689/644 645/696/649 901/701/652
f 901/701/652 645/696/649 123/700/651 371/702/653
f 298/202/202 901/701/652 371/702/653 9/203/203
f 46/184/184 422/183/183 902/703/654 433/704/655
f 422/183/183 148/180/180 647/705/656 902/703/654
f 902/703/654 647/705/656 228/706/657 650/707/658
f 433/704/655 902/703/654 650/707/658 154/708/659
f 148/180/180 421/179/179 903/709/660 647/705/656
f 421/179/179 12/178/178 373/315/309 903/709/660
f 903/709/660 373/315/309 124/310/304 648/710/661
f 647/705/656 903/709/660 648/710/661 228/706/657
f 228/706/657 648/710/661 904/711/662 649/712/663
f 648/710/661 124/310/304 374/307/301 904/711/662
f 904/711/662 374/307/301 34/306/146 427/713/144
f 649/712/663 904/711/662 427/713/144 151/714/139
f 154/708/659 650/707/658 905/715/664 434/716/665
f 650/707/658 228/706/657 649/712/663 905/715/664
f 905/715/664 649/712/663 151/714/139 428/717/136
f 434/716/665 905/715/664 428/717/136 49/718/135
f 8/44/44 270/43/43 906/719/666 275/58/58
f 270/43/43 72/39/39 651/720/667 906/719/666
f 906/719/666 651/720/667 229/721/668 654/722/669
f 275/58/58 906/719/666 654/722/669 75/59/59
f 72/39/39 269/38/38 907/723/670 651/720/667
f 269/38/38 30/37/37 403/122/122 907/723/670
f 907/723/670 403/122/122 139/127/127 652/724/671
f 651/720/667 907/723/670 652/724/671 229/721/668
f 229/721/668 652/724/671 908/725/672 653/726/673
f 652/724/671 139/127/127 404/134/134 908/725/672
f 908/725/672 404/134/134 32/71/71 370/727/674
f 653/726/673 908/725/672 370/727/674 122/728/675
f 75/59/59 654/722/669 909/729/676 276/63/63
f 654/722/669 229/721/668 653/726/673 909/729/676
f 909/729/676 653/726/673 122/728/675 369/730/677
f 276/63/63 909/729/676 369/730/677 6/64/64
f 3/731/678 268/732/679 910/733/680 259/734/681
f 268/732/679 71/735/682 655/736/683 910/733/680
f 910/733/680 655/736/683 230/737/684 658/738/685
f 259/734/681 910/733/680 658/738/685 67/739/686
f 71/735/682 267/740/687 911/741/688 655/736/683
f 267/740/687 29/742/95 405/743/98 911/741/688
f 911/741/688 405/743/98 140/744/103 656/745/689
f 655/736/683 911/741/688 656/745/689 230/737/684
f 230/737/684 656/745/689 912/746/690 657/747/691
f 656/745/689 140/744/103 406/748/117 912/746/690
f 912/746/690 406/748/117 31/587/119 368/585/557
f 657/747/691 912/746/690 368/585/557 121/581/553
f 67/739/686 658/738/685 913/749/692 260/750/693
f 658/738/685 230/737/684 657/747/691 913/749/692
f 913/749/692 657/747/691 121/581/553 367/579/551
f 260/750/693 913/749/692 367/579/551 1/558/530
f 6/64/64 369/730/677 914/751/694 310/293/288
f 369/730/677 122/728/675 659/752/695 914/751/694
f 914/751/694 659/752/695 231/753/696 662/754/697
f 310/293/288 914/751/694 662/754/697 92/294/289
f 122/728/675 370/727/674 915/755/698 659/752/695
f 370/727/674 32/71/71 407/74/74 915/755/698
f 915/755/698 407/74/74 141/79/79 660/756/699
f 659/752/695 915/755/698 660/756/699 231/753/696
f 231/753/696 660/756/699 916/757/700 661/758/701
f 660/756/699 141/79/79 408/92/92 916/757/700
f 916/757/700 408/92/92 35/94/94 376/759/608
f 661/758/701 916/757/700 376/759/608 125/760/603
f 92/294/289 662/754/697 917/761/702 309/298/293
f 662/754/697 231/753/696 661/758/701 917/761/702
f 917/761/702 661/758/701 125/760/603 375/762/601
f 309/298/293 917/761/702 375/762/601 13/299/294
f 42/25/25 414/24/24 918/763/703 431/764/704
f 414/24/24 144/21/21 663/765/705 918/763/703
f 918/763/703 663/765/705 232/766/706 666/767/707
f 431/764/704 918/763/703 666/767/707 153/768/708
f 144/21/21 413/20/20 919/769/709 663/765/705
f 413/20/20 4/19/19 365/128/128 919/769/709
f 919/769/709 365/128/128 120/123/123 664/770/710
f 663/765/705 919/769/709 664/770/710 232/766/706
f 232/766/706 664/770/710 920/771/711 665/772/712
f 664/770/710 120/123/123 366/120/120 920/771/711
f 920/771/711 366/120/120 30/37/37 429/773/35
f 665/772/712 920/771/711 429/773/35 152/774/30
f 153/768/708 666/767/707 921/775/713 432/776/714
f 666/767/707 232/766/706 665/772/712 921/775/713
f 921/775/713 665/772/712 152/774/30 430/777/27
f 432/776/714 921/775/713 430/777/27 50/778/26
f 3/731/678 266/779/715 922/780/716 268/781/679
f 266/779/715 70/782/717 667/783/718 922/780/716
f 922/780/716 667/783/718 233/784/719 670/785/720
f 268/781/679 922/780/716 670/785/720 71/786/682
f 70/782/717 265/787/721 923/788/722 667/783/718
f 265/787/721 42/25/25 431/764/704 923/788/722
f 923/788/722 431/764/704 153/768/708 668/789/723
f 667/783/718 923/788/722 668/789/723 233/784/719
f 233/784/719 668/789/723 924/790/724 669/791/725
f 668/789/723 153/768/708 432/776/714 924/790/724
f 924/790/724 432/776/714 50/778/26 409/792/726
f 669/791/725 924/790/724 409/792/726 142/793/727
f 71/786/682 670/785/720 925/794/728 267/795/687
f 670/785/720 233/784/719 669/791/725 925/794/728
f 925/794/728 669/791/725 142/793/727 410/796/729
f 267/795/687 925/794/728 410/796/729 29/797/95
f 11/227/227 286/798/730 926/799/731 288/800/228
f 286/798/730 80/801/732 671/802/733 926/799/731
f 926/799/731 671/802/733 234/803/734 674/804/735
f 288/800/228 926/799/731 674/804/735 81/805/229
f 80/801/732 285/806/736 927/807/737 671/802/733
f 285/806/736 46/184/184 433/704/655 927/807/737
f 927/807/737 433/704/655 154/708/659 672/808/738
f 671/802/733 927/807/737 672/808/738 234/803/734
f 234/803/734 672/808/738 928/809/739 673/810/740
f 672/808/738 154/708/659 434/716/665 928/809/739
f 928/809/739 434/716/665 49/718/135 401/811/741
f 673/810/740 928/809/739 401/811/741 138/812/742
f 81/805/229 674/804/735 929/813/743 287/814/232
f 674/804/735 234/803/734 673/810/740 929/813/743
f 929/813/743 673/810/740 138/812/742 402/815/744
f 287/814/232 929/813/743 402/815/744 33/816/233
f 5/113/113 278/817/745 930/818/746 296/540/512
f 278/817/745 76/819/747 675/820/748 930/818/746
f 930/818/746 675/820/748 235/821/749 678/822/750
f 296/540/512 930/818/746 678/822/750 85/541/513
f 76/819/747 277/823/751 931/824/752 675/820/748
f 277/823/751 44/70/70 435/568/540 931/824/752
f 931/824/752 435/568/540 155/572/544 676/825/753
f 675/820/748 931/824/752 676/825/753 235/821/749
f 235/821/749 676/825/753 932/826/754 677/827/755
f 676/825/753 155/572/544 436/578/550 932/826/754
f 932/826/754 436/578/550 48/160/160 361/828/756
f 677/827/755 932/826/754 361/828/756 118/829/757
f 85/541/513 678/822/750 933/830/758 295/545/517
f 678/822/750 235/821/749 677/827/755 933/830/758
f 933/830/758 677/827/755 118/829/757 362/831/759
f 295/545/517 933/830/758 362/831/759 23/220/220
f 2/12/12 262/10/10 934/832/760 331/501/477
f 262/10/10 68/5/5 679/833/761 934/832/760
f 934/832/760 679/833/761 236/834/762 682/835/763
f 331/501/477 934/832/760 682/835/763 103/503/479
f 68/5/5 261/2/2 935/836/764 679/833/761
f 261/2/2 41/1/1 437/550/522 935/836/764
f 935/836/764 437/550/522 156/555/527 680/837/765
f 679/833/761 935/836/764 680/837/765 236/834/762
f 236/834/762 680/837/765 936/838/766 681/839/767
f 680/837/765 156/555/527 438/566/538 936/838/766
f 936/838/766 438/566/538 47/185/185 359/840/768
f 681/839/767 936/838/766 359/840/768 117/841/769
f 103/503/479 682/835/763 937/842/770 332/507/483
f 682/835/763 236/834/762 681/839/767 937/842/770
f 937/842/770 681/839/767 117/841/769 360/843/771
f 332/507/483 937/842/770 360/843/771 21/259/259
f 21/259/259 360/843/771 938/844/772 291/260/260
f 360/843/771 117/841/769 683/845/773 938/844/772
f 938/844/772 683/845/773 237/846/774 686/847/775
f 291/260/260 938/844/772 686/847/775 83/263/263
f 117/841/769 359/840/768 939/848/776 683/845/773
f 359/840/768 47/185/185 439/188/188 939/848/776
f 939/848/776 439/188/188 157/193/193 684/849/777
f 683/845/773 939/848/776 684/849/777 237/846/774
f 237/846/774 684/849/777 940/850/778 685/851/779
f 684/849/777 157/193/193 440/207/207 940/850/778
f 940/850/778 440/207/207 45/159/159 283/158/158
f 685/851/779 940/850/778 283/158/158 79/155/155
f 83/263/263 686/847/775 941/852/780 292/268/268
f 686/847/775 237/846/774 685/851/779 941/852/780
f 941/852/780 685/851/779 79/155/155 284/154/154
f 292/268/268 941/852/780 284/154/154 10/153/153
f 23/220/220 362/831/759 942/853/781 336/221/221
f 362/831/759 118/829/757 687/854/782 942/853/781
f 942/853/781 687/854/782 238/855/783 690/856/784
f 336/221/221 942/853/781 690/856/784 105/222/222
f 118/829/757 361/828/756 943/857/785 687/854/782
f 361/828/756 48/160/160 441/163/163 943/857/785
f 943/857/785 441/163/163 158/168/168 688/858/786
f 687/854/782 943/857/785 688/858/786 238/855/783
f 238/855/783 688/858/786 944/859/787 689/860/788
f 688/858/786 158/168/168 442/182/182 944/859/787
f 944/859/787 442/182/182 46/184/184 285/806/736
f 689/860/788 944/859/787 285/806/736 80/801/732
f 105/222/222 690/856/784 945/861/789 335/226/226
f 690/856/784 238/855/783 689/860/788 945/861/789
f 945/861/789 689/860/788 80/801/732 286/798/730
f 335/226/226 945/861/789 286/798/730 11/227/227
f 33/862/233 402/863/744 946/864/790 372/865/650
f 402/863/744 138/866/742 691/867/791 946/864/790
f 946/864/790 691/867/791 239/868/792 694/869/793
f 372/865/650 946/864/790 694/869/793 123/870/651
f 138/866/742 401/871/741 947/872/794 691/867/791
f 401/871/741 49/135/135 443/138/138 947/872/794
f 947/872/794 443/138/138 159/143/143 692/873/795
f 691/867/791 947/872/794 692/873/795 239/868/792
f 239/868/792 692/873/795 948/874/796 693/875/797
f 692/873/795 159/143/143 444/157/157 948/874/796
f 948/874/796 444/157/157 45/159/159 420/208/208
f 693/875/797 948/874/796 420/208/208 147/205/205
f 123/870/651 694/869/793 949/876/798 371/877/653
f 694/869/793 239/868/792 693/875/797 949/876/798
f 949/876/798 693/875/797 147/205/205 419/204/204
f 371/877/653 949/876/798 419/204/204 9/203/203
f 7/106/106 272/878/799 950/879/800 274/107/107
f 272/878/799 73/880/801 695/881/802 950/879/800
f 950/879/800 695/881/802 240/882/803 698/883/804
f 274/107/107 950/879/800 698/883/804 74/108/108
f 73/880/801 271/884/805 951/885/806 695/881/802
f 271/884/805 43/50/50 445/52/52 951/885/806
f 951/885/806 445/52/52 160/56/56 696/886/807
f 695/881/802 951/885/806 696/886/807 240/882/803
f 240/882/803 696/886/807 952/887/808 697/888/809
f 696/886/807 160/56/56 446/68/68 952/887/808
f 952/887/808 446/68/68 44/70/70 277/823/751
f 697/888/809 952/887/808 277/823/751 76/819/747
f 74/108/108 698/883/804 953/889/810 273/112/112
f 698/883/804 240/882/803 697/888/809 953/889/810
f 953/889/810 697/888/809 76/819/747 278/817/745
f 273/112/112 953/889/810 278/817/745 5/113/113
f 29/890/95 410/891/729 954/892/811 364/893/96
f 410/891/729 142/894/727 699/895/812 954/892/811
f 954/892/811 699/895/812 241/896/813 702/897/814
f 364/893/96 954/892/811 702/897/814 119/898/99
f 142/894/727 409/899/726 955/900/815 699/895/812
f 409/899/726 50/26/26 447/29/29 955/900/815
f 955/900/815 447/29/29 161/34/34 700/901/816
f 699/895/812 955/900/815 700/901/816 241/896/813
f 241/896/813 700/901/816 956/902/817 701/903/818
f 700/901/816 161/34/34 448/48/48 956/902/817
f 956/902/817 448/48/48 43/50/50 271/884/805
f 701/903/818 956/902/817 271/884/805 73/880/801
f 119/898/99 702/897/814 957/904/819 363/905/104
f 702/897/814 241/896/813 701/903/818 957/904/819
f 957/904/819 701/903/818 73/880/801 272/878/799
f 363/905/104 957/904/819 272/878/799 7/106/106
f 1/558/530 411/556/528 958/906/820 260/750/693
f 411/556/528 143/551/523 703/907/821 958/906/820
f 958/906/820 703/907/821 242/908/822 706/909/823
f 260/750/693 958/906/820 706/909/823 67/739/686
f 143/551/523 412/548/520 959/910/824 703/907/821
f 412/548/520 41/1/1 449/4/4 959/910/824
f 959/910/824 449/4/4 162/9/9 704/911/825
f 703/907/821 959/910/824 704/911/825 242/908/822
f 242/908/822 704/911/825 960/912/826 705/913/827
f 704/911/825 162/9/9 450/23/23 960/912/826
f 960/912/826 450/23/23 42/25/25 265/787/721
f 705/913/827 960/912/826 265/787/721 70/782/717
f 67/739/686 706/909/823 961/914/828 259/734/681
f 706/909/823 242/908/822 705/913/827 961/914/828
f 961/914/828 705/913/827 70/782/717 266/779/715
f 259/734/681 961/914/828 266/779/715 3/731/678
f 65/480/459 452/478/457 962/915/829 468/916/830
f 452/478/457 163/473/452 707/917/831 962/915/829
f 962/915/829 707/917/831 243/918/832 710/919/833
f 468/916/830 962/915/829 710/919/833 171/920/834
f 163/473/452 451/470/449 963/921/835 707/917/831
f 451/470/449 37/469/448 469/922/836 963/921/835
f 963/921/835 469/922/836 172/923/837 708/924/838
f 707/917/831 963/921/835 708/924/838 243/918/832
f 243/918/832 708/924/838 964/925/839 709/926/840
f 708/924/838 172/923/837 470/927/841 964/925/839
f 964/925/839 470/927/841 51/389/380 315/388/379
f 709/926/840 964/925/839 315/388/379 95/385/376
f 171/920/834 710/919/833 965/928/842 467/929/843
f 710/919/833 243/918/832 709/926/840 965/928/842
f 965/928/842 709/926/840 95/385/376 316/384/375
f 467/929/843 965/928/842 316/384/375 61/383/374
f 38/354/348 453/353/347 966/930/844 472/931/845
f 453/353/347 164/350/344 711/932/846 966/930/844
f 966/930/844 711/932/846 244/933/847 714/934/848
f 472/931/845 966/930/844 714/934/848 173/935/849
f 164/350/344 454/349/343 967/936/850 711/932/846
f 454/349/343 20/348/342 473/937/851 967/936/850
f 967/936/850 473/937/851 174/938/852 712/939/853
f 711/932/846 967/936/850 712/939/853 244/933/847
f 244/933/847 712/939/853 968/940/854 713/941/855
f 712/939/853 174/938/852 474/942/856 968/940/854
f 968/940/854 474/942/856 54/252/252 318/638/600
f 713/941/855 968/940/854 318/638/600 96/636/598
f 173/935/849 714/934/848 969/943/857 471/944/858
f 714/934/848 244/933/847 713/941/855 969/943/857
f 969/943/857 713/941/855 96/636/598 317/635/597
f 471/944/858 969/943/857 317/635/597 53/634/432
f 20/348/342 456/347/341 970/945/859 473/937/851
f 456/347/341 165/343/337 715/946/860 970/945/859
f 970/945/859 715/946/860 245/947/861 718/948/862
f 473/937/851 970/945/859 718/948/862 174/938/852
f 165/343/337 455/342/336 971/949/863 715/946/860
f 455/342/336 66/341/335 475/950/864 971/949/863
f 971/949/863 475/950/864 175/951/865 716/952/866
f 715/946/860 971/949/863 716/952/866 245/947/861
f 245/947/861 716/952/866 972/953/867 717/954/868
f 716/952/866 175/951/865 476/955/869 972/953/867
f 972/953/867 476/955/869 62/258/258 319/257/257
f 717/954/868 972/953/867 319/257/257 97/254/254
f 174/938/852 718/948/862 973/956/870 474/942/856
f 718/948/862 245/947/861 717/954/868 973/956/870
f 973/956/870 717/954/868 97/254/254 320/253/253
f 474/942/856 973/956/870 320/253/253 54/252/252
f 17/957/871 488/958/872 974/959/873 496/960/874
f 488/958/872 181/961/875 719/962/876 974/959/873
f 974/959/873 719/962/876 246/963/877 722/964/878
f 496/960/874 974/959/873 722/964/878 185/965/879
f 181/961/875 487/966/880 975/967/881 719/962/876
f 487/966/880 28/968/882 497/969/883 975/967/881
f 975/967/881 497/969/883 186/970/884 720/971/885
f 719/962/876 975/967/881 720/971/885 246/963/877
f 246/963/877 720/971/885 976/972/886 721/973/887
f 720/971/885 186/970/884 498/974/888 976/972/886
f 976/972/886 498/974/888 56/975/889 483/976/890
f 721/973/887 976/972/886 483/976/890 179/977/891
f 185/965/879 722/964/878 977/978/892 495/979/893
f 722/964/878 246/963/877 721/973/887 977/978/892
f 977/978/892 721/973/887 179/977/891 484/980/894
f 495/979/893 977/978/892 484/980/894 57/981/895
f 27/982/896 490/983/897 978/984/898 493/985/899
f 490/983/897 182/986/900 723/987/901 978/984/898
f 978/984/898 723/987/901 247/988/902 726/989/903
f 493/985/899 978/984/898 726/989/903 184/990/904
f 182/986/900 489/991/905 979/992/906 723/987/901
f 489/991/905 18/993/907 492/994/908 979/992/906
f 979/992/906 492/994/908 183/995/909 724/996/910
f 723/987/901 979/992/906 724/996/910 247/988/902
f 247/988/902 724/996/910 980/997/911 725/998/912
f 724/996/910 183/995/909 491/999/913 980/997/911
f 980/997/911 491/999/913 52/1000/914 485/1001/915
f 725/998/912 980/997/911 485/1001/915 180/1002/916
f 184/990/904 726/989/903 981/1003/917 494/1004/918
f 726/989/903 247/988/902 725/998/912 981/1003/917
f 981/1003/917 725/998/912 180/1002/916 486/1005/919
f 494/1004/918 981/1003/917 486/1005/919 55/1006/920
f 63/618/585 462/656/618 982/1007/921 479/1008/922
f 462/656/618 168/660/622 727/1009/923 982/1007/921
f 982/1007/921 727/1009/923 248/1010/924 730/1011/925
f 479/1008/922 982/1007/921 730/1011/925 177/1012/926
f 168/660/622 461/668/630 983/1013/927 727/1009/923
f 461/668/630 19/670/632 481/1014/928 983/1013/927
f 983/1013/927 481/1014/928 178/1015/929 728/1016/930
f 727/1009/923 983/1013/927 728/1016/930 248/1010/924
f 248/1010/924 728/1016/930 984/1017/931 729/1018/932
f 728/1016/930 178/1015/929 482/1019/933 984/1017/931
f 984/1017/931 482/1019/933 58/447/426 345/468/447
f 729/1018/932 984/1017/931 345/468/447 110/466/445
f 177/1012/926 730/1011/925 985/1020/934 480/1021/935
f 730/1011/925 248/1010/924 729/1018/932 985/1020/934
f 985/1020/934 729/1018/932 110/466/445 346/465/444
f 480/1021/935 985/1020/934 346/465/444 59/428/412
f 37/469/448 464/608/575 986/1022/936 469/922/836
f 464/608/575 169/603/570 731/1023/937 986/1022/936
f 986/1022/936 731/1023/937 249/1024/938 734/1025/939
f 469/922/836 986/1022/936 734/1025/939 172/923/837
f 169/603/570 463/600/567 987/1026/940 731/1023/937
f 463/600/567 64/599/566 478/1027/941 987/1026/940
f 987/1026/940 478/1027/941 176/1028/942 732/1029/943
f 731/1023/937 987/1026/940 732/1029/943 249/1024/938
f 249/1024/938 732/1029/943 988/1030/944 733/1031/945
f 732/1029/943 176/1028/942 477/1032/946 988/1030/944
f 988/1030/944 477/1032/946 60/421/405 379/654/616
f 733/1031/945 988/1030/944 379/654/616 127/652/614
f 172/923/837 734/1025/939 989/1033/947 470/927/841
f 734/1025/939 249/1024/938 733/1031/945 989/1033/947
f 989/1033/947 733/1031/945 127/652/614 380/651/613
f 470/927/841 989/1033/947 380/651/613 51/389/380
f 19/670/632 465/669/631 990/1034/948 481/1014/928
f 465/669/631 170/666/628 735/1035/949 990/1034/948
f 990/1034/948 735/1035/949 250/1036/950 738/1037/951
f 481/1014/928 990/1034/948 738/1037/951 178/1015/929
f 170/666/628 466/665/627 991/1038/952 735/1035/949
f 466/665/627 38/354/348 472/931/845 991/1038/952
f 991/1038/952 472/931/845 173/935/849 736/1039/953
f 735/1035/949 991/1038/952 736/1039/953 250/1036/950
f 250/1036/950 736/1039/953 992/1040/954 737/1041/955
f 736/1039/953 173/935/849 471/1042/858 992/1040/954
f 992/1040/954 471/1042/858 53/453/432 382/452/431
f 737/1041/955 992/1040/954 382/452/431 128/449/428
f 178/1015/929 738/1037/951 993/1043/956 482/1019/933
f 738/1037/951 250/1036/950 737/1041/955 993/1043/956
f 993/1043/956 737/1041/955 128/449/428 381/448/427
f 482/1019/933 993/1043/956 381/448/427 58/447/426
f 57/981/895 484/980/894 994/1044/957 500/1045/958
f 484/980/894 179/977/891 739/1046/959 994/1044/957
f 994/1044/957 739/1046/959 251/1047/960 742/1048/961
f 500/1045/958 994/1044/957 742/1048/961 187/1049/962
f 179/977/891 483/976/890 995/1050/963 739/1046/959
f 483/976/890 56/975/889 501/1051/964 995/1050/963
f 995/1050/963 501/1051/964 188/1052/965 740/1053/966
f 739/1046/959 995/1050/963 740/1053/966 251/1047/960
f 251/1047/960 740/1053/966 996/1054/967 741/1055/968
f 740/1053/966 188/1052/965 502/1056/969 996/1054/967
f 996/1054/967 502/1056/969 59/428/412 321/427/411
f 741/1055/968 996/1054/967 321/427/411 98/424/408
f 187/1049/962 742/1048/961 997/1057/970 499/1058/971
f 742/1048/961 251/1047/960 741/1055/968 997/1057/970
f 997/1057/970 741/1055/968 98/424/408 322/422/406
f 499/1058/971 997/1057/970 322/422/406 60/421/405
f 55/1006/920 486/1005/919 998/1059/972 504/1060/973
f 486/1005/919 180/1002/916 743/1061/974 998/1059/972
f 998/1059/972 743/1061/974 252/1062/975 746/1063/976
f 504/1060/973 998/1059/972 746/1063/976 189/1064/977
f 180/1002/916 485/1001/915 999/1065/978 743/1061/974
f 485/1001/915 52/1000/914 505/1066/979 999/1065/978
f 999/1065/978 505/1066/979 190/1067/980 744/1068/981
f 743/1061/974 999/1065/978 744/1068/981 252/1062/975
f 252/1062/975 744/1068/981 1000/1069/982 745/1070/983
f 744/1068/981 190/1067/980 506/1071/984 1000/1069/982
f 1000/1069/982 506/1071/984 61/383/374 343/532/504
f 745/1070/983 1000/1069/982 343/532/504 109/530/502
f 189/1064/977 746/1063/976 1001/1072/985 503/1073/986
f 746/1063/976 252/1062/975 745/1070/983 1001/1072/985
f 1001/1072/985 745/1070/983 109/530/502 344/529/501
f 503/1073/986 1001/1072/985 344/529/501 62/258/258
f 28/968/882 487/966/880 1002/1074/987 508/1075/988
f 487/966/880 181/961/875 747/1076/989 1002/1074/987
f 1002/1074/987 747/1076/989 253/1077/990 750/1078/991
f 508/1075/988 1002/1074/987 750/1078/991 191/1079/992
f 181/961/875 488/958/872 1003/1080/993 747/1076/989
f 488/958/872 17/957/871 509/1081/994 1003/1080/993
f 1003/1080/993 509/1081/994 192/1082/995 748/1083/996
f 747/1076/989 1003/1080/993 748/1083/996 253/1077/990
f 253/1077/990 748/1083/996 1004/1084/997 749/1085/998
f 748/1083/996 192/1082/995 510/1086/999 1004/1084/997
f 1004/1084/997 510/1086/999 64/599/566 458/602/569
f 749/1085/998 1004/1084/997 458/602/569 166/607/574
f 191/1079/992 750/1078/991 1005/1087/1000 507/1088/1001
f 750/1078/991 253/1077/990 749/1085/998 1005/1087/1000
f 1005/1087/1000 749/1085/998 166/607/574 457/616/583
f 507/1088/1001 1005/1087/1000 457/616/583 63/618/585
f 18/993/907 489/991/905 1006/1089/1002 512/1090/1003
f 489/991/905 182/986/900 751/1091/1004 1006/1089/1002
f 1006/1089/1002 751/1091/1004 254/1092/1005 754/1093/1006
f 512/1090/1003 1006/1089/1002 754/1093/1006 193/1094/1007
f 182/986/900 490/983/897 1007/1095/1008 751/1091/1004
f 490/983/897 27/982/896 513/1096/1009 1007/1095/1008
f 1007/1095/1008 513/1096/1009 194/1097/1010 752/1098/1011
f 751/1091/1004 1007/1095/1008 752/1098/1011 254/1092/1005
f 254/1092/1005 752/1098/1011 1008/1099/1012 753/1100/1013
f 752/1098/1011 194/1097/1010 514/1101/1014 1008/1099/1012
f 1008/1099/1012 514/1101/1014 66/341/335 460/486/465
f 753/1100/1013 1008/1099/1012 460/486/465 167/482/461
f 193/1094/1007 754/1093/1006 1009/1102/1015 511/1103/1016
f 754/1093/1006 254/1092/1005 753/1100/1013 1009/1102/1015
f 1009/1102/1015 753/1100/1013 167/482/461 459/481/460
f 511/1103/1016 1009/1102/1015 459/481/460 65/480/459
f 52/1000/914 491/999/913 1010/1104/1017 505/1066/979
f 491/999/913 183/995/909 755/1105/1018 1010/1104/1017
f 1010/1104/1017 755/1105/1018 255/1106/1019 758/1107/1020
f 505/1066/979 1010/1104/1017 758/1107/1020 190/1067/980
f 183/995/909 492/994/908 1011/1108/1021 755/1105/1018
f 492/994/908 18/993/907 512/1090/1003 1011/1108/1021
f 1011/1108/1021 512/1090/1003 193/1094/1007 756/1109/1022
f 755/1105/1018 1011/1108/1021 756/1109/1022 255/1106/1019
f 255/1106/1019 756/1109/1022 1012/1110/1023 757/1111/1024
f 756/1109/1022 193/1094/1007 511/1103/1016 1012/1110/1023
f 1012/1110/1023 511/1103/1016 65/480/459 468/916/830
f 757/1111/1024 1012/1110/1023 468/916/830 171/920/834
f 190/1067/980 758/1107/1020 1013/1112/1025 506/1071/984
f 758/1107/1020 255/1106/1019 757/1111/1024 1013/1112/1025
f 1013/1112/1025 757/1111/1024 171/920/834 467/929/843
f 506/1071/984 1013/1112/1025 467/929/843 61/383/374
f 27/982/896 493/985/899 1014/1113/1026 513/1096/1009
f 493/985/899 184/990/904 759/1114/1027 1014/1113/1026
f 1014/1113/1026 759/1114/1027 256/1115/1028 762/1116/1029
f 513/1096/1009 1014/1113/1026 762/1116/1029 194/1097/1010
f 184/990/904 494/1004/918 1015/1117/1030 759/1114/1027
f 494/1004/918 55/1006/920 504/1060/973 1015/1117/1030
f 1015/1117/1030 504/1060/973 189/1064/977 760/1118/1031
f 759/1114/1027 1015/1117/1030 760/1118/1031 256/1115/1028
f 256/1115/1028 760/1118/1031 1016/1119/1032 761/1120/1033
f 760/1118/1031 189/1064/977 503/1073/986 1016/1119/1032
f 1016/1119/1032 503/1073/986 62/258/258 476/955/869
f 761/1120/1033 1016/1119/1032 476/955/869 175/951/865
f 194/1097/1010 762/1116/1029 1017/1121/1034 514/1101/1014
f 762/1116/1029 256/1115/1028 761/1120/1033 1017/1121/1034
f 1017/1121/1034 761/1120/1033 175/951/865 475/950/864
f 514/1101/1014 1017/1121/1034 475/950/864 66/341/335
f 17/957/871 496/960/874 1018/1122/1035 509/1081/994
f 496/960/874 185/965/879 763/1123/1036 1018/1122/1035
f 1018/1122/1035 763/1123/1036 257/1124/1037 766/1125/1038
f 509/1081/994 1018/1122/1035 766/1125/1038 192/1082/995
f 185/965/879 495/979/893 1019/1126/1039 763/1123/1036
f 495/979/893 57/981/895 500/1045/958 1019/1126/1039
f 1019/1126/1039 500/1045/958 187/1049/962 764/1127/1040
f 763/1123/1036 1019/1126/1039 764/1127/1040 257/1124/1037
f 257/1124/1037 764/1127/1040 1020/1128/1041 765/1129/1042
f 764/1127/1040 187/1049/962 499/1058/971 1020/1128/1041
f 1020/1128/1041 499/1058/971 60/421/405 477/1032/946
f 765/1129/1042 1020/1128/1041 477/1032/946 176/1028/942
f 192/1082/995 766/1125/1038 1021/1130/1043 510/1086/999
f 766/1125/1038 257/1124/1037 765/1129/1042 1021/1130/1043
f 1021/1130/1043 765/1129/1042 176/1028/942 478/1027/941
f 510/1086/999 1021/1130/1043 478/1027/941 64/599/566
f 56/975/889 498/974/888 1022/1131/1044 501/1051/964
f 498/974/888 186/970/884 767/1132/1045 1022/1131/1044
f 1022/1131/1044 767/1132/1045 258/1133/1046 770/1134/1047
f 501/1051/964 1022/1131/1044 770/1134/1047 188/1052/965
f 186/970/884 497/969/883 1023/1135/1048 767/1132/1045
f 497/969/883 28/968/882 508/1075/988 1023/1135/1048
f 1023/1135/1048 508/1075/988 191/1079/992 768/1136/1049
f 767/1132/1045 1023/1135/1048 768/1136/1049 258/1133/1046
f 258/1133/1046 768/1136/1049 1024/1137/1050 769/1138/1051
f 768/1136/1049 191/1079/992 507/1088/1001 1024/1137/1050
f 1024/1137/1050 507/1088/1001 63/618/585 479/1008/922
f 769/1138/1051 1024/1137/1050 479/1008/922 177/1012/926
f 188/1052/965 770/1134/1047 1025/1139/1052 502/1056/969
f 770/1134/1047 258/1133/1046 769/1138/1051 1025/1139/1052
f 1025/1139/1052 769/1138/1051 177/1012/926 480/1021/935
f 502/1056/969 1025/1139/1052 480/1021/935 59/428/412
f 1026/1140/1053 1027/1141/362 1034/1142/1054 1031/374/365
f 1027/371/362 1028/370/361 1030/367/358 1034/1142/1054
f 1034/1142/1054 1030/367/358 1029/366/357 1033/377/368
f 1031/374/365 1034/1142/1054 1033/377/368 1032/375/366
f 1040/365/356 1037/376/367 1033/377/368 1029/366/357
f 1036/373/364 1042/1143/1055 1026/1140/1053 1031/374/365
f 1042/1143/1055 1039/1144/359 1027/1141/362 1026/1140/1053
f 1035/369/360 1041/364/355 1030/367/358 1028/370/361
f 14/516/88 326/519/493 1041/364/355 1035/369/360
f 87/359/90 300/1145/89 1039/1144/359 1042/1143/1055
f 575/360/351 87/359/90 1042/1143/1055 1036/373/364
f 100/381/372 576/378/369 1037/376/367 1040/365/356
f 576/378/369 210/361/352 1038/372/363 1037/376/367
f 210/361/352 575/360/351 1036/373/364 1038/372/363
f 300/1146/89 14/516/88 1035/369/360 1039/368/359
f 326/519/493 100/381/372 1040/365/356 1041/364/355
f 1050/1147/1056 1045/414/398 1044/413/397 1048/1148/1057
f 1046/417/401 1050/1149/1056 1048/1148/1057 1047/418/402
f 1047/418/402 1048/1148/1057 1051/407/391 1049/410/394
f 1048/1148/1057 1044/413/397 1043/408/392 1051/407/391
f 1060/416/400 1062/1150/1058 1050/1149/1056 1046/417/401
f 1062/1151/1058 1063/411/395 1045/414/398 1050/1147/1056
f 1061/409/393 1064/415/399 1047/418/402 1049/410/394
f 1059/412/396 1066/405/389 1043/408/392 1044/413/397
f 101/645/607 327/420/404 1057/1152/1059 1052/1153/1060
f 581/423/407 211/396/384 1053/1154/1061 1055/1155/1062
f 835/404/387 328/403/388 580/1156/1063 1058/1157/1064
f 579/395/383 835/400/387 1058/1158/1064 1054/1159/1065
f 211/396/384 579/395/383 1054/1159/1065 1053/1154/1061
f 328/403/388 101/645/607 1052/1153/1060 580/1156/1063
f 836/419/403 581/423/407 1055/1155/1062 1056/1160/1066
f 327/420/404 836/419/403 1056/1160/1066 1057/1152/1059
f 1052/1153/1060 1057/1152/1059 1066/405/389 1059/412/396
f 1055/1155/1062 1053/1154/1061 1064/415/399 1061/409/393
f 1058/1157/1064 580/1156/1063 1063/411/395 1062/1151/1058
f 1054/1159/1065 1058/1158/1064 1062/1150/1058 1060/416/400
f 1053/1154/1061 1054/1159/1065 1060/416/400 1064/415/399
f 580/1156/1063 1052/1153/1060 1059/412/396 1063/411/395
f 1056/1160/1066 1055/1155/1062 1061/409/393 1065/406/390
f 1057/1152/1059 1056/1160/1066 1065/406/390 1066/405/389
g choucat_
usemtl 
f 1075/1161/1067 1187/1162/1068 1119/1163/1069 1194/1164/1070
f 1187/1162/1068 1085/1165/1071 1153/1166/1072 1119/1163/1069
f 1119/1163/1069 1153/1166/1072 1110/1167/1073 1156/1168/1074
f 1194/1164/1070 1119/1163/1069 1156/1168/1074 1088/1169/1075
f 1085/1165/1071 1188/1170/1076 1120/1171/1077 1153/1166/1072
f 1188/1170/1076 1073/1172/1078 1189/1173/1079 1120/1171/1077
f 1120/1171/1077 1189/1173/1079 1086/1174/1080 1154/1175/1081
f 1153/1166/1072 1120/1171/1077 1154/1175/1081 1110/1167/1073
f 1110/1167/1073 1154/1175/1081 1121/1176/1082 1155/1177/1083
f 1154/1175/1081 1086/1174/1080 1190/1178/1084 1121/1176/1082
f 1121/1176/1082 1190/1178/1084 1070/1179/1085 1191/1180/1086
f 1155/1177/1083 1121/1176/1082 1191/1180/1086 1087/1181/1087
f 1088/1169/1075 1156/1168/1074 1122/1182/1088 1193/1183/1089
f 1156/1168/1074 1110/1167/1073 1155/1177/1083 1122/1182/1088
f 1122/1182/1088 1155/1177/1083 1087/1181/1087 1192/1184/1090
f 1193/1183/1089 1122/1182/1088 1192/1184/1090 1072/1185/1091
f 1074/1186/1092 1195/1187/1093 1123/1188/1094 1200/1189/1095
f 1195/1187/1093 1089/1190/1096 1157/1191/1097 1123/1188/1094
f 1123/1188/1094 1157/1191/1097 1111/1192/1098 1160/1193/1099
f 1200/1189/1095 1123/1188/1094 1160/1193/1099 1091/1194/1100
f 1089/1190/1096 1196/1195/1101 1124/1196/1102 1157/1191/1097
f 1196/1195/1101 1075/1161/1067 1194/1164/1070 1124/1196/1102
f 1124/1196/1102 1194/1164/1070 1088/1169/1075 1158/1197/1103
f 1157/1191/1097 1124/1196/1102 1158/1197/1103 1111/1192/1098
f 1111/1192/1098 1158/1197/1103 1125/1198/1104 1159/1199/1105
f 1158/1197/1103 1088/1169/1075 1193/1183/1089 1125/1198/1104
f 1125/1198/1104 1193/1183/1089 1072/1185/1091 1197/1200/1106
f 1159/1199/1105 1125/1198/1104 1197/1200/1106 1090/1201/1107
f 1091/1194/1100 1160/1193/1099 1126/1202/1108 1199/1203/1109
f 1160/1193/1099 1111/1192/1098 1159/1199/1105 1126/1202/1108
f 1126/1202/1108 1159/1199/1105 1090/1201/1107 1198/1204/1110
f 1199/1203/1109 1126/1202/1108 1198/1204/1110 1068/1205/1111
f 1069/1206/1112 1201/1207/1113 1127/1208/1114 1206/1209/1115
f 1201/1207/1113 1092/1210/1116 1161/1211/1117 1127/1208/1114
f 1127/1208/1114 1161/1211/1117 1112/1212/1118 1164/1213/1119
f 1206/1209/1115 1127/1208/1114 1164/1213/1119 1094/1214/1120
f 1092/1210/1116 1202/1215/1121 1128/1216/1122 1161/1211/1117
f 1202/1215/1121 1071/1217/1123 1203/1218/1124 1128/1216/1122
f 1128/1216/1122 1203/1218/1124 1093/1219/1125 1162/1220/1126
f 1161/1211/1117 1128/1216/1122 1162/1220/1126 1112/1212/1118
f 1112/1212/1118 1162/1220/1126 1129/1221/1127 1163/1222/1128
f 1162/1220/1126 1093/1219/1125 1204/1223/1129 1129/1221/1127
f 1129/1221/1127 1204/1223/1129 1075/1161/1067 1196/1195/1101
f 1163/1222/1128 1129/1221/1127 1196/1195/1101 1089/1190/1096
f 1094/1214/1120 1164/1213/1119 1130/1224/1130 1205/1225/1131
f 1164/1213/1119 1112/1212/1118 1163/1222/1128 1130/1224/1130
f 1130/1224/1130 1163/1222/1128 1089/1190/1096 1195/1187/1093
f 1205/1225/1131 1130/1224/1130 1195/1187/1093 1074/1186/1092
f 1071/1217/1123 1207/1226/1132 1131/1227/1133 1203/1218/1124
f 1207/1226/1132 1095/1228/1134 1165/1229/1135 1131/1227/1133
f 1131/1227/1133 1165/1229/1135 1113/1230/1136 1168/1231/1137
f 1203/1218/1124 1131/1227/1133 1168/1231/1137 1093/1219/1125
f 1095/1228/1134 1208/1232/1138 1132/1233/1139 1165/1229/1135
f 1208/1232/1138 1067/1234/1140 1209/1235/1141 1132/1233/1139
f 1132/1233/1139 1209/1235/1141 1096/1236/1142 1166/1237/1143
f 1165/1229/1135 1132/1233/1139 1166/1237/1143 1113/1230/1136
f 1113/1230/1136 1166/1237/1143 1133/1238/1144 1167/1239/1145
f 1166/1237/1143 1096/1236/1142 1210/1240/1146 1133/1238/1144
f 1133/1238/1144 1210/1240/1146 1073/1172/1078 1188/1170/1076
f 1167/1239/1145 1133/1238/1144 1188/1170/1076 1085/1165/1071
f 1093/1219/1125 1168/1231/1137 1134/1241/1147 1204/1223/1129
f 1168/1231/1137 1113/1230/1136 1167/1239/1145 1134/1241/1147
f 1134/1241/1147 1167/1239/1145 1085/1165/1071 1187/1162/1068
f 1204/1223/1129 1134/1241/1147 1187/1162/1068 1075/1161/1067
f 1084/1242/1148 1211/1243/1149 1135/1244/1150 1218/1245/1151
f 1211/1243/1149 1097/1246/1152 1169/1247/1153 1135/1244/1150
f 1135/1244/1150 1169/1247/1153 1114/1248/1154 1172/1249/1155
f 1218/1245/1151 1135/1244/1150 1172/1249/1155 1100/1250/1156
f 1097/1246/1152 1212/1251/1157 1136/1252/1158 1169/1247/1153
f 1212/1251/1157 1081/1253/1159 1213/1254/1160 1136/1252/1158
f 1136/1252/1158 1213/1254/1160 1098/1255/1161 1170/1256/1162
f 1169/1247/1153 1136/1252/1158 1170/1256/1162 1114/1248/1154
f 1114/1248/1154 1170/1256/1162 1137/1257/1163 1171/1258/1164
f 1170/1256/1162 1098/1255/1161 1214/1259/1165 1137/1257/1163
f 1137/1257/1163 1214/1259/1165 1079/1260/1166 1215/1261/1167
f 1171/1258/1164 1137/1257/1163 1215/1261/1167 1099/1262/1168
f 1100/1250/1156 1172/1249/1155 1138/1263/1169 1217/1264/1170
f 1172/1249/1155 1114/1248/1154 1171/1258/1164 1138/1263/1169
f 1138/1263/1169 1171/1258/1164 1099/1262/1168 1216/1265/1171
f 1217/1264/1170 1138/1263/1169 1216/1265/1171 1082/1266/1172
f 1083/1267/1173 1219/1268/1174 1139/1269/1175 1224/1270/1176
f 1219/1268/1174 1101/1271/1177 1173/1272/1178 1139/1269/1175
f 1139/1269/1175 1173/1272/1178 1115/1273/1179 1176/1274/1180
f 1224/1270/1176 1139/1269/1175 1176/1274/1180 1103/1275/1181
f 1101/1271/1177 1220/1276/1182 1140/1277/1183 1173/1272/1178
f 1220/1276/1182 1077/1278/1184 1221/1279/1185 1140/1277/1183
f 1140/1277/1183 1221/1279/1185 1102/1280/1186 1174/1281/1187
f 1173/1272/1178 1140/1277/1183 1174/1281/1187 1115/1273/1179
f 1115/1273/1179 1174/1281/1187 1141/1282/1188 1175/1283/1189
f 1174/1281/1187 1102/1280/1186 1222/1284/1190 1141/1282/1188
f 1141/1282/1188 1222/1284/1190 1081/1253/1159 1212/1251/1157
f 1175/1283/1189 1141/1282/1188 1212/1251/1157 1097/1246/1152
f 1103/1275/1181 1176/1274/1180 1142/1285/1191 1223/1286/1192
f 1176/1274/1180 1115/1273/1179 1175/1283/1189 1142/1285/1191
f 1142/1285/1191 1175/1283/1189 1097/1246/1152 1211/1243/1149
f 1223/1286/1192 1142/1285/1191 1211/1243/1149 1084/1242/1148
f 1078/1287/1193 1225/1288/1194 1143/1289/1195 1230/1290/1196
f 1225/1288/1194 1104/1291/1197 1177/1292/1198 1143/1289/1195
f 1143/1289/1195 1177/1292/1198 1116/1293/1199 1180/1294/1200
f 1230/1290/1196 1143/1289/1195 1180/1294/1200 1106/1295/1201
f 1104/1291/1197 1226/1296/1202 1144/1297/1203 1177/1292/1198
f 1226/1296/1202 1083/1267/1173 1224/1270/1176 1144/1297/1203
f 1144/1297/1203 1224/1270/1176 1103/1275/1181 1178/1298/1204
f 1177/1292/1198 1144/1297/1203 1178/1298/1204 1116/1293/1199
f 1116/1293/1199 1178/1298/1204 1145/1299/1205 1179/1300/1206
f 1178/1298/1204 1103/1275/1181 1223/1286/1192 1145/1299/1205
f 1145/1299/1205 1223/1286/1192 1084/1242/1148 1227/1301/1207
f 1179/1300/1206 1145/1299/1205 1227/1301/1207 1105/1302/1208
f 1106/1295/1201 1180/1294/1200 1146/1303/1209 1229/1304/1210
f 1180/1294/1200 1116/1293/1199 1179/1300/1206 1146/1303/1209
f 1146/1303/1209 1179/1300/1206 1105/1302/1208 1228/1305/1211
f 1229/1304/1210 1146/1303/1209 1228/1305/1211 1080/1306/1212
f 1084/1242/1148 1218/1245/1151 1147/1307/1213 1234/1308/1214
f 1218/1245/1151 1100/1250/1156 1181/1309/1215 1147/1307/1213
f 1147/1307/1213 1181/1309/1215 1117/1310/1216 1183/1311/1217
f 1234/1308/1214 1147/1307/1213 1183/1311/1217 1108/1312/1218
f 1082/1266/1172 1231/1313/1219 1148/1314/1220 1217/1264/1170
f 1231/1313/1219 1107/1315/1221 1182/1316/1222 1148/1314/1220
f 1148/1314/1220 1182/1316/1222 1117/1310/1216 1181/1309/1215
f 1217/1264/1170 1148/1314/1220 1181/1309/1215 1100/1250/1156
f 1076/1317/1223 1233/1318/1224 1149/1319/1225 1232/1320/1226
f 1233/1318/1224 1108/1312/1218 1183/1311/1217 1149/1319/1225
f 1149/1319/1225 1183/1311/1217 1117/1310/1216 1182/1316/1222
f 1232/1320/1226 1149/1319/1225 1182/1316/1222 1107/1315/1221
f 1080/1306/1212 1228/1305/1211 1150/1321/1227 1236/1322/1228
f 1228/1305/1211 1105/1302/1208 1184/1323/1229 1150/1321/1227
f 1150/1321/1227 1184/1323/1229 1118/1324/1230 1186/1325/1231
f 1236/1322/1228 1150/1321/1227 1186/1325/1231 1109/1326/1232
f 1084/1242/1148 1234/1308/1214 1151/1327/1233 1227/1301/1207
f 1234/1308/1214 1108/1312/1218 1185/1328/1234 1151/1327/1233
f 1151/1327/1233 1185/1328/1234 1118/1324/1230 1184/1323/1229
f 1227/1301/1207 1151/1327/1233 1184/1323/1229 1105/1302/1208
f 1076/1317/1223 1235/1329/1235 1152/1330/1236 1233/1318/1224
f 1235/1329/1235 1109/1326/1232 1186/1325/1231 1152/1330/1236
f 1152/1330/1236 1186/1325/1231 1118/1324/1230 1185/1328/1234
f 1233/1318/1224 1152/1330/1236 1185/1328/1234 1108/1312/1218
