# Blender 5.0.0
# www.blender.org
mtllib potion.mtl
o HealthPotion
v 0.011524 0.002618 -0.011568
v 0.016328 0.002618 0.000031
v 0.019416 0.014720 -0.001248
v 0.014611 0.014720 -0.012847
v 0.007676 0.003845 0.001813
v 0.002891 0.004062 -0.006992
v 0.001678 0.016617 -0.007490
v 0.006482 0.016617 0.004110
v 0.009569 0.004119 0.006698
v -0.002030 0.004119 0.011503
v -0.001385 0.016560 0.013061
v 0.010214 0.016560 0.008256
v -0.010278 0.016588 -0.001537
v -0.009569 0.004119 -0.006698
v 0.002030 0.004119 -0.011503
v 0.001385 0.016560 -0.013061
v -0.010214 0.016560 -0.008256
v 0.034934 -0.006826 -0.021265
v 0.039738 -0.006826 -0.009665
v 0.042270 0.005426 -0.010714
v 0.037466 0.005426 -0.022313
v 0.021265 -0.006826 0.034934
v 0.009665 -0.006826 0.039738
v 0.010714 0.005426 0.042270
v 0.022313 0.005426 0.037466
v -0.034934 -0.006826 0.021265
v -0.039738 -0.006826 0.009665
v -0.042270 0.005426 0.010714
v -0.037466 0.005426 0.022313
v -0.021265 -0.006826 -0.034934
v -0.009665 -0.006826 -0.039738
v -0.010714 0.005426 -0.042270
v -0.022313 0.005426 -0.037466
v 0.028536 -0.002367 -0.018615
v 0.033341 -0.002367 -0.007015
v 0.038335 0.008965 -0.009084
v 0.033530 0.008965 -0.020683
v 0.018615 -0.002367 0.028536
v 0.007015 -0.002367 0.033341
v 0.009084 0.008965 0.038335
v 0.020683 0.008965 0.033530
v -0.028536 -0.002367 0.018615
v -0.033341 -0.002367 0.007015
v -0.038335 0.008965 0.009084
v -0.033530 0.008965 0.020683
v -0.018615 -0.002367 -0.028536
v -0.007015 -0.002367 -0.033341
v -0.009084 0.008965 -0.038335
v -0.020683 0.008965 -0.033530
v 0.008932 0.004062 0.005159
v -0.002668 0.004062 0.009964
v -0.002668 0.016617 0.009964
v 0.008932 0.016617 0.005159
v -0.006180 0.016588 0.008354
v -0.008932 0.004062 -0.005159
v 0.002668 0.004062 -0.009964
v 0.002668 0.016617 -0.009964
v -0.008932 0.016617 -0.005159
v 0.020194 0.389384 -0.015159
v 0.024998 0.389384 -0.003560
v 0.013858 0.385886 0.001054
v 0.009054 0.385886 -0.010545
v 0.015159 0.389384 0.020194
v 0.003560 0.389384 0.024998
v -0.001054 0.385886 0.013858
v 0.010545 0.385886 0.009054
v -0.020194 0.389384 0.015159
v -0.024998 0.389384 0.003560
v -0.013858 0.385886 -0.001054
v -0.009054 0.385886 0.010545
v -0.015159 0.389384 -0.020194
v -0.003560 0.389384 -0.024998
v 0.001054 0.385886 -0.013858
v -0.010545 0.385886 -0.009054
v 0.020275 0.430598 -0.015193
v 0.025079 0.430598 -0.003594
v 0.013778 0.433424 0.001088
v 0.008973 0.433424 -0.010511
v 0.015193 0.430598 0.020275
v 0.003593 0.430598 0.025079
v -0.001088 0.433424 0.013778
v 0.010511 0.433424 0.008973
v -0.020275 0.430598 0.015193
v -0.025079 0.430598 0.003593
v -0.013778 0.433424 -0.001088
v -0.008973 0.433424 0.010511
v -0.015193 0.430598 -0.020275
v -0.003593 0.430598 -0.025079
v 0.001088 0.433424 -0.013778
v -0.010511 0.433424 -0.008973
v 0.022030 0.434492 -0.015920
v 0.026835 0.434492 -0.004321
v 0.015533 0.437317 0.000361
v 0.010729 0.437317 -0.011239
v 0.015920 0.434492 0.022030
v 0.004321 0.434492 0.026835
v -0.000361 0.437317 0.015533
v 0.011239 0.437317 0.010729
v -0.022030 0.434492 0.015920
v -0.026835 0.434492 0.004321
v -0.015533 0.437317 -0.000361
v -0.010729 0.437317 0.011239
v -0.015920 0.434492 -0.022030
v -0.004321 0.434492 -0.026835
v 0.000361 0.437317 -0.015533
v -0.011239 0.437317 -0.010729
v 0.008957 0.450235 -0.010505
v 0.013761 0.450235 0.001095
v 0.019115 0.439098 -0.001123
v 0.014311 0.439098 -0.012722
v 0.010505 0.450235 0.008957
v -0.001095 0.450235 0.013761
v 0.001123 0.439098 0.019115
v 0.012722 0.439098 0.014311
v -0.008957 0.450235 0.010505
v -0.013761 0.450235 -0.001095
v -0.019115 0.439098 0.001123
v -0.014311 0.439098 0.012722
v -0.010505 0.450235 -0.008957
v 0.001095 0.450235 -0.013761
v -0.001123 0.439098 -0.019115
v -0.012722 0.439098 -0.014311
v 0.021337 0.447923 -0.015633
v 0.026142 0.447923 -0.004034
v 0.016226 0.441409 0.000074
v 0.011422 0.441409 -0.011526
v 0.015633 0.447923 0.021337
v 0.004034 0.447923 0.026142
v -0.000074 0.441409 0.016226
v 0.011526 0.441409 0.011421
v -0.021337 0.447923 0.015633
v -0.026142 0.447923 0.004034
v -0.016226 0.441409 -0.000074
v -0.011422 0.441409 0.011526
v -0.015633 0.447923 -0.021337
v -0.004034 0.447923 -0.026142
v 0.000074 0.441409 -0.016226
v -0.011526 0.441409 -0.011422
v 0.016288 0.451592 -0.013541
v 0.021092 0.451592 -0.001942
v 0.018336 0.439397 -0.000800
v 0.013532 0.439397 -0.012400
v 0.011725 0.451592 -0.011651
v 0.016530 0.451592 -0.000052
v 0.019286 0.439397 -0.001194
v 0.014481 0.439397 -0.012793
v 0.013541 0.451592 0.016288
v 0.001942 0.451592 0.021092
v 0.000800 0.439397 0.018336
v 0.012400 0.439397 0.013532
v 0.011651 0.451592 0.011725
v 0.000052 0.451592 0.016530
v 0.001194 0.439397 0.019286
v 0.012793 0.439397 0.014481
v -0.016288 0.451592 0.013541
v -0.021092 0.451592 0.001942
v -0.018336 0.439397 0.000800
v -0.013532 0.439397 0.012400
v -0.011725 0.451592 0.011651
v -0.016530 0.451592 0.000052
v -0.019286 0.439397 0.001194
v -0.014481 0.439397 0.012793
v -0.013541 0.451592 -0.016288
v -0.001942 0.451592 -0.021092
v -0.000800 0.439397 -0.018336
v -0.012400 0.439397 -0.013532
v -0.011651 0.451592 -0.011725
v -0.000052 0.451592 -0.016530
v -0.001194 0.439397 -0.019286
v -0.012793 0.439397 -0.014481
v 0.064732 0.006901 -0.033607
v 0.069536 0.006901 -0.022008
v 0.059073 0.012319 -0.017674
v 0.054268 0.012319 -0.029273
v 0.059432 -0.002102 -0.031412
v 0.064236 -0.002102 -0.019813
v 0.058371 0.008730 -0.017383
v 0.053566 0.008730 -0.028982
v 0.063797 0.003243 -0.033220
v 0.068602 0.003243 -0.021621
v 0.058290 0.008991 -0.017350
v 0.053485 0.008991 -0.028949
v 0.033607 0.006901 0.064732
v 0.022008 0.006901 0.069536
v 0.017674 0.012319 0.059073
v 0.029273 0.012319 0.054268
v 0.031412 -0.002102 0.059432
v 0.019813 -0.002102 0.064236
v 0.017383 0.008730 0.058371
v 0.028982 0.008730 0.053566
v 0.033220 0.003243 0.063797
v 0.021621 0.003243 0.068602
v 0.017350 0.008991 0.058290
v 0.028949 0.008991 0.053485
v -0.064732 0.006901 0.033607
v -0.069536 0.006901 0.022008
v -0.059073 0.012319 0.017674
v -0.054268 0.012319 0.029273
v -0.059432 -0.002102 0.031412
v -0.064236 -0.002102 0.019813
v -0.058371 0.008730 0.017383
v -0.053566 0.008730 0.028982
v -0.063797 0.003243 0.033220
v -0.068602 0.003243 0.021621
v -0.058290 0.008991 0.017350
v -0.053485 0.008991 0.028949
v -0.033607 0.006901 -0.064732
v -0.022008 0.006901 -0.069536
v -0.017674 0.012319 -0.059073
v -0.029273 0.012319 -0.054268
v -0.031412 -0.002102 -0.059432
v -0.019813 -0.002102 -0.064236
v -0.017383 0.008730 -0.058371
v -0.028982 0.008730 -0.053566
v -0.033220 0.003243 -0.063797
v -0.021621 0.003243 -0.068602
v -0.017350 0.008991 -0.058290
v -0.028949 0.008991 -0.053485
v -0.096483 0.053658 0.046759
v -0.101287 0.053658 0.035160
v -0.091324 0.060086 0.031033
v -0.086519 0.060086 0.042632
v -0.131785 0.198598 0.061382
v -0.136589 0.198598 0.049783
v -0.125320 0.195625 0.045115
v -0.120516 0.195625 0.056714
v -0.125758 0.120705 0.058885
v -0.130563 0.120705 0.047286
v -0.119367 0.123987 0.042649
v -0.114562 0.123987 0.054248
v 0.046759 0.053658 0.096483
v 0.035160 0.053658 0.101287
v 0.031033 0.060086 0.091324
v 0.042632 0.060086 0.086519
v 0.061382 0.198598 0.131785
v 0.049783 0.198598 0.136589
v 0.045115 0.195625 0.125320
v 0.056714 0.195625 0.120516
v 0.058885 0.120705 0.125758
v 0.047286 0.120705 0.130563
v 0.042649 0.123987 0.119367
v 0.054248 0.123987 0.114562
v 0.096483 0.053658 -0.046759
v 0.101287 0.053658 -0.035160
v 0.091324 0.060086 -0.031033
v 0.086519 0.060086 -0.042632
v 0.125758 0.120705 -0.058885
v 0.130563 0.120705 -0.047286
v 0.119367 0.123987 -0.042649
v 0.114562 0.123987 -0.054248
v 0.131785 0.198598 -0.061382
v 0.136589 0.198598 -0.049783
v 0.125320 0.195625 -0.045115
v 0.120516 0.195625 -0.056714
v -0.046759 0.053658 -0.096483
v -0.035160 0.053658 -0.101287
v -0.031033 0.060086 -0.091324
v -0.042632 0.060086 -0.086519
v -0.061382 0.198598 -0.131785
v -0.049783 0.198598 -0.136589
v -0.045115 0.195625 -0.125320
v -0.056714 0.195625 -0.120516
v -0.058885 0.120705 -0.125758
v -0.047286 0.120705 -0.130563
v -0.042649 0.123987 -0.119367
v -0.054248 0.123987 -0.114562
v 0.021637 -0.000405 -0.015757
v 0.026442 -0.000405 -0.004158
v 0.029529 0.011697 -0.005437
v 0.024725 0.011697 -0.017036
v 0.013785 0.001942 -0.012505
v 0.018590 0.001942 -0.000906
v 0.021677 0.014044 -0.002184
v 0.016873 0.014044 -0.013784
v 0.015757 -0.000405 0.021637
v 0.004158 -0.000405 0.026442
v 0.005437 0.011697 0.029529
v 0.017036 0.011697 0.024725
v 0.012505 0.001942 0.013785
v 0.000906 0.001942 0.018590
v 0.002184 0.014044 0.021677
v 0.013784 0.014044 0.016873
v -0.021637 -0.000405 0.015757
v -0.026442 -0.000405 0.004158
v -0.029529 0.011697 0.005437
v -0.024725 0.011697 0.017036
v -0.013785 0.001942 0.012505
v -0.018590 0.001942 0.000906
v -0.021677 0.014044 0.002184
v -0.016873 0.014044 0.013784
v -0.015757 -0.000405 -0.021637
v -0.004158 -0.000405 -0.026442
v -0.005437 0.011697 -0.029529
v -0.017036 0.011697 -0.024725
v -0.012505 0.001942 -0.013785
v -0.000906 0.001942 -0.018590
v -0.002184 0.014044 -0.021677
v -0.013784 0.014044 -0.016873
v 0.015254 0.420917 0.020423
v 0.003655 0.420917 0.025228
v -0.001149 0.420917 0.013629
v 0.010450 0.420917 0.008824
v 0.015254 0.409823 0.020423
v 0.003655 0.409823 0.025228
v -0.001149 0.409823 0.013629
v 0.010450 0.409823 0.008824
v 0.015254 0.398729 0.020423
v 0.003655 0.398729 0.025228
v -0.001149 0.398729 0.013629
v 0.010450 0.398729 0.008824
v -0.015254 0.420917 -0.020423
v -0.003655 0.420917 -0.025228
v 0.001149 0.420917 -0.013629
v -0.010450 0.420917 -0.008824
v -0.015254 0.409823 -0.020423
v -0.003655 0.409823 -0.025228
v 0.001149 0.409823 -0.013629
v -0.010450 0.409823 -0.008824
v -0.015254 0.398729 -0.020423
v -0.003655 0.398729 -0.025228
v 0.001149 0.398729 -0.013629
v -0.010450 0.398729 -0.008824
v 0.020423 0.420917 -0.015254
v 0.025228 0.420917 -0.003655
v 0.013629 0.420917 0.001149
v 0.008824 0.420917 -0.010450
v 0.020423 0.409823 -0.015254
v 0.025228 0.409823 -0.003655
v 0.013629 0.409823 0.001149
v 0.008824 0.409823 -0.010450
v 0.020423 0.398729 -0.015254
v 0.025228 0.398729 -0.003655
v 0.013629 0.398729 0.001149
v 0.008824 0.398729 -0.010450
v -0.020423 0.420917 0.015254
v -0.025228 0.420917 0.003655
v -0.013629 0.420917 -0.001149
v -0.008824 0.420917 0.010450
v -0.020423 0.409823 0.015254
v -0.025228 0.409823 0.003655
v -0.013629 0.409823 -0.001149
v -0.008824 0.409823 0.010450
v -0.020423 0.398729 0.015254
v -0.025228 0.398729 0.003655
v -0.013629 0.398729 -0.001149
v -0.008824 0.398729 0.010450
v -0.026425 -0.004868 -0.047392
v -0.014826 -0.004868 -0.052196
v -0.013962 0.007482 -0.050111
v -0.025561 0.007482 -0.045307
v 0.047392 -0.004868 -0.026425
v 0.052196 -0.004868 -0.014826
v 0.050111 0.007482 -0.013962
v 0.045307 0.007482 -0.025561
v 0.026425 -0.004868 0.047392
v 0.014826 -0.004868 0.052196
v 0.013962 0.007482 0.050111
v 0.025561 0.007482 0.045307
v -0.047392 -0.004868 0.026425
v -0.052196 -0.004868 0.014826
v -0.050111 0.007482 0.013962
v -0.045307 0.007482 0.025561
v 0.126936 0.134265 -0.059373
v 0.131741 0.134265 -0.047774
v 0.120185 0.135349 -0.042988
v 0.115381 0.135349 -0.054587
v 0.127935 0.146726 -0.059787
v 0.132739 0.146726 -0.048188
v 0.121183 0.147810 -0.043401
v 0.116379 0.147810 -0.055000
v 0.128933 0.159186 -0.060200
v 0.133738 0.159186 -0.048601
v 0.122182 0.160271 -0.043815
v 0.117377 0.160271 -0.055414
v 0.129931 0.171647 -0.060614
v 0.134736 0.171647 -0.049015
v 0.123180 0.172732 -0.044228
v 0.118376 0.172732 -0.055827
v 0.130930 0.184108 -0.061028
v 0.135734 0.184108 -0.049428
v 0.124179 0.185193 -0.044642
v 0.119374 0.185193 -0.056241
v 0.101519 0.065097 -0.048845
v 0.106323 0.065097 -0.037246
v 0.095841 0.070472 -0.032904
v 0.091036 0.070472 -0.044503
v 0.106295 0.076009 -0.050824
v 0.111100 0.076009 -0.039224
v 0.100617 0.081384 -0.034882
v 0.095813 0.081384 -0.046482
v 0.111072 0.086921 -0.052802
v 0.115876 0.086921 -0.041203
v 0.105394 0.092297 -0.036861
v 0.100589 0.092297 -0.048460
v 0.115848 0.097834 -0.054781
v 0.120653 0.097834 -0.043181
v 0.110171 0.103209 -0.038840
v 0.105366 0.103209 -0.050439
v 0.120625 0.108746 -0.056759
v 0.125429 0.108746 -0.045160
v 0.114947 0.114121 -0.040818
v 0.110142 0.114121 -0.052417
v 0.061028 0.184108 0.130930
v 0.049428 0.184108 0.135734
v 0.044642 0.185193 0.124178
v 0.056241 0.185193 0.119374
v 0.060614 0.171647 0.129931
v 0.049015 0.171647 0.134736
v 0.044228 0.172732 0.123180
v 0.055827 0.172732 0.118376
v 0.060200 0.159186 0.128933
v 0.048601 0.159186 0.133738
v 0.043815 0.160271 0.122182
v 0.055414 0.160271 0.117377
v 0.059787 0.146726 0.127935
v 0.048188 0.146726 0.132739
v 0.043401 0.147810 0.121183
v 0.055000 0.147810 0.116379
v 0.059373 0.134265 0.126936
v 0.047774 0.134265 0.131741
v 0.042988 0.135349 0.120185
v 0.054587 0.135349 0.115381
v 0.056759 0.108746 0.120625
v 0.045160 0.108746 0.125429
v 0.040818 0.114121 0.114947
v 0.052417 0.114121 0.110142
v 0.054781 0.097834 0.115848
v 0.043181 0.097834 0.120653
v 0.038839 0.103209 0.110170
v 0.050439 0.103209 0.105366
v 0.052802 0.086921 0.111072
v 0.041203 0.086921 0.115876
v 0.036861 0.092297 0.105394
v 0.048460 0.092297 0.100589
v 0.050824 0.076009 0.106295
v 0.039224 0.076009 0.111100
v 0.034882 0.081384 0.100617
v 0.046482 0.081384 0.095813
v 0.048845 0.065097 0.101519
v 0.037246 0.065097 0.106323
v 0.032904 0.070472 0.095841
v 0.044503 0.070472 0.091036
v -0.130930 0.184108 0.061028
v -0.135734 0.184108 0.049428
v -0.124179 0.185193 0.044642
v -0.119374 0.185193 0.056241
v -0.129931 0.171647 0.060614
v -0.134736 0.171647 0.049015
v -0.123180 0.172732 0.044228
v -0.118376 0.172732 0.055827
v -0.128933 0.159186 0.060200
v -0.133738 0.159186 0.048601
v -0.122182 0.160271 0.043815
v -0.117377 0.160271 0.055414
v -0.127935 0.146726 0.059787
v -0.132739 0.146726 0.048188
v -0.121183 0.147810 0.043401
v -0.116379 0.147810 0.055000
v -0.126936 0.134265 0.059373
v -0.131741 0.134265 0.047774
v -0.120185 0.135349 0.042988
v -0.115381 0.135349 0.054587
v -0.120625 0.108746 0.056759
v -0.125429 0.108746 0.045160
v -0.114947 0.114121 0.040818
v -0.110142 0.114121 0.052417
v -0.115848 0.097834 0.054781
v -0.120653 0.097834 0.043181
v -0.110170 0.103209 0.038839
v -0.105366 0.103209 0.050439
v -0.111072 0.086921 0.052802
v -0.115876 0.086921 0.041203
v -0.105394 0.092297 0.036861
v -0.100589 0.092297 0.048460
v -0.106295 0.076009 0.050824
v -0.111100 0.076009 0.039224
v -0.100617 0.081384 0.034882
v -0.095813 0.081384 0.046482
v -0.101519 0.065097 0.048845
v -0.106323 0.065097 0.037246
v -0.095841 0.070472 0.032904
v -0.091036 0.070472 0.044503
v -0.061028 0.184108 -0.130930
v -0.049428 0.184108 -0.135734
v -0.044642 0.185193 -0.124179
v -0.056241 0.185193 -0.119374
v -0.060614 0.171647 -0.129931
v -0.049015 0.171647 -0.134736
v -0.044228 0.172732 -0.123180
v -0.055827 0.172732 -0.118376
v -0.060200 0.159186 -0.128933
v -0.048601 0.159186 -0.133738
v -0.043815 0.160271 -0.122182
v -0.055414 0.160271 -0.117377
v -0.059787 0.146726 -0.127935
v -0.048188 0.146726 -0.132739
v -0.043401 0.147810 -0.121183
v -0.055000 0.147810 -0.116379
v -0.059373 0.134265 -0.126936
v -0.047774 0.134265 -0.131741
v -0.042988 0.135349 -0.120185
v -0.054587 0.135349 -0.115381
v -0.056759 0.108746 -0.120625
v -0.045160 0.108746 -0.125429
v -0.040818 0.114121 -0.114947
v -0.052417 0.114121 -0.110142
v -0.054781 0.097834 -0.115848
v -0.043181 0.097834 -0.120653
v -0.038839 0.103209 -0.110171
v -0.050439 0.103209 -0.105366
v -0.052802 0.086921 -0.111072
v -0.041203 0.086921 -0.115876
v -0.036861 0.092297 -0.105394
v -0.048460 0.092297 -0.100589
v -0.050824 0.076009 -0.106295
v -0.039224 0.076009 -0.111100
v -0.034883 0.081384 -0.100617
v -0.046482 0.081384 -0.095813
v -0.048845 0.065097 -0.101519
v -0.037246 0.065097 -0.106323
v -0.032904 0.070472 -0.095841
v -0.044503 0.070472 -0.091036
v -0.017448 0.380410 -0.025719
v -0.005849 0.380410 -0.030523
v -0.001790 0.373690 -0.020725
v -0.013389 0.373690 -0.015921
v -0.020014 0.369825 -0.031915
v -0.008415 0.369825 -0.036719
v -0.004357 0.363106 -0.026921
v -0.015956 0.363106 -0.022117
v -0.022581 0.359241 -0.038111
v -0.010981 0.359241 -0.042915
v -0.006923 0.352521 -0.033117
v -0.018522 0.352521 -0.028313
v -0.025147 0.348656 -0.044306
v -0.013548 0.348656 -0.049111
v -0.009489 0.341937 -0.039313
v -0.021089 0.341937 -0.034508
v -0.027713 0.338071 -0.050502
v -0.016114 0.338071 -0.055307
v -0.012056 0.331352 -0.045509
v -0.023655 0.331352 -0.040704
v -0.030280 0.327487 -0.056698
v -0.018681 0.327487 -0.061503
v -0.014622 0.320767 -0.051705
v -0.026221 0.320767 -0.046900
v -0.032846 0.316902 -0.062894
v -0.021247 0.316902 -0.067699
v -0.017189 0.310183 -0.057901
v -0.028788 0.310183 -0.053096
v -0.035413 0.306318 -0.069090
v -0.023814 0.306318 -0.073895
v -0.019755 0.299598 -0.064097
v -0.031354 0.299598 -0.059292
v -0.037979 0.295733 -0.075286
v -0.026380 0.295733 -0.080091
v -0.022322 0.289013 -0.070293
v -0.033921 0.289013 -0.065488
v -0.040546 0.285148 -0.081482
v -0.028946 0.285148 -0.086286
v -0.024888 0.278429 -0.076488
v -0.036487 0.278429 -0.071684
v -0.043112 0.274564 -0.087678
v -0.031513 0.274564 -0.092482
v -0.027454 0.267844 -0.082684
v -0.039054 0.267844 -0.077880
v -0.045678 0.263979 -0.093874
v -0.034079 0.263979 -0.098678
v -0.030021 0.257260 -0.088880
v -0.041620 0.257260 -0.084076
v -0.048245 0.253394 -0.100070
v -0.036646 0.253394 -0.104874
v -0.032587 0.246675 -0.095076
v -0.044186 0.246675 -0.090272
v -0.050811 0.242810 -0.106266
v -0.039212 0.242810 -0.111070
v -0.035154 0.236090 -0.101272
v -0.046753 0.236090 -0.096468
v -0.053378 0.232225 -0.112461
v -0.041779 0.232225 -0.117266
v -0.037720 0.225506 -0.107468
v -0.049319 0.225506 -0.102663
v -0.055944 0.221641 -0.118657
v -0.044345 0.221641 -0.123462
v -0.040287 0.214921 -0.113664
v -0.051886 0.214921 -0.108859
v -0.058511 0.211056 -0.124853
v -0.046911 0.211056 -0.129658
v -0.042853 0.204336 -0.119860
v -0.054452 0.204336 -0.115055
v -0.043982 0.043709 -0.089779
v -0.032383 0.043709 -0.094583
v -0.028508 0.051130 -0.085228
v -0.040107 0.051130 -0.080423
v -0.041331 0.034256 -0.083378
v -0.029732 0.034256 -0.088183
v -0.025857 0.041678 -0.078827
v -0.037456 0.041678 -0.074023
v -0.038680 0.024804 -0.076978
v -0.027081 0.024804 -0.081783
v -0.023206 0.032225 -0.072427
v -0.034805 0.032225 -0.067623
v -0.036029 0.015352 -0.070578
v -0.024430 0.015352 -0.075382
v -0.020555 0.022773 -0.066027
v -0.032154 0.022773 -0.061222
v -0.070578 0.015352 0.036029
v -0.075382 0.015352 0.024430
v -0.066027 0.022773 0.020555
v -0.061222 0.022773 0.032154
v -0.076978 0.024804 0.038680
v -0.081783 0.024804 0.027081
v -0.072427 0.032225 0.023206
v -0.067623 0.032225 0.034805
v -0.083378 0.034256 0.041331
v -0.088183 0.034256 0.029732
v -0.078827 0.041678 0.025857
v -0.074023 0.041678 0.037456
v -0.089779 0.043709 0.043982
v -0.094583 0.043709 0.032383
v -0.085227 0.051130 0.028508
v -0.080423 0.051130 0.040107
v -0.124853 0.211056 0.058511
v -0.129658 0.211056 0.046911
v -0.119860 0.204336 0.042853
v -0.115055 0.204336 0.054452
v -0.118657 0.221641 0.055944
v -0.123462 0.221641 0.044345
v -0.113664 0.214921 0.040287
v -0.108859 0.214921 0.051886
v -0.112461 0.232225 0.053378
v -0.117266 0.232225 0.041779
v -0.107468 0.225506 0.037720
v -0.102663 0.225506 0.049319
v -0.106266 0.242810 0.050811
v -0.111070 0.242810 0.039212
v -0.101272 0.236090 0.035154
v -0.096468 0.236090 0.046753
v -0.100070 0.253394 0.048245
v -0.104874 0.253394 0.036646
v -0.095076 0.246675 0.032587
v -0.090272 0.246675 0.044186
v -0.093874 0.263979 0.045678
v -0.098678 0.263979 0.034079
v -0.088880 0.257260 0.030021
v -0.084076 0.257260 0.041620
v -0.087678 0.274564 0.043112
v -0.092482 0.274564 0.031513
v -0.082684 0.267844 0.027454
v -0.077880 0.267844 0.039054
v -0.081482 0.285148 0.040546
v -0.086286 0.285148 0.028946
v -0.076488 0.278429 0.024888
v -0.071684 0.278429 0.036487
v -0.075286 0.295733 0.037979
v -0.080091 0.295733 0.026380
v -0.070293 0.289013 0.022321
v -0.065488 0.289013 0.033921
v -0.069090 0.306318 0.035413
v -0.073895 0.306318 0.023814
v -0.064097 0.299598 0.019755
v -0.059292 0.299598 0.031354
v -0.062894 0.316902 0.032846
v -0.067699 0.316902 0.021247
v -0.057901 0.310183 0.017189
v -0.053096 0.310183 0.028788
v -0.056698 0.327487 0.030280
v -0.061503 0.327487 0.018681
v -0.051705 0.320767 0.014622
v -0.046900 0.320767 0.026221
v -0.050502 0.338071 0.027713
v -0.055307 0.338071 0.016114
v -0.045509 0.331352 0.012056
v -0.040704 0.331352 0.023655
v -0.044306 0.348656 0.025147
v -0.049111 0.348656 0.013548
v -0.039313 0.341937 0.009489
v -0.034508 0.341937 0.021088
v -0.038111 0.359241 0.022581
v -0.042915 0.359241 0.010981
v -0.033117 0.352521 0.006923
v -0.028313 0.352521 0.018522
v -0.031915 0.369825 0.020014
v -0.036719 0.369825 0.008415
v -0.026921 0.363106 0.004356
v -0.022117 0.363106 0.015956
v -0.025719 0.380410 0.017448
v -0.030523 0.380410 0.005849
v -0.020725 0.373690 0.001790
v -0.015921 0.373690 0.013389
v 0.036029 0.015352 0.070578
v 0.024430 0.015352 0.075382
v 0.020555 0.022773 0.066027
v 0.032154 0.022773 0.061222
v 0.038680 0.024804 0.076978
v 0.027081 0.024804 0.081783
v 0.023206 0.032225 0.072427
v 0.034805 0.032225 0.067623
v 0.041331 0.034256 0.083378
v 0.029732 0.034256 0.088183
v 0.025857 0.041678 0.078827
v 0.037456 0.041678 0.074023
v 0.043982 0.043709 0.089779
v 0.032383 0.043709 0.094583
v 0.028508 0.051130 0.085228
v 0.040107 0.051130 0.080423
v 0.058511 0.211056 0.124853
v 0.046911 0.211056 0.129658
v 0.042853 0.204336 0.119860
v 0.054452 0.204336 0.115055
v 0.055944 0.221641 0.118657
v 0.044345 0.221641 0.123462
v 0.040287 0.214921 0.113664
v 0.051886 0.214921 0.108859
v 0.053378 0.232225 0.112461
v 0.041779 0.232225 0.117266
v 0.037720 0.225506 0.107468
v 0.049319 0.225506 0.102663
v 0.050811 0.242810 0.106266
v 0.039212 0.242810 0.111070
v 0.035154 0.236090 0.101272
v 0.046753 0.236090 0.096468
v 0.048245 0.253394 0.100070
v 0.036646 0.253394 0.104874
v 0.032587 0.246675 0.095076
v 0.044186 0.246675 0.090272
v 0.045678 0.263979 0.093874
v 0.034079 0.263979 0.098678
v 0.030021 0.257260 0.088880
v 0.041620 0.257260 0.084076
v 0.043112 0.274564 0.087678
v 0.031513 0.274564 0.092482
v 0.027454 0.267844 0.082684
v 0.039053 0.267844 0.077880
v 0.040546 0.285148 0.081482
v 0.028946 0.285148 0.086286
v 0.024888 0.278429 0.076488
v 0.036487 0.278429 0.071684
v 0.037979 0.295733 0.075286
v 0.026380 0.295733 0.080091
v 0.022321 0.289013 0.070293
v 0.033921 0.289013 0.065488
v 0.035413 0.306318 0.069090
v 0.023814 0.306318 0.073895
v 0.019755 0.299598 0.064097
v 0.031354 0.299598 0.059292
v 0.032846 0.316902 0.062894
v 0.021247 0.316902 0.067699
v 0.017189 0.310183 0.057901
v 0.028788 0.310183 0.053096
v 0.030280 0.327487 0.056698
v 0.018681 0.327487 0.061503
v 0.014622 0.320767 0.051705
v 0.026221 0.320767 0.046900
v 0.027713 0.338071 0.050502
v 0.016114 0.338071 0.055307
v 0.012056 0.331352 0.045509
v 0.023655 0.331352 0.040704
v 0.025147 0.348656 0.044306
v 0.013548 0.348656 0.049111
v 0.009489 0.341937 0.039313
v 0.021088 0.341937 0.034508
v 0.022581 0.359241 0.038111
v 0.010981 0.359241 0.042915
v 0.006923 0.352521 0.033117
v 0.018522 0.352521 0.028313
v 0.020014 0.369825 0.031915
v 0.008415 0.369825 0.036719
v 0.004356 0.363106 0.026921
v 0.015956 0.363106 0.022117
v 0.017448 0.380410 0.025719
v 0.005848 0.380410 0.030523
v 0.001790 0.373690 0.020725
v 0.013389 0.373690 0.015921
v 0.070578 0.015352 -0.036029
v 0.075382 0.015352 -0.024430
v 0.066027 0.022773 -0.020555
v 0.061222 0.022773 -0.032154
v 0.076978 0.024804 -0.038680
v 0.081783 0.024804 -0.027081
v 0.072427 0.032225 -0.023206
v 0.067623 0.032225 -0.034805
v 0.083378 0.034256 -0.041331
v 0.088183 0.034256 -0.029732
v 0.078827 0.041678 -0.025857
v 0.074023 0.041678 -0.037456
v 0.089779 0.043709 -0.043982
v 0.094583 0.043709 -0.032383
v 0.085228 0.051130 -0.028508
v 0.080423 0.051130 -0.040107
v 0.124853 0.211056 -0.058511
v 0.129658 0.211056 -0.046911
v 0.119860 0.204336 -0.042853
v 0.115055 0.204336 -0.054452
v 0.118657 0.221641 -0.055944
v 0.123462 0.221641 -0.044345
v 0.113664 0.214921 -0.040287
v 0.108859 0.214921 -0.051886
v 0.112461 0.232225 -0.053378
v 0.117266 0.232225 -0.041779
v 0.107468 0.225506 -0.037720
v 0.102663 0.225506 -0.049319
v 0.106266 0.242810 -0.050811
v 0.111070 0.242810 -0.039212
v 0.101272 0.236090 -0.035154
v 0.096468 0.236090 -0.046753
v 0.100070 0.253394 -0.048245
v 0.104874 0.253394 -0.036646
v 0.095076 0.246675 -0.032587
v 0.090272 0.246675 -0.044186
v 0.093874 0.263979 -0.045678
v 0.098678 0.263979 -0.034079
v 0.088880 0.257260 -0.030021
v 0.084076 0.257260 -0.041620
v 0.087678 0.274564 -0.043112
v 0.092482 0.274564 -0.031513
v 0.082684 0.267844 -0.027454
v 0.077880 0.267844 -0.039054
v 0.081482 0.285148 -0.040546
v 0.086286 0.285148 -0.028946
v 0.076488 0.278429 -0.024888
v 0.071684 0.278429 -0.036487
v 0.075286 0.295733 -0.037979
v 0.080091 0.295733 -0.026380
v 0.070293 0.289013 -0.022322
v 0.065488 0.289013 -0.033921
v 0.069090 0.306318 -0.035413
v 0.073895 0.306318 -0.023814
v 0.064097 0.299598 -0.019755
v 0.059292 0.299598 -0.031354
v 0.062894 0.316902 -0.032846
v 0.067699 0.316902 -0.021247
v 0.057901 0.310183 -0.017189
v 0.053096 0.310183 -0.028788
v 0.056698 0.327487 -0.030280
v 0.061503 0.327487 -0.018681
v 0.051705 0.320767 -0.014622
v 0.046900 0.320767 -0.026221
v 0.050502 0.338071 -0.027713
v 0.055307 0.338071 -0.016114
v 0.045509 0.331352 -0.012056
v 0.040704 0.331352 -0.023655
v 0.044306 0.348656 -0.025147
v 0.049111 0.348656 -0.013548
v 0.039313 0.341937 -0.009489
v 0.034508 0.341937 -0.021089
v 0.038111 0.359241 -0.022581
v 0.042915 0.359241 -0.010981
v 0.033117 0.352521 -0.006923
v 0.028313 0.352521 -0.018522
v 0.031915 0.369825 -0.020014
v 0.036719 0.369825 -0.008415
v 0.026921 0.363106 -0.004357
v 0.022117 0.363106 -0.015956
v 0.025719 0.380410 -0.017448
v 0.030523 0.380410 -0.005849
v 0.020725 0.373690 -0.001790
v 0.015921 0.373690 -0.013389
v -0.005401 0.004091 0.008032
v -0.009499 0.004091 -0.001860
v -0.000000 0.010340 -0.010694
v 0.004092 0.010340 -0.009880
v 0.007561 0.010340 -0.007561
v 0.009880 0.010340 -0.004092
v 0.010694 0.010340 -0.000000
v 0.009880 0.010340 0.004092
v 0.007561 0.010340 0.007561
v 0.004092 0.010340 0.009880
v -0.000000 0.010340 0.010694
v -0.004092 0.010340 0.009880
v -0.007561 0.010340 0.007561
v -0.009880 0.010340 0.004092
v -0.010694 0.010340 -0.000000
v -0.009880 0.010340 -0.004092
v -0.007561 0.010340 -0.007561
v -0.004092 0.010340 -0.009880
v -0.000000 -0.000700 -0.041782
v 0.015989 -0.000700 -0.038602
v 0.029545 -0.000700 -0.029545
v 0.038602 -0.000700 -0.015989
v 0.041782 -0.000700 -0.000000
v 0.038602 -0.000700 0.015989
v 0.029545 -0.000700 0.029545
v 0.015989 -0.000700 0.038602
v -0.000000 -0.000700 0.041782
v -0.015989 -0.000700 0.038602
v -0.029545 -0.000700 0.029545
v -0.038602 -0.000700 0.015989
v -0.041782 -0.000700 -0.000000
v -0.038602 -0.000700 -0.015989
v -0.029545 -0.000700 -0.029545
v -0.015989 -0.000700 -0.038602
v -0.000000 0.003299 -0.036190
v 0.013849 0.003299 -0.033435
v 0.025590 0.003299 -0.025590
v 0.033435 0.003299 -0.013849
v 0.036190 0.003299 -0.000000
v 0.033435 0.003299 0.013849
v 0.025590 0.003299 0.025590
v 0.013849 0.003299 0.033435
v -0.000000 0.003299 0.036190
v -0.013849 0.003299 0.033435
v -0.025590 0.003299 0.025590
v -0.033435 0.003299 0.013849
v -0.036190 0.003299 -0.000000
v -0.033435 0.003299 -0.013849
v -0.025590 0.003299 -0.025590
v -0.013849 0.003299 -0.033435
v 0.003132 0.010340 0.007561
v 0.001695 0.010340 0.004092
v 0.000000 0.010340 -0.000000
v -0.001695 0.010340 -0.004092
v -0.003132 0.010340 -0.007561
v 0.007052 0.387635 -0.017026
v -0.000000 0.387635 -0.018429
v 0.013031 0.387635 -0.013031
v 0.017026 0.387635 -0.007052
v 0.018429 0.387635 -0.000000
v 0.017026 0.387635 0.007052
v 0.013031 0.387635 0.013031
v 0.007052 0.387635 0.017026
v -0.000000 0.387635 0.018429
v -0.007052 0.387635 0.017026
v -0.013031 0.387635 0.013031
v -0.017026 0.387635 0.007052
v -0.018429 0.387635 -0.000000
v -0.017026 0.387635 -0.007052
v -0.013031 0.387635 -0.013031
v -0.007052 0.387635 -0.017026
v 0.007052 0.432011 -0.017026
v 0.000000 0.432011 -0.018429
v 0.013031 0.432011 -0.013031
v 0.017026 0.432011 -0.007052
v 0.018429 0.432011 -0.000000
v 0.017026 0.432011 0.007052
v 0.013031 0.432011 0.013031
v 0.007052 0.432011 0.017026
v 0.000000 0.432011 0.018429
v -0.007052 0.432011 0.017026
v -0.013031 0.432011 0.013031
v -0.017026 0.432011 0.007052
v -0.018429 0.432011 -0.000000
v -0.017026 0.432011 -0.007052
v -0.013031 0.432011 -0.013031
v -0.007052 0.432011 -0.017026
v 0.007780 0.435905 -0.018782
v 0.000000 0.435905 -0.020329
v 0.014375 0.435905 -0.014375
v 0.018782 0.435905 -0.007780
v 0.020329 0.435905 -0.000000
v 0.018782 0.435905 0.007780
v 0.014375 0.435905 0.014375
v 0.007780 0.435905 0.018782
v 0.000000 0.435905 0.020329
v -0.007780 0.435905 0.018782
v -0.014375 0.435905 0.014375
v -0.018782 0.435905 0.007780
v -0.020329 0.435905 -0.000000
v -0.018782 0.435905 -0.007780
v -0.014375 0.435905 -0.014375
v -0.007780 0.435905 -0.018782
v 0.005814 0.444666 -0.014036
v 0.000000 0.444666 -0.015192
v 0.010743 0.444666 -0.010743
v 0.014036 0.444666 -0.005814
v 0.015192 0.444666 -0.000000
v 0.014036 0.444666 0.005814
v 0.010743 0.444666 0.010743
v 0.005814 0.444666 0.014036
v 0.000000 0.444666 0.015192
v -0.005814 0.444666 0.014036
v -0.010743 0.444666 0.010743
v -0.014036 0.444666 0.005814
v -0.015192 0.444666 -0.000000
v -0.014036 0.444666 -0.005814
v -0.010743 0.444666 -0.010743
v -0.005814 0.444666 -0.014036
v 0.007780 0.444666 -0.018782
v 0.000000 0.444666 -0.020329
v 0.014375 0.444666 -0.014375
v 0.018782 0.444666 -0.007780
v 0.020329 0.444666 -0.000000
v 0.018782 0.444666 0.007780
v 0.014375 0.444666 0.014375
v 0.007780 0.444666 0.018782
v 0.000000 0.444666 0.020329
v -0.007780 0.444666 0.018782
v -0.014375 0.444666 0.014375
v -0.018782 0.444666 0.007780
v -0.020329 0.444666 -0.000000
v -0.018782 0.444666 -0.007780
v -0.014375 0.444666 -0.014375
v -0.007780 0.444666 -0.018782
v 0.005494 0.411903 -0.013264
v 0.000000 0.411903 -0.014357
v 0.010152 0.411903 -0.010152
v 0.013264 0.411903 -0.005494
v 0.014357 0.411903 -0.000000
v 0.013264 0.411903 0.005494
v 0.010152 0.411903 0.010152
v 0.005494 0.411903 0.013264
v 0.000000 0.411903 0.014357
v -0.005494 0.411903 0.013264
v -0.010152 0.411903 0.010152
v -0.013264 0.411903 0.005494
v -0.014357 0.411903 -0.000000
v -0.013264 0.411903 -0.005494
v -0.010152 0.411903 -0.010152
v -0.005494 0.411903 -0.013264
v 0.000000 0.445494 -0.016783
v 0.000000 0.445494 -0.018738
v 0.007171 0.445494 -0.017312
v 0.006423 0.445494 -0.015506
v 0.013250 0.445494 -0.013250
v 0.011868 0.445494 -0.011868
v 0.017312 0.445494 -0.007171
v 0.015506 0.445494 -0.006423
v 0.018738 0.445494 -0.000000
v 0.016783 0.445494 -0.000000
v 0.017312 0.445494 0.007171
v 0.015506 0.445494 0.006423
v 0.013250 0.445494 0.013250
v 0.011868 0.445494 0.011868
v 0.007171 0.445494 0.017312
v 0.006423 0.445494 0.015506
v 0.000000 0.445494 0.018738
v 0.000000 0.445494 0.016783
v -0.007171 0.445494 0.017312
v -0.006423 0.445494 0.015506
v -0.013250 0.445494 0.013250
v -0.011868 0.445494 0.011868
v -0.017312 0.445494 0.007171
v -0.015506 0.445494 0.006423
v -0.018738 0.445494 -0.000000
v -0.016783 0.445494 -0.000000
v -0.017312 0.445494 -0.007171
v -0.015506 0.445494 -0.006423
v -0.013250 0.445494 -0.013250
v -0.011868 0.445494 -0.011868
v -0.007171 0.445494 -0.017312
v -0.006423 0.445494 -0.015506
v 0.000000 0.003314 -0.063754
v -0.000000 0.009610 -0.067002
v 0.000000 0.006117 -0.066073
v 0.025641 0.009610 -0.061902
v 0.024398 0.003314 -0.058901
v 0.025285 0.006117 -0.061044
v 0.047378 0.009610 -0.047378
v 0.045081 0.003314 -0.045081
v 0.046721 0.006117 -0.046721
v 0.061902 0.009610 -0.025641
v 0.058901 0.003314 -0.024398
v 0.061044 0.006117 -0.025285
v 0.067002 0.009610 -0.000000
v 0.063754 0.003314 -0.000000
v 0.066073 0.006117 -0.000000
v 0.061902 0.009610 0.025641
v 0.058901 0.003314 0.024398
v 0.061044 0.006117 0.025285
v 0.047378 0.009610 0.047378
v 0.045081 0.003314 0.045081
v 0.046721 0.006117 0.046721
v 0.025641 0.009610 0.061902
v 0.024398 0.003314 0.058901
v 0.025285 0.006117 0.061044
v -0.000000 0.009610 0.067002
v 0.000000 0.003314 0.063754
v -0.000000 0.006117 0.066073
v -0.025641 0.009610 0.061902
v -0.024398 0.003314 0.058901
v -0.025285 0.006117 0.061044
v -0.047378 0.009610 0.047378
v -0.045081 0.003314 0.045081
v -0.046721 0.006117 0.046721
v -0.061902 0.009610 0.025641
v -0.058901 0.003314 0.024398
v -0.061044 0.006117 0.025285
v -0.067002 0.009610 -0.000000
v -0.063754 0.003314 -0.000000
v -0.066073 0.006117 -0.000000
v -0.061902 0.009610 -0.025641
v -0.058901 0.003314 -0.024398
v -0.061044 0.006117 -0.025285
v -0.047378 0.009610 -0.047378
v -0.045081 0.003314 -0.045081
v -0.046721 0.006117 -0.046721
v -0.025641 0.009610 -0.061902
v -0.024398 0.003314 -0.058901
v -0.025285 0.006117 -0.061044
v -0.010152 0.411903 -0.004205
v -0.005494 0.411903 -0.002276
v -0.000000 0.411903 -0.000000
v 0.005494 0.411903 0.002276
v 0.010152 0.411903 0.004205
v -0.071870 0.056872 -0.071870
v -0.098390 0.197112 -0.098390
v -0.093805 0.122346 -0.093805
v -0.093903 0.056872 -0.038896
v -0.128552 0.197112 -0.053248
v -0.122562 0.122346 -0.050767
v -0.101640 0.056872 -0.000000
v -0.139144 0.197112 -0.000000
v -0.132661 0.122346 -0.000000
v -0.093903 0.056872 0.038896
v -0.128552 0.197112 0.053248
v -0.122562 0.122346 0.050767
v -0.071870 0.056872 0.071870
v -0.098390 0.197112 0.098390
v -0.093805 0.122346 0.093805
v -0.038896 0.056872 0.093903
v -0.053248 0.197112 0.128552
v -0.050767 0.122346 0.122562
v -0.000000 0.056872 0.101640
v -0.000000 0.197112 0.139144
v -0.000000 0.122346 0.132661
v 0.038896 0.056872 0.093903
v 0.053248 0.197112 0.128552
v 0.050767 0.122346 0.122562
v 0.071870 0.056872 0.071870
v 0.098390 0.197112 0.098390
v 0.093805 0.122346 0.093805
v 0.093903 0.056872 0.038896
v 0.128552 0.197112 0.053248
v 0.122562 0.122346 0.050767
v 0.101640 0.056872 -0.000000
v 0.132661 0.122346 -0.000000
v 0.139144 0.197112 -0.000000
v 0.093903 0.056872 -0.038896
v 0.122562 0.122346 -0.050767
v 0.128552 0.197112 -0.053248
v 0.071870 0.056872 -0.071870
v 0.093805 0.122346 -0.093805
v 0.098390 0.197112 -0.098390
v -0.038896 0.056872 -0.093903
v -0.053248 0.197112 -0.128552
v -0.050767 0.122346 -0.122562
v -0.000000 0.056872 -0.101640
v -0.000000 0.197112 -0.139144
v -0.000000 0.122346 -0.132661
v 0.038896 0.056872 -0.093903
v 0.053248 0.197112 -0.128552
v 0.050767 0.122346 -0.122562
v -0.005494 0.441393 -0.013264
v -0.010152 0.441393 -0.010152
v -0.013264 0.441393 -0.005494
v -0.014357 0.441393 -0.000000
v -0.013264 0.441393 0.005494
v -0.010152 0.441393 0.010152
v -0.005494 0.441393 0.013264
v 0.000000 0.441393 0.014357
v 0.005494 0.441393 0.013264
v 0.010152 0.441393 0.010152
v 0.013264 0.441393 0.005494
v 0.014357 0.441393 -0.000000
v 0.013264 0.441393 -0.005494
v 0.010152 0.441393 -0.010152
v 0.000000 0.441393 -0.014357
v 0.005494 0.441393 -0.013264
v -0.010867 0.448573 -0.010867
v -0.014198 0.448573 -0.005881
v -0.014198 0.448573 0.005881
v -0.010867 0.448573 0.010867
v 0.000000 0.448573 0.015368
v 0.005881 0.448573 0.014198
v 0.014198 0.448573 0.005881
v 0.015368 0.448573 -0.000000
v 0.010867 0.448573 -0.010867
v 0.005881 0.448573 -0.014199
v 0.000000 0.448573 -0.015368
v -0.005881 0.448573 -0.014199
v -0.015368 0.448573 -0.000000
v -0.005881 0.448573 0.014198
v 0.010867 0.448573 0.010867
v 0.014198 0.448573 -0.005881
v -0.020765 0.487227 -0.020765
v -0.027130 0.487227 -0.011238
v -0.027130 0.487227 0.011238
v -0.020765 0.487227 0.020765
v -0.000000 0.487227 0.029366
v 0.011238 0.487227 0.027130
v 0.027130 0.487227 0.011238
v 0.029366 0.487227 -0.000000
v 0.020765 0.487227 -0.020765
v 0.011238 0.487227 -0.027130
v -0.000000 0.487227 -0.029366
v -0.011238 0.487227 -0.027130
v -0.029366 0.487227 -0.000000
v -0.011238 0.487227 0.027130
v 0.020765 0.487227 0.020765
v 0.027130 0.487227 -0.011238
v -0.024612 0.482698 -0.024612
v -0.032157 0.482698 -0.013320
v -0.032157 0.482698 0.013320
v -0.024612 0.482698 0.024612
v -0.000000 0.482698 0.034806
v 0.013320 0.482698 0.032157
v 0.032157 0.482698 0.013320
v 0.034806 0.482698 -0.000000
v 0.024612 0.482698 -0.024612
v 0.013320 0.482698 -0.032157
v -0.000000 0.482698 -0.034806
v -0.013320 0.482698 -0.032157
v -0.034806 0.482698 -0.000000
v -0.013320 0.482698 0.032157
v 0.024612 0.482698 0.024612
v 0.032157 0.482698 -0.013320
v -0.009679 0.490996 -0.009679
v -0.012646 0.490996 -0.005238
v -0.012646 0.490996 0.005238
v -0.009679 0.490996 0.009679
v -0.000000 0.490996 0.013688
v 0.005238 0.490996 0.012646
v 0.012646 0.490996 0.005238
v 0.013688 0.490996 -0.000000
v 0.009679 0.490996 -0.009679
v 0.005238 0.490996 -0.012646
v -0.000000 0.490996 -0.013688
v -0.005238 0.490996 -0.012646
v -0.013688 0.490996 -0.000000
v -0.005238 0.490996 0.012646
v 0.009679 0.490996 0.009679
v 0.012646 0.490996 -0.005238
v 0.000000 0.441393 0.010988
v 0.000000 0.441393 0.005947
v 0.000000 0.441393 -0.000000
v 0.000000 0.441393 -0.005947
v 0.000000 0.441393 -0.010988
v -0.000000 0.490996 0.010476
v -0.000000 0.490996 0.005670
v -0.000000 0.490996 -0.000000
v -0.000000 0.490996 -0.005670
v -0.000000 0.490996 -0.010476
v -0.105948 0.200665 -0.105948
v -0.101363 0.116711 -0.101363
v -0.138428 0.200665 -0.057339
v -0.132438 0.116711 -0.054857
v -0.149833 0.200665 -0.000000
v -0.143349 0.116711 -0.000000
v -0.138428 0.200665 0.057339
v -0.132438 0.116711 0.054857
v -0.105948 0.200665 0.105948
v -0.101363 0.116711 0.101363
v -0.057339 0.200665 0.138428
v -0.054857 0.116711 0.132438
v -0.000000 0.200665 0.149833
v -0.000000 0.116711 0.143349
v 0.057339 0.200665 0.138428
v 0.054857 0.116711 0.132438
v 0.105948 0.200665 0.105948
v 0.101363 0.116711 0.101363
v 0.138428 0.200665 0.057339
v 0.132438 0.116711 0.054857
v 0.143349 0.116711 -0.000000
v 0.149833 0.200665 -0.000000
v 0.132438 0.116711 -0.054857
v 0.138428 0.200665 -0.057339
v 0.101363 0.116711 -0.101363
v 0.105948 0.200665 -0.105948
v -0.057339 0.200665 -0.138428
v -0.054857 0.116711 -0.132438
v -0.000000 0.200665 -0.149833
v -0.000000 0.116711 -0.143349
v 0.057339 0.200665 -0.138428
v 0.054857 0.116711 -0.132438
v -0.098390 0.201706 -0.098390
v -0.093805 0.117752 -0.093805
v -0.128552 0.201706 -0.053248
v -0.122562 0.117752 -0.050767
v -0.139144 0.201706 -0.000000
v -0.132661 0.117752 -0.000000
v -0.128552 0.201706 0.053248
v -0.122562 0.117752 0.050767
v -0.098390 0.201706 0.098390
v -0.093805 0.117752 0.093805
v -0.053248 0.201706 0.128552
v -0.050767 0.117752 0.122562
v -0.000000 0.201706 0.139144
v -0.000000 0.117752 0.132661
v 0.053248 0.201706 0.128552
v 0.050767 0.117752 0.122562
v 0.098390 0.201706 0.098390
v 0.093805 0.117752 0.093805
v 0.128552 0.201706 0.053248
v 0.122562 0.117752 0.050767
v 0.132661 0.117752 -0.000000
v 0.139144 0.201706 -0.000000
v 0.122562 0.117752 -0.050767
v 0.128552 0.201706 -0.053248
v 0.093805 0.117752 -0.093805
v 0.098390 0.201706 -0.098390
v -0.053248 0.201706 -0.128552
v -0.050767 0.117752 -0.122562
v -0.000000 0.201706 -0.139144
v -0.000000 0.117752 -0.132661
v 0.053248 0.201706 -0.128552
v 0.050767 0.117752 -0.122562
vn -0.1337 -0.9896 0.0523
vn 0.3053 -0.0621 0.9502
vn 0.1241 0.9909 -0.0514
vn -0.4224 -0.0332 -0.9058
vn -0.8196 -0.4616 0.3395
vn -0.3395 -0.4616 -0.8196
vn 0.8196 -0.4616 -0.3395
vn 0.3395 -0.4616 0.8196
vn -0.5002 -0.8407 0.2072
vn 0.3827 -0.0000 0.9239
vn 0.5904 0.7692 -0.2446
vn -0.3827 -0.0000 -0.9239
vn -0.2072 -0.8407 -0.5002
vn -0.9239 -0.0000 0.3827
vn 0.2446 0.7692 0.5904
vn 0.9239 -0.0000 -0.3827
vn 0.5002 -0.8407 -0.2072
vn -0.5904 0.7692 0.2446
vn 0.2072 -0.8407 0.5002
vn -0.2446 0.7692 -0.5904
vn -0.2347 -0.9672 0.0972
vn -0.2403 -0.9656 0.0996
vn 0.2546 0.9613 -0.1055
vn 0.2503 0.9626 -0.1037
vn -0.2459 -0.9639 0.1019
vn 0.2459 0.9639 -0.1019
vn -0.0972 -0.9672 -0.2347
vn -0.0996 -0.9656 -0.2403
vn 0.1055 0.9613 0.2546
vn 0.1037 0.9626 0.2503
vn -0.1032 -0.9630 -0.2491
vn 0.1008 0.9647 0.2433
vn -0.1045 -0.9620 -0.2523
vn 0.0997 0.9655 0.2407
vn 0.2347 -0.9672 -0.0972
vn 0.2403 -0.9656 -0.0996
vn -0.2546 0.9613 0.1055
vn -0.2503 0.9626 0.1037
vn 0.2459 -0.9639 -0.1019
vn -0.2459 0.9639 0.1019
vn 0.2047 -0.9751 -0.0848
vn -0.3047 0.0141 -0.9523
vn -0.1923 0.9781 0.0797
vn 0.4579 0.0141 0.8889
vn 0.0972 -0.9672 0.2347
vn 0.0996 -0.9656 0.2403
vn -0.1055 0.9613 -0.2546
vn -0.1037 0.9626 -0.2503
vn 0.1032 -0.9630 0.2491
vn -0.1008 0.9647 -0.2433
vn 0.1045 -0.9620 0.2523
vn -0.0997 0.9655 -0.2407
vn 0.0131 -0.9994 0.0315
vn 0.0125 -0.9994 0.0316
vn 0.0087 -0.9995 0.0319
vn 0.0065 0.9999 0.0157
vn 0.0045 -0.9995 0.0323
vn -0.4930 -0.0265 0.8696
vn -0.0028 1.0000 -0.0044
vn -0.0021 1.0000 0.0003
vn -0.0027 1.0000 -0.0036
vn 0.7589 0.0942 -0.6443
vn 0.0007 -1.0000 0.0046
vn -0.9635 -0.0265 -0.2663
vn -0.0131 -0.9994 -0.0315
vn -0.0065 0.9999 -0.0157
vn 0.3826 0.0166 0.9238
vn -0.3827 0.0129 -0.9238
vn -0.3827 0.0064 -0.9239
vn 0.3825 -0.0266 0.9236
vn -0.3826 -0.0194 -0.9237
vn -0.3826 0.0166 -0.9238
vn 0.3827 0.0129 0.9238
vn 0.3827 0.0064 0.9239
vn -0.3825 -0.0266 -0.9236
vn 0.3826 -0.0194 0.9237
vn 0.9238 0.0166 -0.3826
vn -0.9238 0.0129 0.3827
vn -0.9239 0.0064 0.3827
vn 0.9236 -0.0266 -0.3825
vn -0.9237 -0.0194 0.3826
vn -0.9238 0.0166 0.3826
vn 0.9238 0.0129 -0.3827
vn 0.9239 0.0064 -0.3827
vn -0.9236 -0.0266 0.3825
vn 0.9237 -0.0194 -0.3826
vn -0.3439 -0.4386 -0.8303
vn 0.3439 0.4386 0.8303
vn 0.3439 -0.4386 0.8303
vn -0.3439 0.4386 -0.8303
vn 0.8303 -0.4386 -0.3439
vn -0.8303 0.4386 0.3439
vn -0.8303 -0.4386 0.3439
vn 0.8303 0.4386 -0.3439
vn -0.9224 0.0558 0.3821
vn 0.9087 0.1803 -0.3764
vn 0.9224 0.0558 -0.3821
vn -0.9087 0.1803 0.3764
vn 0.3821 0.0558 0.9224
vn -0.3764 0.1803 -0.9087
vn -0.3821 0.0558 -0.9224
vn 0.3764 0.1803 0.9087
vn -0.0000 1.0000 -0.0000
vn -0.0001 1.0000 -0.0000
vn -0.2133 0.8303 -0.5149
vn -0.2530 0.7502 -0.6108
vn 0.1578 0.9110 0.3810
vn -0.3255 -0.5259 -0.7858
vn 0.5149 0.8303 -0.2133
vn 0.6108 0.7502 -0.2530
vn -0.3810 0.9110 0.1578
vn 0.7858 -0.5260 -0.3255
vn 0.2133 0.8303 0.5149
vn 0.2530 0.7502 0.6108
vn -0.1578 0.9110 -0.3810
vn 0.3255 -0.5259 0.7858
vn -0.5149 0.8303 0.2133
vn -0.6108 0.7503 0.2530
vn 0.3810 0.9110 -0.1578
vn -0.7858 -0.5259 0.3255
vn 0.8905 -0.2665 -0.3688
vn -0.8953 0.2468 0.3708
vn 0.6921 -0.6624 -0.2867
vn -0.8764 -0.3166 0.3630
vn 0.3688 -0.2665 0.8905
vn -0.3708 0.2468 -0.8953
vn 0.2867 -0.6624 0.6921
vn -0.3630 -0.3166 -0.8764
vn -0.8905 -0.2665 0.3688
vn 0.8953 0.2468 -0.3708
vn -0.6921 -0.6624 0.2867
vn 0.8764 -0.3166 -0.3630
vn -0.3688 -0.2665 -0.8905
vn 0.3708 0.2468 0.8953
vn -0.2867 -0.6624 -0.6921
vn 0.3630 -0.3166 0.8764
vn -0.0550 -0.9896 -0.1328
vn 0.0901 0.9719 0.2175
vn -0.0795 -0.9782 -0.1919
vn 0.0529 0.9904 0.1277
vn 0.1919 -0.9782 -0.0795
vn -0.1277 0.9904 0.0529
vn 0.1328 -0.9896 -0.0550
vn -0.2175 0.9719 0.0901
vn 0.0795 -0.9782 0.1919
vn -0.0529 0.9904 -0.1277
vn 0.0550 -0.9896 0.1328
vn -0.0901 0.9719 -0.2175
vn -0.1919 -0.9782 0.0795
vn 0.1277 0.9904 -0.0529
vn -0.1328 -0.9896 0.0550
vn 0.2175 0.9719 -0.0901
vn 0.9201 -0.0900 -0.3811
vn 0.9198 -0.0936 -0.3810
vn -0.9208 0.0821 0.3814
vn -0.9211 0.0777 0.3815
vn 0.9204 -0.0864 -0.3813
vn -0.9204 0.0864 0.3813
vn 0.9220 -0.0637 -0.3819
vn -0.9175 0.1176 0.3800
vn 0.8345 -0.4292 -0.3456
vn 0.8340 -0.4302 -0.3455
vn -0.8354 0.4270 0.3460
vn -0.8359 0.4259 0.3462
vn 0.8349 -0.4282 -0.3458
vn -0.8349 0.4282 0.3458
vn 0.8364 -0.4248 -0.3464
vn -0.8331 0.4322 0.3451
vn 0.8379 -0.4214 -0.3471
vn -0.8313 0.4363 0.3443
vn 0.3819 -0.0637 0.9220
vn -0.3800 0.1176 -0.9175
vn 0.3813 -0.0864 0.9204
vn -0.3813 0.0864 -0.9204
vn 0.3811 -0.0900 0.9201
vn -0.3814 0.0821 -0.9208
vn 0.3810 -0.0936 0.9198
vn -0.3815 0.0777 -0.9211
vn 0.3471 -0.4214 0.8379
vn 0.3464 -0.4248 0.8364
vn -0.3443 0.4363 -0.8313
vn -0.3451 0.4322 -0.8331
vn 0.3458 -0.4282 0.8349
vn -0.3458 0.4282 -0.8349
vn 0.3456 -0.4292 0.8345
vn -0.3460 0.4270 -0.8354
vn 0.3455 -0.4302 0.8340
vn -0.3462 0.4259 -0.8359
vn -0.9220 -0.0637 0.3819
vn 0.9175 0.1176 -0.3800
vn -0.9204 -0.0864 0.3813
vn 0.9204 0.0864 -0.3813
vn -0.9201 -0.0900 0.3811
vn 0.9208 0.0821 -0.3814
vn -0.9198 -0.0936 0.3810
vn 0.9211 0.0777 -0.3815
vn -0.8379 -0.4214 0.3471
vn -0.8364 -0.4248 0.3464
vn 0.8313 0.4363 -0.3443
vn 0.8331 0.4322 -0.3451
vn -0.8349 -0.4282 0.3458
vn 0.8349 0.4282 -0.3458
vn -0.8345 -0.4292 0.3456
vn 0.8354 0.4270 -0.3460
vn -0.8340 -0.4302 0.3455
vn 0.8359 0.4259 -0.3462
vn -0.3819 -0.0637 -0.9220
vn 0.3800 0.1176 0.9175
vn -0.3813 -0.0864 -0.9204
vn 0.3813 0.0864 0.9204
vn -0.3811 -0.0900 -0.9201
vn 0.3814 0.0821 0.9208
vn -0.3810 -0.0936 -0.9198
vn 0.3815 0.0777 0.9211
vn -0.3471 -0.4214 -0.8379
vn -0.3464 -0.4248 -0.8364
vn 0.3443 0.4363 0.8313
vn 0.3451 0.4322 0.8331
vn -0.3458 -0.4282 -0.8349
vn 0.3458 0.4282 0.8349
vn -0.3456 -0.4292 -0.8345
vn 0.3460 0.4270 0.8354
vn -0.3455 -0.4302 -0.8340
vn 0.3462 0.4259 0.8359
vn -0.3185 0.5545 -0.7688
vn 0.3268 -0.5204 0.7889
vn -0.3233 0.5352 -0.7804
vn 0.3233 -0.5352 0.7804
vn -0.3278 0.5159 -0.7914
vn 0.3167 -0.5614 0.7645
vn -0.3092 -0.5893 -0.7464
vn -0.3089 -0.5902 -0.7458
vn 0.3081 0.5932 0.7438
vn 0.3084 0.5922 0.7445
vn -0.3087 -0.5911 -0.7452
vn 0.3087 0.5911 0.7452
vn -0.3075 -0.5953 -0.7424
vn 0.3096 0.5877 0.7475
vn -0.3063 -0.5994 -0.7395
vn 0.3106 0.5843 0.7498
vn -0.7424 -0.5953 0.3075
vn -0.7395 -0.5994 0.3063
vn 0.7475 0.5877 -0.3096
vn 0.7498 0.5843 -0.3106
vn -0.7452 -0.5911 0.3087
vn 0.7452 0.5911 -0.3087
vn -0.7458 -0.5902 0.3089
vn 0.7445 0.5922 -0.3084
vn -0.7464 -0.5893 0.3092
vn 0.7438 0.5932 -0.3081
vn -0.7914 0.5159 0.3278
vn 0.7645 -0.5614 -0.3167
vn -0.7804 0.5352 0.3233
vn 0.7804 -0.5352 -0.3233
vn -0.7688 0.5545 0.3185
vn 0.7889 -0.5204 -0.3268
vn 0.3075 -0.5953 0.7424
vn 0.3063 -0.5994 0.7395
vn -0.3096 0.5877 -0.7475
vn -0.3106 0.5843 -0.7498
vn 0.3087 -0.5911 0.7452
vn -0.3087 0.5911 -0.7452
vn 0.3089 -0.5902 0.7458
vn -0.3084 0.5922 -0.7445
vn 0.3092 -0.5893 0.7464
vn -0.3081 0.5932 -0.7438
vn 0.3278 0.5159 0.7914
vn -0.3167 -0.5614 -0.7645
vn 0.3233 0.5352 0.7804
vn -0.3233 -0.5352 -0.7804
vn 0.3185 0.5545 0.7688
vn -0.3268 -0.5204 -0.7889
vn 0.7424 -0.5953 -0.3075
vn 0.7395 -0.5994 -0.3063
vn -0.7475 0.5877 0.3096
vn -0.7498 0.5843 0.3106
vn 0.7452 -0.5911 -0.3087
vn -0.7452 0.5911 0.3087
vn 0.7458 -0.5902 -0.3089
vn -0.7445 0.5922 0.3084
vn 0.7464 -0.5893 -0.3092
vn -0.7438 0.5932 0.3081
vn 0.7914 0.5159 -0.3278
vn -0.7645 -0.5614 0.3167
vn 0.7804 0.5352 -0.3233
vn -0.7804 -0.5352 0.3233
vn 0.7688 0.5545 -0.3185
vn -0.7889 -0.5204 0.3268
vn 0.9890 0.0505 0.1392
vn -0.0016 1.0000 0.0013
vn 0.0011 1.0000 0.0051
vn 0.0007 1.0000 0.0045
vn -0.0131 -0.9999 -0.0054
vn -0.0000 -0.9853 0.1710
vn 0.0654 -0.9853 0.1580
vn -0.2052 -0.8441 -0.4953
vn -0.0000 -0.8441 -0.5361
vn 0.8293 -0.4408 -0.3435
vn 0.7964 -0.5068 -0.3299
vn 0.8620 -0.5068 -0.0000
vn 0.8976 -0.4408 -0.0000
vn -0.3435 -0.4408 -0.8293
vn -0.3299 -0.5068 -0.7964
vn -0.0000 -0.5068 -0.8620
vn -0.0000 -0.4408 -0.8976
vn -0.1580 -0.9853 0.0654
vn -0.1209 -0.9853 0.1209
vn 0.3791 -0.8441 -0.3791
vn 0.4953 -0.8441 -0.2052
vn 0.6347 -0.4408 -0.6347
vn 0.6096 -0.5068 -0.6096
vn 0.7964 -0.5068 0.3299
vn 0.8293 -0.4408 0.3435
vn 0.6096 -0.5068 0.6096
vn 0.6347 -0.4408 0.6347
vn 0.3299 -0.5068 0.7964
vn 0.3435 -0.4408 0.8293
vn -0.0000 -0.5068 0.8620
vn -0.0000 -0.4408 0.8976
vn -0.3299 -0.5068 0.7964
vn -0.3435 -0.4408 0.8293
vn -0.6096 -0.5068 0.6096
vn -0.6347 -0.4408 0.6347
vn -0.7964 -0.5068 0.3299
vn -0.8293 -0.4408 0.3435
vn -0.8620 -0.5068 -0.0000
vn -0.8976 -0.4408 -0.0000
vn -0.6347 -0.4408 -0.6347
vn -0.6096 -0.5068 -0.6096
vn 0.9736 0.2282 -0.0000
vn 0.9575 0.2884 -0.0000
vn 0.8846 0.2884 0.3664
vn 0.8995 0.2282 0.3726
vn -0.1714 -0.8940 0.4139
vn -0.0000 -0.8940 0.4480
vn -0.0654 -0.9853 0.1580
vn -0.3168 -0.8940 0.3168
vn -0.4139 -0.8940 0.1714
vn -0.4480 -0.8940 -0.0000
vn -0.1710 -0.9853 -0.0000
vn -0.4139 -0.8940 -0.1714
vn -0.1580 -0.9853 -0.0654
vn -0.3168 -0.8940 -0.3168
vn -0.1209 -0.9853 -0.1209
vn -0.1714 -0.8940 -0.4139
vn -0.0654 -0.9853 -0.1580
vn -0.0000 -0.8940 -0.4480
vn -0.0000 -0.9853 -0.1710
vn 0.1714 -0.8940 -0.4139
vn 0.0654 -0.9853 -0.1580
vn 0.3168 -0.8940 -0.3168
vn 0.1209 -0.9853 -0.1209
vn 0.4139 -0.8940 -0.1714
vn 0.1580 -0.9853 -0.0654
vn 0.4480 -0.8940 -0.0000
vn 0.1710 -0.9853 -0.0000
vn 0.4139 -0.8940 0.1714
vn 0.1580 -0.9853 0.0654
vn 0.3168 -0.8940 0.3168
vn 0.1209 -0.9853 0.1209
vn 0.1714 -0.8940 0.4139
vn -0.0577 -0.9886 0.1392
vn -0.0000 -0.9886 0.1507
vn -0.1066 -0.9886 0.1066
vn -0.1392 -0.9886 0.0577
vn -0.1507 -0.9886 -0.0000
vn -0.1392 -0.9886 -0.0577
vn -0.1066 -0.9886 -0.1066
vn -0.0577 -0.9886 -0.1392
vn -0.0000 -0.9886 -0.1507
vn 0.0577 -0.9886 -0.1392
vn 0.1066 -0.9886 -0.1066
vn 0.1392 -0.9886 -0.0577
vn 0.1507 -0.9886 -0.0000
vn 0.1392 -0.9886 0.0577
vn 0.1066 -0.9886 0.1066
vn 0.0577 -0.9886 0.1392
vn -0.0000 -1.0000 -0.0000
vn 0.2052 -0.8441 0.4953
vn -0.0000 -0.8441 0.5361
vn -0.5361 -0.8441 -0.0000
vn -0.4953 -0.8441 -0.2052
vn 0.4953 -0.8441 0.2052
vn 0.3791 -0.8441 0.3791
vn -0.3791 -0.8441 0.3791
vn -0.4953 -0.8441 0.2052
vn 0.5361 -0.8441 -0.0000
vn -0.2052 -0.8441 0.4953
vn 0.2052 -0.8441 -0.4953
vn -0.3791 -0.8441 -0.3791
vn -0.8846 0.2884 -0.3664
vn -0.9575 0.2884 -0.0000
vn -0.9728 -0.2314 -0.0000
vn -0.8988 -0.2314 -0.3723
vn 0.6771 0.2884 0.6771
vn 0.8988 -0.2314 0.3723
vn 0.6879 -0.2314 0.6879
vn -0.6771 0.2884 -0.6771
vn -0.6879 -0.2314 -0.6879
vn 0.3664 0.2884 0.8846
vn 0.3723 -0.2314 0.8988
vn -0.3664 0.2884 -0.8846
vn -0.3723 -0.2314 -0.8988
vn -0.0000 0.2884 0.9575
vn -0.0000 -0.2314 0.9728
vn 0.3664 0.2884 -0.8846
vn -0.0000 0.2884 -0.9575
vn -0.0000 -0.2314 -0.9728
vn 0.3723 -0.2314 -0.8988
vn -0.3664 0.2884 0.8846
vn -0.3723 -0.2314 0.8988
vn 0.6771 0.2884 -0.6771
vn 0.6879 -0.2314 -0.6879
vn -0.6771 0.2884 0.6771
vn -0.6879 -0.2314 0.6879
vn 0.8846 0.2884 -0.3664
vn 0.8988 -0.2314 -0.3723
vn -0.8846 0.2884 0.3664
vn -0.8988 -0.2314 0.3723
vn 0.9728 -0.2314 -0.0000
vn 0.6899 -0.2192 -0.6899
vn 0.9014 -0.2192 -0.3734
vn -0.3734 -0.2192 0.9014
vn -0.6899 -0.2192 0.6899
vn 0.3734 -0.2192 -0.9014
vn -0.0000 -0.2192 0.9757
vn -0.3734 -0.2192 -0.9014
vn -0.0000 -0.2192 -0.9757
vn 0.3734 -0.2192 0.9014
vn -0.6899 -0.2192 -0.6899
vn 0.6899 -0.2192 0.6899
vn -0.9014 -0.2192 -0.3734
vn 0.9014 -0.2192 0.3734
vn -0.9757 -0.2192 -0.0000
vn 0.9757 -0.2192 -0.0000
vn -0.9014 -0.2192 0.3734
vn -0.6156 0.4921 0.6155
vn -0.8043 0.4921 0.3331
vn 0.7653 0.5601 -0.3170
vn 0.5858 0.5601 -0.5858
vn 0.5216 0.6751 -0.5216
vn 0.6816 0.6751 -0.2823
vn 0.8043 0.4921 -0.3331
vn 0.8705 0.4921 -0.0000
vn -0.8705 0.4921 -0.0000
vn 0.8043 0.4921 0.3331
vn -0.8043 0.4921 -0.3331
vn 0.6155 0.4921 0.6155
vn -0.6155 0.4921 -0.6155
vn 0.3331 0.4921 0.8043
vn -0.3331 0.4921 -0.8043
vn -0.0000 0.4921 0.8705
vn -0.0000 0.4921 -0.8705
vn 0.3331 0.4921 -0.8043
vn -0.3331 0.4921 0.8043
vn 0.6155 0.4921 -0.6155
vn 0.1015 0.9642 -0.2450
vn 0.1875 0.9642 -0.1875
vn -0.3170 0.5601 0.7653
vn -0.5858 0.5601 0.5858
vn -0.1479 0.9779 0.1479
vn -0.0801 0.9779 0.1933
vn -0.7653 0.5601 0.3170
vn -0.1933 0.9779 0.0801
vn -0.8284 0.5601 -0.0000
vn -0.2092 0.9779 -0.0000
vn -0.7653 0.5602 -0.3170
vn -0.1933 0.9779 -0.0801
vn -0.5858 0.5601 -0.5858
vn -0.1479 0.9779 -0.1479
vn -0.3170 0.5601 -0.7653
vn -0.0801 0.9779 -0.1933
vn -0.0000 0.5601 -0.8284
vn -0.0000 0.9779 -0.2092
vn 0.3170 0.5601 -0.7653
vn 0.0801 0.9779 -0.1933
vn 0.1479 0.9779 -0.1479
vn 0.1933 0.9779 -0.0801
vn 0.8284 0.5602 -0.0000
vn 0.2092 0.9779 -0.0000
vn 0.7653 0.5601 0.3170
vn 0.1933 0.9779 0.0801
vn 0.5858 0.5601 0.5858
vn 0.1479 0.9779 0.1479
vn 0.3170 0.5601 0.7653
vn 0.0801 0.9779 0.1933
vn -0.0000 0.5601 0.8284
vn -0.0000 0.9779 0.2092
vn -0.6816 0.6751 0.2823
vn -0.7377 0.6751 -0.0000
vn 0.7377 0.6751 -0.0000
vn -0.6816 0.6751 -0.2823
vn 0.6816 0.6751 0.2823
vn -0.5216 0.6751 -0.5216
vn 0.5216 0.6751 0.5216
vn -0.2823 0.6751 -0.6816
vn 0.2823 0.6751 0.6816
vn -0.0000 0.6751 -0.7377
vn -0.0000 0.6751 0.7377
vn -0.2823 0.6751 0.6816
vn 0.2823 0.6751 -0.6816
vn -0.5217 0.6751 0.5216
vn -0.0000 0.9642 -0.2652
vn -0.1875 0.9642 -0.1875
vn -0.1015 0.9642 -0.2450
vn -0.2450 0.9642 -0.1015
vn -0.2652 0.9642 -0.0000
vn -0.2450 0.9642 0.1015
vn -0.1875 0.9642 0.1875
vn -0.1015 0.9642 0.2450
vn -0.0000 0.9642 0.2652
vn 0.1015 0.9642 0.2450
vn 0.1875 0.9642 0.1875
vn 0.2450 0.9642 0.1015
vn 0.2652 0.9642 -0.0000
vn 0.2450 0.9642 -0.1015
vn -0.7964 -0.5068 -0.3299
vn -0.8293 -0.4408 -0.3435
vn 0.3299 -0.5068 -0.7964
vn 0.3435 -0.4408 -0.8293
vn 0.3422 -0.4474 -0.8263
vn -0.0000 -0.4474 -0.8943
vn 0.6324 -0.4474 -0.6324
vn 0.8263 -0.4474 -0.3422
vn 0.8943 -0.4474 -0.0000
vn 0.8263 -0.4474 0.3422
vn 0.6324 -0.4474 0.6324
vn 0.3422 -0.4474 0.8263
vn -0.0000 -0.4474 0.8943
vn -0.3422 -0.4474 0.8263
vn -0.6324 -0.4474 0.6324
vn -0.8263 -0.4474 0.3422
vn -0.8943 -0.4474 -0.0000
vn -0.8263 -0.4474 -0.3422
vn -0.6324 -0.4474 -0.6324
vn -0.3422 -0.4474 -0.8263
vn 0.8995 0.2282 -0.3726
vn 0.8931 -0.2560 0.3699
vn 0.9667 -0.2560 -0.0000
vn 0.6885 0.2282 0.6885
vn 0.8931 -0.2560 -0.3699
vn 0.3726 0.2282 0.8995
vn 0.6835 -0.2560 0.6835
vn -0.0000 0.2282 0.9736
vn 0.3699 -0.2560 0.8931
vn -0.3726 0.2282 0.8995
vn -0.0000 -0.2560 0.9667
vn -0.6885 0.2282 0.6885
vn -0.3699 -0.2560 0.8931
vn -0.8995 0.2282 0.3726
vn -0.6835 -0.2560 0.6835
vn -0.9736 0.2282 -0.0000
vn -0.8931 -0.2560 0.3699
vn -0.8995 0.2282 -0.3726
vn -0.9667 -0.2560 -0.0000
vn -0.6885 0.2282 -0.6885
vn -0.8931 -0.2560 -0.3699
vn -0.3726 0.2282 -0.8995
vn -0.6835 -0.2560 -0.6835
vn -0.0000 0.2282 -0.9736
vn -0.3699 -0.2560 -0.8931
vn 0.6885 0.2282 -0.6885
vn -0.0000 -0.2560 -0.9667
vn 0.3726 0.2282 -0.8995
vn 0.6835 -0.2560 -0.6835
vn 0.3699 -0.2560 -0.8931
vn -0.8720 -0.3303 -0.3612
vn -0.9439 -0.3303 -0.0000
vn -0.9861 0.1659 -0.0000
vn -0.9111 0.1659 -0.3774
vn -0.4935 -0.7162 -0.4935
vn -0.6448 -0.7162 -0.2671
vn -0.6674 -0.3303 -0.6674
vn -0.2671 -0.7162 -0.6448
vn -0.3612 -0.3303 -0.8720
vn 0.2671 -0.7162 0.6448
vn 0.4935 -0.7162 0.4935
vn 0.6674 -0.3303 0.6674
vn 0.3612 -0.3303 0.8720
vn -0.6448 -0.7162 0.2671
vn -0.4935 -0.7162 0.4935
vn -0.6674 -0.3303 0.6674
vn -0.8720 -0.3303 0.3612
vn 0.6979 -0.7162 -0.0000
vn 0.6448 -0.7162 -0.2671
vn 0.8720 -0.3303 -0.3612
vn 0.9439 -0.3303 -0.0000
vn -0.0000 -0.7162 0.6979
vn -0.0000 -0.3303 0.9439
vn 0.2671 -0.7162 -0.6448
vn -0.0000 -0.7162 -0.6979
vn -0.0000 -0.3303 -0.9439
vn 0.3612 -0.3303 -0.8720
vn 0.6448 -0.7162 0.2671
vn 0.8720 -0.3303 0.3612
vn 0.4935 -0.7162 -0.4935
vn 0.6674 -0.3303 -0.6674
vn -0.2671 -0.7162 0.6448
vn -0.3612 -0.3303 0.8720
vn -0.6979 -0.7162 -0.0000
vn 0.1801 0.8824 0.4347
vn 0.3327 0.8824 0.3327
vn 0.0935 0.9912 0.0935
vn 0.0506 0.9912 0.1221
vn -0.9111 0.1659 0.3774
vn -0.3774 0.1659 0.9111
vn -0.6973 0.1659 0.6973
vn -0.6973 0.1659 -0.6973
vn -0.3774 0.1659 -0.9111
vn 0.6973 0.1659 0.6973
vn 0.3774 0.1659 0.9111
vn 0.9111 0.1659 -0.3774
vn 0.9861 0.1659 -0.0000
vn -0.0000 0.1659 0.9861
vn -0.0000 0.1659 -0.9861
vn 0.3774 0.1659 -0.9111
vn 0.9111 0.1659 0.3774
vn 0.6973 0.1659 -0.6973
vn -0.4347 0.8824 -0.1801
vn -0.3327 0.8824 -0.3327
vn -0.3327 0.8824 0.3327
vn -0.4347 0.8824 0.1801
vn -0.0000 0.8824 0.4706
vn 0.4706 0.8824 -0.0000
vn 0.4347 0.8824 0.1801
vn 0.1801 0.8824 -0.4347
vn 0.3327 0.8824 -0.3327
vn -0.1801 0.8824 -0.4347
vn -0.0000 0.8824 -0.4706
vn -0.4706 0.8824 -0.0000
vn -0.1801 0.8824 0.4347
vn 0.4347 0.8824 -0.1801
vn -0.0935 0.9912 0.0935
vn -0.1221 0.9912 0.0506
vn 0.1221 0.9912 -0.0506
vn 0.1322 0.9912 -0.0000
vn -0.0000 0.9912 0.1322
vn -0.0000 0.9912 -0.1321
vn 0.0506 0.9912 -0.1221
vn 0.1221 0.9912 0.0506
vn 0.0934 0.9912 -0.0935
vn -0.0506 0.9912 -0.1221
vn -0.0506 0.9912 0.1221
vn -0.1322 0.9912 -0.0000
vn -0.1221 0.9912 -0.0506
vn -0.0934 0.9912 -0.0935
vn 0.7977 0.6031 -0.0000
vn 0.7370 0.6031 0.3053
vn 0.6372 -0.7241 0.2639
vn 0.6897 -0.7241 -0.0000
vn 0.7370 0.6031 -0.3053
vn 0.6372 -0.7241 -0.2639
vn 0.5640 0.6031 0.5640
vn 0.4877 -0.7241 0.4877
vn 0.3053 0.6031 0.7370
vn 0.2639 -0.7241 0.6372
vn -0.0000 0.6031 0.7977
vn -0.0000 -0.7241 0.6897
vn -0.3053 0.6031 0.7370
vn -0.2639 -0.7241 0.6372
vn -0.5640 0.6031 0.5640
vn -0.4877 -0.7241 0.4877
vn -0.7370 0.6031 0.3053
vn -0.6372 -0.7241 0.2639
vn -0.7977 0.6031 -0.0000
vn -0.6897 -0.7241 -0.0000
vn -0.7370 0.6031 -0.3053
vn -0.6372 -0.7241 -0.2639
vn -0.5640 0.6031 -0.5640
vn -0.4877 -0.7241 -0.4877
vn -0.3053 0.6031 -0.7370
vn -0.2639 -0.7241 -0.6372
vn -0.0000 0.6031 -0.7977
vn -0.0000 -0.7241 -0.6897
vn 0.5640 0.6031 -0.5640
vn 0.4877 -0.7241 -0.4877
vn 0.3053 0.6031 -0.7370
vn 0.2639 -0.7241 -0.6372
vn -0.5844 0.8115 -0.0000
vn -0.7246 -0.6892 -0.0000
vn -0.6695 -0.6892 -0.2773
vn -0.5399 0.8115 -0.2236
vn -0.5399 0.8115 0.2236
vn -0.6695 -0.6892 0.2773
vn -0.5124 -0.6892 -0.5124
vn -0.4132 0.8115 -0.4132
vn -0.2773 -0.6892 -0.6695
vn -0.2236 0.8115 -0.5399
vn -0.0000 -0.6892 -0.7246
vn -0.0000 0.8115 -0.5844
vn 0.2773 -0.6892 -0.6695
vn 0.2236 0.8115 -0.5399
vn 0.5124 -0.6892 -0.5124
vn 0.4132 0.8115 -0.4132
vn 0.6695 -0.6892 -0.2773
vn 0.5399 0.8115 -0.2236
vn 0.7246 -0.6892 -0.0000
vn 0.5844 0.8115 -0.0000
vn 0.6695 -0.6892 0.2773
vn 0.5399 0.8115 0.2236
vn 0.5124 -0.6892 0.5124
vn 0.4132 0.8115 0.4132
vn 0.2773 -0.6892 0.6695
vn 0.2236 0.8115 0.5399
vn -0.0000 -0.6892 0.7246
vn -0.0000 0.8115 0.5844
vn -0.4132 0.8115 0.4132
vn -0.5124 -0.6892 0.5124
vn -0.2773 -0.6892 0.6695
vn -0.2236 0.8115 0.5399
vt 0.000000 0.000000
vt 0.750000 0.453981
vt 0.671940 0.438454
vt 0.662678 0.460814
vt 0.750000 0.478183
vt 0.812500 0.507160
vt 0.812500 0.568777
vt 0.750000 0.568777
vt 0.750000 0.507160
vt 0.062500 0.507160
vt 0.062500 0.568777
vt 0.000000 0.568777
vt 0.000000 0.507160
vt 0.938454 0.328060
vt 0.894237 0.394237
vt 0.911350 0.411350
vt 0.960814 0.337322
vt 0.875000 0.507160
vt 0.875000 0.568777
vt 0.812500 0.568777
vt 0.812500 0.507160
vt 0.687500 0.568777
vt 0.687500 0.507160
vt 0.625000 0.568777
vt 0.625000 0.507160
vt 0.562500 0.568777
vt 0.562500 0.507160
vt 0.500000 0.568777
vt 0.500000 0.507160
vt 0.437500 0.568777
vt 0.437500 0.507160
vt 0.375000 0.568777
vt 0.375000 0.507160
vt 0.375000 0.568777
vt 0.312500 0.568777
vt 0.312500 0.507160
vt 0.250000 0.568777
vt 0.250000 0.507160
vt 0.125000 0.507160
vt 0.125000 0.568777
vt 0.750000 0.759027
vt 0.750000 1.000000
vt 0.687500 1.000000
vt 0.687500 0.759027
vt 0.817613 0.413231
vt 0.750000 0.426680
vt 0.828060 0.438454
vt 0.874932 0.374932
vt 0.913232 0.317613
vt 0.926681 0.250000
vt 0.953981 0.250000
vt 0.913232 0.182387
vt 0.938454 0.171940
vt 0.874932 0.125068
vt 0.894237 0.105763
vt 0.817613 0.086769
vt 0.828060 0.061546
vt 0.750000 0.073320
vt 0.750000 0.046019
vt 0.682387 0.086769
vt 0.671940 0.061546
vt 0.625068 0.125068
vt 0.605763 0.105763
vt 0.586769 0.182387
vt 0.561546 0.171940
vt 0.573320 0.250000
vt 0.546019 0.250000
vt 0.586769 0.317613
vt 0.561546 0.328060
vt 0.625068 0.374932
vt 0.605763 0.394237
vt 0.682387 0.413231
vt 0.802507 0.376763
vt 0.750000 0.387207
vt 0.847020 0.347020
vt 0.876763 0.302507
vt 0.887208 0.250000
vt 0.876763 0.197493
vt 0.847021 0.152980
vt 0.802507 0.123237
vt 0.750000 0.112792
vt 0.697493 0.123237
vt 0.652980 0.152980
vt 0.623237 0.197493
vt 0.612792 0.250000
vt 0.623237 0.302507
vt 0.652980 0.347020
vt 0.697493 0.376763
vt 0.785763 0.163660
vt 0.768722 0.204802
vt 0.750000 0.250000
vt 0.731278 0.295198
vt 0.714237 0.336340
vt 0.837322 0.039186
vt 0.750000 0.021817
vt 0.521817 0.250000
vt 0.539186 0.337322
vt 0.960814 0.162678
vt 0.911350 0.088650
vt 0.588650 0.088650
vt 0.539186 0.162678
vt 0.978183 0.250000
vt 0.662678 0.039186
vt 0.750000 0.478183
vt 0.837322 0.460814
vt 0.539186 0.337322
vt 0.588650 0.411350
vt 0.911350 0.088650
vt 0.837322 0.039186
vt 0.539186 0.162678
vt 0.521817 0.250000
vt 0.837322 0.460814
vt 0.978183 0.250000
vt 0.662678 0.039186
vt 0.588650 0.088650
vt 0.662678 0.460814
vt 0.187500 1.000000
vt 0.250000 1.000000
vt 0.625000 1.000000
vt 0.125000 1.000000
vt 0.562500 1.000000
vt 0.062500 1.000000
vt 0.500000 1.000000
vt 0.937500 1.000000
vt 1.000000 1.000000
vt 0.000000 1.000000
vt 0.437500 1.000000
vt 0.875000 1.000000
vt 0.375000 1.000000
vt 0.812500 1.000000
vt 0.312500 1.000000
vt 0.340917 1.000000
vt 0.394237 1.000000
vt 0.910705 1.000000
vt 0.857732 1.000000
vt 0.850980 1.000000
vt 0.819243 1.000000
vt 0.836511 1.000000
vt 0.877775 1.000000
vt 0.772755 1.000000
vt 0.785064 1.000000
vt 0.836511 1.000000
vt 0.721583 1.000000
vt 0.730384 1.000000
vt 0.785064 1.000000
vt 0.668263 1.000000
vt 0.674221 1.000000
vt 0.730384 1.000000
vt 0.613826 1.000000
vt 0.617287 1.000000
vt 0.674221 1.000000
vt 0.558832 1.000000
vt 0.559968 1.000000
vt 0.503668 1.000000
vt 0.502532 1.000000
vt 0.559968 1.000000
vt 0.448674 1.000000
vt 0.445213 1.000000
vt 0.502532 1.000000
vt 0.388279 1.000000
vt 0.445214 1.000000
vt 0.332116 1.000000
vt 0.388279 1.000000
vt 0.289745 1.000000
vt 0.277436 1.000000
vt 0.332116 1.000000
vt 0.243257 1.000000
vt 0.225989 1.000000
vt 0.211520 1.000000
vt 0.184725 1.000000
vt 0.225989 1.000000
vt 0.301090 1.000000
vt 0.227199 1.000000
vt 0.184725 1.000000
vt 0.761410 1.000000
vt 0.835301 1.000000
vt 0.227199 1.000000
vt 0.926109 1.000000
vt 0.151795 1.000000
vt 0.136391 1.000000
vt 0.204768 1.000000
vt 0.151795 1.000000
vt 0.262309 1.000000
vt 0.204768 1.000000
vt 0.321301 1.000000
vt 0.380958 1.000000
vt 0.440961 1.000000
vt 0.380958 1.000000
vt 0.501136 1.000000
vt 0.561364 1.000000
vt 0.621539 1.000000
vt 0.681542 1.000000
vt 0.621539 1.000000
vt 0.741199 1.000000
vt 0.681542 1.000000
vt 0.800191 1.000000
vt 0.857732 1.000000
vt 0.800191 1.000000
vt 0.877775 1.000000
vt 0.187500 0.568777
vt 0.187500 0.507160
vt 1.000000 0.507160
vt 1.000000 0.568777
vt 0.937500 0.568777
vt 0.937500 0.507160
vt 0.937958 0.500000
vt 0.999542 0.500000
vt 0.750673 0.489866
vt 0.841171 0.471865
vt 0.875458 0.500000
vt 0.937042 0.500000
vt 0.842414 0.471350
vt 0.919135 0.420087
vt 0.812958 0.500000
vt 0.874542 0.500000
vt 0.920087 0.419135
vt 0.971350 0.342415
vt 0.750458 0.500000
vt 0.812042 0.500000
vt 0.971865 0.341171
vt 0.989866 0.250673
vt 0.687958 0.500000
vt 0.749542 0.500000
vt 0.989866 0.249327
vt 0.971865 0.158829
vt 0.625458 0.500000
vt 0.687042 0.500000
vt 0.971350 0.157585
vt 0.920087 0.080865
vt 0.562958 0.500000
vt 0.624542 0.500000
vt 0.919135 0.079913
vt 0.842414 0.028650
vt 0.500458 0.500000
vt 0.562042 0.500000
vt 0.841171 0.028135
vt 0.750673 0.010134
vt 0.437958 0.500000
vt 0.499542 0.500000
vt 0.749327 0.010134
vt 0.658829 0.028135
vt 0.375458 0.500000
vt 0.437042 0.500000
vt 0.657586 0.028650
vt 0.580865 0.079913
vt 0.312958 0.500000
vt 0.374542 0.500000
vt 0.579913 0.080865
vt 0.528650 0.157585
vt 0.250458 0.500000
vt 0.312042 0.500000
vt 0.528135 0.158829
vt 0.510134 0.249327
vt 0.187958 0.500000
vt 0.249542 0.500000
vt 0.510134 0.250673
vt 0.528135 0.341171
vt 0.125458 0.500000
vt 0.187042 0.500000
vt 0.528650 0.342415
vt 0.579913 0.419135
vt 0.062958 0.500000
vt 0.124542 0.500000
vt 0.580865 0.420087
vt 0.657586 0.471350
vt 0.000458 0.500000
vt 0.062042 0.500000
vt 0.658829 0.471865
vt 0.749327 0.489866
vt 0.316560 1.000000
vt 0.475701 1.000000
vt 0.552794 1.000000
vt 0.590058 1.000000
vt 0.621845 1.000000
vt 0.812500 0.759027
vt 0.687500 0.643857
vt 0.750000 0.643857
vt 0.625000 0.759027
vt 0.812500 0.643857
vt 0.562500 0.759027
vt 0.625000 0.643857
vt 0.500000 0.759027
vt 0.562500 0.643857
vt 0.437500 0.759027
vt 0.500000 0.643857
vt 0.375000 0.759027
vt 0.437500 0.643857
vt 0.312500 0.759027
vt 0.375000 0.643857
vt 0.250000 0.759027
vt 0.312500 0.643857
vt 0.187500 0.759027
vt 0.250000 0.643857
vt 0.125000 0.759027
vt 0.187500 0.643857
vt 0.062500 0.759027
vt 0.125000 0.643857
vt 0.010404 0.759027
vt 0.062500 0.643857
vt 0.875000 0.759027
vt 0.002436 0.643857
vt 0.989596 0.759027
vt 0.937500 0.759027
vt 0.875000 0.643857
vt 0.937500 0.643857
vt 0.997564 0.643857
vt 0.555914 1.000000
vt 0.604950 1.000000
vt 0.287082 1.000000
vt 0.282720 1.000000
vt 0.409472 1.000000
vt 0.363323 1.000000
vt 0.506586 1.000000
vt 0.699177 1.000000
vt 0.653028 1.000000
vt 0.779780 1.000000
vt 0.775418 1.000000
vt 0.390866 1.000000
vt 0.671634 1.000000
vt 0.320933 1.000000
vt 0.457550 1.000000
vt 0.741567 1.000000
vt 0.531413 1.000000
vt 0.549586 1.000000
vt 0.569102 1.000000
vt 0.596677 1.000000
vt 0.645928 1.000000
vt 0.524493 1.000000
vt 0.536460 1.000000
vt 0.549582 1.000000
vt 0.568480 1.000000
vt 0.603034 1.000000
s 1
g HealthPotion_GoldPotionMaterial
usemtl GoldPotionMaterial
f 1/1/1 2/1/1 5/1/1 6/1/1
f 2/1/2 3/1/2 8/1/2 5/1/2
f 3/1/3 4/1/3 7/1/3 8/1/3
f 4/1/4 1/1/4 6/1/4 7/1/4
f 110/1/5 109/1/5 108/1/5 107/1/5
f 114/1/6 113/1/6 112/1/6 111/1/6
f 118/1/7 117/1/7 116/1/7 115/1/7
f 122/1/8 121/1/8 120/1/8 119/1/8
f 18/1/9 19/1/9 35/1/9 34/1/9
f 19/1/10 20/1/10 36/1/10 35/1/10
f 20/1/11 21/1/11 37/1/11 36/1/11
f 21/1/12 18/1/12 34/1/12 37/1/12
f 22/1/13 23/1/13 39/1/13 38/1/13
f 23/1/14 24/1/14 40/1/14 39/1/14
f 24/1/15 25/1/15 41/1/15 40/1/15
f 25/1/16 22/1/16 38/1/16 41/1/16
f 26/1/17 27/1/17 43/1/17 42/1/17
f 27/1/12 28/1/12 44/1/12 43/1/12
f 28/1/18 29/1/18 45/1/18 44/1/18
f 29/1/10 26/1/10 42/1/10 45/1/10
f 30/1/19 31/1/19 47/1/19 46/1/19
f 31/1/16 32/1/16 48/1/16 47/1/16
f 32/1/20 33/1/20 49/1/20 48/1/20
f 33/1/14 30/1/14 46/1/14 49/1/14
f 34/1/21 35/1/21 268/1/22 267/1/22
f 35/1/10 36/1/10 269/1/10 268/1/10
f 36/1/23 37/1/23 270/1/24 269/1/24
f 37/1/12 34/1/12 267/1/12 270/1/12
f 267/1/22 268/1/22 272/1/25 271/1/25
f 268/1/10 269/1/10 273/1/10 272/1/10
f 269/1/24 270/1/24 274/1/26 273/1/26
f 270/1/12 267/1/12 271/1/12 274/1/12
f 271/1/25 272/1/25 2/1/25 1/1/25
f 272/1/10 273/1/10 3/1/10 2/1/10
f 273/1/26 274/1/26 4/1/26 3/1/26
f 274/1/12 271/1/12 1/1/12 4/1/12
f 38/1/27 39/1/27 276/1/28 275/1/28
f 39/1/14 40/1/14 277/1/14 276/1/14
f 40/1/29 41/1/29 278/1/30 277/1/30
f 41/1/16 38/1/16 275/1/16 278/1/16
f 275/1/28 276/1/28 280/1/31 279/1/31
f 276/1/14 277/1/14 281/1/14 280/1/14
f 277/1/30 278/1/30 282/1/32 281/1/32
f 278/1/16 275/1/16 279/1/16 282/1/16
f 279/1/31 280/1/31 10/1/33 9/1/33
f 280/1/14 281/1/14 11/1/14 10/1/14
f 281/1/32 282/1/32 12/1/34 11/1/34
f 282/1/16 279/1/16 9/1/16 12/1/16
f 42/1/35 43/1/35 284/1/36 283/1/36
f 43/1/12 44/1/12 285/1/12 284/1/12
f 44/1/37 45/1/37 286/1/38 285/1/38
f 45/1/10 42/1/10 283/1/10 286/1/10
f 283/1/36 284/1/36 288/1/39 287/1/39
f 284/1/12 285/1/12 289/1/12 288/1/12
f 285/1/38 286/1/38 290/1/40 289/1/40
f 286/1/10 283/1/10 287/1/10 290/1/10
f 287/1/41 288/1/41 860/1/41 859/1/41
f 288/1/42 289/1/42 13/1/42 860/1/42
f 289/1/43 290/1/43 54/1/43 13/1/43
f 290/1/44 287/1/44 859/1/44 54/1/44
f 46/1/45 47/1/45 292/1/46 291/1/46
f 47/1/16 48/1/16 293/1/16 292/1/16
f 48/1/47 49/1/47 294/1/48 293/1/48
f 49/1/14 46/1/14 291/1/14 294/1/14
f 291/1/46 292/1/46 296/1/49 295/1/49
f 292/1/16 293/1/16 297/1/16 296/1/16
f 293/1/48 294/1/48 298/1/50 297/1/50
f 294/1/14 291/1/14 295/1/14 298/1/14
f 295/1/49 296/1/49 15/1/51 14/1/51
f 296/1/16 297/1/16 16/1/16 15/1/16
f 297/1/50 298/1/50 17/1/52 16/1/52
f 298/1/14 295/1/14 14/1/14 17/1/14
f 9/1/53 10/1/53 51/1/54 50/1/55
f 10/1/14 11/1/14 52/1/14 51/1/14
f 11/1/56 12/1/56 53/1/56 52/1/56
f 12/1/16 9/1/16 50/1/16 53/1/16
f 50/1/55 51/1/54 859/1/57 5/1/57
f 51/1/58 52/1/58 54/1/58 859/1/58
f 52/1/59 53/1/59 8/1/60 54/1/61
f 53/1/62 50/1/62 5/1/62 8/1/62
f 55/1/63 56/1/63 6/1/63 860/1/63
f 58/1/64 55/1/64 860/1/64 13/1/64
f 14/1/65 15/1/65 56/1/65 55/1/65
f 15/1/16 16/1/16 57/1/16 56/1/16
f 16/1/66 17/1/66 58/1/66 57/1/66
f 17/1/14 14/1/14 55/1/14 58/1/14
f 79/1/67 80/1/67 300/1/67 299/1/67
f 80/1/14 81/1/14 301/1/14 300/1/14
f 81/1/68 82/1/68 302/1/69 301/1/69
f 82/1/16 79/1/16 299/1/16 302/1/16
f 299/1/10 300/1/10 304/1/10 303/1/10
f 300/1/14 301/1/14 305/1/14 304/1/14
f 301/1/69 302/1/69 306/1/12 305/1/12
f 302/1/16 299/1/16 303/1/16 306/1/16
f 303/1/10 304/1/10 308/1/10 307/1/10
f 304/1/14 305/1/14 309/1/14 308/1/14
f 305/1/12 306/1/12 310/1/12 309/1/12
f 306/1/16 303/1/16 307/1/16 310/1/16
f 307/1/70 308/1/70 64/1/70 63/1/70
f 308/1/14 309/1/14 65/1/14 64/1/14
f 309/1/71 310/1/71 66/1/71 65/1/71
f 310/1/16 307/1/16 63/1/16 66/1/16
f 87/1/72 88/1/72 312/1/72 311/1/72
f 88/1/16 89/1/16 313/1/16 312/1/16
f 89/1/73 90/1/73 314/1/74 313/1/74
f 90/1/14 87/1/14 311/1/14 314/1/14
f 311/1/12 312/1/12 316/1/12 315/1/12
f 312/1/16 313/1/16 317/1/16 316/1/16
f 313/1/74 314/1/74 318/1/10 317/1/10
f 314/1/14 311/1/14 315/1/14 318/1/14
f 315/1/12 316/1/12 320/1/12 319/1/12
f 316/1/16 317/1/16 321/1/16 320/1/16
f 317/1/10 318/1/10 322/1/10 321/1/10
f 318/1/14 315/1/14 319/1/14 322/1/14
f 319/1/75 320/1/75 72/1/75 71/1/75
f 320/1/16 321/1/16 73/1/16 72/1/16
f 321/1/76 322/1/76 74/1/76 73/1/76
f 322/1/14 319/1/14 71/1/14 74/1/14
f 75/1/77 76/1/77 324/1/77 323/1/77
f 76/1/10 77/1/10 325/1/10 324/1/10
f 77/1/78 78/1/78 326/1/79 325/1/79
f 78/1/12 75/1/12 323/1/12 326/1/12
f 323/1/16 324/1/16 328/1/16 327/1/16
f 324/1/10 325/1/10 329/1/10 328/1/10
f 325/1/79 326/1/79 330/1/14 329/1/14
f 326/1/12 323/1/12 327/1/12 330/1/12
f 327/1/16 328/1/16 332/1/16 331/1/16
f 328/1/10 329/1/10 333/1/10 332/1/10
f 329/1/14 330/1/14 334/1/14 333/1/14
f 330/1/12 327/1/12 331/1/12 334/1/12
f 331/1/80 332/1/80 60/1/80 59/1/80
f 332/1/10 333/1/10 61/1/10 60/1/10
f 333/1/81 334/1/81 62/1/81 61/1/81
f 334/1/12 331/1/12 59/1/12 62/1/12
f 83/1/82 84/1/82 336/1/82 335/1/82
f 84/1/12 85/1/12 337/1/12 336/1/12
f 85/1/83 86/1/83 338/1/84 337/1/84
f 86/1/10 83/1/10 335/1/10 338/1/10
f 335/1/14 336/1/14 340/1/14 339/1/14
f 336/1/12 337/1/12 341/1/12 340/1/12
f 337/1/84 338/1/84 342/1/16 341/1/16
f 338/1/10 335/1/10 339/1/10 342/1/10
f 339/1/14 340/1/14 344/1/14 343/1/14
f 340/1/12 341/1/12 345/1/12 344/1/12
f 341/1/16 342/1/16 346/1/16 345/1/16
f 342/1/10 339/1/10 343/1/10 346/1/10
f 343/1/85 344/1/85 68/1/85 67/1/85
f 344/1/12 345/1/12 69/1/12 68/1/12
f 345/1/86 346/1/86 70/1/86 69/1/86
f 346/1/10 343/1/10 67/1/10 70/1/10
f 103/1/87 104/1/87 88/1/87 87/1/87
f 104/1/16 105/1/16 89/1/16 88/1/16
f 105/1/88 106/1/88 90/1/88 89/1/88
f 106/1/14 103/1/14 87/1/14 90/1/14
f 95/1/89 96/1/89 80/1/89 79/1/89
f 96/1/14 97/1/14 81/1/14 80/1/14
f 97/1/90 98/1/90 82/1/90 81/1/90
f 98/1/16 95/1/16 79/1/16 82/1/16
f 91/1/91 92/1/91 76/1/91 75/1/91
f 92/1/10 93/1/10 77/1/10 76/1/10
f 93/1/92 94/1/92 78/1/92 77/1/92
f 94/1/12 91/1/12 75/1/12 78/1/12
f 99/1/93 100/1/93 84/1/93 83/1/93
f 100/1/12 101/1/12 85/1/12 84/1/12
f 101/1/94 102/1/94 86/1/94 85/1/94
f 102/1/10 99/1/10 83/1/10 86/1/10
f 131/1/95 132/1/95 100/1/95 99/1/95
f 132/1/12 133/1/12 101/1/12 100/1/12
f 133/1/96 134/1/96 102/1/96 101/1/96
f 134/1/10 131/1/10 99/1/10 102/1/10
f 123/1/97 124/1/97 92/1/97 91/1/97
f 124/1/10 125/1/10 93/1/10 92/1/10
f 125/1/98 126/1/98 94/1/98 93/1/98
f 126/1/12 123/1/12 91/1/12 94/1/12
f 127/1/99 128/1/99 96/1/99 95/1/99
f 128/1/14 129/1/14 97/1/14 96/1/14
f 129/1/100 130/1/100 98/1/100 97/1/100
f 130/1/16 127/1/16 95/1/16 98/1/16
f 135/1/101 136/1/101 104/1/101 103/1/101
f 136/1/16 137/1/16 105/1/16 104/1/16
f 137/1/102 138/1/102 106/1/102 105/1/102
f 138/1/14 135/1/14 103/1/14 106/1/14
f 167/1/103 168/1/103 164/1/103 163/1/103
f 168/1/16 169/1/16 165/1/16 164/1/16
f 169/1/103 170/1/103 166/1/103 165/1/103
f 170/1/14 167/1/14 163/1/14 166/1/14
f 159/1/103 160/1/103 156/1/103 155/1/103
f 160/1/12 161/1/12 157/1/12 156/1/12
f 161/1/104 162/1/104 158/1/104 157/1/104
f 162/1/10 159/1/10 155/1/10 158/1/10
f 151/1/103 152/1/103 148/1/103 147/1/103
f 152/1/14 153/1/14 149/1/14 148/1/14
f 153/1/103 154/1/103 150/1/103 149/1/103
f 154/1/16 151/1/16 147/1/16 150/1/16
f 143/1/103 144/1/103 140/1/103 139/1/103
f 144/1/10 145/1/10 141/1/10 140/1/10
f 145/1/103 146/1/103 142/1/103 141/1/103
f 146/1/12 143/1/12 139/1/12 142/1/12
f 163/1/105 164/1/105 136/1/105 135/1/105
f 164/1/16 165/1/16 137/1/16 136/1/16
f 165/1/106 166/1/106 138/1/106 137/1/106
f 166/1/14 163/1/14 135/1/14 138/1/14
f 119/1/107 120/1/107 168/1/107 167/1/107
f 120/1/16 121/1/16 169/1/16 168/1/16
f 121/1/108 122/1/108 170/1/108 169/1/108
f 122/1/14 119/1/14 167/1/14 170/1/14
f 139/1/109 140/1/109 124/1/109 123/1/109
f 140/1/10 141/1/10 125/1/10 124/1/10
f 141/1/110 142/1/110 126/1/110 125/1/110
f 142/1/12 139/1/12 123/1/12 126/1/12
f 107/1/111 108/1/111 144/1/111 143/1/111
f 108/1/10 109/1/10 145/1/10 144/1/10
f 109/1/112 110/1/112 146/1/112 145/1/112
f 110/1/12 107/1/12 143/1/12 146/1/12
f 147/1/113 148/1/113 128/1/113 127/1/113
f 148/1/14 149/1/14 129/1/14 128/1/14
f 149/1/114 150/1/114 130/1/114 129/1/114
f 150/1/16 147/1/16 127/1/16 130/1/16
f 111/1/115 112/1/115 152/1/115 151/1/115
f 112/1/14 113/1/14 153/1/14 152/1/14
f 113/1/116 114/1/116 154/1/116 153/1/116
f 114/1/16 111/1/16 151/1/16 154/1/16
f 155/1/117 156/1/117 132/1/117 131/1/117
f 156/1/12 157/1/12 133/1/12 132/1/12
f 157/1/118 158/1/118 134/1/118 133/1/118
f 158/1/10 155/1/10 131/1/10 134/1/10
f 115/1/119 116/1/119 160/1/119 159/1/119
f 116/1/12 117/1/12 161/1/12 160/1/12
f 117/1/120 118/1/120 162/1/120 161/1/120
f 118/1/10 115/1/10 159/1/10 162/1/10
f 171/1/121 172/1/121 180/1/121 179/1/121
f 172/1/10 173/1/10 181/1/10 180/1/10
f 173/1/122 174/1/122 182/1/122 181/1/122
f 174/1/12 171/1/12 179/1/12 182/1/12
f 179/1/123 180/1/123 176/1/123 175/1/123
f 180/1/10 181/1/10 177/1/10 176/1/10
f 181/1/124 182/1/124 178/1/124 177/1/124
f 182/1/12 179/1/12 175/1/12 178/1/12
f 183/1/125 184/1/125 192/1/125 191/1/125
f 184/1/14 185/1/14 193/1/14 192/1/14
f 185/1/126 186/1/126 194/1/126 193/1/126
f 186/1/16 183/1/16 191/1/16 194/1/16
f 191/1/127 192/1/127 188/1/127 187/1/127
f 192/1/14 193/1/14 189/1/14 188/1/14
f 193/1/128 194/1/128 190/1/128 189/1/128
f 194/1/16 191/1/16 187/1/16 190/1/16
f 195/1/129 196/1/129 204/1/129 203/1/129
f 196/1/12 197/1/12 205/1/12 204/1/12
f 197/1/130 198/1/130 206/1/130 205/1/130
f 198/1/10 195/1/10 203/1/10 206/1/10
f 203/1/131 204/1/131 200/1/131 199/1/131
f 204/1/12 205/1/12 201/1/12 200/1/12
f 205/1/132 206/1/132 202/1/132 201/1/132
f 206/1/10 203/1/10 199/1/10 202/1/10
f 207/1/133 208/1/133 216/1/133 215/1/133
f 208/1/16 209/1/16 217/1/16 216/1/16
f 209/1/134 210/1/134 218/1/134 217/1/134
f 210/1/14 207/1/14 215/1/14 218/1/14
f 215/1/135 216/1/135 212/1/135 211/1/135
f 216/1/16 217/1/16 213/1/16 212/1/16
f 217/1/136 218/1/136 214/1/136 213/1/136
f 218/1/14 215/1/14 211/1/14 214/1/14
f 347/1/137 348/1/137 31/1/137 30/1/137
f 348/1/16 349/1/16 32/1/16 31/1/16
f 349/1/138 350/1/138 33/1/138 32/1/138
f 350/1/14 347/1/14 30/1/14 33/1/14
f 211/1/139 212/1/139 348/1/139 347/1/139
f 212/1/16 213/1/16 349/1/16 348/1/16
f 213/1/140 214/1/140 350/1/140 349/1/140
f 214/1/14 211/1/14 347/1/14 350/1/14
f 175/1/141 176/1/141 352/1/141 351/1/141
f 176/1/10 177/1/10 353/1/10 352/1/10
f 177/1/142 178/1/142 354/1/142 353/1/142
f 178/1/12 175/1/12 351/1/12 354/1/12
f 351/1/143 352/1/143 19/1/143 18/1/143
f 352/1/10 353/1/10 20/1/10 19/1/10
f 353/1/144 354/1/144 21/1/144 20/1/144
f 354/1/12 351/1/12 18/1/12 21/1/12
f 187/1/145 188/1/145 356/1/145 355/1/145
f 188/1/14 189/1/14 357/1/14 356/1/14
f 189/1/146 190/1/146 358/1/146 357/1/146
f 190/1/16 187/1/16 355/1/16 358/1/16
f 355/1/147 356/1/147 23/1/147 22/1/147
f 356/1/14 357/1/14 24/1/14 23/1/14
f 357/1/148 358/1/148 25/1/148 24/1/148
f 358/1/16 355/1/16 22/1/16 25/1/16
f 199/1/149 200/1/149 360/1/149 359/1/149
f 200/1/12 201/1/12 361/1/12 360/1/12
f 201/1/150 202/1/150 362/1/150 361/1/150
f 202/1/10 199/1/10 359/1/10 362/1/10
f 359/1/151 360/1/151 27/1/151 26/1/151
f 360/1/12 361/1/12 28/1/12 27/1/12
f 361/1/152 362/1/152 29/1/152 28/1/152
f 362/1/10 359/1/10 26/1/10 29/1/10
f 363/1/153 364/1/153 248/1/154 247/1/154
f 364/1/10 365/1/10 249/1/10 248/1/10
f 365/1/155 366/1/155 250/1/156 249/1/156
f 366/1/12 363/1/12 247/1/12 250/1/12
f 367/1/157 368/1/157 364/1/153 363/1/153
f 368/1/10 369/1/10 365/1/10 364/1/10
f 369/1/158 370/1/158 366/1/155 365/1/155
f 370/1/12 367/1/12 363/1/12 366/1/12
f 371/1/157 372/1/157 368/1/157 367/1/157
f 372/1/10 373/1/10 369/1/10 368/1/10
f 373/1/158 374/1/158 370/1/158 369/1/158
f 374/1/12 371/1/12 367/1/12 370/1/12
f 375/1/157 376/1/157 372/1/157 371/1/157
f 376/1/10 377/1/10 373/1/10 372/1/10
f 377/1/158 378/1/158 374/1/158 373/1/158
f 378/1/12 375/1/12 371/1/12 374/1/12
f 379/1/157 380/1/157 376/1/157 375/1/157
f 380/1/10 381/1/10 377/1/10 376/1/10
f 381/1/158 382/1/158 378/1/158 377/1/158
f 382/1/12 379/1/12 375/1/12 378/1/12
f 251/1/159 252/1/159 380/1/159 379/1/159
f 252/1/10 253/1/10 381/1/10 380/1/10
f 253/1/160 254/1/160 382/1/160 381/1/160
f 254/1/12 251/1/12 379/1/12 382/1/12
f 383/1/161 384/1/161 244/1/162 243/1/162
f 384/1/10 385/1/10 245/1/10 244/1/10
f 385/1/163 386/1/163 246/1/164 245/1/164
f 386/1/12 383/1/12 243/1/12 246/1/12
f 387/1/165 388/1/165 384/1/161 383/1/161
f 388/1/10 389/1/10 385/1/10 384/1/10
f 389/1/166 390/1/166 386/1/163 385/1/163
f 390/1/12 387/1/12 383/1/12 386/1/12
f 391/1/165 392/1/165 388/1/165 387/1/165
f 392/1/10 393/1/10 389/1/10 388/1/10
f 393/1/166 394/1/166 390/1/166 389/1/166
f 394/1/12 391/1/12 387/1/12 390/1/12
f 395/1/165 396/1/165 392/1/165 391/1/165
f 396/1/10 397/1/10 393/1/10 392/1/10
f 397/1/166 398/1/166 394/1/166 393/1/166
f 398/1/12 395/1/12 391/1/12 394/1/12
f 399/1/167 400/1/167 396/1/165 395/1/165
f 400/1/10 401/1/10 397/1/10 396/1/10
f 401/1/168 402/1/168 398/1/166 397/1/166
f 402/1/12 399/1/12 395/1/12 398/1/12
f 247/1/169 248/1/169 400/1/167 399/1/167
f 248/1/10 249/1/10 401/1/10 400/1/10
f 249/1/170 250/1/170 402/1/168 401/1/168
f 250/1/12 247/1/12 399/1/12 402/1/12
f 235/1/171 236/1/171 404/1/171 403/1/171
f 236/1/14 237/1/14 405/1/14 404/1/14
f 237/1/172 238/1/172 406/1/172 405/1/172
f 238/1/16 235/1/16 403/1/16 406/1/16
f 403/1/173 404/1/173 408/1/173 407/1/173
f 404/1/14 405/1/14 409/1/14 408/1/14
f 405/1/174 406/1/174 410/1/174 409/1/174
f 406/1/16 403/1/16 407/1/16 410/1/16
f 407/1/173 408/1/173 412/1/173 411/1/173
f 408/1/14 409/1/14 413/1/14 412/1/14
f 409/1/174 410/1/174 414/1/174 413/1/174
f 410/1/16 407/1/16 411/1/16 414/1/16
f 411/1/173 412/1/173 416/1/173 415/1/173
f 412/1/14 413/1/14 417/1/14 416/1/14
f 413/1/174 414/1/174 418/1/174 417/1/174
f 414/1/16 411/1/16 415/1/16 418/1/16
f 415/1/173 416/1/173 420/1/175 419/1/175
f 416/1/14 417/1/14 421/1/14 420/1/14
f 417/1/174 418/1/174 422/1/176 421/1/176
f 418/1/16 415/1/16 419/1/16 422/1/16
f 419/1/175 420/1/175 240/1/177 239/1/177
f 420/1/14 421/1/14 241/1/14 240/1/14
f 421/1/176 422/1/176 242/1/178 241/1/178
f 422/1/16 419/1/16 239/1/16 242/1/16
f 239/1/179 240/1/179 424/1/180 423/1/180
f 240/1/14 241/1/14 425/1/14 424/1/14
f 241/1/181 242/1/181 426/1/182 425/1/182
f 242/1/16 239/1/16 423/1/16 426/1/16
f 423/1/180 424/1/180 428/1/183 427/1/183
f 424/1/14 425/1/14 429/1/14 428/1/14
f 425/1/182 426/1/182 430/1/184 429/1/184
f 426/1/16 423/1/16 427/1/16 430/1/16
f 427/1/183 428/1/183 432/1/183 431/1/183
f 428/1/14 429/1/14 433/1/14 432/1/14
f 429/1/184 430/1/184 434/1/184 433/1/184
f 430/1/16 427/1/16 431/1/16 434/1/16
f 431/1/183 432/1/183 436/1/183 435/1/183
f 432/1/14 433/1/14 437/1/14 436/1/14
f 433/1/184 434/1/184 438/1/184 437/1/184
f 434/1/16 431/1/16 435/1/16 438/1/16
f 435/1/183 436/1/183 440/1/185 439/1/185
f 436/1/14 437/1/14 441/1/14 440/1/14
f 437/1/184 438/1/184 442/1/186 441/1/186
f 438/1/16 435/1/16 439/1/16 442/1/16
f 439/1/185 440/1/185 232/1/187 231/1/187
f 440/1/14 441/1/14 233/1/14 232/1/14
f 441/1/186 442/1/186 234/1/188 233/1/188
f 442/1/16 439/1/16 231/1/16 234/1/16
f 223/1/189 224/1/189 444/1/189 443/1/189
f 224/1/12 225/1/12 445/1/12 444/1/12
f 225/1/190 226/1/190 446/1/190 445/1/190
f 226/1/10 223/1/10 443/1/10 446/1/10
f 443/1/191 444/1/191 448/1/191 447/1/191
f 444/1/12 445/1/12 449/1/12 448/1/12
f 445/1/192 446/1/192 450/1/192 449/1/192
f 446/1/10 443/1/10 447/1/10 450/1/10
f 447/1/191 448/1/191 452/1/191 451/1/191
f 448/1/12 449/1/12 453/1/12 452/1/12
f 449/1/192 450/1/192 454/1/192 453/1/192
f 450/1/10 447/1/10 451/1/10 454/1/10
f 451/1/191 452/1/191 456/1/191 455/1/191
f 452/1/12 453/1/12 457/1/12 456/1/12
f 453/1/192 454/1/192 458/1/192 457/1/192
f 454/1/10 451/1/10 455/1/10 458/1/10
f 455/1/191 456/1/191 460/1/193 459/1/193
f 456/1/12 457/1/12 461/1/12 460/1/12
f 457/1/192 458/1/192 462/1/194 461/1/194
f 458/1/10 455/1/10 459/1/10 462/1/10
f 459/1/193 460/1/193 228/1/195 227/1/195
f 460/1/12 461/1/12 229/1/12 228/1/12
f 461/1/194 462/1/194 230/1/196 229/1/196
f 462/1/10 459/1/10 227/1/10 230/1/10
f 227/1/197 228/1/197 464/1/198 463/1/198
f 228/1/12 229/1/12 465/1/12 464/1/12
f 229/1/199 230/1/199 466/1/200 465/1/200
f 230/1/10 227/1/10 463/1/10 466/1/10
f 463/1/198 464/1/198 468/1/201 467/1/201
f 464/1/12 465/1/12 469/1/12 468/1/12
f 465/1/200 466/1/200 470/1/202 469/1/202
f 466/1/10 463/1/10 467/1/10 470/1/10
f 467/1/201 468/1/201 472/1/201 471/1/201
f 468/1/12 469/1/12 473/1/12 472/1/12
f 469/1/202 470/1/202 474/1/202 473/1/202
f 470/1/10 467/1/10 471/1/10 474/1/10
f 471/1/201 472/1/201 476/1/201 475/1/201
f 472/1/12 473/1/12 477/1/12 476/1/12
f 473/1/202 474/1/202 478/1/202 477/1/202
f 474/1/10 471/1/10 475/1/10 478/1/10
f 475/1/201 476/1/201 480/1/203 479/1/203
f 476/1/12 477/1/12 481/1/12 480/1/12
f 477/1/202 478/1/202 482/1/204 481/1/204
f 478/1/10 475/1/10 479/1/10 482/1/10
f 479/1/203 480/1/203 220/1/205 219/1/205
f 480/1/12 481/1/12 221/1/12 220/1/12
f 481/1/204 482/1/204 222/1/206 221/1/206
f 482/1/10 479/1/10 219/1/10 222/1/10
f 259/1/207 260/1/207 484/1/207 483/1/207
f 260/1/16 261/1/16 485/1/16 484/1/16
f 261/1/208 262/1/208 486/1/208 485/1/208
f 262/1/14 259/1/14 483/1/14 486/1/14
f 483/1/209 484/1/209 488/1/209 487/1/209
f 484/1/16 485/1/16 489/1/16 488/1/16
f 485/1/210 486/1/210 490/1/210 489/1/210
f 486/1/14 483/1/14 487/1/14 490/1/14
f 487/1/209 488/1/209 492/1/209 491/1/209
f 488/1/16 489/1/16 493/1/16 492/1/16
f 489/1/210 490/1/210 494/1/210 493/1/210
f 490/1/14 487/1/14 491/1/14 494/1/14
f 491/1/209 492/1/209 496/1/209 495/1/209
f 492/1/16 493/1/16 497/1/16 496/1/16
f 493/1/210 494/1/210 498/1/210 497/1/210
f 494/1/14 491/1/14 495/1/14 498/1/14
f 495/1/209 496/1/209 500/1/211 499/1/211
f 496/1/16 497/1/16 501/1/16 500/1/16
f 497/1/210 498/1/210 502/1/212 501/1/212
f 498/1/14 495/1/14 499/1/14 502/1/14
f 499/1/211 500/1/211 264/1/213 263/1/213
f 500/1/16 501/1/16 265/1/16 264/1/16
f 501/1/212 502/1/212 266/1/214 265/1/214
f 502/1/14 499/1/14 263/1/14 266/1/14
f 263/1/215 264/1/215 504/1/216 503/1/216
f 264/1/16 265/1/16 505/1/16 504/1/16
f 265/1/217 266/1/217 506/1/218 505/1/218
f 266/1/14 263/1/14 503/1/14 506/1/14
f 503/1/216 504/1/216 508/1/219 507/1/219
f 504/1/16 505/1/16 509/1/16 508/1/16
f 505/1/218 506/1/218 510/1/220 509/1/220
f 506/1/14 503/1/14 507/1/14 510/1/14
f 507/1/219 508/1/219 512/1/219 511/1/219
f 508/1/16 509/1/16 513/1/16 512/1/16
f 509/1/220 510/1/220 514/1/220 513/1/220
f 510/1/14 507/1/14 511/1/14 514/1/14
f 511/1/219 512/1/219 516/1/219 515/1/219
f 512/1/16 513/1/16 517/1/16 516/1/16
f 513/1/220 514/1/220 518/1/220 517/1/220
f 514/1/14 511/1/14 515/1/14 518/1/14
f 515/1/219 516/1/219 520/1/221 519/1/221
f 516/1/16 517/1/16 521/1/16 520/1/16
f 517/1/220 518/1/220 522/1/222 521/1/222
f 518/1/14 515/1/14 519/1/14 522/1/14
f 519/1/221 520/1/221 256/1/223 255/1/223
f 520/1/16 521/1/16 257/1/16 256/1/16
f 521/1/222 522/1/222 258/1/224 257/1/224
f 522/1/14 519/1/14 255/1/14 258/1/14
f 71/1/225 72/1/225 524/1/225 523/1/225
f 72/1/16 73/1/16 525/1/16 524/1/16
f 73/1/226 74/1/226 526/1/226 525/1/226
f 74/1/14 71/1/14 523/1/14 526/1/14
f 523/1/227 524/1/227 528/1/227 527/1/227
f 524/1/16 525/1/16 529/1/16 528/1/16
f 525/1/228 526/1/228 530/1/228 529/1/228
f 526/1/14 523/1/14 527/1/14 530/1/14
f 527/1/227 528/1/227 532/1/227 531/1/227
f 528/1/16 529/1/16 533/1/16 532/1/16
f 529/1/228 530/1/228 534/1/228 533/1/228
f 530/1/14 527/1/14 531/1/14 534/1/14
f 531/1/227 532/1/227 536/1/227 535/1/227
f 532/1/16 533/1/16 537/1/16 536/1/16
f 533/1/228 534/1/228 538/1/228 537/1/228
f 534/1/14 531/1/14 535/1/14 538/1/14
f 535/1/227 536/1/227 540/1/227 539/1/227
f 536/1/16 537/1/16 541/1/16 540/1/16
f 537/1/228 538/1/228 542/1/228 541/1/228
f 538/1/14 535/1/14 539/1/14 542/1/14
f 539/1/227 540/1/227 544/1/227 543/1/227
f 540/1/16 541/1/16 545/1/16 544/1/16
f 541/1/228 542/1/228 546/1/228 545/1/228
f 542/1/14 539/1/14 543/1/14 546/1/14
f 543/1/227 544/1/227 548/1/227 547/1/227
f 544/1/16 545/1/16 549/1/16 548/1/16
f 545/1/228 546/1/228 550/1/228 549/1/228
f 546/1/14 543/1/14 547/1/14 550/1/14
f 547/1/227 548/1/227 552/1/227 551/1/227
f 548/1/16 549/1/16 553/1/16 552/1/16
f 549/1/228 550/1/228 554/1/228 553/1/228
f 550/1/14 547/1/14 551/1/14 554/1/14
f 551/1/227 552/1/227 556/1/227 555/1/227
f 552/1/16 553/1/16 557/1/16 556/1/16
f 553/1/228 554/1/228 558/1/228 557/1/228
f 554/1/14 551/1/14 555/1/14 558/1/14
f 555/1/227 556/1/227 560/1/227 559/1/227
f 556/1/16 557/1/16 561/1/16 560/1/16
f 557/1/228 558/1/228 562/1/228 561/1/228
f 558/1/14 555/1/14 559/1/14 562/1/14
f 559/1/227 560/1/227 564/1/227 563/1/227
f 560/1/16 561/1/16 565/1/16 564/1/16
f 561/1/228 562/1/228 566/1/228 565/1/228
f 562/1/14 559/1/14 563/1/14 566/1/14
f 563/1/227 564/1/227 568/1/227 567/1/227
f 564/1/16 565/1/16 569/1/16 568/1/16
f 565/1/228 566/1/228 570/1/228 569/1/228
f 566/1/14 563/1/14 567/1/14 570/1/14
f 567/1/227 568/1/227 572/1/227 571/1/227
f 568/1/16 569/1/16 573/1/16 572/1/16
f 569/1/228 570/1/228 574/1/228 573/1/228
f 570/1/14 567/1/14 571/1/14 574/1/14
f 571/1/227 572/1/227 576/1/227 575/1/227
f 572/1/16 573/1/16 577/1/16 576/1/16
f 573/1/228 574/1/228 578/1/228 577/1/228
f 574/1/14 571/1/14 575/1/14 578/1/14
f 575/1/227 576/1/227 580/1/227 579/1/227
f 576/1/16 577/1/16 581/1/16 580/1/16
f 577/1/228 578/1/228 582/1/228 581/1/228
f 578/1/14 575/1/14 579/1/14 582/1/14
f 579/1/227 580/1/227 584/1/227 583/1/227
f 580/1/16 581/1/16 585/1/16 584/1/16
f 581/1/228 582/1/228 586/1/228 585/1/228
f 582/1/14 579/1/14 583/1/14 586/1/14
f 583/1/227 584/1/227 588/1/227 587/1/227
f 584/1/16 585/1/16 589/1/16 588/1/16
f 585/1/228 586/1/228 590/1/228 589/1/228
f 586/1/14 583/1/14 587/1/14 590/1/14
f 587/1/229 588/1/229 260/1/229 259/1/229
f 588/1/16 589/1/16 261/1/16 260/1/16
f 589/1/230 590/1/230 262/1/230 261/1/230
f 590/1/14 587/1/14 259/1/14 262/1/14
f 255/1/231 256/1/231 592/1/232 591/1/232
f 256/1/16 257/1/16 593/1/16 592/1/16
f 257/1/233 258/1/233 594/1/234 593/1/234
f 258/1/14 255/1/14 591/1/14 594/1/14
f 591/1/232 592/1/232 596/1/235 595/1/235
f 592/1/16 593/1/16 597/1/16 596/1/16
f 593/1/234 594/1/234 598/1/236 597/1/236
f 594/1/14 591/1/14 595/1/14 598/1/14
f 595/1/235 596/1/235 600/1/235 599/1/235
f 596/1/16 597/1/16 601/1/16 600/1/16
f 597/1/236 598/1/236 602/1/236 601/1/236
f 598/1/14 595/1/14 599/1/14 602/1/14
f 599/1/235 600/1/235 604/1/237 603/1/237
f 600/1/16 601/1/16 605/1/16 604/1/16
f 601/1/236 602/1/236 606/1/238 605/1/238
f 602/1/14 599/1/14 603/1/14 606/1/14
f 603/1/237 604/1/237 208/1/239 207/1/239
f 604/1/16 605/1/16 209/1/16 208/1/16
f 605/1/238 606/1/238 210/1/240 209/1/240
f 606/1/14 603/1/14 207/1/14 210/1/14
f 607/1/241 608/1/241 196/1/242 195/1/242
f 608/1/12 609/1/12 197/1/12 196/1/12
f 609/1/243 610/1/243 198/1/244 197/1/244
f 610/1/10 607/1/10 195/1/10 198/1/10
f 611/1/245 612/1/245 608/1/241 607/1/241
f 612/1/12 613/1/12 609/1/12 608/1/12
f 613/1/246 614/1/246 610/1/243 609/1/243
f 614/1/10 611/1/10 607/1/10 610/1/10
f 615/1/245 616/1/245 612/1/245 611/1/245
f 616/1/12 617/1/12 613/1/12 612/1/12
f 617/1/246 618/1/246 614/1/246 613/1/246
f 618/1/10 615/1/10 611/1/10 614/1/10
f 619/1/247 620/1/247 616/1/245 615/1/245
f 620/1/12 621/1/12 617/1/12 616/1/12
f 621/1/248 622/1/248 618/1/246 617/1/246
f 622/1/10 619/1/10 615/1/10 618/1/10
f 219/1/249 220/1/249 620/1/247 619/1/247
f 220/1/12 221/1/12 621/1/12 620/1/12
f 221/1/250 222/1/250 622/1/248 621/1/248
f 222/1/10 219/1/10 619/1/10 622/1/10
f 623/1/251 624/1/251 224/1/251 223/1/251
f 624/1/12 625/1/12 225/1/12 224/1/12
f 625/1/252 626/1/252 226/1/252 225/1/252
f 626/1/10 623/1/10 223/1/10 226/1/10
f 627/1/253 628/1/253 624/1/253 623/1/253
f 628/1/12 629/1/12 625/1/12 624/1/12
f 629/1/254 630/1/254 626/1/254 625/1/254
f 630/1/10 627/1/10 623/1/10 626/1/10
f 631/1/253 632/1/253 628/1/253 627/1/253
f 632/1/12 633/1/12 629/1/12 628/1/12
f 633/1/254 634/1/254 630/1/254 629/1/254
f 634/1/10 631/1/10 627/1/10 630/1/10
f 635/1/253 636/1/253 632/1/253 631/1/253
f 636/1/12 637/1/12 633/1/12 632/1/12
f 637/1/254 638/1/254 634/1/254 633/1/254
f 638/1/10 635/1/10 631/1/10 634/1/10
f 639/1/253 640/1/253 636/1/253 635/1/253
f 640/1/12 641/1/12 637/1/12 636/1/12
f 641/1/254 642/1/254 638/1/254 637/1/254
f 642/1/10 639/1/10 635/1/10 638/1/10
f 643/1/253 644/1/253 640/1/253 639/1/253
f 644/1/12 645/1/12 641/1/12 640/1/12
f 645/1/254 646/1/254 642/1/254 641/1/254
f 646/1/10 643/1/10 639/1/10 642/1/10
f 647/1/253 648/1/253 644/1/253 643/1/253
f 648/1/12 649/1/12 645/1/12 644/1/12
f 649/1/254 650/1/254 646/1/254 645/1/254
f 650/1/10 647/1/10 643/1/10 646/1/10
f 651/1/253 652/1/253 648/1/253 647/1/253
f 652/1/12 653/1/12 649/1/12 648/1/12
f 653/1/254 654/1/254 650/1/254 649/1/254
f 654/1/10 651/1/10 647/1/10 650/1/10
f 655/1/253 656/1/253 652/1/253 651/1/253
f 656/1/12 657/1/12 653/1/12 652/1/12
f 657/1/254 658/1/254 654/1/254 653/1/254
f 658/1/10 655/1/10 651/1/10 654/1/10
f 659/1/253 660/1/253 656/1/253 655/1/253
f 660/1/12 661/1/12 657/1/12 656/1/12
f 661/1/254 662/1/254 658/1/254 657/1/254
f 662/1/10 659/1/10 655/1/10 658/1/10
f 663/1/253 664/1/253 660/1/253 659/1/253
f 664/1/12 665/1/12 661/1/12 660/1/12
f 665/1/254 666/1/254 662/1/254 661/1/254
f 666/1/10 663/1/10 659/1/10 662/1/10
f 667/1/253 668/1/253 664/1/253 663/1/253
f 668/1/12 669/1/12 665/1/12 664/1/12
f 669/1/254 670/1/254 666/1/254 665/1/254
f 670/1/10 667/1/10 663/1/10 666/1/10
f 671/1/253 672/1/253 668/1/253 667/1/253
f 672/1/12 673/1/12 669/1/12 668/1/12
f 673/1/254 674/1/254 670/1/254 669/1/254
f 674/1/10 671/1/10 667/1/10 670/1/10
f 675/1/253 676/1/253 672/1/253 671/1/253
f 676/1/12 677/1/12 673/1/12 672/1/12
f 677/1/254 678/1/254 674/1/254 673/1/254
f 678/1/10 675/1/10 671/1/10 674/1/10
f 679/1/253 680/1/253 676/1/253 675/1/253
f 680/1/12 681/1/12 677/1/12 676/1/12
f 681/1/254 682/1/254 678/1/254 677/1/254
f 682/1/10 679/1/10 675/1/10 678/1/10
f 683/1/253 684/1/253 680/1/253 679/1/253
f 684/1/12 685/1/12 681/1/12 680/1/12
f 685/1/254 686/1/254 682/1/254 681/1/254
f 686/1/10 683/1/10 679/1/10 682/1/10
f 687/1/253 688/1/253 684/1/253 683/1/253
f 688/1/12 689/1/12 685/1/12 684/1/12
f 689/1/254 690/1/254 686/1/254 685/1/254
f 690/1/10 687/1/10 683/1/10 686/1/10
f 67/1/255 68/1/255 688/1/255 687/1/255
f 68/1/12 69/1/12 689/1/12 688/1/12
f 69/1/256 70/1/256 690/1/256 689/1/256
f 70/1/10 67/1/10 687/1/10 690/1/10
f 691/1/257 692/1/257 184/1/258 183/1/258
f 692/1/14 693/1/14 185/1/14 184/1/14
f 693/1/259 694/1/259 186/1/260 185/1/260
f 694/1/16 691/1/16 183/1/16 186/1/16
f 695/1/261 696/1/261 692/1/257 691/1/257
f 696/1/14 697/1/14 693/1/14 692/1/14
f 697/1/262 698/1/262 694/1/259 693/1/259
f 698/1/16 695/1/16 691/1/16 694/1/16
f 699/1/261 700/1/261 696/1/261 695/1/261
f 700/1/14 701/1/14 697/1/14 696/1/14
f 701/1/262 702/1/262 698/1/262 697/1/262
f 702/1/16 699/1/16 695/1/16 698/1/16
f 703/1/263 704/1/263 700/1/261 699/1/261
f 704/1/14 705/1/14 701/1/14 700/1/14
f 705/1/264 706/1/264 702/1/262 701/1/262
f 706/1/16 703/1/16 699/1/16 702/1/16
f 231/1/265 232/1/265 704/1/263 703/1/263
f 232/1/14 233/1/14 705/1/14 704/1/14
f 233/1/266 234/1/266 706/1/264 705/1/264
f 234/1/16 231/1/16 703/1/16 706/1/16
f 707/1/267 708/1/267 236/1/267 235/1/267
f 708/1/14 709/1/14 237/1/14 236/1/14
f 709/1/268 710/1/268 238/1/268 237/1/268
f 710/1/16 707/1/16 235/1/16 238/1/16
f 711/1/269 712/1/269 708/1/269 707/1/269
f 712/1/14 713/1/14 709/1/14 708/1/14
f 713/1/270 714/1/270 710/1/270 709/1/270
f 714/1/16 711/1/16 707/1/16 710/1/16
f 715/1/269 716/1/269 712/1/269 711/1/269
f 716/1/14 717/1/14 713/1/14 712/1/14
f 717/1/270 718/1/270 714/1/270 713/1/270
f 718/1/16 715/1/16 711/1/16 714/1/16
f 719/1/269 720/1/269 716/1/269 715/1/269
f 720/1/14 721/1/14 717/1/14 716/1/14
f 721/1/270 722/1/270 718/1/270 717/1/270
f 722/1/16 719/1/16 715/1/16 718/1/16
f 723/1/269 724/1/269 720/1/269 719/1/269
f 724/1/14 725/1/14 721/1/14 720/1/14
f 725/1/270 726/1/270 722/1/270 721/1/270
f 726/1/16 723/1/16 719/1/16 722/1/16
f 727/1/269 728/1/269 724/1/269 723/1/269
f 728/1/14 729/1/14 725/1/14 724/1/14
f 729/1/270 730/1/270 726/1/270 725/1/270
f 730/1/16 727/1/16 723/1/16 726/1/16
f 731/1/269 732/1/269 728/1/269 727/1/269
f 732/1/14 733/1/14 729/1/14 728/1/14
f 733/1/270 734/1/270 730/1/270 729/1/270
f 734/1/16 731/1/16 727/1/16 730/1/16
f 735/1/269 736/1/269 732/1/269 731/1/269
f 736/1/14 737/1/14 733/1/14 732/1/14
f 737/1/270 738/1/270 734/1/270 733/1/270
f 738/1/16 735/1/16 731/1/16 734/1/16
f 739/1/269 740/1/269 736/1/269 735/1/269
f 740/1/14 741/1/14 737/1/14 736/1/14
f 741/1/270 742/1/270 738/1/270 737/1/270
f 742/1/16 739/1/16 735/1/16 738/1/16
f 743/1/269 744/1/269 740/1/269 739/1/269
f 744/1/14 745/1/14 741/1/14 740/1/14
f 745/1/270 746/1/270 742/1/270 741/1/270
f 746/1/16 743/1/16 739/1/16 742/1/16
f 747/1/269 748/1/269 744/1/269 743/1/269
f 748/1/14 749/1/14 745/1/14 744/1/14
f 749/1/270 750/1/270 746/1/270 745/1/270
f 750/1/16 747/1/16 743/1/16 746/1/16
f 751/1/269 752/1/269 748/1/269 747/1/269
f 752/1/14 753/1/14 749/1/14 748/1/14
f 753/1/270 754/1/270 750/1/270 749/1/270
f 754/1/16 751/1/16 747/1/16 750/1/16
f 755/1/269 756/1/269 752/1/269 751/1/269
f 756/1/14 757/1/14 753/1/14 752/1/14
f 757/1/270 758/1/270 754/1/270 753/1/270
f 758/1/16 755/1/16 751/1/16 754/1/16
f 759/1/269 760/1/269 756/1/269 755/1/269
f 760/1/14 761/1/14 757/1/14 756/1/14
f 761/1/270 762/1/270 758/1/270 757/1/270
f 762/1/16 759/1/16 755/1/16 758/1/16
f 763/1/269 764/1/269 760/1/269 759/1/269
f 764/1/14 765/1/14 761/1/14 760/1/14
f 765/1/270 766/1/270 762/1/270 761/1/270
f 766/1/16 763/1/16 759/1/16 762/1/16
f 767/1/269 768/1/269 764/1/269 763/1/269
f 768/1/14 769/1/14 765/1/14 764/1/14
f 769/1/270 770/1/270 766/1/270 765/1/270
f 770/1/16 767/1/16 763/1/16 766/1/16
f 771/1/269 772/1/269 768/1/269 767/1/269
f 772/1/14 773/1/14 769/1/14 768/1/14
f 773/1/270 774/1/270 770/1/270 769/1/270
f 774/1/16 771/1/16 767/1/16 770/1/16
f 63/1/271 64/1/271 772/1/271 771/1/271
f 64/1/14 65/1/14 773/1/14 772/1/14
f 65/1/272 66/1/272 774/1/272 773/1/272
f 66/1/16 63/1/16 771/1/16 774/1/16
f 775/1/273 776/1/273 172/1/274 171/1/274
f 776/1/10 777/1/10 173/1/10 172/1/10
f 777/1/275 778/1/275 174/1/276 173/1/276
f 778/1/12 775/1/12 171/1/12 174/1/12
f 779/1/277 780/1/277 776/1/273 775/1/273
f 780/1/10 781/1/10 777/1/10 776/1/10
f 781/1/278 782/1/278 778/1/275 777/1/275
f 782/1/12 779/1/12 775/1/12 778/1/12
f 783/1/277 784/1/277 780/1/277 779/1/277
f 784/1/10 785/1/10 781/1/10 780/1/10
f 785/1/278 786/1/278 782/1/278 781/1/278
f 786/1/12 783/1/12 779/1/12 782/1/12
f 787/1/279 788/1/279 784/1/277 783/1/277
f 788/1/10 789/1/10 785/1/10 784/1/10
f 789/1/280 790/1/280 786/1/278 785/1/278
f 790/1/12 787/1/12 783/1/12 786/1/12
f 243/1/281 244/1/281 788/1/279 787/1/279
f 244/1/10 245/1/10 789/1/10 788/1/10
f 245/1/282 246/1/282 790/1/280 789/1/280
f 246/1/12 243/1/12 787/1/12 790/1/12
f 791/1/283 792/1/283 252/1/283 251/1/283
f 792/1/10 793/1/10 253/1/10 252/1/10
f 793/1/284 794/1/284 254/1/284 253/1/284
f 794/1/12 791/1/12 251/1/12 254/1/12
f 795/1/285 796/1/285 792/1/285 791/1/285
f 796/1/10 797/1/10 793/1/10 792/1/10
f 797/1/286 798/1/286 794/1/286 793/1/286
f 798/1/12 795/1/12 791/1/12 794/1/12
f 799/1/285 800/1/285 796/1/285 795/1/285
f 800/1/10 801/1/10 797/1/10 796/1/10
f 801/1/286 802/1/286 798/1/286 797/1/286
f 802/1/12 799/1/12 795/1/12 798/1/12
f 803/1/285 804/1/285 800/1/285 799/1/285
f 804/1/10 805/1/10 801/1/10 800/1/10
f 805/1/286 806/1/286 802/1/286 801/1/286
f 806/1/12 803/1/12 799/1/12 802/1/12
f 807/1/285 808/1/285 804/1/285 803/1/285
f 808/1/10 809/1/10 805/1/10 804/1/10
f 809/1/286 810/1/286 806/1/286 805/1/286
f 810/1/12 807/1/12 803/1/12 806/1/12
f 811/1/285 812/1/285 808/1/285 807/1/285
f 812/1/10 813/1/10 809/1/10 808/1/10
f 813/1/286 814/1/286 810/1/286 809/1/286
f 814/1/12 811/1/12 807/1/12 810/1/12
f 815/1/285 816/1/285 812/1/285 811/1/285
f 816/1/10 817/1/10 813/1/10 812/1/10
f 817/1/286 818/1/286 814/1/286 813/1/286
f 818/1/12 815/1/12 811/1/12 814/1/12
f 819/1/285 820/1/285 816/1/285 815/1/285
f 820/1/10 821/1/10 817/1/10 816/1/10
f 821/1/286 822/1/286 818/1/286 817/1/286
f 822/1/12 819/1/12 815/1/12 818/1/12
f 823/1/285 824/1/285 820/1/285 819/1/285
f 824/1/10 825/1/10 821/1/10 820/1/10
f 825/1/286 826/1/286 822/1/286 821/1/286
f 826/1/12 823/1/12 819/1/12 822/1/12
f 827/1/285 828/1/285 824/1/285 823/1/285
f 828/1/10 829/1/10 825/1/10 824/1/10
f 829/1/286 830/1/286 826/1/286 825/1/286
f 830/1/12 827/1/12 823/1/12 826/1/12
f 831/1/285 832/1/285 828/1/285 827/1/285
f 832/1/10 833/1/10 829/1/10 828/1/10
f 833/1/286 834/1/286 830/1/286 829/1/286
f 834/1/12 831/1/12 827/1/12 830/1/12
f 835/1/285 836/1/285 832/1/285 831/1/285
f 836/1/10 837/1/10 833/1/10 832/1/10
f 837/1/286 838/1/286 834/1/286 833/1/286
f 838/1/12 835/1/12 831/1/12 834/1/12
f 839/1/285 840/1/285 836/1/285 835/1/285
f 840/1/10 841/1/10 837/1/10 836/1/10
f 841/1/286 842/1/286 838/1/286 837/1/286
f 842/1/12 839/1/12 835/1/12 838/1/12
f 843/1/285 844/1/285 840/1/285 839/1/285
f 844/1/10 845/1/10 841/1/10 840/1/10
f 845/1/286 846/1/286 842/1/286 841/1/286
f 846/1/12 843/1/12 839/1/12 842/1/12
f 847/1/285 848/1/285 844/1/285 843/1/285
f 848/1/10 849/1/10 845/1/10 844/1/10
f 849/1/286 850/1/286 846/1/286 845/1/286
f 850/1/12 847/1/12 843/1/12 846/1/12
f 851/1/285 852/1/285 848/1/285 847/1/285
f 852/1/10 853/1/10 849/1/10 848/1/10
f 853/1/286 854/1/286 850/1/286 849/1/286
f 854/1/12 851/1/12 847/1/12 850/1/12
f 855/1/285 856/1/285 852/1/285 851/1/285
f 856/1/10 857/1/10 853/1/10 852/1/10
f 857/1/286 858/1/286 854/1/286 853/1/286
f 858/1/12 855/1/12 851/1/12 854/1/12
f 59/1/287 60/1/287 856/1/287 855/1/287
f 60/1/10 61/1/10 857/1/10 856/1/10
f 61/1/288 62/1/288 858/1/288 857/1/288
f 62/1/12 59/1/12 855/1/12 858/1/12
f 7/1/289 6/1/289 56/1/289 57/1/289
f 7/1/290 57/1/291 58/1/291 13/1/292
f 5/1/293 859/1/293 860/1/293 6/1/293
f 7/1/290 13/1/292 54/1/61 8/1/60
f 1254/41/647 1251/44/648 1252/276/649 1253/277/650
f 1256/275/651 1254/41/647 1253/277/650 1255/279/652
f 1251/44/648 1249/278/653 1250/281/654 1252/276/649
f 1249/278/653 1247/280/655 1248/283/656 1250/281/654
f 1247/280/655 1245/282/657 1246/285/658 1248/283/656
f 1245/282/657 1243/284/659 1244/287/660 1246/285/658
f 1243/284/659 1241/286/661 1242/289/662 1244/287/660
f 1241/286/661 1239/288/663 1240/291/664 1242/289/662
f 1239/288/663 1237/290/665 1238/293/666 1240/291/664
f 1237/290/665 1235/292/667 1236/295/668 1238/293/666
f 1235/292/667 1233/294/669 1234/297/670 1236/295/668
f 1233/294/669 1259/296/671 1260/299/672 1234/297/670
f 1259/296/671 1261/298/673 1262/301/674 1260/299/672
f 1258/300/675 1256/275/651 1255/279/652 1257/304/676
f 1261/302/673 1263/303/677 1264/305/678 1262/306/674
f 1263/303/677 1258/300/675 1257/304/676 1264/305/678
f 1286/41/679 1285/277/680 1284/276/681 1283/44/682
f 1288/275/683 1287/279/684 1285/277/680 1286/41/679
f 1283/44/682 1284/276/681 1282/281/685 1281/278/686
f 1281/278/686 1282/281/685 1280/283/687 1279/280/688
f 1279/280/688 1280/283/687 1278/285/689 1277/282/690
f 1277/282/690 1278/285/689 1276/287/691 1275/284/692
f 1275/284/692 1276/287/691 1274/289/693 1273/286/694
f 1273/286/694 1274/289/693 1272/291/695 1271/288/696
f 1271/288/696 1272/291/695 1270/293/697 1269/290/698
f 1269/290/698 1270/293/697 1268/295/699 1267/292/700
f 1267/292/700 1268/295/699 1266/297/701 1265/294/702
f 1265/294/702 1266/297/701 1292/299/703 1291/296/704
f 1291/296/704 1292/299/703 1294/301/705 1293/298/706
f 1290/300/707 1289/304/708 1287/279/684 1288/275/683
f 1293/302/706 1294/306/705 1296/305/709 1295/303/710
f 1295/303/710 1296/305/709 1289/304/708 1290/300/707
f 1251/44/648 1254/41/647 1286/41/679 1283/44/682
f 1253/277/650 1252/276/649 1284/276/681 1285/277/680
f 1254/41/647 1256/275/651 1288/275/683 1286/41/679
f 1255/279/652 1253/277/650 1285/277/680 1287/279/684
f 1249/278/653 1251/44/648 1283/44/682 1281/278/686
f 1252/276/649 1250/281/654 1282/281/685 1284/276/681
f 1247/280/655 1249/278/653 1281/278/686 1279/280/688
f 1250/281/654 1248/283/656 1280/283/687 1282/281/685
f 1245/282/657 1247/280/655 1279/280/688 1277/282/690
f 1248/283/656 1246/285/658 1278/285/689 1280/283/687
f 1243/284/659 1245/282/657 1277/282/690 1275/284/692
f 1246/285/658 1244/287/660 1276/287/691 1278/285/689
f 1241/286/661 1243/284/659 1275/284/692 1273/286/694
f 1244/287/660 1242/289/662 1274/289/693 1276/287/691
f 1239/288/663 1241/286/661 1273/286/694 1271/288/696
f 1242/289/662 1240/291/664 1272/291/695 1274/289/693
f 1237/290/665 1239/288/663 1271/288/696 1269/290/698
f 1240/291/664 1238/293/666 1270/293/697 1272/291/695
f 1235/292/667 1237/290/665 1269/290/698 1267/292/700
f 1238/293/666 1236/295/668 1268/295/699 1270/293/697
f 1233/294/669 1235/292/667 1267/292/700 1265/294/702
f 1236/295/668 1234/297/670 1266/297/701 1268/295/699
f 1259/296/671 1233/294/669 1265/294/702 1291/296/704
f 1234/297/670 1260/299/672 1292/299/703 1266/297/701
f 1261/298/673 1259/296/671 1291/296/704 1293/298/706
f 1260/299/672 1262/301/674 1294/301/705 1292/299/703
f 1256/275/651 1258/300/675 1290/300/707 1288/275/683
f 1257/304/676 1255/279/652 1287/279/684 1289/304/708
f 1263/303/677 1261/302/673 1293/302/706 1295/303/710
f 1262/306/674 1264/305/678 1296/305/709 1294/306/705
f 1258/300/675 1263/303/677 1295/303/710 1290/300/707
f 1264/305/678 1257/304/676 1289/304/708 1296/305/709
g HealthPotion_HealthPotionMaterial
usemtl HealthPotionMaterial
f 877/2/294 892/3/295 1088/4/296 1042/5/297
f 1051/6/298 1128/7/299 1125/8/300 1054/9/301
f 1087/10/302 1134/11/303 1137/12/304 1043/13/305
f 880/14/306 879/15/307 1049/16/308 1052/17/309
f 1048/18/310 1131/19/311 1128/20/299 1051/21/298
f 1054/9/301 1125/8/300 1122/22/312 1057/23/313
f 1057/23/313 1122/22/312 1119/24/314 1060/25/315
f 1060/25/315 1119/24/314 1116/26/316 1063/27/317
f 1063/27/317 1116/26/316 1113/28/318 1066/29/319
f 1066/29/319 1113/28/318 1110/30/320 1069/31/321
f 1069/31/321 1110/30/320 1107/32/322 1072/33/323
f 1072/33/323 1107/34/322 1104/35/324 1075/36/325
f 1075/36/325 1104/35/324 1101/37/326 1078/38/327
f 1084/39/328 1095/40/329 1134/11/303 1087/10/302
f 1127/41/330 918/42/331 919/43/332 1123/44/333
f 894/45/334 893/46/335 877/2/294 878/47/336
f 895/48/337 894/45/334 878/47/336 879/15/307
f 896/49/338 895/48/337 879/15/307 880/14/306
f 897/50/339 896/49/338 880/14/306 881/51/340
f 898/52/341 897/50/339 881/51/340 882/53/342
f 899/54/343 898/52/341 882/53/342 883/55/344
f 900/56/345 899/54/343 883/55/344 884/57/346
f 901/58/347 900/56/345 884/57/346 885/59/348
f 902/60/349 901/58/347 885/59/348 886/61/350
f 903/62/351 902/60/349 886/61/350 887/63/352
f 904/64/353 903/62/351 887/63/352 888/65/354
f 905/66/355 904/64/353 888/65/354 889/67/356
f 906/68/357 905/66/355 889/67/356 890/69/358
f 907/70/359 906/68/357 890/69/358 891/71/360
f 908/72/361 907/70/359 891/71/360 892/3/295
f 893/46/335 908/72/361 892/3/295 877/2/294
f 862/73/362 861/74/363 893/46/335 894/45/334
f 863/75/364 862/73/362 894/45/334 895/48/337
f 864/76/365 863/75/364 895/48/337 896/49/338
f 865/77/366 864/76/365 896/49/338 897/50/339
f 866/78/367 865/77/366 897/50/339 898/52/341
f 867/79/368 866/78/367 898/52/341 899/54/343
f 868/80/369 867/79/368 899/54/343 900/56/345
f 869/81/370 868/80/369 900/56/345 901/58/347
f 870/82/371 869/81/370 901/58/347 902/60/349
f 871/83/372 870/82/371 902/60/349 903/62/351
f 872/84/373 871/83/372 903/62/351 904/64/353
f 873/85/374 872/84/373 904/64/353 905/66/355
f 874/86/375 873/85/374 905/66/355 906/68/357
f 875/87/376 874/86/375 906/68/357 907/70/359
f 876/88/377 875/87/376 907/70/359 908/72/361
f 861/74/363 876/88/377 908/72/361 893/46/335
f 867/79/368 868/80/369 909/89/378 866/78/367
f 868/80/369 869/81/370 870/82/371 909/89/378
f 866/78/367 909/89/378 910/90/378 865/77/366
f 909/89/378 870/82/371 871/83/372 910/90/378
f 865/77/366 910/90/378 911/91/378 864/76/365
f 910/90/378 871/83/372 872/84/373 911/91/378
f 864/76/365 911/91/378 912/92/378 863/75/364
f 911/91/378 872/84/373 873/85/374 912/92/378
f 863/75/364 912/92/378 913/93/378 862/73/362
f 912/92/378 873/85/374 874/86/375 913/93/378
f 862/73/362 913/93/378 876/88/377 861/74/363
f 913/93/378 874/86/375 875/87/376 876/88/377
f 885/59/348 884/57/346 1064/94/379 1067/95/380
f 890/69/358 889/67/356 1079/96/381 1082/97/382
f 883/55/344 882/53/342 1058/98/383 1061/99/384
f 888/65/354 887/63/352 1073/100/385 1076/101/386
f 881/51/340 880/14/306 1052/17/309 1055/102/387
f 886/61/350 885/59/348 1067/95/380 1070/103/388
f 878/47/336 877/2/294 1042/104/297 1046/105/389
f 891/71/360 890/69/358 1082/106/382 1085/107/390
f 884/57/346 883/55/344 1061/108/384 1064/109/379
f 889/67/356 888/65/354 1076/110/386 1079/111/381
f 879/15/307 878/47/336 1046/112/389 1049/16/308
f 882/53/342 881/51/340 1055/113/387 1058/98/383
f 887/63/352 886/61/350 1070/114/388 1073/115/385
f 892/3/295 891/71/360 1085/107/390 1088/116/296
f 927/117/391 926/118/392 942/118/393 943/117/394
f 920/119/395 919/43/332 935/43/396 936/119/397
f 928/120/398 927/117/391 943/117/394 944/120/399
f 921/121/400 920/119/395 936/119/397 937/121/401
f 929/122/402 928/120/398 944/120/399 945/122/403
f 922/123/404 921/121/400 937/121/401 938/123/405
f 914/124/406 915/125/407 931/125/408 930/124/409
f 915/126/407 929/122/402 945/122/403 931/126/408
f 923/127/410 922/123/404 938/123/405 939/127/411
f 916/128/412 914/124/406 930/124/409 932/128/413
f 924/129/414 923/127/410 939/127/411 940/129/415
f 917/130/416 916/128/412 932/128/413 933/130/417
f 925/131/418 924/129/414 940/129/415 941/131/419
f 918/42/331 917/130/416 933/130/417 934/42/420
f 926/118/392 925/131/418 941/131/419 942/118/393
f 919/43/332 918/42/331 934/42/420 935/43/396
f 933/130/417 932/128/413 948/128/421 949/130/422
f 940/129/415 939/127/411 955/127/423 956/129/424
f 932/128/413 930/124/409 946/124/425 948/128/421
f 939/127/411 938/123/405 954/123/426 955/127/423
f 931/126/408 945/122/403 961/122/427 947/126/428
f 930/124/409 931/125/408 947/125/428 946/124/425
f 938/123/405 937/121/401 953/121/429 954/123/426
f 945/122/403 944/120/399 960/120/430 961/122/427
f 937/121/401 936/119/397 952/119/431 953/121/429
f 944/120/399 943/117/394 959/117/432 960/120/430
f 936/119/397 935/43/396 951/43/433 952/119/431
f 943/117/394 942/118/393 958/118/434 959/117/432
f 935/43/396 934/42/420 950/42/435 951/43/433
f 942/118/393 941/131/419 957/131/436 958/118/434
f 934/42/420 933/130/417 949/130/422 950/42/435
f 941/131/419 940/129/415 956/129/424 957/131/436
f 957/131/436 956/129/424 988/129/437 989/131/438
f 973/132/439 972/133/440 1004/133/441 1005/132/442
f 950/42/435 949/130/422 981/130/443 982/42/444
f 958/118/434 957/131/436 989/131/438 990/118/445
f 951/43/433 950/42/435 982/42/444 983/43/446
f 959/117/432 958/118/434 990/118/445 991/117/447
f 952/119/431 951/43/433 983/43/446 984/119/448
f 960/120/430 959/117/432 991/117/447 992/120/449
f 953/121/429 952/119/431 984/119/448 985/121/450
f 961/122/427 960/120/430 992/120/449 993/122/451
f 954/123/426 953/121/429 985/121/450 986/123/452
f 946/124/425 947/125/428 979/125/453 978/124/454
f 947/126/428 961/122/427 993/122/451 979/126/453
f 955/127/423 954/123/426 986/123/452 987/127/455
f 948/128/421 946/124/425 978/124/454 980/128/456
f 956/129/424 955/127/423 987/127/455 988/129/437
f 949/130/422 948/128/421 980/128/456 981/130/443
f 1012/134/457 1014/135/458 980/128/456 978/124/454
f 962/136/459 964/137/460 1015/138/461 1013/139/462
f 964/137/460 965/140/463 1017/141/464 1015/142/461
f 965/140/463 966/143/465 1019/144/466 1017/145/464
f 966/143/465 967/146/467 1021/147/468 1019/148/466
f 967/146/467 968/149/469 1023/150/470 1021/151/468
f 968/149/469 969/152/471 1025/153/472 1023/150/470
f 969/152/471 970/154/473 1027/155/474 1025/156/472
f 970/154/473 971/157/475 1029/158/476 1027/159/474
f 971/157/475 972/133/440 1031/160/477 1029/161/476
f 972/133/440 973/132/439 1033/162/478 1031/163/477
f 973/132/439 974/164/479 1035/165/480 1033/166/478
f 974/164/479 975/167/481 1037/168/482 1035/165/480
f 975/167/481 976/169/483 1039/170/484 1037/171/482
f 976/169/483 977/172/485 1041/173/486 1039/174/484
f 977/172/485 963/175/487 1010/176/488 1041/177/486
f 966/143/465 965/140/463 997/140/489 998/143/490
f 974/164/479 973/132/439 1005/132/442 1006/164/491
f 967/146/467 966/143/465 998/143/490 999/146/492
f 975/167/481 974/164/479 1006/164/491 1007/167/493
f 968/149/469 967/146/467 999/146/492 1000/149/494
f 976/169/483 975/167/481 1007/167/493 1008/169/495
f 969/152/471 968/149/469 1000/149/494 1001/152/496
f 977/172/485 976/169/483 1008/169/495 1009/172/497
f 970/154/473 969/152/471 1001/152/496 1002/154/498
f 962/136/459 963/175/487 995/175/499 994/136/500
f 963/175/487 977/172/485 1009/172/497 995/175/499
f 971/157/475 970/154/473 1002/154/498 1003/157/501
f 964/137/460 962/136/459 994/136/500 996/137/502
f 972/133/440 971/157/475 1003/157/501 1004/133/441
f 965/140/463 964/137/460 996/137/502 997/140/489
f 1011/178/503 1012/134/457 978/124/454 979/125/453
f 1038/179/504 1040/180/505 993/122/451 992/120/449
f 1036/181/506 1038/182/504 992/120/449 991/117/447
f 1034/183/507 1036/184/506 991/117/447 990/118/445
f 1032/185/508 1034/183/507 990/118/445 989/131/438
f 1030/186/509 1032/185/508 989/131/438 988/129/437
f 1028/187/510 1030/188/509 988/129/437 987/127/455
f 1026/189/511 1028/187/510 987/127/455 986/123/452
f 1024/190/512 1026/189/511 986/123/452 985/121/450
f 1022/191/513 1024/190/512 985/121/450 984/119/448
f 1020/192/514 1022/193/513 984/119/448 983/43/446
f 1018/194/515 1020/195/514 983/43/446 982/42/444
f 1016/196/516 1018/194/515 982/42/444 981/130/443
f 1014/197/458 1016/198/516 981/130/443 980/128/456
f 1040/180/505 1011/178/503 979/125/453 993/122/451
f 1011/178/503 1040/180/505 1041/177/486 1010/176/488
f 1040/180/505 1038/179/504 1039/174/484 1041/173/486
f 1038/182/504 1036/181/506 1037/171/482 1039/170/484
f 1036/184/506 1034/183/507 1035/165/480 1037/168/482
f 1034/183/507 1032/185/508 1033/166/478 1035/165/480
f 1032/185/508 1030/186/509 1031/163/477 1033/162/478
f 1030/188/509 1028/187/510 1029/161/476 1031/160/477
f 1028/187/510 1026/189/511 1027/159/474 1029/158/476
f 1026/189/511 1024/190/512 1025/156/472 1027/155/474
f 1024/190/512 1022/191/513 1023/150/470 1025/153/472
f 1022/193/513 1020/192/514 1021/151/468 1023/150/470
f 1020/195/514 1018/194/515 1019/148/466 1021/147/468
f 1018/194/515 1016/196/516 1017/145/464 1019/144/466
f 1016/198/516 1014/197/458 1015/142/461 1017/141/464
f 1014/135/458 1012/134/457 1013/139/462 1015/138/461
f 1012/134/457 1011/178/503 1010/176/488 1013/199/462
f 963/175/487 962/136/459 1013/199/462 1010/176/488
f 1078/38/327 1101/37/326 1098/200/517 1081/201/518
f 1043/202/305 1137/203/304 1140/204/519 1045/205/520
f 1043/202/305 1045/205/520 1047/206/521 1044/207/522
f 1044/208/522 1047/209/521 1046/105/389 1042/104/297
f 1045/205/520 1048/18/310 1050/210/523 1047/211/521
f 1047/212/521 1050/213/523 1049/16/308 1046/112/389
f 1048/18/310 1051/21/298 1053/214/524 1050/215/523
f 1050/216/523 1053/217/524 1052/17/309 1049/16/308
f 1051/6/298 1054/9/301 1056/218/525 1053/219/524
f 1053/220/524 1056/221/525 1055/102/387 1052/17/309
f 1054/9/301 1057/23/313 1059/222/526 1056/223/525
f 1056/224/525 1059/225/526 1058/98/383 1055/113/387
f 1057/23/313 1060/25/315 1062/226/527 1059/227/526
f 1059/228/526 1062/229/527 1061/99/384 1058/98/383
f 1060/25/315 1063/27/317 1065/230/528 1062/231/527
f 1062/232/527 1065/233/528 1064/109/379 1061/108/384
f 1063/27/317 1066/29/319 1068/234/529 1065/235/528
f 1065/236/528 1068/237/529 1067/95/380 1064/94/379
f 1066/29/319 1069/31/321 1071/238/530 1068/239/529
f 1068/240/529 1071/241/530 1070/103/388 1067/95/380
f 1069/31/321 1072/33/323 1074/242/531 1071/243/530
f 1071/244/530 1074/245/531 1073/115/385 1070/114/388
f 1072/33/323 1075/36/325 1077/246/532 1074/247/531
f 1074/248/531 1077/249/532 1076/101/386 1073/100/385
f 1075/36/325 1078/38/327 1080/250/533 1077/251/532
f 1077/252/532 1080/253/533 1079/111/381 1076/110/386
f 1078/38/327 1081/201/518 1083/254/534 1080/255/533
f 1080/256/533 1083/257/534 1082/97/382 1079/96/381
f 1081/201/518 1084/39/328 1086/258/535 1083/259/534
f 1083/260/534 1086/261/535 1085/107/390 1082/106/382
f 1084/39/328 1087/10/302 1089/262/536 1086/263/535
f 1086/264/535 1089/265/536 1088/116/296 1085/107/390
f 1087/10/302 1043/13/305 1044/266/522 1089/267/536
f 1089/268/536 1044/269/522 1042/5/297 1088/4/296
f 1045/205/520 1140/204/519 1131/19/311 1048/18/310
f 1008/169/495 1007/167/493 1090/270/103 1009/172/497
f 1007/167/493 1006/164/491 1005/132/442 1090/270/103
f 1009/172/497 1090/270/103 1091/271/103 995/175/499
f 1090/270/103 1005/132/442 1004/133/441 1091/271/103
f 995/175/499 1091/271/103 1092/272/103 994/136/500
f 1091/271/103 1004/133/441 1003/157/501 1092/272/103
f 994/136/500 1092/272/103 1093/273/103 996/137/502
f 1092/272/103 1003/157/501 1002/154/498 1093/273/103
f 996/137/502 1093/273/103 1094/274/103 997/140/489
f 1093/273/103 1002/154/498 1001/152/496 1094/274/103
f 997/140/489 1094/274/103 999/146/492 998/143/490
f 1094/274/103 1001/152/496 1000/149/494 999/146/492
f 1130/275/537 917/130/416 918/42/331 1127/41/330
f 1127/41/330 1123/44/333 1124/276/538 1126/277/539
f 1126/277/539 1124/276/538 1122/22/312 1125/8/300
f 1123/44/333 919/43/332 920/119/395 1120/278/540
f 1130/275/537 1127/41/330 1126/277/539 1129/279/541
f 1129/279/541 1126/277/539 1125/8/300 1128/7/299
f 1120/278/540 920/119/395 921/121/400 1117/280/542
f 1123/44/333 1120/278/540 1121/281/543 1124/276/538
f 1124/276/538 1121/281/543 1119/24/314 1122/22/312
f 1117/280/542 921/121/400 922/123/404 1114/282/544
f 1120/278/540 1117/280/542 1118/283/545 1121/281/543
f 1121/281/543 1118/283/545 1116/26/316 1119/24/314
f 1114/282/544 922/123/404 923/127/410 1111/284/546
f 1117/280/542 1114/282/544 1115/285/547 1118/283/545
f 1118/283/545 1115/285/547 1113/28/318 1116/26/316
f 1111/284/546 923/127/410 924/129/414 1108/286/548
f 1114/282/544 1111/284/546 1112/287/549 1115/285/547
f 1115/285/547 1112/287/549 1110/30/320 1113/28/318
f 1108/286/548 924/129/414 925/131/418 1105/288/550
f 1111/284/546 1108/286/548 1109/289/551 1112/287/549
f 1112/287/549 1109/289/551 1107/32/322 1110/30/320
f 1105/288/550 925/131/418 926/118/392 1102/290/552
f 1108/286/548 1105/288/550 1106/291/553 1109/289/551
f 1109/289/551 1106/291/553 1104/35/324 1107/34/322
f 1102/290/552 926/118/392 927/117/391 1099/292/554
f 1105/288/550 1102/290/552 1103/293/555 1106/291/553
f 1106/291/553 1103/293/555 1101/37/326 1104/35/324
f 1099/292/554 927/117/391 928/120/398 1096/294/556
f 1102/290/552 1099/292/554 1100/295/557 1103/293/555
f 1103/293/555 1100/295/557 1098/200/517 1101/37/326
f 1096/294/556 928/120/398 929/122/402 1135/296/558
f 1099/292/554 1096/294/556 1097/297/559 1100/295/557
f 1100/295/557 1097/297/559 1095/40/329 1098/200/517
f 1135/296/558 929/122/402 915/126/407 1138/298/560
f 1096/294/556 1135/296/558 1136/299/561 1097/297/559
f 1097/297/559 1136/299/561 1134/11/303 1095/40/329
f 1133/300/562 916/128/412 917/130/416 1130/275/537
f 1135/296/558 1138/298/560 1139/301/563 1136/299/561
f 1136/299/561 1139/301/563 1137/12/304 1134/11/303
f 1138/302/560 915/125/407 914/124/406 1141/303/564
f 1133/300/562 1130/275/537 1129/279/541 1132/304/565
f 1132/304/565 1129/279/541 1128/20/299 1131/19/311
f 1141/303/564 914/124/406 916/128/412 1133/300/562
f 1138/302/560 1141/303/564 1142/305/566 1139/306/563
f 1139/306/563 1142/305/566 1140/204/519 1137/203/304
f 1141/303/564 1133/300/562 1132/304/565 1142/305/566
f 1142/305/566 1132/304/565 1131/19/311 1140/204/519
f 1081/201/518 1098/200/517 1095/40/329 1084/39/328
g HealthPotion_HealthCapPotionMaterial
usemtl HealthCapPotionMaterial
f 1160/167/567 1171/164/568 1203/164/569 1192/167/570
f 1144/169/571 1145/167/572 1160/167/567 1159/169/573
f 1143/172/574 1144/169/571 1159/169/573 1170/172/575
f 1151/152/576 1152/149/577 1173/149/578 1164/152/579
f 1147/132/580 1148/133/581 1162/133/582 1161/132/583
f 1154/143/584 1155/140/585 1174/140/586 1166/143/587
f 1150/154/588 1151/152/576 1164/152/579 1163/154/589
f 1158/136/590 1157/175/591 1169/175/592 1168/136/593
f 1153/146/594 1154/143/584 1166/143/587 1165/146/595
f 1155/140/585 1156/137/596 1167/137/597 1174/140/586
f 1156/137/596 1158/136/590 1168/136/593 1167/137/597
f 1152/149/577 1153/146/594 1165/146/595 1173/149/578
f 1157/175/591 1143/172/574 1170/172/575 1169/175/592
f 1149/157/598 1150/154/588 1163/154/589 1172/157/599
f 1145/167/572 1146/164/600 1171/164/568 1160/167/567
f 1146/164/600 1147/132/580 1161/132/583 1171/164/568
f 1148/133/581 1149/157/598 1172/157/599 1162/133/582
f 1180/307/601 1189/308/602 1221/308/603 1212/307/604
f 1171/164/568 1161/132/583 1193/132/605 1203/164/569
f 1162/133/582 1172/157/599 1204/157/606 1194/133/607
f 1159/169/573 1160/167/567 1192/167/570 1191/169/608
f 1170/172/575 1159/169/573 1191/169/608 1202/172/609
f 1164/152/579 1173/149/578 1205/149/610 1196/152/611
f 1161/132/583 1162/133/582 1194/133/607 1193/132/605
f 1166/143/587 1174/140/586 1206/140/612 1198/143/613
f 1163/154/589 1164/152/579 1196/152/611 1195/154/614
f 1168/136/593 1169/175/592 1201/175/615 1200/136/616
f 1165/146/595 1166/143/587 1198/143/613 1197/146/617
f 1174/140/586 1167/137/597 1199/137/618 1206/140/612
f 1167/137/597 1168/136/593 1200/136/616 1199/137/618
f 1173/149/578 1165/146/595 1197/146/617 1205/149/610
f 1169/175/592 1170/172/575 1202/172/609 1201/175/615
f 1172/157/599 1163/154/589 1195/154/614 1204/157/606
f 1176/309/619 1175/310/620 1191/169/608 1192/167/570
f 1178/311/621 1177/312/622 1193/132/605 1194/133/607
f 1180/307/601 1179/313/623 1195/154/614 1196/152/611
f 1182/314/624 1181/315/625 1197/146/617 1198/143/613
f 1184/316/626 1183/317/627 1199/137/618 1200/136/616
f 1186/318/628 1185/319/629 1201/175/615 1202/172/609
f 1187/320/630 1176/309/619 1192/167/570 1203/164/569
f 1188/321/631 1178/311/621 1194/133/607 1204/157/606
f 1189/308/602 1180/307/601 1196/152/611 1205/149/610
f 1190/322/632 1182/314/624 1198/143/613 1206/140/612
f 1185/319/629 1184/316/626 1200/136/616 1201/175/615
f 1183/317/627 1190/322/632 1206/140/612 1199/137/618
f 1181/315/625 1189/308/602 1205/149/610 1197/146/617
f 1179/313/623 1188/321/631 1204/157/606 1195/154/614
f 1177/312/622 1187/320/630 1203/164/569 1193/132/605
f 1175/310/620 1186/318/628 1202/172/609 1191/169/608
f 1177/312/622 1178/311/621 1210/311/633 1209/312/634
f 1182/314/624 1190/322/632 1222/322/635 1214/314/636
f 1179/313/623 1180/307/601 1212/307/604 1211/313/637
f 1184/316/626 1185/319/629 1217/319/638 1216/316/639
f 1181/315/625 1182/314/624 1214/314/636 1213/315/640
f 1190/322/632 1183/317/627 1215/317/641 1222/322/635
f 1183/317/627 1184/316/626 1216/316/639 1215/317/641
f 1189/308/602 1181/315/625 1213/315/640 1221/308/603
f 1185/319/629 1186/318/628 1218/318/642 1217/319/638
f 1188/321/631 1179/313/623 1211/313/637 1220/321/643
f 1176/309/619 1187/320/630 1219/320/644 1208/309/645
f 1187/320/630 1177/312/622 1209/312/634 1219/320/644
f 1178/311/621 1188/321/631 1220/321/643 1210/311/633
f 1175/310/620 1176/309/619 1208/309/645 1207/310/646
f 1186/318/628 1175/310/620 1207/310/646 1218/318/642
f 1148/133/581 1223/323/378 1150/154/588 1149/157/598
f 1223/323/378 1152/149/577 1151/152/576 1150/154/588
f 1147/132/580 1224/324/378 1223/323/378 1148/133/581
f 1224/324/378 1153/146/594 1152/149/577 1223/323/378
f 1146/164/600 1225/325/378 1224/324/378 1147/132/580
f 1225/325/378 1154/143/584 1153/146/594 1224/324/378
f 1145/167/572 1226/326/378 1225/325/378 1146/164/600
f 1226/326/378 1155/140/585 1154/143/584 1225/325/378
f 1144/169/571 1227/327/378 1226/326/378 1145/167/572
f 1227/327/378 1156/137/596 1155/140/585 1226/326/378
f 1143/172/574 1157/175/591 1227/327/378 1144/169/571
f 1157/175/591 1158/136/590 1156/137/596 1227/327/378
f 1220/321/643 1211/313/637 1228/328/103 1210/311/633
f 1211/313/637 1212/307/604 1221/308/603 1228/328/103
f 1210/311/633 1228/328/103 1229/329/103 1209/312/634
f 1228/328/103 1221/308/603 1213/315/640 1229/329/103
f 1209/312/634 1229/329/103 1230/330/103 1219/320/644
f 1229/329/103 1213/315/640 1214/314/636 1230/330/103
f 1219/320/644 1230/330/103 1231/331/103 1208/309/645
f 1230/330/103 1214/314/636 1222/322/635 1231/331/103
f 1208/309/645 1231/331/103 1232/332/103 1207/310/646
f 1231/331/103 1222/322/635 1215/317/641 1232/332/103
f 1207/310/646 1232/332/103 1217/319/638 1218/318/642
f 1232/332/103 1215/317/641 1216/316/639 1217/319/638
