# Blender 5.0.0
# www.blender.org
mtllib skeleton.mtl
o M_Skeleton.Skull
v 0.000000 1.559360 0.193281
v 0.000000 1.564780 0.208296
v 0.000000 1.578804 0.202682
v 0.000000 1.462474 0.200169
v 0.000000 1.445935 0.203690
v 0.000000 1.534510 0.196460
v 0.000000 1.458119 0.200410
v -0.000000 1.715630 -0.036773
v 0.000000 1.729825 0.032168
v -0.000000 1.538834 -0.092369
v -0.000000 1.677823 -0.078253
v 0.000000 1.723361 0.108389
v 0.000000 1.678543 0.177810
v -0.000000 1.581813 -0.095570
v 0.000000 1.636181 0.193947
v 0.000000 1.519515 0.207623
v 0.000000 1.550471 0.190573
v -0.000000 1.512005 -0.080309
v -0.000000 1.629548 -0.100457
v -0.000000 1.486607 -0.062562
v 0.087778 1.484271 0.005236
v 0.120240 1.548431 0.042368
v 0.110377 1.508507 0.052774
v 0.111501 1.540491 -0.017760
v 0.101895 1.517955 -0.016829
v 0.016631 1.557992 0.190700
v 0.010756 1.564133 0.207282
v 0.025783 1.559861 0.183554
v 0.040005 1.583138 0.199781
v 0.018381 1.447101 0.196501
v 0.024794 1.475987 0.189282
v 0.045650 1.450696 0.175453
v 0.041793 1.473586 0.177887
v 0.037602 1.528672 0.178955
v 0.071924 1.579746 0.171384
v 0.104529 1.560506 0.152184
v 0.088081 1.527524 0.165572
v 0.063021 1.522964 0.173965
v 0.044025 1.634787 0.186367
v 0.077907 1.506471 0.173424
v 0.011215 1.464808 0.198661
v 0.051633 1.468724 0.168555
v 0.112068 1.558403 0.146437
v 0.130297 1.602712 0.036679
v 0.119175 1.600139 -0.022342
v 0.097424 1.677712 -0.032148
v 0.036753 1.449089 0.187369
v 0.115196 1.689389 0.030689
v 0.079313 1.539788 -0.058139
v 0.083330 1.662486 -0.066333
v 0.118534 1.560735 0.088605
v 0.125483 1.600461 0.095928
v 0.107121 1.691189 0.099367
v 0.077316 1.590655 0.187543
v 0.091041 1.667379 0.152912
v 0.086730 1.587997 -0.071162
v 0.023565 1.496933 0.192989
v 0.038063 1.495958 0.186136
v 0.016511 1.537253 0.187562
v 0.064818 1.711884 0.103577
v 0.074063 1.716462 0.031924
v 0.067194 1.703060 -0.035173
v 0.048554 1.671671 -0.072097
v 0.044034 1.583488 -0.096056
v 0.045846 1.536530 -0.091780
v 0.056112 1.501464 0.178878
v 0.035666 1.511818 0.182313
v 0.015956 1.514396 0.194824
v 0.014507 1.552357 0.185119
v 0.022197 1.548771 0.182090
v 0.000000 1.472005 0.200162
v 0.098885 1.540124 0.154016
v 0.111488 1.537401 0.144004
v 0.116728 1.509131 0.102801
v 0.073945 1.510429 -0.050579
v 0.043162 1.505102 -0.076469
v 0.041961 1.671193 0.168784
v 0.098994 1.635942 0.155484
v 0.112558 1.641427 0.099100
v 0.131156 1.647161 0.033566
v 0.118786 1.640319 -0.028252
v 0.086719 1.628309 -0.070474
v 0.043866 1.630243 -0.092052
v 0.061826 1.485059 -0.027122
v 0.036213 1.481677 -0.053979
v 0.009165 1.469227 0.198731
v 0.013409 1.516607 0.186573
v 0.020881 1.500463 0.188368
v 0.006619 1.468270 0.187343
v 0.022169 1.477648 0.185849
v 0.000000 1.521757 0.196074
v 0.000000 1.475154 0.190395
v 0.000000 1.499214 0.191855
v 0.000000 1.512560 0.194351
v 0.049749 1.489449 0.180537
v 0.061073 1.492736 0.159342
v 0.101488 1.596157 0.149997
v 0.095074 1.498914 0.167903
v 0.112698 1.533345 0.136906
v 0.115826 1.561058 0.137904
v 0.105796 1.554695 0.131273
v 0.096164 1.590606 0.140297
v 0.101753 1.527465 0.127154
v 0.121752 1.520377 0.136333
v 0.129999 1.509257 0.103499
v 0.108474 1.484915 0.161341
v 0.116857 1.476858 0.137140
v 0.021061 1.410478 0.199255
v 0.030419 1.411559 0.194323
v 0.038310 1.413522 0.179486
v 0.066410 1.426751 0.133365
v 0.066786 1.429695 0.119993
v 0.055234 1.429840 0.117977
v 0.041027 1.422387 0.163293
v 0.037930 1.419957 0.168361
v 0.034858 1.413472 0.179170
v 0.028546 1.416661 0.188779
v 0.021799 1.417281 0.191159
v 0.012402 1.415826 0.196391
v 0.066549 1.434600 0.114951
v 0.045176 1.418125 0.173917
v 0.041201 1.436008 0.181248
v 0.011402 1.408343 0.203842
v 0.021895 1.433925 0.197390
v 0.034824 1.414829 0.187255
v 0.054024 1.434362 0.111806
v 0.012654 1.422890 0.205642
v 0.000000 1.433114 0.202330
v 0.021268 1.423329 0.198137
v 0.029214 1.438503 0.194047
v 0.032286 1.424327 0.195474
v 0.036847 1.425578 0.189615
v 0.043038 1.426043 0.184361
v 0.048310 1.428152 0.174957
v 0.069264 1.436144 0.134918
v 0.071056 1.437944 0.125107
v 0.068377 1.438613 0.116654
v 0.061089 1.440811 0.110425
v 0.066904 1.447130 0.118411
v 0.045408 1.435672 0.176203
v 0.068828 1.456129 0.129140
v 0.068128 1.462973 0.116998
v 0.065869 1.444644 0.126562
v 0.051733 1.449524 0.167663
v 0.052313 1.427214 0.132567
v 0.048468 1.441264 0.111179
v 0.048597 1.438983 0.118099
v 0.047967 1.435824 0.128252
v 0.039575 1.429563 0.159669
v 0.034453 1.427756 0.169099
v 0.029828 1.425846 0.181085
v 0.018130 1.425151 0.186791
v 0.007228 1.424158 0.189304
v 0.043178 1.430538 0.144413
v 0.000000 1.452286 0.148866
v 0.000000 1.456558 0.122654
v 0.000000 1.456140 0.117959
v 0.000000 1.457489 0.137225
v 0.000000 1.447113 0.157520
v 0.000000 1.422756 0.202554
v 0.000000 1.409289 0.203403
v 0.011763 1.436990 0.201537
v 0.000000 1.415899 0.196815
v 0.034060 1.434447 0.184286
v 0.065931 1.443168 0.136372
v 0.069627 1.455155 0.137375
v 0.000000 1.423379 0.189967
v 0.000000 1.441783 0.167900
v 0.000000 1.456947 0.127812
v 0.000000 1.435737 0.175619
v 0.000000 1.438990 0.171452
v 0.033054 1.557755 0.167498
v 0.042811 1.532873 0.163590
v 0.070165 1.573528 0.157747
v 0.096465 1.557922 0.142121
v 0.083311 1.531555 0.152909
v 0.063178 1.528131 0.159618
v 0.030252 1.548923 0.166239
v 0.091954 1.541576 0.143559
v 0.051509 1.551473 0.152402
v 0.055473 1.541500 0.150788
v 0.066259 1.557638 0.148521
v 0.077024 1.551427 0.142143
v 0.071650 1.540847 0.146515
v 0.063489 1.539509 0.149222
v 0.050466 1.547968 0.151866
v 0.075242 1.544890 0.142715
v 0.070909 1.472365 0.123120
v 0.070836 1.472759 0.117574
v 0.058900 1.468209 0.159005
v 0.071986 1.471629 0.131209
v 0.074838 1.495451 0.121401
v 0.066908 1.489674 0.147596
v 0.104592 1.497658 0.053978
v 0.059484 1.449990 0.109865
v 0.046827 1.450477 0.110614
v 0.000000 1.461329 0.117417
v 0.112974 1.506805 0.052248
v 0.060764 1.463743 0.104016
v 0.048594 1.464440 0.104699
v 0.000000 1.472182 0.111283
v -0.000000 1.463403 -0.025560
v 0.064268 1.468284 0.089585
v 0.052717 1.468958 0.090167
v 0.000000 1.474589 0.096302
v 0.093896 1.488936 0.058513
v 0.069115 1.481906 0.023571
v 0.050993 1.476901 0.000856
v 0.033063 1.462401 -0.017555
v 0.000000 1.453128 0.024069
v 0.119521 1.554703 0.065557
v 0.055166 1.477737 0.041229
v 0.036410 1.456441 0.031726
v 0.113846 1.509154 0.078050
v 0.127937 1.601667 0.066201
v 0.111243 1.690345 0.064964
v 0.121911 1.644325 0.066227
v 0.000000 1.726605 0.070234
v 0.069470 1.714195 0.067699
v 0.084821 1.490431 0.090026
v 0.111641 1.488393 0.097973
v 0.121932 1.508361 0.078211
v 0.058175 1.562619 0.154071
v 0.057950 1.562943 0.159126
v 0.067219 1.559148 0.154697
v 0.066993 1.559472 0.159754
v 0.071139 1.550299 0.155440
v 0.070913 1.550623 0.160497
v 0.067639 1.541255 0.155864
v 0.067413 1.541579 0.160921
v 0.058769 1.537313 0.155721
v 0.058543 1.537638 0.160777
v 0.049725 1.540784 0.155094
v 0.049499 1.541109 0.160150
v 0.045806 1.549634 0.154351
v 0.045580 1.549958 0.159407
v 0.049306 1.558677 0.153927
v 0.049080 1.559002 0.158983
v 0.000000 1.559360 0.193281
v 0.000000 1.564780 0.208296
v 0.000000 1.578804 0.202682
v 0.000000 1.462474 0.200169
v 0.000000 1.445935 0.203690
v 0.000000 1.534510 0.196460
v 0.000000 1.458119 0.200410
v -0.000000 1.715630 -0.036773
v 0.000000 1.729825 0.032168
v -0.000000 1.538834 -0.092369
v -0.000000 1.677823 -0.078253
v 0.000000 1.723361 0.108389
v 0.000000 1.678543 0.177810
v -0.000000 1.581813 -0.095570
v 0.000000 1.636181 0.193947
v 0.000000 1.519515 0.207623
v 0.000000 1.550471 0.190573
v -0.000000 1.512005 -0.080309
v -0.000000 1.629548 -0.100457
v -0.000000 1.486607 -0.062562
v -0.087778 1.484271 0.005236
v -0.120240 1.548431 0.042368
v -0.110377 1.508507 0.052774
v -0.111501 1.540491 -0.017760
v -0.101895 1.517955 -0.016829
v -0.016631 1.557992 0.190700
v -0.010756 1.564133 0.207282
v -0.025783 1.559861 0.183554
v -0.040005 1.583138 0.199781
v -0.018381 1.447101 0.196501
v -0.024794 1.475987 0.189282
v -0.045650 1.450696 0.175453
v -0.041793 1.473586 0.177887
v -0.037602 1.528672 0.178955
v -0.071924 1.579746 0.171384
v -0.104529 1.560506 0.152184
v -0.088081 1.527524 0.165572
v -0.063021 1.522964 0.173965
v -0.044025 1.634787 0.186367
v -0.077906 1.506471 0.173424
v -0.011215 1.464808 0.198661
v -0.051633 1.468724 0.168555
v -0.112068 1.558403 0.146437
v -0.130297 1.602712 0.036679
v -0.119175 1.600139 -0.022342
v -0.097424 1.677712 -0.032148
v -0.036753 1.449089 0.187369
v -0.115196 1.689389 0.030689
v -0.079313 1.539788 -0.058139
v -0.083330 1.662486 -0.066333
v -0.118534 1.560735 0.088605
v -0.125483 1.600461 0.095928
v -0.107121 1.691189 0.099367
v -0.077316 1.590655 0.187543
v -0.091041 1.667379 0.152912
v -0.086730 1.587997 -0.071162
v -0.023565 1.496933 0.192989
v -0.038063 1.495958 0.186136
v -0.016511 1.537253 0.187562
v -0.064817 1.711884 0.103577
v -0.074063 1.716462 0.031924
v -0.067194 1.703060 -0.035173
v -0.048554 1.671671 -0.072097
v -0.044034 1.583488 -0.096056
v -0.045846 1.536530 -0.091780
v -0.056112 1.501464 0.178878
v -0.035666 1.511818 0.182313
v -0.015956 1.514396 0.194824
v -0.014507 1.552357 0.185119
v -0.022197 1.548771 0.182090
v 0.000000 1.472005 0.200162
v -0.098885 1.540124 0.154017
v -0.111488 1.537401 0.144004
v -0.116728 1.509131 0.102801
v -0.073945 1.510429 -0.050579
v -0.043162 1.505102 -0.076469
v -0.041961 1.671193 0.168784
v -0.098994 1.635942 0.155484
v -0.112558 1.641427 0.099100
v -0.131156 1.647161 0.033566
v -0.118786 1.640319 -0.028252
v -0.086719 1.628309 -0.070474
v -0.043866 1.630243 -0.092052
v -0.061826 1.485059 -0.027122
v -0.036213 1.481677 -0.053979
v -0.009165 1.469227 0.198731
v -0.013409 1.516607 0.186573
v -0.020881 1.500463 0.188368
v -0.006619 1.468270 0.187343
v -0.022169 1.477648 0.185849
v 0.000000 1.521757 0.196074
v 0.000000 1.475154 0.190395
v 0.000000 1.499214 0.191855
v 0.000000 1.512560 0.194351
v -0.049749 1.489449 0.180537
v -0.061073 1.492736 0.159342
v -0.101488 1.596157 0.149997
v -0.095074 1.498914 0.167903
v -0.112698 1.533345 0.136906
v -0.115826 1.561058 0.137904
v -0.105796 1.554695 0.131273
v -0.096164 1.590606 0.140297
v -0.101753 1.527465 0.127154
v -0.121752 1.520377 0.136333
v -0.129999 1.509257 0.103499
v -0.108474 1.484915 0.161341
v -0.116857 1.476858 0.137140
v -0.021061 1.410478 0.199255
v -0.030419 1.411559 0.194323
v -0.038310 1.413522 0.179486
v -0.066410 1.426751 0.133365
v -0.066786 1.429695 0.119993
v -0.055234 1.429840 0.117977
v -0.041027 1.422387 0.163293
v -0.037930 1.419957 0.168361
v -0.034858 1.413472 0.179170
v -0.028546 1.416661 0.188779
v -0.021799 1.417281 0.191159
v -0.012402 1.415826 0.196391
v -0.066549 1.434600 0.114951
v -0.045176 1.418125 0.173917
v -0.041201 1.436008 0.181248
v -0.011402 1.408343 0.203842
v -0.021895 1.433925 0.197390
v -0.034824 1.414829 0.187255
v -0.054024 1.434362 0.111806
v -0.012654 1.422890 0.205642
v 0.000000 1.433114 0.202330
v -0.021268 1.423329 0.198137
v -0.029214 1.438503 0.194047
v -0.032286 1.424327 0.195474
v -0.036847 1.425578 0.189615
v -0.043038 1.426043 0.184361
v -0.048310 1.428152 0.174957
v -0.069264 1.436144 0.134918
v -0.071056 1.437944 0.125107
v -0.068377 1.438613 0.116654
v -0.061089 1.440811 0.110425
v -0.066904 1.447130 0.118411
v -0.045408 1.435672 0.176203
v -0.068828 1.456129 0.129140
v -0.068128 1.462973 0.116998
v -0.065869 1.444644 0.126562
v -0.051733 1.449524 0.167663
v -0.052313 1.427214 0.132567
v -0.048468 1.441264 0.111179
v -0.048597 1.438983 0.118099
v -0.047967 1.435824 0.128253
v -0.039574 1.429563 0.159669
v -0.034453 1.427756 0.169099
v -0.029828 1.425846 0.181085
v -0.018130 1.425151 0.186791
v -0.007228 1.424158 0.189304
v -0.043178 1.430538 0.144413
v 0.000000 1.452286 0.148866
v 0.000000 1.456558 0.122654
v 0.000000 1.456140 0.117959
v 0.000000 1.457489 0.137225
v 0.000000 1.447113 0.157520
v 0.000000 1.422756 0.202554
v 0.000000 1.409289 0.203403
v -0.011763 1.436990 0.201537
v 0.000000 1.415899 0.196815
v -0.034060 1.434447 0.184286
v -0.065931 1.443168 0.136372
v -0.069627 1.455155 0.137375
v 0.000000 1.423379 0.189967
v 0.000000 1.441783 0.167900
v 0.000000 1.456947 0.127812
v 0.000000 1.435737 0.175619
v 0.000000 1.438990 0.171452
v -0.033054 1.557755 0.167498
v -0.042810 1.532873 0.163590
v -0.070165 1.573528 0.157747
v -0.096465 1.557922 0.142121
v -0.083311 1.531555 0.152909
v -0.063178 1.528131 0.159618
v -0.030252 1.548923 0.166239
v -0.091954 1.541576 0.143559
v -0.051509 1.551473 0.152402
v -0.055473 1.541500 0.150788
v -0.066259 1.557638 0.148521
v -0.077024 1.551427 0.142143
v -0.071650 1.540847 0.146515
v -0.063489 1.539509 0.149222
v -0.050466 1.547968 0.151866
v -0.075242 1.544890 0.142715
v -0.070909 1.472365 0.123120
v -0.070836 1.472759 0.117574
v -0.058900 1.468209 0.159005
v -0.071986 1.471629 0.131209
v -0.074838 1.495451 0.121401
v -0.066908 1.489674 0.147596
v -0.104592 1.497658 0.053978
v -0.059484 1.449990 0.109865
v -0.046827 1.450477 0.110614
v 0.000000 1.461329 0.117417
v -0.112973 1.506805 0.052248
v -0.060764 1.463743 0.104016
v -0.048594 1.464440 0.104699
v 0.000000 1.472182 0.111283
v -0.000000 1.463403 -0.025560
v -0.064268 1.468284 0.089585
v -0.052717 1.468958 0.090167
v 0.000000 1.474589 0.096302
v -0.093896 1.488936 0.058513
v -0.069115 1.481906 0.023571
v -0.050993 1.476901 0.000856
v -0.033063 1.462401 -0.017555
v 0.000000 1.453128 0.024069
v -0.119521 1.554703 0.065557
v -0.055165 1.477737 0.041229
v -0.036410 1.456441 0.031726
v -0.113845 1.509154 0.078050
v -0.127937 1.601667 0.066201
v -0.111243 1.690345 0.064964
v -0.121911 1.644325 0.066227
v 0.000000 1.726605 0.070234
v -0.069470 1.714195 0.067699
v -0.084821 1.490431 0.090026
v -0.111641 1.488393 0.097973
v -0.121932 1.508361 0.078211
v -0.058175 1.562619 0.154071
v -0.057950 1.562943 0.159126
v -0.067219 1.559148 0.154697
v -0.066993 1.559472 0.159754
v -0.071139 1.550299 0.155441
v -0.070913 1.550623 0.160497
v -0.067639 1.541255 0.155864
v -0.067413 1.541579 0.160921
v -0.058769 1.537314 0.155721
v -0.058543 1.537638 0.160777
v -0.049725 1.540784 0.155094
v -0.049499 1.541109 0.160150
v -0.045806 1.549634 0.154351
v -0.045580 1.549958 0.159407
v -0.049306 1.558678 0.153927
v -0.049080 1.559002 0.158983
vn -0.0246 -0.9403 0.3395
vn 0.5532 -0.6853 0.4737
vn 0.0486 0.3311 0.9423
vn 0.9464 -0.0938 0.3092
vn 0.5979 -0.1015 0.7952
vn 0.6326 -0.6292 -0.4516
vn 0.9821 -0.1863 -0.0291
vn 0.9809 -0.1782 0.0775
vn 0.9803 -0.1807 0.0800
vn 0.9817 -0.1754 0.0747
vn 0.9751 -0.1651 -0.1480
vn -0.0026 -0.7619 0.6477
vn 0.1232 0.0482 0.9912
vn 0.2635 0.0991 0.9596
vn 0.7531 0.0572 0.6554
vn 0.4855 0.1731 0.8569
vn 0.2232 -0.5076 0.8322
vn 0.4207 -0.4704 0.7757
vn 0.4009 -0.7407 0.5391
vn 0.3957 0.3147 0.8627
vn 0.2127 0.3892 0.8963
vn 0.9407 0.1636 0.2973
vn 0.2136 0.8078 0.5494
vn 0.9368 0.2917 0.1929
vn 0.1783 0.9803 0.0844
vn 0.1783 0.9804 0.0843
vn 0.1777 0.9805 0.0839
vn 0.4717 0.8783 0.0772
vn 0.8803 0.3896 -0.2707
vn 0.5760 0.7753 -0.2589
vn 0.1787 0.9625 -0.2043
vn 0.1617 0.7205 -0.6743
vn 0.4304 0.6512 -0.6250
vn 0.7781 0.2710 -0.5667
vn 0.1655 0.4124 -0.8959
vn 0.3543 0.2784 -0.8927
vn 0.8065 -0.2034 -0.5551
vn 0.6111 -0.1763 -0.7717
vn 0.0006 -0.0828 -0.9966
vn 0.7544 -0.3122 -0.5774
vn 0.0010 -0.4253 -0.9051
vn 0.6634 -0.3389 -0.6671
vn 0.2763 -0.2916 0.9158
vn 0.4782 -0.1824 0.8591
vn 0.4983 0.1999 0.8436
vn 0.4954 0.1979 0.8458
vn 0.4979 0.1996 0.8440
vn 0.5359 0.3632 0.7622
vn 0.7891 -0.2521 0.5601
vn 0.6355 0.1932 0.7476
vn 0.2304 0.1540 0.9608
vn 0.4925 0.1959 0.8480
vn 0.3726 0.2627 0.8900
vn 0.4387 0.1997 0.8761
vn 0.6771 0.0023 0.7359
vn 0.5574 -0.6741 -0.4846
vn 0.0254 -0.6379 -0.7697
vn 0.3264 0.7816 0.5316
vn 0.3787 0.3089 0.8725
vn 0.8649 -0.4535 -0.2152
vn 0.9582 0.2097 0.1945
vn 0.9817 -0.0256 -0.1889
vn 0.8196 -0.0330 -0.5720
vn 0.4757 0.0483 -0.8783
vn 0.0900 -0.0091 -0.9959
vn 0.1147 0.1937 0.9743
vn 0.5312 0.0636 0.8448
vn 0.9399 -0.3163 -0.1284
vn 0.1545 0.0008 0.9880
vn -0.8965 -0.4026 0.1848
vn 0.1894 -0.0779 0.9788
vn -0.4238 -0.8938 -0.1465
vn -0.4007 0.8979 0.1824
vn 0.5270 0.8495 0.0246
vn -0.8626 -0.1195 0.4916
vn 0.2191 -0.2116 0.9525
vn 0.3040 0.0544 0.9511
vn 0.5305 -0.1560 0.8332
vn 0.2429 0.1880 0.9517
vn 0.5422 -0.7073 0.4537
vn 0.3336 0.1360 0.9328
vn 0.5053 0.3982 -0.7656
vn 0.9276 0.0066 0.3734
vn 0.8264 0.1813 0.5330
vn 0.7946 0.2065 0.5709
vn 0.6183 -0.0075 -0.7859
vn 0.9030 -0.0599 0.4254
vn 0.4936 0.3791 -0.7827
vn 0.9227 -0.0192 0.3851
vn 0.6089 0.3143 0.7283
vn 0.9456 -0.1006 0.3095
vn 0.2889 0.8938 -0.3430
vn -0.2140 -0.7072 -0.6738
vn 0.7279 -0.3871 0.5659
vn 0.0373 -0.9659 -0.2561
vn -0.1060 -0.9672 -0.2309
vn -0.8617 -0.2854 -0.4195
vn -0.7981 -0.5512 -0.2434
vn -0.7715 -0.5935 -0.2294
vn 0.9080 -0.2816 -0.3103
vn 0.9080 -0.2814 -0.3103
vn 0.9088 -0.2770 -0.3121
vn 0.6536 0.0233 -0.7565
vn 0.8734 -0.2106 0.4391
vn 0.8361 -0.2137 0.5052
vn -0.1459 -0.0271 0.9889
vn 0.2417 0.0852 0.9666
vn 0.9621 -0.2603 -0.0812
vn 0.1299 -0.8787 -0.4593
vn -0.3263 -0.5758 -0.7496
vn -0.0018 -0.9807 -0.1956
vn 0.9260 -0.3775 0.0093
vn 0.8652 -0.3184 0.3873
vn -0.3725 -0.9104 -0.1800
vn -0.8703 -0.3508 -0.3457
vn 0.8331 0.2672 0.4844
vn 0.3795 0.2217 0.8982
vn 0.8536 0.4963 0.1582
vn 0.9149 0.4034 -0.0140
vn 0.7888 0.2726 0.5509
vn 0.7811 0.0186 0.6241
vn 0.8313 0.3402 0.4396
vn -0.0749 -0.7817 -0.6191
vn -0.0641 -0.1414 -0.9879
vn 0.7918 -0.3977 0.4636
vn 0.2786 0.1112 0.9539
vn -0.0175 -0.6643 -0.7473
vn -0.8237 -0.3232 -0.4659
vn 0.3299 0.2583 0.9080
vn -0.3423 -0.8709 -0.3527
vn -0.1855 -0.8190 -0.5430
vn -0.4366 -0.8663 -0.2425
vn 0.0217 -0.7575 -0.6524
vn -0.0297 -0.7044 -0.7092
vn 0.5373 0.1681 0.8265
vn -0.2614 -0.7379 -0.6223
vn -0.3483 -0.8371 -0.4218
vn -0.3290 -0.9330 -0.1460
vn -0.2063 -0.6375 -0.7423
vn 0.1417 -0.7486 -0.6477
vn 0.5561 -0.0503 0.8296
vn -0.7028 -0.6065 -0.3718
vn -0.4557 -0.8523 -0.2568
vn -0.3207 -0.9235 -0.2106
vn 0.2270 -0.4353 -0.8712
vn 0.3518 -0.0297 0.9356
vn 0.9079 -0.2820 -0.3101
vn -0.1197 0.1688 0.9784
vn 0.4172 0.1715 0.8925
vn 0.9875 -0.1489 -0.0522
vn 0.4194 0.4551 0.7855
vn 0.8018 -0.2607 0.5378
vn -0.0618 -0.6766 0.7338
vn 0.7564 0.5220 0.3942
vn 0.8434 -0.3286 0.4252
vn -0.0560 0.9422 0.3304
vn -0.2586 -0.8656 0.4287
vn -0.4604 0.7828 0.4187
vn 0.2714 0.9028 0.3336
vn -0.7851 0.2668 0.5590
vn 0.4427 -0.8386 0.3173
vn 0.5614 0.3110 0.7669
vn 0.2905 0.6383 0.7129
vn -0.0311 0.0960 0.9949
vn 0.4186 -0.5324 0.7357
vn 0.0884 0.6382 0.7648
vn 0.5467 -0.2850 0.7874
vn 0.1316 0.6675 0.7329
vn 0.1806 -0.5293 0.8290
vn 0.3811 -0.0225 0.9243
vn 0.2422 -0.0605 0.9683
vn 0.4239 0.1536 0.8926
vn 0.7910 -0.0243 0.6113
vn 0.9706 -0.2050 -0.1263
vn 0.8843 -0.0436 0.4649
vn 0.9747 -0.1811 -0.1310
vn 0.8426 -0.0820 0.5322
vn 0.9336 -0.0583 0.3535
vn 0.9852 -0.1696 -0.0249
vn 0.9734 -0.1766 -0.1458
vn -0.1563 -0.7991 0.5805
vn -0.2560 -0.9659 -0.0392
vn -0.1654 -0.0943 -0.9817
vn -0.0618 -0.0718 -0.9955
vn 0.7269 0.1714 -0.6650
vn -0.2053 -0.4156 -0.8861
vn -0.0714 -0.3830 -0.9210
vn 0.7895 -0.2084 -0.5773
vn -0.1572 -0.9564 -0.2463
vn -0.0715 -0.9464 -0.3148
vn 0.7986 -0.5599 -0.2209
vn 0.1830 -0.9784 -0.0958
vn 0.2232 0.9701 -0.0958
vn 0.7285 -0.6425 -0.2375
vn 0.0453 -0.8655 -0.4988
vn 0.5575 -0.8005 -0.2200
vn 0.2060 -0.9744 -0.0902
vn 0.0697 -0.9840 -0.1639
vn 0.2785 -0.9604 -0.0068
vn 0.7328 -0.6731 -0.0999
vn -0.0295 -0.9665 0.2550
vn 0.5818 -0.8051 -0.1153
vn 0.3785 -0.9248 0.0375
vn 0.8240 -0.5356 -0.1849
vn 0.5539 0.8313 0.0453
vn 0.7584 -0.5997 -0.2553
vn 0.0322 0.9992 -0.0245
vn -0.2519 -0.9620 -0.1058
vn 0.9802 0.0648 0.1870
vn 0.5245 0.8477 0.0798
vn 0.1790 0.9802 0.0848
vn 0.9662 0.1645 0.1985
vn 0.9802 -0.1811 0.0805
vn 0.9960 -0.0846 -0.0289
vn 0.5078 -0.8572 -0.0856
vn 0.8648 -0.4857 0.1274
vn 0.3606 0.9317 -0.0436
vn 0.9138 0.4060 0.0148
vn 0.9317 -0.3575 0.0646
vn 0.4038 -0.9116 0.0765
vn -0.3606 -0.9317 0.0437
vn -0.9138 -0.4060 -0.0148
vn -0.0446 0.0640 0.9970
vn -0.9317 0.3575 -0.0646
vn -0.4038 0.9116 -0.0765
vn -0.0445 0.0640 0.9970
vn 0.0246 -0.9403 0.3395
vn -0.5532 -0.6853 0.4737
vn -0.0486 0.3311 0.9423
vn -0.9464 -0.0938 0.3092
vn -0.5979 -0.1015 0.7952
vn -0.6326 -0.6292 -0.4516
vn -0.9821 -0.1863 -0.0291
vn -0.9809 -0.1782 0.0775
vn -0.9817 -0.1754 0.0747
vn -0.9803 -0.1807 0.0800
vn -0.9751 -0.1651 -0.1480
vn 0.0026 -0.7619 0.6477
vn -0.1232 0.0482 0.9912
vn -0.2635 0.0991 0.9596
vn -0.7531 0.0572 0.6554
vn -0.4855 0.1731 0.8569
vn -0.2232 -0.5076 0.8322
vn -0.4207 -0.4704 0.7757
vn -0.4009 -0.7407 0.5391
vn -0.3957 0.3147 0.8627
vn -0.2127 0.3892 0.8962
vn -0.9407 0.1636 0.2973
vn -0.2136 0.8078 0.5494
vn -0.9368 0.2917 0.1929
vn -0.1783 0.9803 0.0844
vn -0.1777 0.9805 0.0839
vn -0.1783 0.9804 0.0843
vn -0.4717 0.8783 0.0772
vn -0.8803 0.3896 -0.2707
vn -0.5760 0.7753 -0.2589
vn -0.1787 0.9625 -0.2043
vn -0.1617 0.7205 -0.6743
vn -0.4304 0.6512 -0.6250
vn -0.7781 0.2710 -0.5667
vn -0.1655 0.4124 -0.8959
vn -0.3543 0.2784 -0.8927
vn -0.8065 -0.2034 -0.5551
vn -0.6111 -0.1763 -0.7717
vn -0.0006 -0.0828 -0.9966
vn -0.7544 -0.3122 -0.5774
vn -0.0010 -0.4253 -0.9051
vn -0.6634 -0.3389 -0.6671
vn -0.2763 -0.2916 0.9158
vn -0.4782 -0.1824 0.8591
vn -0.4983 0.1999 0.8436
vn -0.4979 0.1996 0.8440
vn -0.4954 0.1979 0.8458
vn -0.5359 0.3632 0.7622
vn -0.7891 -0.2521 0.5601
vn -0.6355 0.1932 0.7476
vn -0.2304 0.1540 0.9608
vn -0.4925 0.1959 0.8480
vn -0.3726 0.2627 0.8900
vn -0.4387 0.1997 0.8761
vn -0.6771 0.0023 0.7359
vn -0.5574 -0.6741 -0.4846
vn -0.0254 -0.6379 -0.7697
vn -0.3264 0.7816 0.5316
vn -0.3787 0.3089 0.8725
vn -0.8649 -0.4535 -0.2152
vn -0.9582 0.2097 0.1945
vn -0.9817 -0.0256 -0.1889
vn -0.8196 -0.0330 -0.5720
vn -0.4757 0.0483 -0.8783
vn -0.0900 -0.0091 -0.9959
vn -0.1147 0.1937 0.9743
vn -0.5312 0.0636 0.8448
vn -0.9399 -0.3163 -0.1284
vn -0.1545 0.0008 0.9880
vn 0.8965 -0.4026 0.1848
vn -0.1894 -0.0779 0.9788
vn 0.4238 -0.8938 -0.1465
vn 0.4007 0.8979 0.1824
vn -0.5270 0.8495 0.0246
vn 0.8626 -0.1195 0.4916
vn -0.2191 -0.2116 0.9525
vn -0.3040 0.0544 0.9511
vn -0.5305 -0.1560 0.8332
vn -0.2429 0.1880 0.9517
vn -0.5422 -0.7073 0.4537
vn -0.3336 0.1360 0.9328
vn -0.5053 0.3982 -0.7656
vn -0.9276 0.0066 0.3734
vn -0.8264 0.1813 0.5330
vn -0.7946 0.2065 0.5709
vn -0.6183 -0.0075 -0.7859
vn -0.9030 -0.0599 0.4254
vn -0.4936 0.3791 -0.7827
vn -0.9227 -0.0192 0.3851
vn -0.6089 0.3143 0.7283
vn -0.9456 -0.1006 0.3095
vn -0.2889 0.8938 -0.3430
vn 0.2140 -0.7072 -0.6738
vn -0.7279 -0.3871 0.5659
vn -0.0373 -0.9659 -0.2561
vn 0.1059 -0.9672 -0.2309
vn 0.8617 -0.2854 -0.4195
vn 0.7981 -0.5512 -0.2434
vn 0.7715 -0.5935 -0.2294
vn -0.9080 -0.2816 -0.3103
vn -0.9088 -0.2770 -0.3121
vn -0.9080 -0.2814 -0.3103
vn -0.6536 0.0234 -0.7565
vn -0.8734 -0.2106 0.4391
vn -0.8361 -0.2137 0.5052
vn 0.1459 -0.0271 0.9889
vn -0.2417 0.0852 0.9666
vn -0.9621 -0.2603 -0.0812
vn -0.1299 -0.8787 -0.4593
vn 0.3263 -0.5758 -0.7496
vn 0.0018 -0.9807 -0.1956
vn -0.9260 -0.3775 0.0093
vn -0.8652 -0.3184 0.3873
vn 0.3725 -0.9104 -0.1800
vn 0.8703 -0.3508 -0.3457
vn -0.8330 0.2672 0.4844
vn -0.3795 0.2217 0.8982
vn -0.8536 0.4963 0.1582
vn -0.9149 0.4034 -0.0140
vn -0.7888 0.2726 0.5509
vn -0.7811 0.0186 0.6241
vn -0.8313 0.3402 0.4396
vn 0.0749 -0.7817 -0.6191
vn 0.0641 -0.1414 -0.9879
vn -0.7918 -0.3977 0.4636
vn -0.2786 0.1112 0.9539
vn 0.0175 -0.6643 -0.7473
vn 0.8237 -0.3232 -0.4659
vn -0.3299 0.2583 0.9080
vn 0.3423 -0.8709 -0.3527
vn 0.1855 -0.8190 -0.5430
vn 0.4366 -0.8663 -0.2425
vn -0.0217 -0.7575 -0.6524
vn 0.0297 -0.7044 -0.7092
vn -0.5373 0.1681 0.8265
vn 0.2614 -0.7379 -0.6223
vn 0.3483 -0.8371 -0.4218
vn 0.3290 -0.9330 -0.1460
vn 0.2063 -0.6375 -0.7423
vn -0.1417 -0.7486 -0.6477
vn -0.5561 -0.0503 0.8296
vn 0.7028 -0.6065 -0.3718
vn 0.4557 -0.8523 -0.2568
vn 0.3207 -0.9235 -0.2106
vn -0.2270 -0.4353 -0.8712
vn -0.3518 -0.0297 0.9356
vn -0.9079 -0.2820 -0.3101
vn 0.1197 0.1688 0.9784
vn -0.4172 0.1715 0.8925
vn -0.9875 -0.1489 -0.0522
vn -0.4194 0.4551 0.7855
vn -0.8018 -0.2607 0.5378
vn 0.0618 -0.6766 0.7338
vn -0.7564 0.5220 0.3942
vn -0.8434 -0.3286 0.4252
vn 0.0560 0.9422 0.3304
vn 0.2586 -0.8656 0.4287
vn 0.4604 0.7828 0.4187
vn -0.2714 0.9028 0.3336
vn 0.7851 0.2668 0.5590
vn -0.4427 -0.8386 0.3173
vn -0.5614 0.3110 0.7669
vn -0.2905 0.6383 0.7129
vn 0.0311 0.0960 0.9949
vn -0.4186 -0.5324 0.7357
vn -0.0884 0.6382 0.7648
vn -0.5467 -0.2850 0.7874
vn -0.1316 0.6675 0.7329
vn -0.1806 -0.5293 0.8290
vn -0.3811 -0.0225 0.9243
vn -0.2422 -0.0605 0.9683
vn -0.4239 0.1536 0.8926
vn -0.7910 -0.0243 0.6113
vn -0.9706 -0.2050 -0.1263
vn -0.8843 -0.0436 0.4649
vn -0.9747 -0.1811 -0.1310
vn -0.8426 -0.0820 0.5322
vn -0.9336 -0.0583 0.3535
vn -0.9852 -0.1696 -0.0249
vn -0.9734 -0.1766 -0.1458
vn 0.1563 -0.7991 0.5805
vn 0.2560 -0.9659 -0.0392
vn 0.1654 -0.0943 -0.9817
vn 0.0618 -0.0718 -0.9955
vn -0.7269 0.1714 -0.6650
vn 0.2053 -0.4156 -0.8861
vn 0.0714 -0.3830 -0.9210
vn -0.7895 -0.2084 -0.5773
vn 0.1572 -0.9564 -0.2463
vn 0.0715 -0.9464 -0.3148
vn -0.7986 -0.5599 -0.2209
vn -0.1830 -0.9784 -0.0958
vn -0.2232 0.9701 -0.0958
vn -0.7285 -0.6425 -0.2375
vn -0.0453 -0.8655 -0.4988
vn -0.5575 -0.8005 -0.2200
vn -0.2060 -0.9744 -0.0902
vn -0.0697 -0.9840 -0.1639
vn -0.2785 -0.9604 -0.0068
vn -0.7328 -0.6731 -0.0999
vn 0.0295 -0.9665 0.2550
vn -0.5818 -0.8051 -0.1153
vn -0.3785 -0.9248 0.0375
vn -0.8240 -0.5356 -0.1849
vn -0.5539 0.8313 0.0453
vn -0.7584 -0.5997 -0.2553
vn -0.0322 0.9992 -0.0245
vn 0.2519 -0.9620 -0.1058
vn -0.9802 0.0648 0.1870
vn -0.5245 0.8477 0.0798
vn -0.1790 0.9802 0.0848
vn -0.9662 0.1645 0.1985
vn -0.9802 -0.1811 0.0805
vn -0.9960 -0.0846 -0.0289
vn -0.5078 -0.8572 -0.0856
vn -0.8648 -0.4857 0.1274
vn -0.3606 0.9317 -0.0436
vn -0.9137 0.4060 0.0148
vn -0.9317 -0.3575 0.0646
vn -0.4038 -0.9116 0.0765
vn 0.3606 -0.9317 0.0437
vn 0.9138 -0.4060 -0.0148
vn 0.0446 0.0640 0.9970
vn 0.9317 0.3575 -0.0646
vn 0.4038 0.9116 -0.0765
vn 0.0445 0.0640 0.9970
vt 0.094487 0.309911
vt 0.084505 0.310732
vt 0.088031 0.307046
vt 0.094487 0.306658
vt 0.079011 0.309610
vt 0.070474 0.295639
vt 0.094487 0.298240
vt 0.027567 0.323092
vt 0.026841 0.325526
vt 0.024963 0.308892
vt 0.027219 0.310485
vt 0.031744 0.309223
vt 0.035132 0.321458
vt 0.041799 0.354983
vt 0.057376 0.354510
vt 0.050102 0.339282
vt 0.033325 0.334764
vt 0.022745 0.312706
vt 0.026152 0.340047
vt 0.028234 0.340435
vt 0.022314 0.316471
vt 0.017694 0.284517
vt 0.016277 0.283889
vt 0.022953 0.285433
vt 0.027559 0.321237
vt 0.051315 0.297675
vt 0.048079 0.291127
vt 0.094487 0.370681
vt 0.087755 0.366665
vt 0.088986 0.364013
vt 0.094487 0.368066
vt 0.094487 0.377994
vt 0.083454 0.377294
vt 0.072426 0.376101
vt 0.067086 0.375136
vt 0.063495 0.364315
vt 0.069401 0.361396
vt 0.094487 0.315246
vt 0.085779 0.314114
vt 0.081164 0.316267
vt 0.068061 0.264636
vt 0.035066 0.263943
vt 0.039840 0.245073
vt 0.069300 0.242783
vt 0.094487 0.238372
vt 0.094487 0.263799
vt 0.026925 0.260650
vt 0.030188 0.230781
vt 0.055581 0.218359
vt 0.094487 0.211470
vt 0.027714 0.231288
vt 0.021311 0.258911
vt 0.015761 0.257209
vt 0.025341 0.231862
vt 0.094487 0.209523
vt 0.052788 0.216972
vt 0.050031 0.215611
vt 0.094487 0.207590
vt 0.036009 0.238871
vt 0.023187 0.261316
vt 0.054154 0.223656
vt 0.094487 0.216111
vt 0.065343 0.242497
vt 0.094487 0.238804
vt 0.044469 0.248010
vt 0.042434 0.268525
vt 0.068157 0.267364
vt 0.094487 0.267781
vt 0.042428 0.292722
vt 0.046880 0.321659
vt 0.068056 0.295428
vt 0.066968 0.323615
vt 0.094487 0.322232
vt 0.094487 0.296434
vt 0.068579 0.342479
vt 0.094487 0.338336
vt 0.064625 0.351875
vt 0.071640 0.347968
vt 0.080342 0.347383
vt 0.079605 0.359955
vt 0.073079 0.338448
vt 0.084909 0.336900
vt 0.094487 0.333828
vt 0.084576 0.323181
vt 0.094487 0.324827
vt 0.057828 0.349902
vt 0.047724 0.341657
vt 0.037419 0.346194
vt 0.060806 0.344663
vt 0.056659 0.331758
vt 0.071917 0.328331
vt 0.041617 0.329021
vt 0.072750 0.356540
vt 0.094487 0.353581
vt 0.019545 0.554601
vt 0.046513 0.547166
vt 0.049750 0.543874
vt 0.019167 0.285241
vt 0.094487 0.362345
vt 0.086439 0.335574
vt 0.081953 0.345263
vt 0.941574 0.926046
vt 0.094487 0.332482
vt 0.081180 0.358959
vt 0.090514 0.364587
vt 0.094487 0.360455
vt 0.067823 0.555154
vt 0.071465 0.549024
vt 0.033569 0.287824
vt 0.026713 0.361302
vt 0.053131 0.464244
vt 0.027338 0.464244
vt 0.084395 0.552791
vt 0.087732 0.546121
vt 0.074532 0.361302
vt 0.083898 0.464244
vt 0.092335 0.557996
vt 0.112747 0.361302
vt 0.115272 0.464244
vt 0.029376 0.354597
vt 0.021406 0.333311
vt 0.024344 0.359432
vt 0.016456 0.339985
vt 0.098994 0.554785
vt 0.099151 0.562749
vt 0.057424 0.010622
vt 0.067231 0.384154
vt 0.054912 0.379655
vt 0.052694 0.372460
vt 0.063434 0.375840
vt 0.094487 0.385690
vt 0.087426 0.383363
vt 0.054949 0.378769
vt 0.053173 0.371875
vt 0.094487 0.371384
vt 0.094487 0.371618
vt 0.065317 0.382167
vt 0.065695 0.384063
vt 0.081345 0.385203
vt 0.076951 0.382455
vt 0.069757 0.383952
vt 0.090149 0.391066
vt 0.094487 0.384115
vt 0.094487 0.382163
vt 0.083605 0.390470
vt 0.074043 0.384890
vt 0.076583 0.390052
vt 0.094487 0.380486
vt 0.094487 0.377287
vt 0.073807 0.388906
vt 0.068570 0.387236
vt 0.094487 0.371059
vt 0.094487 0.391533
vt 0.094487 0.374182
vt 0.070733 0.387821
vt 0.094487 0.371868
vt 0.065395 0.380798
vt 0.054328 0.377276
vt 0.053594 0.367767
vt 0.068790 0.325810
vt 0.076329 0.316176
vt 0.074647 0.310875
vt 0.044480 0.326601
vt 0.056565 0.328656
vt 0.052371 0.301407
vt 0.036584 0.310775
vt 0.039292 0.320586
vt 0.059133 0.364624
vt 0.051968 0.361893
vt 0.051925 0.362129
vt 0.051278 0.362571
vt 0.054326 0.351740
vt 0.049566 0.348272
vt 0.094487 0.368753
vt 0.066379 0.375268
vt 0.094487 0.362239
vt 0.065319 0.366886
vt 0.058782 0.375560
vt 0.058014 0.367305
vt 0.094487 0.360795
vt 0.062844 0.364175
vt 0.055911 0.364579
vt 0.027475 0.352509
vt 0.043574 0.351286
vt 0.038126 0.352183
vt 0.031706 0.346947
vt 0.098930 0.553056
vt 0.099547 0.557894
vt 0.100324 0.552491
vt 0.099257 0.550963
vt 0.021298 0.340523
vt 0.026675 0.341457
vt 0.074641 0.368110
vt 0.094487 0.367509
vt 0.063879 0.359407
vt 0.053001 0.356402
vt 0.072632 0.371688
vt 0.094487 0.373676
vt 0.061374 0.358905
vt 0.093440 0.546040
vt 0.023337 0.309085
vt 0.024422 0.340061
vt 0.937737 0.812490
s 1
usemtl mat_skeleton
f 1/1/1 26/2/1 27/3/1 2/4/1
f 27/3/2 26/2/2 28/5/2 29/6/2
f 29/6/3 3/7/3 2/4/3 27/3/3
f 73/8/4 99/9/4 100/10/4 43/11/4
f 36/12/5 72/13/5 73/8/5 43/11/5
f 21/14/6 84/15/6 75/16/6 25/17/6
f 211/18/7 214/19/7 23/20/7 22/21/7
f 215/22/8 211/18/9 22/21/10 44/23/10
f 45/24/11 44/23/11 22/21/11 24/25/11
f 35/26/12 36/12/12 43/11/12 54/27/12
f 7/28/13 41/29/13 86/30/13 4/31/13
f 5/32/14 30/33/14 41/29/14 7/28/14
f 47/34/15 32/35/15 42/36/15 33/37/15
f 33/37/16 41/29/16 30/33/16 47/34/16
f 26/2/17 1/1/17 17/38/17 69/39/17
f 26/2/18 69/39/18 70/40/18 28/5/18
f 29/6/19 28/5/19 35/26/19 54/27/19
f 39/41/20 78/42/20 55/43/20 77/44/20
f 13/45/21 15/46/21 39/41/21 77/44/21
f 55/43/22 78/42/22 79/47/22 53/48/22
f 60/49/23 12/50/23 13/45/23 77/44/23
f 216/51/24 217/52/24 80/53/24 48/54/24
f 218/55/25 219/56/26 61/57/27 9/58/27
f 219/56/28 60/49/28 53/48/28 216/51/28
f 46/59/29 48/54/29 80/53/29 81/60/29
f 61/57/30 48/54/30 46/59/30 62/61/30
f 8/62/31 9/58/31 61/57/31 62/61/31
f 8/62/32 62/61/32 63/63/32 11/64/32
f 63/63/33 62/61/33 46/59/33 50/65/33
f 81/60/34 82/66/34 50/65/34 46/59/34
f 11/64/35 63/63/35 83/67/35 19/68/35
f 82/66/36 83/67/36 63/63/36 50/65/36
f 56/69/37 45/24/37 24/25/37 49/70/37
f 64/71/38 56/69/38 49/70/38 65/72/38
f 10/73/39 14/74/39 64/71/39 65/72/39
f 49/70/40 24/25/40 25/17/40 75/16/40
f 76/75/41 18/76/41 10/73/41 65/72/41
f 75/16/42 76/75/42 65/72/42 49/70/42
f 33/37/43 95/77/43 58/78/43
f 57/79/44 31/80/44 33/37/44 58/78/44
f 58/78/45 67/81/46 68/82/47 57/79/45
f 16/83/48 68/82/48 59/84/48 6/85/48
f 42/36/49 96/86/49 95/77/49 33/37/49
f 73/8/50 40/87/50 98/88/50 99/9/50
f 67/81/51 66/89/51 38/90/51 34/91/51
f 68/82/47 67/81/46 34/91/52 59/84/52
f 69/39/53 17/38/53 6/85/53 59/84/53
f 70/40/54 69/39/54 59/84/54 34/91/54
f 73/8/55 72/13/55 37/92/55 40/87/55
f 84/15/56 85/93/56 76/75/56 75/16/56
f 85/93/57 20/94/57 18/76/57 76/75/57
f 60/49/58 77/44/58 55/43/58 53/48/58
f 39/41/59 29/6/59 54/27/59 78/42/59
f 79/95/60 97/96/60 102/97/60
f 217/52/61 79/47/61 52/98/61 215/22/61
f 81/60/62 80/53/62 44/23/62 45/24/62
f 56/69/63 82/66/63 81/60/63 45/24/63
f 64/71/64 83/67/64 82/66/64 56/69/64
f 19/68/65 83/67/65 64/71/65 14/74/65
f 39/41/66 15/46/66 3/7/66 29/6/66
f 86/30/67 41/29/67 33/37/67 31/80/67
f 22/21/68 23/20/68 25/17/68 24/25/68
f 4/31/69 86/30/69 71/99/69
f 57/79/70 68/82/70 87/100/70 88/101/70
f 88/102/71 93/102/71 92/102/71 90/102/71
f 68/82/72 16/83/72 91/103/72 87/100/72
f 86/30/73 31/80/73 90/104/73 89/105/73
f 71/99/74 86/30/74 89/105/74 92/106/74
f 31/80/75 57/79/75 88/101/75 90/104/75
f 90/102/76 92/102/76 89/102/76
f 93/102/77 88/102/77 87/102/77 94/102/77
f 94/102/78 87/102/78 91/102/78
f 66/89/79 40/87/79 37/92/79 38/90/79
f 95/77/80 96/86/80 40/87/80 66/89/80
f 58/78/81 95/77/81 66/89/81 67/81/81
f 97/96/82 100/107/82 101/108/82 102/97/82
f 97/109/83 79/47/83 78/42/83 54/27/83
f 100/10/84 97/109/84 54/27/84 43/11/84
f 102/110/85 52/111/85 79/112/85
f 100/107/86 99/113/86 103/114/86 101/108/86
f 102/110/87 101/115/87 51/116/87 52/111/87
f 103/114/88 99/113/88 104/117/88
f 101/115/89 103/118/89 74/119/89 51/116/89
f 99/9/90 98/88/90 106/120/90 104/121/90
f 104/121/91 106/120/91 107/122/91 105/123/91
f 74/124/92 103/114/92 104/117/92 105/125/92
f 119/126/93 118/126/93 108/126/93 123/126/93
f 125/126/94 110/126/94 133/126/94 132/126/94
f 116/126/95 115/126/95 110/126/95 125/126/95
f 114/126/96 145/126/96 111/126/96 121/126/96
f 151/126/97 150/126/97 116/126/97 117/126/97
f 148/126/98 147/126/98 113/126/98 145/126/98
f 126/126/99 113/126/99 147/126/99 146/126/99
f 120/126/100 136/126/101 112/126/102
f 137/126/103 120/126/103 138/126/103
f 140/127/104 165/128/104 166/129/104 144/130/104
f 132/126/105 131/126/105 109/126/105 125/126/105
f 160/126/106 161/126/106 123/126/106 127/126/106
f 5/32/107 128/131/107 162/132/107 30/33/107
f 166/129/108 165/128/108 143/133/108 141/134/108
f 114/126/109 121/126/109 110/126/109 115/126/109
f 152/126/110 151/126/110 117/126/110 118/126/110
f 113/126/111 112/126/111 111/126/111 145/126/111
f 111/126/112 112/126/112 136/126/112 135/126/112
f 121/126/113 111/126/113 135/126/113 134/126/113
f 169/135/114 156/136/114 147/137/114 148/138/114
f 149/126/115 154/126/115 114/126/115 115/126/115
f 165/126/116 140/126/116 134/126/116 135/126/116
f 30/33/117 124/139/117 130/140/117 47/34/117
f 136/126/118 143/126/118 165/126/118 135/126/118
f 139/126/119 143/126/119 136/126/119 137/126/119
f 140/126/120 122/126/120 133/126/120 134/126/120
f 140/127/121 144/130/121 32/35/121 122/141/121
f 132/126/122 164/126/122 130/126/122 131/126/122
f 153/142/123 170/143/123 171/144/123 152/145/123
f 146/126/124 138/126/124 126/126/124
f 133/126/125 110/126/125 121/126/125 134/126/125
f 124/126/126 129/126/126 131/126/126 130/126/126
f 163/126/127 167/126/127 153/126/127 119/126/127
f 150/126/128 149/126/128 115/126/128 116/126/128
f 32/35/129 164/146/129 122/141/129
f 151/147/130 168/148/130 159/149/130 150/150/130
f 152/145/131 171/144/131 168/148/131 151/147/131
f 154/151/132 158/152/132 169/135/132 148/138/132
f 153/142/133 167/153/133 170/143/133
f 161/126/134 163/126/134 119/126/134 123/126/134
f 127/126/135 129/126/135 124/126/135 162/126/135
f 117/126/136 109/126/136 108/126/136 118/126/136
f 150/150/137 159/149/137 155/154/137 149/155/137
f 147/137/138 156/136/138 157/156/138 146/157/138
f 153/126/139 152/126/139 118/126/139 119/126/139
f 113/126/140 126/126/140 120/126/140 112/126/140
f 123/126/141 108/126/141 129/126/141 127/126/141
f 145/126/142 114/126/142 154/126/142 148/126/142
f 158/152/143 154/151/143 149/155/143 155/154/143
f 116/126/144 125/126/144 109/126/144 117/126/144
f 138/126/145 120/126/145 126/126/145
f 108/126/146 109/126/146 131/126/146 129/126/146
f 137/126/147 136/126/101 120/126/100
f 162/126/148 128/126/148 160/126/148 127/126/148
f 30/33/149 162/132/149 124/139/149
f 143/133/150 139/158/150 142/159/150 141/134/150
f 122/126/151 164/126/151 132/126/151 133/126/151
f 130/140/152 164/146/152 32/35/152 47/34/152
f 96/86/153 98/88/153 40/87/153
f 70/40/154 34/91/154 173/160/154 178/161/154
f 28/5/155 70/40/155 178/161/155 172/162/155
f 38/90/156 37/92/156 176/163/156 177/164/156
f 36/12/157 35/26/157 174/165/157 175/166/157
f 37/92/158 72/13/158 179/167/158 176/163/158
f 34/91/159 38/90/159 177/164/159 173/160/159
f 72/13/160 36/12/160 175/166/160 179/167/160
f 35/26/161 28/5/161 172/162/161 174/165/161
f 178/102/162 173/102/162 181/102/162 186/102/162
f 173/102/163 177/102/163 185/102/163 181/102/163
f 179/102/164 175/102/164 183/102/164 187/102/164
f 174/102/165 172/102/165 180/102/165 182/102/165
f 176/102/166 179/102/166 187/102/166 184/102/166
f 172/102/167 178/102/167 186/102/167 180/102/167
f 177/102/168 176/102/168 184/102/168 185/102/168
f 175/102/169 174/102/169 182/102/169 183/102/169
f 182/102/170 181/102/170 185/102/170 183/102/170
f 181/102/171 182/102/171 180/102/171 186/102/171
f 183/102/172 185/102/172 184/102/172 187/102/172
f 32/35/173 144/130/173 190/168/173 42/36/173
f 141/134/174 142/159/174 189/169/174 188/170/174
f 144/130/175 166/129/175 191/171/175 190/168/175
f 166/129/176 141/134/176 188/170/176 191/171/176
f 42/36/177 190/168/177 193/172/177 96/86/177
f 190/168/178 191/171/178 192/173/178 193/172/178
f 188/170/179 189/169/179 192/173/179
f 191/171/180 188/170/180 192/173/180
f 96/86/181 193/172/181 106/120/181 98/88/181
f 193/172/182 192/173/182 107/122/182 106/120/182
f 146/157/183 157/156/183 197/174/183 196/175/183
f 138/126/184 146/126/184 196/126/184 195/126/184
f 137/126/185 138/126/185 195/126/185 139/126/185
f 196/175/186 197/174/186 201/176/186 200/177/186
f 195/178/187 196/175/187 200/177/187 199/179/187
f 139/158/188 195/178/188 199/179/188 142/159/188
f 200/177/189 201/176/189 205/180/189 204/181/189
f 199/179/190 200/177/190 204/181/190 203/182/190
f 142/159/191 199/179/191 203/182/191 189/169/191
f 221/183/192 220/184/192 206/185/192 194/186/192
f 214/187/193 222/188/193 198/189/193 23/190/193
f 222/191/194 221/183/194 194/186/194 198/192/194
f 20/94/195 85/93/195 209/193/195 202/194/195
f 85/93/196 84/15/196 208/195/196 209/193/196
f 84/15/197 21/14/197 207/196/197 208/195/197
f 202/194/198 209/193/198 213/197/198 210/198/198
f 208/195/199 207/196/199 206/185/199 212/199/199
f 209/193/200 208/195/200 212/199/200 213/197/200
f 205/180/201 210/198/201 213/197/201 204/181/201
f 204/181/202 213/197/202 212/199/202 203/182/202
f 206/185/203 207/196/203 21/14/203 194/186/203
f 25/17/204 198/192/204 194/186/204 21/14/204
f 23/190/205 198/189/205 25/200/205
f 105/123/206 107/122/206 221/183/206 222/191/206
f 74/124/207 105/125/207 222/188/207 214/187/207
f 107/122/208 192/173/208 220/184/208 221/183/208
f 80/53/209 217/52/209 215/22/209 44/23/209
f 61/57/210 219/56/210 216/51/210 48/54/210
f 12/50/211 60/49/211 219/56/26 218/55/25
f 53/48/212 79/47/212 217/52/212 216/51/212
f 52/98/213 51/201/213 211/18/9 215/22/8
f 51/201/214 74/202/214 214/19/214 211/18/214
f 206/185/215 220/184/215 203/182/215 212/199/215
f 203/182/216 220/184/216 192/173/216 189/169/216
f 223/203/217 224/203/217 226/203/217 225/203/217
f 225/203/218 226/203/218 228/203/218 227/203/218
f 227/203/219 228/203/219 230/203/219 229/203/219
f 229/203/220 230/203/220 232/203/220 231/203/220
f 231/203/221 232/203/221 234/203/221 233/203/221
f 233/203/222 234/203/222 236/203/222 235/203/222
f 236/203/223 232/203/223 228/203/223
f 235/203/224 236/203/224 238/203/224 237/203/224
f 237/203/225 238/203/225 224/203/225 223/203/225
f 228/203/223 226/203/223 224/203/223
f 224/203/223 238/203/226 236/203/223
f 236/203/223 234/203/226 232/203/223
f 232/203/223 230/203/223 228/203/223
f 228/203/223 224/203/223 236/203/223
f 239/1/227 240/4/227 265/3/227 264/2/227
f 265/3/228 267/6/228 266/5/228 264/2/228
f 267/6/229 265/3/229 240/4/229 241/7/229
f 311/8/230 281/11/230 338/10/230 337/9/230
f 274/12/231 281/11/231 311/8/231 310/13/231
f 259/14/232 263/17/232 313/16/232 322/15/232
f 449/18/233 260/21/233 261/20/233 452/19/233
f 453/22/234 282/23/235 260/21/235 449/18/236
f 283/24/237 262/25/237 260/21/237 282/23/237
f 273/26/238 292/27/238 281/11/238 274/12/238
f 245/28/239 242/31/239 324/30/239 279/29/239
f 243/32/240 245/28/240 279/29/240 268/33/240
f 285/34/241 271/37/241 280/36/241 270/35/241
f 271/37/242 285/34/242 268/33/242 279/29/242
f 264/2/243 307/39/243 255/38/243 239/1/243
f 264/2/244 266/5/244 308/40/244 307/39/244
f 267/6/245 292/27/245 273/26/245 266/5/245
f 277/41/246 315/44/246 293/43/246 316/42/246
f 251/45/247 315/44/247 277/41/247 253/46/247
f 293/43/248 291/48/248 317/47/248 316/42/248
f 298/49/249 315/44/249 251/45/249 250/50/249
f 454/51/250 286/54/250 318/53/250 455/52/250
f 456/55/251 247/58/252 299/57/252 457/56/253
f 457/56/254 454/51/254 291/48/254 298/49/254
f 284/59/255 319/60/255 318/53/255 286/54/255
f 299/57/256 300/61/256 284/59/256 286/54/256
f 246/62/257 300/61/257 299/57/257 247/58/257
f 246/62/258 249/64/258 301/63/258 300/61/258
f 301/63/259 288/65/259 284/59/259 300/61/259
f 319/60/260 284/59/260 288/65/260 320/66/260
f 249/64/261 257/68/261 321/67/261 301/63/261
f 320/66/262 288/65/262 301/63/262 321/67/262
f 294/69/263 287/70/263 262/25/263 283/24/263
f 302/71/264 303/72/264 287/70/264 294/69/264
f 248/73/265 303/72/265 302/71/265 252/74/265
f 287/70/266 313/16/266 263/17/266 262/25/266
f 314/75/267 303/72/267 248/73/267 256/76/267
f 313/16/268 287/70/268 303/72/268 314/75/268
f 271/37/269 296/78/269 333/77/269
f 295/79/270 296/78/270 271/37/270 269/80/270
f 296/78/271 295/79/271 306/82/272 305/81/273
f 254/83/274 244/85/274 297/84/274 306/82/274
f 280/36/275 271/37/275 333/77/275 334/86/275
f 311/8/276 337/9/276 336/88/276 278/87/276
f 305/81/277 272/91/277 276/90/277 304/89/277
f 306/82/272 297/84/278 272/91/278 305/81/273
f 307/39/279 297/84/279 244/85/279 255/38/279
f 308/40/280 272/91/280 297/84/280 307/39/280
f 311/8/281 278/87/281 275/92/281 310/13/281
f 322/15/282 313/16/282 314/75/282 323/93/282
f 323/93/283 314/75/283 256/76/283 258/94/283
f 298/49/284 291/48/284 293/43/284 315/44/284
f 277/41/285 316/42/285 292/27/285 267/6/285
f 317/95/286 340/97/286 335/96/286
f 455/52/287 453/22/287 290/98/287 317/47/287
f 319/60/288 283/24/288 282/23/288 318/53/288
f 294/69/289 283/24/289 319/60/289 320/66/289
f 302/71/290 294/69/290 320/66/290 321/67/290
f 257/68/291 252/74/291 302/71/291 321/67/291
f 277/41/292 267/6/292 241/7/292 253/46/292
f 324/30/293 269/80/293 271/37/293 279/29/293
f 260/21/294 262/25/294 263/17/294 261/20/294
f 242/31/295 309/99/295 324/30/295
f 295/79/296 326/101/296 325/100/296 306/82/296
f 326/102/297 328/102/297 330/102/297 331/102/297
f 306/82/298 325/100/298 329/103/298 254/83/298
f 324/30/299 327/105/299 328/104/299 269/80/299
f 309/99/300 330/106/300 327/105/300 324/30/300
f 269/80/301 328/104/301 326/101/301 295/79/301
f 328/102/302 327/102/302 330/102/302
f 331/102/303 332/102/303 325/102/303 326/102/303
f 332/102/304 329/102/304 325/102/304
f 304/89/305 276/90/305 275/92/305 278/87/305
f 333/77/306 304/89/306 278/87/306 334/86/306
f 296/78/307 305/81/307 304/89/307 333/77/307
f 335/96/308 340/97/308 339/108/308 338/107/308
f 335/109/309 292/27/309 316/42/309 317/47/309
f 338/10/310 281/11/310 292/27/310 335/109/310
f 340/110/311 317/112/311 290/111/311
f 338/107/312 339/108/312 341/114/312 337/113/312
f 340/110/313 290/111/313 289/116/313 339/115/313
f 341/114/314 342/117/314 337/113/314
f 339/115/315 289/116/315 312/119/315 341/118/315
f 337/9/316 342/121/316 344/120/316 336/88/316
f 342/121/317 343/123/317 345/122/317 344/120/317
f 312/124/318 343/125/318 342/117/318 341/114/318
f 357/126/319 361/126/319 346/126/319 356/126/319
f 363/126/320 370/126/320 371/126/320 348/126/320
f 354/126/321 363/126/321 348/126/321 353/126/321
f 352/126/322 359/126/322 349/126/322 383/126/322
f 389/126/323 355/126/323 354/126/323 388/126/323
f 386/126/324 383/126/324 351/126/324 385/126/324
f 364/126/325 384/126/325 385/126/325 351/126/325
f 358/126/326 350/126/327 374/126/328
f 375/126/329 376/126/329 358/126/329
f 378/127/330 382/130/330 404/129/330 403/128/330
f 370/126/331 363/126/331 347/126/331 369/126/331
f 398/126/332 365/126/332 361/126/332 399/126/332
f 243/32/333 268/33/333 400/132/333 366/131/333
f 404/129/334 379/134/334 381/133/334 403/128/334
f 352/126/335 353/126/335 348/126/335 359/126/335
f 390/126/336 356/126/336 355/126/336 389/126/336
f 351/126/337 383/126/337 349/126/337 350/126/337
f 349/126/338 373/126/338 374/126/338 350/126/338
f 359/126/339 372/126/339 373/126/339 349/126/339
f 407/135/340 386/138/340 385/137/340 394/136/340
f 387/126/341 353/126/341 352/126/341 392/126/341
f 403/126/342 373/126/342 372/126/342 378/126/342
f 268/33/343 285/34/343 368/140/343 362/139/343
f 374/126/344 373/126/344 403/126/344 381/126/344
f 377/126/345 375/126/345 374/126/345 381/126/345
f 378/126/346 372/126/346 371/126/346 360/126/346
f 378/127/347 360/141/347 270/35/347 382/130/347
f 370/126/348 369/126/348 368/126/348 402/126/348
f 391/142/349 390/145/349 409/144/349 408/143/349
f 384/126/350 364/126/350 376/126/350
f 371/126/351 372/126/351 359/126/351 348/126/351
f 362/126/352 368/126/352 369/126/352 367/126/352
f 401/126/353 357/126/353 391/126/353 405/126/353
f 388/126/354 354/126/354 353/126/354 387/126/354
f 270/35/355 360/141/355 402/146/355
f 389/147/356 388/150/356 397/149/356 406/148/356
f 390/145/357 389/147/357 406/148/357 409/144/357
f 392/151/358 386/138/358 407/135/358 396/152/358
f 391/142/359 408/143/359 405/153/359
f 399/126/360 361/126/360 357/126/360 401/126/360
f 365/126/361 400/126/361 362/126/361 367/126/361
f 355/126/362 356/126/362 346/126/362 347/126/362
f 388/150/363 387/155/363 393/154/363 397/149/363
f 385/137/364 384/157/364 395/156/364 394/136/364
f 391/126/365 357/126/365 356/126/365 390/126/365
f 351/126/366 350/126/366 358/126/366 364/126/366
f 361/126/367 365/126/367 367/126/367 346/126/367
f 383/126/368 386/126/368 392/126/368 352/126/368
f 396/152/369 393/154/369 387/155/369 392/151/369
f 354/126/370 355/126/370 347/126/370 363/126/370
f 376/126/371 364/126/371 358/126/371
f 346/126/372 367/126/372 369/126/372 347/126/372
f 375/126/373 358/126/326 374/126/328
f 400/126/374 365/126/374 398/126/374 366/126/374
f 268/33/375 362/139/375 400/132/375
f 381/133/376 379/134/376 380/159/376 377/158/376
f 360/126/377 371/126/377 370/126/377 402/126/377
f 368/140/378 285/34/378 270/35/378 402/146/378
f 334/86/379 278/87/379 336/88/379
f 308/40/380 416/161/380 411/160/380 272/91/380
f 266/5/381 410/162/381 416/161/381 308/40/381
f 276/90/382 415/164/382 414/163/382 275/92/382
f 274/12/383 413/166/383 412/165/383 273/26/383
f 275/92/384 414/163/384 417/167/384 310/13/384
f 272/91/385 411/160/385 415/164/385 276/90/385
f 310/13/386 417/167/386 413/166/386 274/12/386
f 273/26/387 412/165/387 410/162/387 266/5/387
f 416/102/388 424/102/388 419/102/388 411/102/388
f 411/102/389 419/102/389 423/102/389 415/102/389
f 417/102/390 425/102/390 421/102/390 413/102/390
f 412/102/391 420/102/391 418/102/391 410/102/391
f 414/102/392 422/102/392 425/102/392 417/102/392
f 410/102/393 418/102/393 424/102/393 416/102/393
f 415/102/394 423/102/394 422/102/394 414/102/394
f 413/102/395 421/102/395 420/102/395 412/102/395
f 420/102/396 421/102/396 423/102/396 419/102/396
f 419/102/397 424/102/397 418/102/397 420/102/397
f 421/102/398 425/102/398 422/102/398 423/102/398
f 270/35/399 280/36/399 428/168/399 382/130/399
f 379/134/400 426/170/400 427/169/400 380/159/400
f 382/130/401 428/168/401 429/171/401 404/129/401
f 404/129/402 429/171/402 426/170/402 379/134/402
f 280/36/403 334/86/403 431/172/403 428/168/403
f 428/168/404 431/172/404 430/173/404 429/171/404
f 426/170/405 430/173/405 427/169/405
f 429/171/406 430/173/406 426/170/406
f 334/86/407 336/88/407 344/120/407 431/172/407
f 431/172/408 344/120/408 345/122/408 430/173/408
f 384/157/409 434/175/409 435/174/409 395/156/409
f 376/126/410 433/126/410 434/126/410 384/126/410
f 375/126/411 377/126/411 433/126/411 376/126/411
f 434/175/412 438/177/412 439/176/412 435/174/412
f 433/178/413 437/179/413 438/177/413 434/175/413
f 377/158/414 380/159/414 437/179/414 433/178/414
f 438/177/415 442/181/415 443/180/415 439/176/415
f 437/179/416 441/182/416 442/181/416 438/177/416
f 380/159/417 427/169/417 441/182/417 437/179/417
f 459/183/418 432/186/418 444/185/418 458/184/418
f 452/187/419 261/190/419 436/189/419 460/188/419
f 460/191/420 436/192/420 432/186/420 459/183/420
f 258/94/421 440/194/421 447/193/421 323/93/421
f 323/93/422 447/193/422 446/195/422 322/15/422
f 322/15/423 446/195/423 445/196/423 259/14/423
f 440/194/424 448/198/424 451/197/424 447/193/424
f 446/195/425 450/199/425 444/185/425 445/196/425
f 447/193/426 451/197/426 450/199/426 446/195/426
f 443/180/427 442/181/427 451/197/427 448/198/427
f 442/181/428 441/182/428 450/199/428 451/197/428
f 444/185/429 432/186/429 259/14/429 445/196/429
f 263/17/430 259/14/430 432/186/430 436/192/430
f 261/190/431 263/200/431 436/189/431
f 343/123/432 460/191/432 459/183/432 345/122/432
f 312/124/433 452/187/433 460/188/433 343/125/433
f 345/122/434 459/183/434 458/184/434 430/173/434
f 318/53/435 282/23/435 453/22/435 455/52/435
f 299/57/436 286/54/436 454/51/436 457/56/436
f 250/50/437 456/55/251 457/56/253 298/49/437
f 291/48/438 454/51/438 455/52/438 317/47/438
f 290/98/439 453/22/234 449/18/236 289/201/439
f 289/201/440 449/18/440 452/19/440 312/202/440
f 444/185/441 450/199/441 441/182/441 458/184/441
f 441/182/442 427/169/442 430/173/442 458/184/442
f 461/203/443 463/203/443 464/203/443 462/203/443
f 463/203/444 465/203/444 466/203/444 464/203/444
f 465/203/445 467/203/445 468/203/445 466/203/445
f 467/203/446 469/203/446 470/203/446 468/203/446
f 469/203/447 471/203/447 472/203/447 470/203/447
f 471/203/448 473/203/448 474/203/448 472/203/448
f 474/203/449 466/203/449 470/203/449
f 473/203/450 475/203/450 476/203/450 474/203/450
f 475/203/451 461/203/451 462/203/451 476/203/451
f 466/203/449 462/203/449 464/203/449
f 462/203/449 474/203/449 476/203/452
f 474/203/449 470/203/449 472/203/449
f 470/203/449 466/203/449 468/203/449
f 466/203/449 474/203/449 462/203/449
o M_Skeleton
v 0.025897 0.600302 0.007204
v 0.042301 0.598737 -0.032884
v 0.023262 0.608779 -0.002451
v 0.022696 0.621453 0.012834
v 0.013444 0.597540 0.005260
v 0.010109 0.604499 -0.001921
v 0.062059 0.616339 -0.013244
v 0.036060 0.596742 -0.014692
v 0.045142 0.588982 -0.029603
v 0.764819 1.182611 -0.074937
v 0.772232 1.207069 -0.060893
v 0.762756 1.183874 -0.060521
v 0.769261 1.183823 -0.044137
v 0.664325 1.175044 -0.068813
v 0.771394 1.184727 -0.030014
v 0.770210 1.191426 -0.064274
v 0.763643 1.202613 -0.061737
v 0.766590 1.205696 -0.046539
v 0.771192 1.200342 -0.031624
v 0.772926 1.190142 -0.019769
v 0.150447 1.186358 -0.109203
v 0.144059 0.021199 0.051341
v 0.233473 1.184786 -0.064308
v 0.198596 1.155133 -0.064045
v 0.201389 0.037034 -0.051169
v 0.149484 1.112715 -0.109243
v 0.023531 1.041832 0.108111
v 0.812863 1.180987 -0.060958
v 0.815567 1.182190 -0.082347
v 0.800369 1.188451 -0.076539
v 0.816606 1.199653 -0.082161
v 0.799405 1.205302 -0.078527
v 0.823059 1.203241 -0.063746
v 0.794783 1.207340 -0.059905
v 0.793352 1.206320 -0.036500
v 0.795578 1.201653 -0.019051
v 0.831573 1.193615 -0.002838
v 0.185032 0.070291 -0.056957
v 0.181377 0.076852 -0.031854
v 0.162118 0.065221 -0.031396
v 0.157361 0.055493 -0.058763
v 0.159404 0.076988 -0.070287
v 0.182118 0.078485 -0.065443
v 0.147979 0.101947 -0.050408
v 0.155434 0.102397 -0.031111
v 0.161731 0.102386 -0.070669
v 0.181286 0.102446 -0.068060
v 0.186313 0.102163 -0.049879
v 0.138640 0.326147 -0.035334
v 0.139191 0.345794 -0.031512
v 0.171006 0.344986 -0.026845
v 0.182872 0.324785 -0.018606
v 0.188774 0.323308 -0.008265
v 0.173418 0.319195 0.018882
v 0.120113 0.324581 -0.009435
v 0.134878 0.319613 0.018780
v 0.015161 1.161341 0.074739
v 0.066263 1.123290 -0.129552
v 0.141457 1.256789 -0.083542
v 0.015774 1.200229 0.064331
v 0.190513 0.024539 -0.052280
v 0.201028 0.020697 -0.089488
v 0.051573 1.233471 -0.109473
v 0.102501 1.265806 -0.085223
v 0.187673 -0.000848 -0.094675
v 0.166975 0.001674 -0.100207
v 0.110192 1.078370 -0.115184
v 0.098662 1.241235 -0.100770
v 0.117028 1.169757 -0.121558
v 0.075777 1.272814 -0.086034
v 0.662982 1.181974 -0.078099
v 0.223360 1.257121 -0.045381
v 0.663705 1.194383 -0.073343
v 0.159473 0.038804 -0.043597
v 0.501761 1.182622 -0.079836
v 0.476913 1.212201 -0.071850
v 0.476313 1.222414 -0.047063
v 0.164276 0.020925 -0.057601
v 0.449903 1.182796 -0.037915
v 0.057192 1.261874 -0.087361
v 0.080077 1.082655 -0.117060
v 0.191091 0.059214 0.006145
v 0.156304 0.019408 -0.091485
v 0.759957 1.193638 -0.046457
v 0.761334 1.187433 -0.051801
v 0.760490 1.202895 -0.052350
v 0.174495 0.253123 -0.017645
v 0.178262 0.153732 -0.036099
v 0.160701 0.154865 -0.049676
v 0.155142 0.253738 -0.035337
v 0.157348 0.153604 -0.025631
v 0.151850 0.252599 -0.008050
v 0.150309 0.154529 -0.035806
v 0.142121 0.253182 -0.017945
v 0.167044 0.252735 -0.009349
v 0.170669 0.153269 -0.026429
v 0.173574 0.154461 -0.047571
v 0.169040 0.253545 -0.031369
v 0.175870 0.102645 -0.031877
v 0.128594 0.345681 0.020374
v 0.116489 0.349005 -0.006210
v 0.164673 0.346361 0.026556
v 0.185830 0.348756 0.004049
v 0.190555 0.041834 0.039561
v 0.169410 0.039036 0.038311
v 0.144400 0.028044 0.055060
v 0.215250 0.024861 0.051384
v 0.160702 0.021645 0.087353
v 0.185438 0.019304 0.089196
v 0.215528 0.017376 0.077891
v 0.142099 0.017715 0.078629
v 0.160547 0.012883 0.086478
v 0.186593 0.000046 0.096408
v 0.211385 0.010504 0.037943
v 0.661515 1.195916 -0.062548
v 0.660859 1.189930 -0.056006
v 0.662990 1.181946 -0.054424
v 0.663173 1.181785 -0.057169
v 0.453836 1.216429 -0.044541
v 0.019804 1.067585 0.110312
v 0.452420 1.203132 -0.033620
v 0.449443 1.180080 -0.052916
v 0.451015 1.192647 -0.067389
v 0.453310 1.210465 -0.063792
v 0.450667 1.189695 -0.032070
v 0.288375 1.202663 -0.033432
v 0.293918 1.231895 -0.038413
v 0.287982 1.202097 -0.045340
v 0.292779 1.227391 -0.051898
v 0.290347 1.209214 -0.026544
v 0.292617 1.221683 -0.028133
v 0.289929 1.212288 -0.055021
v 0.230233 1.225792 -0.052037
v 0.227353 1.201324 -0.032029
v 0.223960 1.205054 -0.040947
v 0.224577 1.206270 -0.020725
v 0.474481 1.170568 -0.037533
v 0.475773 1.188976 -0.078103
v 0.492909 1.184998 -0.034417
v 0.490976 1.198606 -0.032008
v 0.225335 1.228697 -0.019576
v 0.240466 1.242579 -0.023425
v 0.241072 1.242195 -0.050715
v 0.490310 1.213361 -0.044984
v 0.492097 1.207620 -0.056893
v 0.486015 1.192857 -0.067795
v 0.491045 1.179238 -0.039678
v 0.486711 1.180528 -0.056458
v 0.474947 1.202109 -0.024784
v 0.474350 1.178349 -0.027661
v 0.477043 1.171761 -0.059595
v 0.149563 0.540278 0.009292
v 0.141190 0.539100 -0.009473
v 0.169198 0.540241 0.011098
v 0.180709 0.539161 -0.004212
v 0.173873 0.537946 -0.022406
v 0.153970 0.537841 -0.025860
v 0.141444 0.438732 0.013642
v 0.136172 0.439411 -0.006890
v 0.161226 0.436401 0.018907
v 0.175721 0.434845 0.003958
v 0.170405 0.435286 -0.011529
v 0.150682 0.437520 -0.016989
v 0.827795 1.203773 -0.034741
v 0.188497 0.345793 0.001396
v 0.171681 0.055889 0.004823
v 0.168417 0.354932 0.032023
v 0.115704 0.349294 -0.008599
v 0.128435 0.355411 0.020069
v 0.195921 0.052819 -0.048395
v 0.191144 0.042925 -0.088317
v 0.164458 0.041708 -0.093386
v 0.159823 0.055553 -0.050646
v 0.142638 0.000065 0.087069
v 0.212066 0.000046 0.084714
v 0.204834 0.042611 0.004018
v 0.163595 0.030534 0.010829
v 0.157712 0.044245 0.005717
v 0.212529 0.028596 0.004002
v 0.769010 1.198097 -0.072935
v 0.557866 1.171847 -0.056328
v 0.559053 1.184857 -0.055694
v 0.482509 1.172272 -0.051081
v 0.485081 1.182343 -0.044958
v 0.486679 1.192464 -0.059308
v 0.489034 1.190327 -0.074497
v 0.488137 1.174654 -0.077069
v 0.485459 1.166353 -0.054491
v 0.486446 1.166248 -0.065108
v 0.557465 1.168052 -0.062338
v 0.559961 1.194181 -0.073526
v 0.557264 1.193953 -0.064248
v 0.559228 1.180384 -0.083663
v 0.559422 1.174275 -0.071425
v 0.777515 1.198045 -0.042621
v 0.778401 1.205835 -0.048205
v 0.781171 1.212796 -0.052990
v 0.778492 1.203526 -0.070986
v 0.779745 1.190292 -0.052680
v 0.775204 1.184949 -0.054304
v 0.777059 1.189812 -0.047754
v 0.135039 0.384129 0.011389
v 0.128960 0.384766 -0.008087
v 0.163094 0.382658 0.017461
v 0.176277 0.386616 0.004279
v 0.179339 0.354809 -0.024432
v 0.138836 0.356130 -0.030639
v 0.046520 0.629543 0.011846
v 0.040228 0.633558 0.023502
v 0.042185 0.644967 0.044002
v 0.044881 0.629343 0.041475
v 0.044958 0.642321 0.053100
v 0.053344 0.620283 0.018874
v 0.796627 1.183170 -0.056550
v 0.825177 1.137692 0.014260
v 0.803118 1.171232 -0.028761
v 0.803197 1.175973 -0.007081
v 0.821980 1.148253 0.019513
v 0.846122 1.197709 -0.034198
v 0.850119 1.189300 -0.002860
v 0.839823 1.190332 -0.081916
v 0.841978 1.193807 -0.063746
v 0.837713 1.176229 -0.083495
v 0.843129 1.174288 -0.063746
v 0.847314 1.186852 -0.034009
v 1.008603 1.173629 -0.022004
v 1.007806 1.172197 -0.014296
v 1.008112 1.179470 -0.014817
v 1.008812 1.180469 -0.022384
v 0.838516 1.180565 0.002432
v 0.824494 1.155089 0.012625
v 0.900455 1.128506 0.032746
v 0.897270 1.125438 0.037019
v 0.899005 1.131958 0.040282
v 0.899720 1.134348 0.034995
v 0.828542 1.177487 -0.034693
v 0.835007 1.143278 0.006583
v 0.995057 1.183319 -0.049601
v 0.994770 1.178737 -0.049375
v 0.994681 1.178910 -0.042984
v 0.994266 1.185862 -0.042642
v 0.860980 1.180558 0.009051
v 1.001894 1.165790 0.008389
v 1.002248 1.163544 0.013467
v 1.002617 1.171399 0.013571
v 1.002335 1.172207 0.008482
v 0.948960 1.171026 -0.071813
v 0.948181 1.175658 -0.071170
v 0.949259 1.175516 -0.077148
v 0.949233 1.170033 -0.077586
v 0.937535 1.188562 -0.023977
v 0.937555 1.186604 -0.012935
v 0.938483 1.178802 -0.022779
v 0.938974 1.169736 -0.014040
v 0.852141 1.170925 -0.002860
v 0.934849 1.179942 -0.044420
v 0.934284 1.178804 -0.051510
v 0.933454 1.192618 -0.042362
v 0.933512 1.190832 -0.052918
v 0.936699 1.177447 0.005242
v 0.938189 1.173861 0.015554
v 0.938888 1.163486 0.007412
v 0.938949 1.163231 0.015019
v 0.871527 1.168181 0.015093
v 0.911126 1.172092 -0.079233
v 0.910716 1.184061 -0.078998
v 0.911658 1.172657 -0.070773
v 0.910779 1.183646 -0.070619
v 0.972888 1.182952 -0.012369
v 0.973294 1.184651 -0.023132
v 0.973690 1.171073 -0.023114
v 0.974422 1.166388 -0.013235
v 0.964281 1.177378 -0.043435
v 0.962811 1.177415 -0.051436
v 0.963579 1.188440 -0.042033
v 0.961932 1.185786 -0.052206
v 0.970425 1.173444 0.006166
v 0.970722 1.171532 0.015657
v 0.967136 1.161813 0.007404
v 0.966914 1.161667 0.014776
v 0.931044 1.171103 -0.078691
v 0.929324 1.181534 -0.078582
v 0.930032 1.172090 -0.070884
v 0.930208 1.181296 -0.070394
v 0.870513 1.130090 0.026941
v 0.870574 1.139963 0.029538
v 0.866123 1.123821 0.033534
v 0.868286 1.130970 0.038177
v 0.188169 0.029149 0.057718
v 0.966642 1.171267 0.015458
v 0.941707 1.176504 0.005283
v 0.942607 1.173355 0.015793
v 0.965522 1.173850 0.006268
v 0.932973 1.174528 0.015585
v 0.930757 1.178735 0.005188
v 0.976549 1.172329 0.015321
v 0.977500 1.173728 0.005991
v 0.830108 1.136381 0.016520
v 0.822541 1.140349 0.010286
v 0.864881 1.124099 0.032413
v 0.866673 1.131484 0.037221
v 0.818766 1.152774 0.016313
v 0.828297 1.145403 0.020443
v 0.942025 1.187935 -0.023771
v 0.942022 1.186023 -0.012886
v 0.932421 1.187161 -0.012581
v 0.932547 1.189986 -0.024621
v 0.969038 1.185000 -0.023119
v 0.968879 1.183331 -0.012547
v 0.976950 1.182739 -0.012323
v 0.977671 1.184607 -0.023387
v 0.929158 1.190655 -0.053247
v 0.929703 1.193436 -0.041923
v 0.937822 1.189975 -0.052206
v 0.938266 1.191872 -0.042439
v 0.957417 1.186558 -0.051503
v 0.958911 1.188964 -0.042197
v 0.968176 1.188130 -0.041877
v 0.966857 1.185315 -0.051896
v 0.907064 1.185109 -0.070171
v 0.906033 1.185044 -0.079008
v 0.914994 1.183072 -0.070584
v 0.914673 1.183554 -0.078961
v 0.926988 1.181642 -0.070511
v 0.926281 1.181950 -0.078613
v 0.933679 1.181011 -0.070350
v 0.933169 1.181158 -0.078347
v 0.866879 1.121741 0.025785
v 0.870047 1.133566 0.032673
v 0.167182 0.028815 0.056974
v 0.189505 0.046911 -0.080244
v 0.165020 0.045443 -0.083458
v 0.160928 0.059529 -0.052076
v 0.160868 0.062547 -0.028037
v 0.184485 0.073997 -0.027004
v 0.186625 0.065550 -0.049716
v 0.000000 0.975239 0.002075
v 0.013892 0.975238 -0.002611
v 0.013892 0.908944 0.004513
v 0.028944 0.908944 -0.008288
v 0.028944 0.975239 -0.015412
v 0.034454 0.975239 -0.032899
v 0.034454 0.908944 -0.025775
v -0.000000 1.464284 -0.024422
v 0.008138 1.464284 -0.021551
v 0.028944 1.464284 -0.006935
v 0.000000 1.464284 0.045526
v 0.013892 1.464284 0.040840
v 0.028944 1.464284 0.028039
v 0.034454 1.464284 0.010552
v 0.000000 0.641675 -0.042263
v 0.028754 1.194210 0.065429
v 0.032045 1.211161 0.066245
v 0.028916 1.212358 0.054340
v 0.025625 1.195407 0.053525
v 0.000001 0.672158 -0.078890
v 0.000000 0.717019 -0.053715
v 0.000001 0.672158 -0.056032
v 0.005048 0.672158 -0.057531
v 0.013272 0.672158 -0.061846
v 0.015330 0.669298 -0.071769
v 0.012270 0.672158 -0.075699
v 0.026266 0.748041 -0.074045
v 0.030433 0.748041 -0.068819
v 0.026266 0.748041 -0.056671
v 0.014881 0.748041 -0.040641
v 0.000000 0.748041 -0.037730
v 0.000001 0.748041 -0.087271
v 0.010530 0.748041 -0.085099
v 0.010681 0.787180 -0.068292
v 0.000001 0.787180 -0.070447
v -0.000000 0.787180 -0.017944
v 0.014999 0.787180 -0.021461
v 0.026298 0.787180 -0.031069
v 0.030434 0.787180 -0.044195
v 0.026298 0.787180 -0.057321
v 0.027433 0.843631 -0.046320
v 0.032100 0.843631 -0.031507
v 0.027433 0.843631 -0.016695
v 0.014682 0.843631 -0.005852
v -0.000000 0.843631 -0.001883
v 0.000000 0.843631 -0.061133
v 0.009809 0.843631 -0.058701
v 0.008137 1.042515 -0.072231
v -0.000000 1.042515 -0.075102
v 0.000000 1.042515 -0.005154
v 0.013892 1.042514 -0.009840
v 0.028944 1.042515 -0.022641
v 0.034454 1.042515 -0.040128
v 0.028944 1.042515 -0.057615
v 0.028944 1.116102 -0.061849
v 0.034454 1.116102 -0.044361
v 0.028944 1.116102 -0.026874
v 0.013892 1.116102 -0.014073
v 0.000000 1.116102 -0.009387
v -0.000000 1.116102 -0.079336
v 0.008138 1.116102 -0.076464
v 0.008138 1.183288 -0.079383
v -0.000000 1.183288 -0.082254
v 0.000000 1.183288 -0.012306
v 0.013892 1.183288 -0.016992
v 0.028944 1.183288 -0.029793
v 0.034454 1.183288 -0.047280
v 0.028944 1.183288 -0.064767
v 0.028944 1.250742 -0.046422
v 0.034454 1.250742 -0.028934
v 0.028944 1.250742 -0.011447
v 0.013892 1.250742 0.001354
v 0.000000 1.250742 0.006040
v -0.000000 1.250742 -0.063909
v 0.008138 1.250742 -0.061037
v 0.008138 1.316315 -0.044459
v -0.000000 1.316315 -0.047330
v 0.000000 1.316315 0.022618
v 0.013892 1.316315 0.017933
v 0.028944 1.316315 0.005131
v 0.034454 1.316315 -0.012356
v 0.028944 1.316315 -0.029843
v 0.028944 1.389324 -0.017041
v 0.034454 1.389324 0.000446
v 0.028944 1.389324 0.017934
v 0.013892 1.389324 0.030735
v 0.000000 1.389324 0.035420
v -0.000000 1.389324 -0.034528
v 0.008138 1.389324 -0.031657
v 0.000000 1.016165 0.111075
v 0.024750 1.040784 0.096792
v 0.014815 1.160373 0.057959
v 0.009996 1.198979 0.047873
v 0.020683 1.066730 0.092562
v 0.000000 1.157268 0.056789
v 0.000000 1.063958 0.092617
v 0.000000 1.056726 0.100713
v 0.000000 1.198332 0.066569
v 0.000000 1.158570 0.079399
v 0.000000 1.023571 0.121056
v 0.000000 1.065607 0.116736
v 0.000000 1.198169 0.050067
v 0.000000 1.024446 0.109408
v 0.000000 1.157280 0.056796
v 0.000000 1.064104 0.092589
v 0.000000 1.038400 0.099102
v 0.053365 1.005412 0.111580
v 0.091234 1.020135 0.096178
v 0.051111 1.000897 0.108852
v 0.086635 1.020564 0.092210
v 0.092936 0.917795 0.047694
v 0.160761 0.979285 0.042420
v 0.087696 0.923030 0.044536
v 0.153574 0.982817 0.038875
v 0.132498 0.999483 0.068541
v 0.077819 0.966954 0.090068
v 0.139241 0.996233 0.074024
v 0.083780 0.968163 0.094537
v 0.109553 0.900494 -0.000642
v 0.155517 0.961987 -0.012487
v 0.105351 0.903691 0.000268
v 0.147584 0.967077 -0.013122
v 0.038882 0.962439 -0.075882
v 0.046649 0.993250 -0.089383
v 0.039643 0.961352 -0.062642
v 0.047490 0.992076 -0.076205
v 0.013594 0.973534 -0.047121
v 0.018363 0.992905 -0.055621
v 0.014103 0.972806 -0.038783
v 0.018877 0.992126 -0.047317
v 0.084871 0.937378 -0.066756
v 0.089117 0.936677 -0.070589
v 0.109117 0.956805 -0.069833
v 0.111755 0.956344 -0.073641
v 0.122770 0.931607 0.049923
v 0.142132 0.950109 0.043024
v 0.123959 0.919582 0.000600
v 0.127167 0.936408 -0.010583
v 0.097840 0.987628 0.085651
v 0.121677 0.972256 0.077199
v 0.101156 0.939417 -0.057069
v 0.094303 0.999297 0.094407
v 0.119756 0.935273 0.049790
v 0.137075 0.954091 0.039532
v 0.118439 0.926690 0.000561
v 0.122898 0.939337 -0.010025
v 0.087015 0.994540 0.085931
v 0.115915 0.976591 0.077800
v 0.092834 0.942454 -0.058306
v 0.086615 1.003461 0.094560
v 0.055213 1.030190 0.097400
v 0.040448 1.006352 0.108970
v 0.041975 1.008836 0.115001
v 0.056752 1.031578 0.103509
v 0.022696 1.050708 0.108575
v 0.024026 1.049644 0.095561
v 0.000000 1.058885 0.098457
v 0.000000 1.047262 0.097170
v 0.000000 1.039905 0.119605
v 0.099972 1.071913 0.074762
v 0.101563 1.069343 0.093668
v 0.109134 1.039804 0.088722
v 0.100156 1.041502 0.079263
v 0.150078 1.017127 -0.038396
v 0.163630 1.013609 -0.053566
v 0.146017 0.982175 -0.040876
v 0.141443 0.985300 -0.034006
v 0.062670 1.025675 -0.085933
v 0.060285 1.025144 -0.103216
v 0.051974 1.000770 -0.099257
v 0.052663 1.002274 -0.086530
v 0.019498 1.075542 -0.063553
v 0.003138 1.076288 -0.071091
v 0.002590 1.046716 -0.069087
v 0.014693 1.046229 -0.063455
v 0.162966 1.005653 0.022897
v 0.170316 1.003981 0.023396
v 0.171855 1.034941 0.025995
v 0.160732 1.037029 0.025459
v 0.015196 1.077994 0.101312
v 0.015318 1.076307 0.083931
v 0.000000 1.082115 0.084070
v 0.000000 1.082206 0.084050
v 0.000000 1.084204 0.108069
v 0.013332 1.099157 0.090956
v 0.013350 1.097791 0.073628
v 0.000000 1.104543 0.072961
v 0.000000 1.104589 0.072960
v 0.000000 1.106071 0.096896
v 0.113130 1.016404 -0.094143
v 0.104460 1.016500 -0.076335
v 0.098310 0.985808 -0.073624
v 0.099114 0.985654 -0.084436
v 0.014089 1.128421 0.082702
v 0.013916 1.127468 0.065494
v 0.000000 1.123384 0.065150
v 0.000000 1.123433 0.065149
v 0.000000 1.124537 0.088673
v 0.120428 1.100659 0.073599
v 0.111568 1.101666 0.063063
v 0.118552 1.127627 0.069156
v 0.109517 1.127803 0.059006
v 0.168128 1.048683 -0.040684
v 0.155528 1.051346 -0.040189
v 0.167745 1.089198 -0.056428
v 0.159492 1.093293 -0.058199
v 0.065425 1.075769 -0.112527
v 0.066480 1.076581 -0.098248
v 0.053366 1.117606 -0.114289
v 0.057404 1.117659 -0.094519
v 0.023408 1.092024 -0.079611
v 0.028829 1.092488 -0.065820
v 0.015268 1.134494 -0.081551
v 0.024574 1.134647 -0.063651
v 0.115453 1.097800 -0.090313
v 0.107950 1.052281 -0.079470
v 0.115206 1.051319 -0.092311
v 0.122812 1.097235 -0.108664
v 0.153465 1.105941 0.020609
v 0.148404 1.111338 0.013290
v 0.148654 1.074758 0.023105
v 0.138517 1.078099 0.018522
v 0.103424 1.150226 0.055822
v 0.101556 1.184238 0.050799
v 0.093613 1.147091 0.040725
v 0.092263 1.181338 0.035822
v 0.153494 1.160052 -0.031827
v 0.140595 1.200105 -0.028281
v 0.137682 1.154454 -0.028714
v 0.124600 1.193597 -0.025231
v 0.043367 1.166624 -0.112807
v 0.045521 1.210420 -0.101363
v 0.049170 1.164825 -0.096746
v 0.051684 1.208939 -0.085777
v 0.011915 1.158936 -0.073547
v 0.017944 1.190142 -0.069810
v 0.020689 1.157629 -0.064984
v 0.027164 1.188536 -0.061178
v 0.097169 1.169786 -0.092885
v 0.108057 1.172516 -0.105173
v 0.091461 1.212807 -0.083799
v 0.101727 1.215600 -0.096011
v 0.017175 1.180993 0.069692
v 0.011502 1.180690 0.053215
v 0.000000 1.183506 0.054130
v 0.000000 1.182618 0.053820
v 0.000000 1.183660 0.073409
v 0.080267 1.222289 0.029379
v 0.065885 1.222714 0.024108
v 0.086559 1.199965 0.028077
v 0.069763 1.196513 0.022919
v 0.102113 1.249707 -0.033505
v 0.084394 1.246474 -0.030926
v 0.098218 1.217702 -0.039058
v 0.083789 1.209302 -0.035868
v 0.043271 1.271785 -0.080372
v 0.039679 1.269120 -0.064466
v 0.042710 1.246514 -0.080600
v 0.038774 1.243542 -0.068833
v 0.010761 1.266212 -0.058502
v 0.015655 1.263600 -0.042437
v 0.006160 1.241600 -0.062464
v 0.011272 1.238694 -0.046279
v 0.030222 1.201341 0.050647
v 0.022403 1.200707 0.038827
v 0.027142 1.178626 0.041114
v 0.035107 1.179336 0.052970
v 0.071830 1.260686 -0.053384
v 0.069714 1.230589 -0.059035
v 0.073972 1.264915 -0.070695
v 0.071621 1.234942 -0.076453
v 0.027484 1.212844 0.068849
v 0.024051 1.189524 0.067949
v 0.024571 1.214411 0.053867
v 0.021138 1.191092 0.052967
v 0.001553 1.197787 0.059431
v 0.006703 1.217557 0.059628
v 0.004466 1.196219 0.074413
v 0.009616 1.215990 0.074611
v 0.072225 1.198567 0.048374
v 0.074210 1.215665 0.050070
v 0.067101 1.200303 0.037230
v 0.069085 1.217400 0.038925
v 0.111862 1.212745 0.010095
v 0.113848 1.229843 0.011791
v 0.106738 1.214480 -0.001049
v 0.108723 1.231579 0.000647
v 0.161464 1.236933 -0.021891
v 0.163449 1.254034 -0.020195
v 0.156340 1.238667 -0.033036
v 0.158325 1.255769 -0.031339
v 0.211270 1.234681 -0.033367
v 0.211926 1.250898 -0.031678
v 0.204996 1.235254 -0.043144
v 0.205394 1.252265 -0.041649
v 0.233902 1.239927 -0.049228
v 0.143367 1.235432 -0.088759
v 0.055889 1.201141 -0.110270
v 0.106776 1.219841 -0.105446
v 0.142636 1.255524 -0.091875
v 0.099841 1.242510 -0.109103
v 0.144546 1.236707 -0.097092
v 0.191002 1.160037 -0.060375
v 0.224816 1.180052 -0.062826
v 0.104536 1.220372 -0.107975
v 0.146773 1.121664 -0.100546
v 0.073866 1.130929 -0.118337
v 0.137462 1.250817 -0.077848
v 0.060299 1.229263 -0.100171
v 0.104724 1.261699 -0.079527
v 0.112356 1.091563 -0.105752
v 0.076268 1.266023 -0.077873
v 0.215436 1.247997 -0.045781
v 0.064897 1.256553 -0.077868
v 0.085971 1.095316 -0.107396
v 0.220974 1.230414 -0.048349
v 0.064080 1.200941 -0.100869
v 0.135272 1.213550 -0.092731
v 0.191471 1.239628 -0.059420
v 0.178956 1.196486 -0.075347
v 0.199817 1.185245 -0.024719
v 0.207300 1.225447 -0.021173
v 0.000000 0.908944 0.009199
v 0.028944 0.975239 -0.050386
v 0.028944 0.908944 -0.043262
v -0.000000 0.908944 -0.060749
v -0.000000 0.975239 -0.067873
v 0.008138 0.975239 -0.065002
v 0.008138 0.908944 -0.057878
v 0.007643 1.347928 -0.015833
v 0.007644 1.365675 -0.014742
v 0.007644 1.364584 0.003009
v 0.007643 1.346843 0.001918
v 0.042581 1.364583 0.003009
v 0.042581 1.365675 -0.014742
v 0.042581 1.346842 0.001918
v 0.042581 1.347927 -0.015833
v 0.056336 1.350791 -0.001576
v 0.056336 1.351421 -0.011881
v 0.056336 1.361724 -0.011248
v 0.056336 1.361091 -0.000943
v 0.000000 1.343863 -0.014326
v 0.000000 1.364740 -0.011232
v 0.010781 1.364740 -0.011232
v 0.010781 1.343872 -0.014325
v 0.010781 1.367108 -0.047271
v -0.000000 1.367108 -0.047271
v 0.010781 1.346240 -0.050364
v -0.000000 1.346233 -0.050365
v 0.006354 1.353010 -0.065865
v -0.000000 1.353005 -0.065866
v -0.000000 1.365124 -0.064070
v 0.006354 1.365123 -0.064070
v 0.004961 1.421629 -0.002628
v 0.004961 1.441481 -0.001407
v 0.004961 1.440260 0.018447
v 0.004961 1.420415 0.017227
v 0.036613 1.440260 0.018447
v 0.035462 1.439870 -0.001171
v 0.036612 1.420415 0.017227
v 0.035462 1.423198 -0.002196
v 0.051997 1.424833 0.013318
v 0.048382 1.426481 0.001516
v 0.048382 1.436159 0.002111
v 0.051997 1.436353 0.014027
v 0.000000 1.420094 -0.000062
v 0.000000 1.436965 0.002438
v 0.009364 1.436965 0.002438
v 0.009364 1.420100 -0.000061
v 0.009364 1.438878 -0.036393
v -0.000000 1.438878 -0.036393
v 0.009364 1.422015 -0.038892
v -0.000000 1.422009 -0.038893
v 0.005787 1.427485 -0.051418
v -0.000000 1.427481 -0.051418
v -0.000000 1.437274 -0.049967
v 0.005787 1.437274 -0.049967
v 0.011253 0.860861 -0.035742
v 0.011253 0.874828 -0.036410
v 0.011253 0.875496 -0.022443
v 0.011253 0.861535 -0.021775
v 0.040361 0.875496 -0.022443
v 0.040361 0.874828 -0.036410
v 0.040361 0.861535 -0.021775
v 0.040361 0.860861 -0.035742
v 0.051176 0.864322 -0.024845
v 0.051176 0.863931 -0.032953
v 0.051176 0.872039 -0.033340
v 0.051176 0.872427 -0.025232
v 0.000000 0.871626 -0.032432
v 0.000000 0.891463 -0.037877
v 0.012378 0.891463 -0.037877
v 0.012378 0.871634 -0.032434
v 0.012378 0.887295 -0.068499
v 0.000000 0.887295 -0.068499
v 0.012378 0.867466 -0.063056
v 0.000000 0.867458 -0.063054
v 0.008063 0.867413 -0.079540
v 0.000000 0.867409 -0.079539
v 0.000000 0.878924 -0.082699
v 0.008063 0.878924 -0.082699
v 0.011796 1.277989 -0.035451
v 0.011796 1.295733 -0.034360
v 0.011796 1.294641 -0.016610
v 0.011796 1.276904 -0.017700
v 0.045213 1.294641 -0.016610
v 0.045213 1.295733 -0.034361
v 0.045213 1.276904 -0.017700
v 0.045213 1.277988 -0.035451
v 0.058967 1.280851 -0.021194
v 0.058967 1.281481 -0.031499
v 0.058967 1.291782 -0.030866
v 0.058967 1.291149 -0.020562
v -0.000000 1.273926 -0.033004
v -0.000000 1.294798 -0.029911
v 0.008683 1.294798 -0.029910
v 0.008683 1.273934 -0.033002
v 0.008683 1.297166 -0.066890
v -0.000000 1.297166 -0.066890
v 0.008683 1.276303 -0.069982
v -0.000000 1.276295 -0.069983
v 0.004256 1.283070 -0.085483
v -0.000000 1.283065 -0.085484
v -0.000000 1.295182 -0.083688
v 0.004256 1.295182 -0.083688
v 0.016922 0.918919 -0.052409
v 0.016922 0.942286 -0.053527
v 0.009094 0.943404 -0.030159
v 0.009094 0.920046 -0.029042
v 0.052358 0.935330 -0.051541
v 0.061180 0.934213 -0.073179
v 0.051936 0.911972 -0.050507
v 0.060758 0.910845 -0.072144
v 0.077308 0.897731 -0.005543
v 0.086827 0.897076 -0.015207
v 0.087282 0.910641 -0.015669
v 0.077763 0.911290 -0.006005
v -0.000000 0.933028 -0.041009
v -0.000000 0.949736 -0.045896
v 0.009219 0.949733 -0.045897
v 0.009169 0.933031 -0.041011
v 0.009209 0.946258 -0.077474
v -0.000000 0.946261 -0.077474
v 0.009153 0.929642 -0.072581
v -0.000000 0.929639 -0.072579
v 0.005437 0.929628 -0.087080
v -0.000000 0.929626 -0.087079
v -0.000000 0.939232 -0.089924
v 0.005457 0.939231 -0.089924
v 0.079935 0.886650 0.016895
v 0.071028 0.887088 0.018741
v 0.080361 0.895746 0.016806
v 0.071454 0.896181 0.018653
v 0.053406 0.872503 0.061249
v 0.048754 0.872732 0.062214
v 0.053629 0.877254 0.061203
v 0.048977 0.877481 0.062168
v 0.007932 0.806027 -0.045547
v 0.008196 0.825312 -0.043540
v 0.008519 0.823301 -0.024256
v 0.008255 0.804023 -0.026262
v 0.040749 0.823125 -0.024522
v 0.040427 0.825137 -0.043807
v 0.040485 0.803847 -0.026529
v 0.040162 0.805851 -0.045814
v 0.055467 0.808134 -0.030422
v 0.055280 0.809297 -0.041617
v 0.055433 0.820493 -0.040452
v 0.055621 0.819325 -0.029258
v 0.000000 0.807538 -0.040023
v 0.000000 0.827374 -0.045467
v 0.009763 0.827374 -0.045467
v 0.009763 0.807545 -0.040025
v 0.009763 0.823207 -0.073078
v 0.000000 0.823207 -0.073078
v 0.009763 0.803378 -0.067636
v 0.000000 0.803370 -0.067634
v 0.005449 0.803325 -0.084119
v 0.000001 0.803320 -0.084118
v 0.000001 0.814836 -0.087279
v 0.005449 0.814836 -0.087279
v 0.003793 0.760590 -0.059299
v 0.004016 0.776152 -0.057579
v 0.004287 0.774428 -0.042018
v 0.004214 0.758775 -0.043216
v 0.033138 0.774280 -0.042243
v 0.032867 0.776004 -0.057804
v 0.033000 0.758686 -0.043778
v 0.032644 0.760442 -0.059524
v 0.045013 0.762199 -0.047093
v 0.044855 0.763196 -0.056127
v 0.044985 0.772231 -0.055128
v 0.045142 0.771230 -0.046095
v 0.000000 0.762155 -0.053641
v 0.000001 0.777188 -0.058232
v 0.009106 0.777188 -0.058231
v 0.009106 0.762161 -0.053643
v 0.009107 0.774030 -0.083218
v 0.000001 0.774030 -0.083218
v 0.009106 0.759002 -0.078630
v 0.000001 0.758996 -0.078628
v 0.004792 0.758962 -0.092527
v 0.000001 0.758959 -0.092526
v 0.000001 0.767686 -0.095191
v 0.004792 0.767686 -0.095191
v 0.051600 0.750137 -0.054307
v 0.030850 0.670954 -0.055928
v 0.055768 0.750137 -0.067532
v 0.033127 0.668240 -0.064198
v 0.024362 0.717019 -0.066337
v 0.000001 0.729891 -0.092564
v 0.011484 0.729891 -0.090671
v 0.015276 0.729891 -0.049550
v 0.000000 0.729891 -0.046462
v 0.025197 0.729891 -0.069082
v 0.025197 0.729891 -0.081038
v 0.028828 0.729891 -0.074640
v 0.060456 0.723394 -0.066901
v 0.064088 0.723394 -0.078426
v 0.033634 0.717019 -0.079544
v 0.051867 0.710523 -0.069958
v 0.055080 0.710523 -0.080155
v 0.015584 0.717019 -0.056447
v 0.024572 0.717019 -0.087073
v 0.125006 0.775863 -0.024121
v 0.145930 0.772067 -0.025150
v 0.111870 0.797416 -0.078917
v 0.091608 0.800340 -0.070491
v 0.126840 0.752083 0.005826
v 0.142168 0.748704 0.015024
v 0.025714 0.770237 -0.078543
v 0.029344 0.759911 -0.068581
v 0.099721 0.714593 0.002873
v 0.116522 0.712099 0.009521
v 0.102590 0.706172 0.006729
v 0.111715 0.704741 0.013592
v 0.079949 0.672655 0.035229
v 0.085822 0.670364 0.043323
v -0.000001 0.637115 0.033968
v -0.000001 0.631973 0.044231
v 0.112210 0.739345 -0.025778
v 0.088276 0.766370 -0.066892
v 0.108861 0.717686 -0.007243
v 0.028638 0.725243 -0.069214
v 0.104237 0.699249 -0.001204
v 0.098722 0.684771 0.002926
v 0.075609 0.657289 0.009677
v 0.126711 0.743999 -0.026321
v 0.102064 0.762143 -0.080439
v 0.138158 0.720745 -0.002829
v 0.024740 0.735549 -0.081496
v 0.135161 0.694440 0.002350
v 0.132135 0.685234 0.012021
v 0.092457 0.650899 0.031908
v -0.000001 0.625021 0.044606
v 0.081464 0.690808 -0.043985
v 0.074735 0.695292 -0.065419
v 0.078238 0.675741 -0.040845
v 0.031051 0.684106 -0.063704
v 0.064986 0.649027 -0.023684
v 0.062438 0.631994 -0.024279
v 0.060858 0.616498 -0.024467
v 0.094314 0.686297 -0.046545
v 0.083564 0.698725 -0.072242
v 0.096007 0.671873 -0.037367
v 0.025323 0.695473 -0.073093
v 0.093068 0.648246 -0.029083
v 0.087909 0.632882 -0.028763
v 0.076067 0.609829 -0.025966
v -0.000001 0.627107 0.033345
v -0.000001 0.632081 0.056952
v -0.000001 0.635291 0.046546
v -0.000001 0.624907 0.045312
v 0.025997 0.580093 -0.020894
v -0.000001 0.628002 0.030776
v 0.023359 0.589310 -0.029275
v 0.053531 0.789451 -0.081091
v 0.062989 0.795254 -0.090047
v 0.054799 0.754962 -0.079683
v 0.058809 0.759201 -0.092562
v 0.052363 0.692153 -0.077071
v 0.053422 0.700800 -0.085212
v 0.047996 0.600453 -0.017826
v 0.053453 0.594432 -0.006467
v 0.073855 0.637412 0.014601
v 0.066901 0.646798 0.007142
v 0.038269 0.589161 -0.003256
v 0.067308 0.607393 -0.003913
v 0.029840 0.609176 0.019748
v 0.138926 0.659971 -0.004553
v 0.131561 0.660984 -0.030044
v 0.174845 0.675363 0.005931
v 0.193328 0.678249 -0.025122
v 0.177990 0.678669 -0.052946
v 0.148932 0.676350 -0.056126
v 0.141289 0.695532 -0.008808
v 0.132180 0.697930 -0.030308
v 0.160973 0.710217 0.000212
v 0.178442 0.718149 -0.025208
v 0.166832 0.715690 -0.052121
v 0.151871 0.707850 -0.055773
v 0.109583 0.677177 -0.020531
v 0.111498 0.676834 -0.005361
v 0.109543 0.702706 -0.020422
v 0.111826 0.703056 -0.005910
v 0.145508 0.681036 0.005443
v 0.173271 0.694315 0.004723
v 0.128846 0.679294 -0.038987
v 0.191870 0.696783 -0.025047
v 0.177319 0.695940 -0.052701
v 0.148461 0.693370 -0.056006
v 0.112625 0.690265 0.001842
v 0.108541 0.690093 -0.027527
v 0.129771 0.660534 -0.002096
v 0.123564 0.662731 -0.028532
v 0.123110 0.705681 -0.028436
v 0.130322 0.707608 -0.004839
v 0.134432 0.685903 0.010700
v 0.120441 0.684609 -0.039597
v 0.155011 0.629216 -0.034261
v 0.142478 0.630186 -0.019272
v 0.147624 0.631228 -0.001528
v 0.180783 0.628223 -0.015440
v 0.172409 0.628048 -0.031826
v 0.169909 0.630256 0.002284
v 0.145435 0.387178 -0.018567
v 0.171745 0.386291 -0.012596
v 0.134889 0.337722 -0.008741
v 0.173900 0.336604 -0.002822
v 0.165626 0.308260 0.004076
v 0.151736 0.312188 -0.026406
v 0.167764 0.314177 -0.019379
v 0.174061 0.311661 -0.006922
v 0.132269 0.312649 -0.009912
v 0.147305 0.308322 0.004415
v 0.181332 0.068419 -0.055625
v 0.192605 0.067218 -0.060178
v 0.192538 0.067660 -0.046961
v 0.182811 0.068261 -0.046973
v 0.174540 0.304080 -0.009771
v 0.186770 0.306015 -0.009288
v 0.183424 0.305249 -0.017967
v 0.170606 0.304375 -0.018135
v 0.184135 0.198239 -0.027098
v 0.193739 0.198307 -0.034263
v 0.194321 0.198275 -0.026629
v 0.182005 0.198292 -0.033470
v 0.193001 0.252144 -0.020022
v 0.176109 0.252194 -0.029343
v 0.179618 0.251697 -0.019533
v 0.191010 0.252448 -0.030085
v 0.185095 0.140925 -0.034011
v 0.196744 0.141559 -0.044136
v 0.196706 0.141116 -0.034408
v 0.183057 0.141623 -0.043781
v 0.150861 0.011270 0.118897
v 0.144511 0.008719 0.114273
v 0.146960 0.001454 0.117280
v 0.152891 0.003252 0.122037
v 0.179955 0.047284 -0.083554
v 0.171428 0.076563 -0.026748
v 0.145412 0.002393 0.097671
v 0.162503 0.021394 0.087013
v 0.166449 0.013171 0.086137
v 0.177429 0.004483 -0.104043
v 0.177034 0.014414 -0.052551
v 0.164607 0.008409 0.071717
v 0.161649 0.016652 0.050821
v 0.177486 0.019557 -0.103428
v 0.178479 0.040496 -0.092563
v 0.176380 0.021947 0.011204
v 0.181346 0.009027 0.119496
v 0.199613 0.006085 0.109172
v 0.199358 -0.004190 0.112938
v 0.180758 -0.000657 0.121841
v 0.163333 0.001586 0.120370
v 0.163316 0.010980 0.117888
v 0.164509 0.000071 -0.083469
v 0.157818 0.029933 -0.060528
v 0.186769 0.053104 -0.064705
v 0.186795 -0.001871 -0.082245
v 0.199361 0.029603 -0.068234
v 0.160271 0.045177 -0.062719
v 0.165011 0.053415 -0.063087
v 0.193508 0.046640 -0.066008
v 0.175440 -0.000509 -0.073652
v 0.176147 0.055528 -0.068960
v 0.171828 0.068034 -0.051418
v 0.183096 0.079529 -0.044809
v 0.194648 0.077766 -0.059267
v 0.194822 0.078161 -0.045208
v 0.181454 0.079815 -0.054953
v 0.194286 0.082029 -0.044698
v 0.183335 0.082954 -0.055863
v 0.184444 0.082361 -0.044549
v 0.194182 0.082526 -0.058301
v 0.146369 0.002393 0.104946
v 0.144563 0.011816 0.100759
v 0.144304 0.013808 0.092371
v 0.155890 0.016668 0.098366
v 0.153603 0.014550 0.106121
v 0.154948 0.006865 0.108040
v 0.156504 0.009497 0.098993
v 0.146164 0.001579 0.107295
v 0.153737 0.015304 0.108825
v 0.143821 0.012112 0.102682
v 0.155544 0.006074 0.111478
v 0.175598 0.020200 0.088259
v 0.173291 0.020411 0.088040
v 0.177401 0.029182 0.057731
v 0.172419 0.009994 0.118700
v 0.170570 0.010194 0.118535
v 0.169262 0.000823 0.120870
v 0.171001 0.000599 0.121017
v 0.184312 0.008549 0.117820
v 0.188311 0.019119 0.088116
v 0.183201 -0.001121 0.120672
v 0.190210 0.007599 0.114486
v 0.193345 0.007095 0.112714
v 0.195506 0.018659 0.085413
v 0.197590 0.018525 0.084630
v 0.189613 -0.002339 0.117602
v 0.192763 -0.002937 0.116095
v 0.199523 0.027351 0.055062
v 0.127177 0.354778 0.030695
v 0.137866 0.373438 0.025977
v 0.165066 0.372838 0.028145
v 0.174909 0.354007 0.034704
v 0.174154 0.330157 0.034392
v 0.163639 0.316279 0.027300
v 0.137457 0.317075 0.025001
v 0.127258 0.331235 0.030185
v 0.128321 0.333041 0.012550
v 0.128147 0.353573 0.012551
v 0.138388 0.372626 0.010993
v 0.166878 0.371900 0.013488
v 0.176800 0.352810 0.016675
v 0.176138 0.332004 0.016394
v 0.165550 0.317769 0.012781
v 0.138014 0.318511 0.010621
v 0.260173 1.234677 -0.056358
v 0.255205 1.222387 -0.008828
v 0.253733 1.208442 -0.005058
v 0.252251 1.207374 -0.055300
v 0.261715 1.241527 -0.021345
v 0.253305 1.202897 -0.033464
v 0.253513 1.220217 -0.068377
v 0.488151 1.209045 -0.062654
v 0.487870 1.220172 -0.062341
v 0.487432 1.220978 -0.075786
v 0.487690 1.207586 -0.073019
v 0.496634 1.204808 -0.076163
v 0.497331 1.222456 -0.079761
v 0.499219 1.207147 -0.058060
v 0.500092 1.221305 -0.057273
v 0.505589 1.206495 -0.075326
v 0.506253 1.219454 -0.077964
v 0.507374 1.208014 -0.060926
v 0.508239 1.218820 -0.060512
v 0.770412 1.189456 -0.034968
v 0.771128 1.200167 -0.036378
v 0.768354 1.183091 -0.021121
v 0.773578 1.199960 -0.020773
v 0.596768 1.202864 -0.052238
v 0.681946 1.197091 -0.030620
v 0.682042 1.196246 -0.042733
v 0.594233 1.202429 -0.064530
v 0.596979 1.215250 -0.052214
v 0.683687 1.210122 -0.030346
v 0.598503 1.217510 -0.068404
v 0.683913 1.208616 -0.045056
v 0.487152 1.213953 -0.076686
v 0.488596 1.214286 -0.061767
v 0.496655 1.213222 -0.080224
v 0.499826 1.213628 -0.057460
v 0.505611 1.212695 -0.078909
v 0.507973 1.213005 -0.060176
v 0.771272 1.186682 -0.037263
v 0.770361 1.194513 -0.020985
v 0.598050 1.210653 -0.069256
v 0.683734 1.201917 -0.045774
v 0.597072 1.208850 -0.051248
v 0.683652 1.203470 -0.028861
v 0.754862 1.184135 -0.022694
v 0.756982 1.203465 -0.024557
v 0.755118 1.202950 -0.036035
v 0.754488 1.178501 -0.035109
v 0.753459 1.198175 -0.037334
v 0.755804 1.189288 -0.022391
v 0.760355 1.177496 -0.019767
v 0.764158 1.194643 -0.018922
v 0.763198 1.194417 -0.037526
v 0.762328 1.186973 -0.038900
v 0.761242 1.187912 -0.018173
v 0.760989 1.177850 -0.035327
v 0.774915 1.189985 -0.069420
v 0.771293 1.181421 -0.071914
v 0.886504 1.181573 0.004175
v 0.887570 1.180080 0.013589
v 0.888342 1.171024 0.004408
v 0.889228 1.169665 0.013646
v 0.885072 1.191390 -0.026306
v 0.885421 1.187317 -0.010876
v 0.886175 1.185415 -0.025940
v 0.886958 1.177348 -0.011015
v 0.881396 1.186326 -0.042898
v 0.880794 1.181218 -0.055965
v 0.880391 1.191996 -0.042370
v 0.879877 1.189204 -0.056331
v 0.873782 1.174315 -0.080370
v 0.873801 1.186451 -0.079561
v 0.876141 1.176140 -0.068653
v 0.874785 1.187001 -0.068213
v 0.890794 1.179484 0.013899
v 0.889604 1.181268 0.004689
v 0.892118 1.170215 0.005136
v 0.892916 1.168975 0.013889
v 0.884043 1.182391 0.003665
v 0.882884 1.171014 0.003874
v 0.885729 1.169508 0.014034
v 0.883781 1.180131 0.013344
v 0.888493 1.187304 -0.011020
v 0.888184 1.191272 -0.026257
v 0.889694 1.184858 -0.025673
v 0.890453 1.176706 -0.011270
v 0.882375 1.191735 -0.026735
v 0.883483 1.185494 -0.026379
v 0.884487 1.176998 -0.010571
v 0.882923 1.187425 -0.010440
v 0.884791 1.180979 -0.055637
v 0.885183 1.185696 -0.042678
v 0.883730 1.192138 -0.042562
v 0.883503 1.189347 -0.056236
v 0.878329 1.186359 -0.042427
v 0.877317 1.192350 -0.042479
v 0.876950 1.189339 -0.057073
v 0.877880 1.180788 -0.056716
v 0.876655 1.186275 -0.079760
v 0.877254 1.174036 -0.080297
v 0.879082 1.175703 -0.068277
v 0.877319 1.186764 -0.068540
v 0.870078 1.174018 -0.081254
v 0.872248 1.175979 -0.068019
v 0.870912 1.187383 -0.068250
v 0.870241 1.186789 -0.080339
v 0.028944 1.396959 0.018963
v 0.013892 1.396959 0.031764
v 0.000000 1.396959 0.036450
v 0.028944 1.396959 -0.016011
v 0.034454 1.396959 0.001476
v -0.000000 1.396959 -0.033499
v 0.008138 1.396959 -0.030627
v -0.000000 1.324342 -0.045922
v 0.008138 1.324342 -0.043051
v 0.013892 1.324342 0.019340
v 0.000000 1.324342 0.024026
v 0.028944 1.324342 0.006539
v 0.028944 1.324342 -0.028435
v 0.034454 1.324342 -0.010948
v -0.000000 1.258679 -0.061902
v 0.008138 1.258679 -0.059031
v 0.028944 1.258679 -0.044415
v 0.034454 1.258679 -0.026928
v 0.028944 1.258679 -0.009441
v 0.013892 1.258679 0.003361
v 0.000000 1.258679 0.008046
v 0.000000 1.192572 -0.009781
v 0.034454 1.192572 -0.044755
v 0.028944 1.192572 -0.027268
v 0.013892 1.192572 -0.014467
v -0.000000 1.192572 -0.079729
v 0.008138 1.192572 -0.076858
v 0.028944 1.192572 -0.062242
v -0.000000 1.123484 -0.079656
v 0.008138 1.123484 -0.076785
v 0.028944 1.123484 -0.062169
v 0.034454 1.123484 -0.044682
v 0.028944 1.123484 -0.027195
v 0.013892 1.123484 -0.014394
v 0.000000 1.123484 -0.009708
v 0.034454 1.050270 -0.040574
v 0.028944 1.050270 -0.023087
v -0.000000 1.050270 -0.075549
v 0.008137 1.050270 -0.072678
v 0.028944 1.050270 -0.058062
v 0.013892 1.050270 -0.010286
v 0.000000 1.050270 -0.005600
v 0.028944 0.982378 -0.016179
v 0.008138 0.982378 -0.065769
v 0.028944 0.982378 -0.051153
v 0.000000 0.982378 0.001308
v 0.034454 0.982378 -0.033666
v 0.013892 0.982377 -0.003378
v -0.000000 0.982378 -0.068640
v 0.034454 0.917011 -0.026642
v -0.000000 0.917011 -0.061616
v 0.028944 0.917011 -0.044129
v 0.000000 0.917011 0.008332
v 0.028944 0.917011 -0.009155
v 0.013892 0.917011 0.003646
v 0.008138 0.917011 -0.058745
v 0.032395 0.851820 -0.030789
v 0.000000 0.851820 -0.061085
v 0.014583 0.851820 -0.004552
v 0.027622 0.851820 -0.015641
v -0.000000 0.851820 -0.000493
v 0.027623 0.851820 -0.045937
v 0.009599 0.851820 -0.058597
v 0.000000 0.795083 -0.069143
v 0.010559 0.795083 -0.066949
v 0.014955 0.795083 -0.019275
v -0.000000 0.795083 -0.015695
v 0.026457 0.795083 -0.029057
v 0.026457 0.795083 -0.055781
v 0.030667 0.795083 -0.042419
v 0.030433 0.755960 -0.063837
v 0.000000 0.755960 -0.033726
v 0.026273 0.755960 -0.070661
v 0.000001 0.755960 -0.083867
v 0.010561 0.755960 -0.081699
v 0.026272 0.755960 -0.051491
v 0.014905 0.755960 -0.036761
v -0.025898 0.600302 0.007204
v -0.042301 0.598737 -0.032885
v -0.023262 0.608779 -0.002452
v -0.022696 0.621453 0.012834
v -0.013445 0.597540 0.005260
v -0.010109 0.604499 -0.001921
v -0.062059 0.616339 -0.013246
v -0.036060 0.596742 -0.014693
v -0.045141 0.588982 -0.029605
v -0.764819 1.182611 -0.074937
v -0.772232 1.207070 -0.060892
v -0.762756 1.183874 -0.060520
v -0.769261 1.183823 -0.044137
v -0.664325 1.175044 -0.068812
v -0.771394 1.184727 -0.030013
v -0.770210 1.191427 -0.064274
v -0.763643 1.202613 -0.061737
v -0.766590 1.205696 -0.046539
v -0.771192 1.200342 -0.031624
v -0.772926 1.190142 -0.019768
v -0.150447 1.186358 -0.109203
v -0.144059 0.021199 0.051341
v -0.233473 1.184786 -0.064308
v -0.198596 1.155133 -0.064044
v -0.201389 0.037034 -0.051170
v -0.149484 1.112715 -0.109243
v -0.023531 1.041832 0.108111
v -0.812863 1.180987 -0.060958
v -0.815567 1.182190 -0.082346
v -0.800369 1.188451 -0.076538
v -0.816607 1.199653 -0.082161
v -0.799406 1.205303 -0.078527
v -0.823059 1.203241 -0.063745
v -0.794783 1.207341 -0.059904
v -0.793352 1.206320 -0.036499
v -0.795578 1.201653 -0.019051
v -0.831573 1.193615 -0.002837
v -0.185033 0.070291 -0.056957
v -0.181377 0.076852 -0.031854
v -0.162119 0.065221 -0.031396
v -0.157361 0.055493 -0.058763
v -0.159404 0.076988 -0.070287
v -0.182118 0.078485 -0.065443
v -0.147979 0.101947 -0.050408
v -0.155434 0.102397 -0.031111
v -0.161731 0.102386 -0.070669
v -0.181286 0.102446 -0.068060
v -0.186314 0.102163 -0.049879
v -0.138641 0.326147 -0.035334
v -0.139192 0.345794 -0.031512
v -0.171006 0.344986 -0.026845
v -0.182872 0.324785 -0.018606
v -0.188774 0.323308 -0.008265
v -0.173418 0.319195 0.018882
v -0.120113 0.324581 -0.009435
v -0.134878 0.319613 0.018780
v -0.015161 1.161341 0.074739
v -0.066263 1.123290 -0.129552
v -0.141457 1.256789 -0.083542
v -0.015774 1.200229 0.064331
v -0.190513 0.024539 -0.052280
v -0.201028 0.020697 -0.089488
v -0.051573 1.233471 -0.109473
v -0.102501 1.265806 -0.085223
v -0.187674 -0.000848 -0.094675
v -0.166976 0.001673 -0.100207
v -0.110192 1.078371 -0.115184
v -0.098662 1.241235 -0.100770
v -0.117028 1.169757 -0.121558
v -0.075777 1.272814 -0.086034
v -0.662982 1.181975 -0.078099
v -0.223360 1.257121 -0.045381
v -0.663705 1.194384 -0.073343
v -0.159473 0.038804 -0.043597
v -0.501761 1.182623 -0.079836
v -0.476913 1.212201 -0.071850
v -0.476313 1.222414 -0.047063
v -0.164276 0.020924 -0.057601
v -0.449903 1.182796 -0.037915
v -0.057192 1.261874 -0.087361
v -0.080077 1.082656 -0.117060
v -0.191091 0.059213 0.006145
v -0.156305 0.019408 -0.091485
v -0.759958 1.193639 -0.046456
v -0.761334 1.187433 -0.051800
v -0.760490 1.202896 -0.052350
v -0.174495 0.253123 -0.017645
v -0.178262 0.153732 -0.036099
v -0.160701 0.154865 -0.049676
v -0.155143 0.253738 -0.035337
v -0.157349 0.153604 -0.025631
v -0.151850 0.252599 -0.008050
v -0.150309 0.154529 -0.035806
v -0.142121 0.253182 -0.017945
v -0.167044 0.252735 -0.009349
v -0.170669 0.153269 -0.026429
v -0.173575 0.154461 -0.047571
v -0.169040 0.253545 -0.031369
v -0.175870 0.102645 -0.031877
v -0.128594 0.345681 0.020374
v -0.116489 0.349006 -0.006210
v -0.164673 0.346361 0.026556
v -0.185830 0.348756 0.004049
v -0.190555 0.041834 0.039561
v -0.169410 0.039036 0.038311
v -0.144400 0.028043 0.055060
v -0.215250 0.024860 0.051384
v -0.160702 0.021645 0.087353
v -0.185438 0.019303 0.089196
v -0.215528 0.017376 0.077891
v -0.142099 0.017715 0.078629
v -0.160548 0.012882 0.086478
v -0.186593 0.000046 0.096408
v -0.211385 0.010504 0.037943
v -0.661515 1.195916 -0.062548
v -0.660859 1.189930 -0.056006
v -0.662990 1.181947 -0.054424
v -0.663173 1.181785 -0.057169
v -0.453836 1.216430 -0.044541
v -0.019804 1.067585 0.110312
v -0.452420 1.203132 -0.033620
v -0.449443 1.180080 -0.052916
v -0.451015 1.192648 -0.067389
v -0.453310 1.210465 -0.063792
v -0.450667 1.189696 -0.032070
v -0.288375 1.202663 -0.033432
v -0.293918 1.231895 -0.038413
v -0.287982 1.202097 -0.045340
v -0.292779 1.227391 -0.051898
v -0.290347 1.209214 -0.026544
v -0.292617 1.221683 -0.028133
v -0.289929 1.212288 -0.055021
v -0.230233 1.225792 -0.052037
v -0.227353 1.201324 -0.032028
v -0.223960 1.205055 -0.040947
v -0.224577 1.206270 -0.020725
v -0.474481 1.170569 -0.037533
v -0.475773 1.188977 -0.078103
v -0.492909 1.184998 -0.034417
v -0.490976 1.198607 -0.032008
v -0.225335 1.228697 -0.019576
v -0.240466 1.242579 -0.023425
v -0.241072 1.242195 -0.050715
v -0.490310 1.213362 -0.044984
v -0.492097 1.207621 -0.056893
v -0.486015 1.192857 -0.067795
v -0.491045 1.179239 -0.039677
v -0.486711 1.180528 -0.056457
v -0.474947 1.202110 -0.024783
v -0.474350 1.178349 -0.027661
v -0.477043 1.171762 -0.059595
v -0.149563 0.540278 0.009292
v -0.141190 0.539100 -0.009473
v -0.169198 0.540241 0.011098
v -0.180709 0.539161 -0.004212
v -0.173873 0.537946 -0.022406
v -0.153970 0.537841 -0.025860
v -0.141444 0.438732 0.013642
v -0.136173 0.439411 -0.006890
v -0.161226 0.436401 0.018907
v -0.175721 0.434845 0.003958
v -0.170405 0.435286 -0.011529
v -0.150682 0.437520 -0.016989
v -0.827795 1.203773 -0.034740
v -0.188498 0.345793 0.001397
v -0.171681 0.055889 0.004823
v -0.168417 0.354932 0.032023
v -0.115704 0.349294 -0.008599
v -0.128436 0.355411 0.020069
v -0.195922 0.052819 -0.048395
v -0.191145 0.042925 -0.088317
v -0.164458 0.041707 -0.093386
v -0.159824 0.055553 -0.050646
v -0.142638 0.000065 0.087069
v -0.212066 0.000045 0.084714
v -0.204834 0.042610 0.004018
v -0.163595 0.030534 0.010829
v -0.157713 0.044245 0.005717
v -0.212529 0.028596 0.004002
v -0.769010 1.198097 -0.072934
v -0.557866 1.171847 -0.056327
v -0.559053 1.184857 -0.055693
v -0.482509 1.172271 -0.051081
v -0.485081 1.182343 -0.044958
v -0.486679 1.192464 -0.059308
v -0.489034 1.190327 -0.074497
v -0.488137 1.174653 -0.077069
v -0.485459 1.166353 -0.054491
v -0.486446 1.166248 -0.065108
v -0.557465 1.168052 -0.062338
v -0.559961 1.194181 -0.073526
v -0.557264 1.193953 -0.064248
v -0.559228 1.180384 -0.083663
v -0.559422 1.174275 -0.071424
v -0.777515 1.198045 -0.042620
v -0.778401 1.205835 -0.048205
v -0.781172 1.212796 -0.052989
v -0.778493 1.203526 -0.070986
v -0.779745 1.190293 -0.052680
v -0.775204 1.184950 -0.054304
v -0.777059 1.189813 -0.047753
v -0.135039 0.384129 0.011389
v -0.128960 0.384766 -0.008087
v -0.163094 0.382658 0.017461
v -0.176277 0.386616 0.004279
v -0.179339 0.354809 -0.024431
v -0.138836 0.356130 -0.030639
v -0.046521 0.629543 0.011844
v -0.040229 0.633558 0.023501
v -0.042187 0.644967 0.044000
v -0.044883 0.629342 0.041473
v -0.044960 0.642321 0.053098
v -0.053345 0.620283 0.018873
v -0.796627 1.183170 -0.056550
v -0.825177 1.137693 0.014260
v -0.803118 1.171232 -0.028760
v -0.803197 1.175974 -0.007081
v -0.821980 1.148254 0.019514
v -0.846122 1.197709 -0.034197
v -0.850119 1.189300 -0.002860
v -0.839823 1.190331 -0.081916
v -0.841978 1.193807 -0.063745
v -0.837713 1.176228 -0.083494
v -0.843129 1.174288 -0.063745
v -0.847314 1.186852 -0.034009
v -1.008603 1.173629 -0.022003
v -1.007806 1.172198 -0.014295
v -1.008112 1.179471 -0.014817
v -1.008812 1.180469 -0.022384
v -0.838516 1.180565 0.002433
v -0.824494 1.155089 0.012626
v -0.900455 1.128506 0.032746
v -0.897270 1.125438 0.037019
v -0.899005 1.131958 0.040283
v -0.899720 1.134348 0.034995
v -0.828543 1.177488 -0.034692
v -0.835008 1.143278 0.006583
v -0.995057 1.183319 -0.049601
v -0.994770 1.178737 -0.049375
v -0.994681 1.178910 -0.042983
v -0.994267 1.185862 -0.042641
v -0.860980 1.180558 0.009052
v -1.001894 1.165790 0.008390
v -1.002248 1.163544 0.013468
v -1.002618 1.171400 0.013572
v -1.002335 1.172207 0.008483
v -0.948960 1.171026 -0.071812
v -0.948181 1.175658 -0.071170
v -0.949259 1.175516 -0.077148
v -0.949233 1.170033 -0.077586
v -0.937535 1.188563 -0.023977
v -0.937555 1.186605 -0.012934
v -0.938483 1.178803 -0.022779
v -0.938975 1.169737 -0.014039
v -0.852140 1.170925 -0.002860
v -0.934849 1.179942 -0.044419
v -0.934284 1.178804 -0.051510
v -0.933454 1.192618 -0.042362
v -0.933512 1.190832 -0.052918
v -0.936699 1.177448 0.005243
v -0.938189 1.173862 0.015555
v -0.938888 1.163486 0.007412
v -0.938949 1.163231 0.015020
v -0.871527 1.168181 0.015093
v -0.911126 1.172092 -0.079232
v -0.910716 1.184062 -0.078998
v -0.911658 1.172658 -0.070773
v -0.910779 1.183646 -0.070619
v -0.972888 1.182953 -0.012369
v -0.973294 1.184652 -0.023132
v -0.973691 1.171073 -0.023113
v -0.974422 1.166388 -0.013234
v -0.964281 1.177378 -0.043434
v -0.962811 1.177415 -0.051435
v -0.963580 1.188440 -0.042033
v -0.961932 1.185786 -0.052206
v -0.970425 1.173445 0.006167
v -0.970722 1.171532 0.015657
v -0.967136 1.161813 0.007404
v -0.966914 1.161667 0.014777
v -0.931044 1.171103 -0.078691
v -0.929325 1.181534 -0.078581
v -0.930032 1.172090 -0.070884
v -0.930208 1.181296 -0.070394
v -0.870514 1.130091 0.026941
v -0.870574 1.139963 0.029539
v -0.866123 1.123822 0.033535
v -0.868286 1.130970 0.038178
v -0.188169 0.029149 0.057718
v -0.966642 1.171268 0.015458
v -0.941707 1.176504 0.005284
v -0.942607 1.173355 0.015794
v -0.965522 1.173850 0.006268
v -0.932973 1.174528 0.015586
v -0.930757 1.178735 0.005188
v -0.976549 1.172329 0.015322
v -0.977500 1.173728 0.005991
v -0.830108 1.136382 0.016520
v -0.822542 1.140350 0.010286
v -0.864881 1.124099 0.032413
v -0.866673 1.131485 0.037222
v -0.818767 1.152774 0.016314
v -0.828297 1.145403 0.020444
v -0.942025 1.187935 -0.023771
v -0.942022 1.186023 -0.012886
v -0.932421 1.187162 -0.012581
v -0.932547 1.189987 -0.024620
v -0.969038 1.185001 -0.023118
v -0.968879 1.183332 -0.012547
v -0.976950 1.182740 -0.012323
v -0.977671 1.184608 -0.023386
v -0.929159 1.190655 -0.053247
v -0.929703 1.193436 -0.041922
v -0.937822 1.189975 -0.052206
v -0.938266 1.191872 -0.042439
v -0.957418 1.186558 -0.051502
v -0.958911 1.188964 -0.042197
v -0.968177 1.188130 -0.041877
v -0.966857 1.185315 -0.051895
v -0.907064 1.185109 -0.070171
v -0.906033 1.185044 -0.079007
v -0.914994 1.183072 -0.070584
v -0.914674 1.183554 -0.078960
v -0.926988 1.181642 -0.070511
v -0.926281 1.181950 -0.078612
v -0.933679 1.181011 -0.070350
v -0.933169 1.181158 -0.078346
v -0.866879 1.121741 0.025786
v -0.870047 1.133567 0.032673
v -0.167182 0.028815 0.056974
v -0.189506 0.046911 -0.080244
v -0.165020 0.045443 -0.083458
v -0.160928 0.059529 -0.052076
v -0.160869 0.062547 -0.028037
v -0.184485 0.073996 -0.027004
v -0.186626 0.065550 -0.049716
v 0.000000 0.975239 0.002075
v -0.013892 0.975238 -0.002611
v -0.013892 0.908944 0.004513
v -0.028944 0.908944 -0.008288
v -0.028944 0.975239 -0.015412
v -0.034454 0.975239 -0.032899
v -0.034454 0.908944 -0.025775
v -0.000000 1.464284 -0.024422
v -0.008138 1.464284 -0.021551
v -0.028944 1.464284 -0.006935
v 0.000000 1.464284 0.045526
v -0.013892 1.464284 0.040840
v -0.028944 1.464284 0.028039
v -0.034454 1.464284 0.010552
v 0.000000 0.641675 -0.042263
v -0.028754 1.194210 0.065429
v -0.032045 1.211162 0.066245
v -0.028916 1.212358 0.054340
v -0.025625 1.195407 0.053525
v 0.000001 0.672158 -0.078890
v 0.000000 0.717019 -0.053715
v 0.000001 0.672158 -0.056032
v -0.005047 0.672158 -0.057531
v -0.013271 0.672158 -0.061846
v -0.015329 0.669298 -0.071769
v -0.012268 0.672158 -0.075699
v -0.026264 0.748041 -0.074046
v -0.030432 0.748041 -0.068820
v -0.026265 0.748041 -0.056672
v -0.014881 0.748041 -0.040642
v 0.000000 0.748041 -0.037730
v 0.000001 0.748041 -0.087271
v -0.010528 0.748041 -0.085100
v -0.010680 0.787180 -0.068292
v 0.000001 0.787180 -0.070447
v -0.000000 0.787180 -0.017944
v -0.014999 0.787180 -0.021461
v -0.026298 0.787180 -0.031070
v -0.030433 0.787180 -0.044196
v -0.026297 0.787180 -0.057322
v -0.027433 0.843631 -0.046320
v -0.032100 0.843631 -0.031508
v -0.027433 0.843631 -0.016695
v -0.014683 0.843631 -0.005852
v -0.000000 0.843631 -0.001883
v 0.000000 0.843631 -0.061133
v -0.009808 0.843631 -0.058701
v -0.008137 1.042515 -0.072231
v -0.000000 1.042515 -0.075102
v 0.000000 1.042515 -0.005154
v -0.013892 1.042514 -0.009840
v -0.028944 1.042515 -0.022641
v -0.034454 1.042515 -0.040128
v -0.028944 1.042515 -0.057615
v -0.028944 1.116102 -0.061849
v -0.034454 1.116102 -0.044361
v -0.028944 1.116102 -0.026874
v -0.013892 1.116102 -0.014073
v 0.000000 1.116102 -0.009387
v -0.000000 1.116102 -0.079336
v -0.008138 1.116102 -0.076464
v -0.008138 1.183288 -0.079383
v -0.000000 1.183288 -0.082254
v 0.000000 1.183288 -0.012306
v -0.013892 1.183288 -0.016992
v -0.028944 1.183288 -0.029793
v -0.034454 1.183288 -0.047280
v -0.028944 1.183288 -0.064767
v -0.028944 1.250742 -0.046422
v -0.034454 1.250742 -0.028934
v -0.028944 1.250742 -0.011447
v -0.013892 1.250742 0.001354
v 0.000000 1.250742 0.006040
v -0.000000 1.250742 -0.063909
v -0.008138 1.250742 -0.061037
v -0.008138 1.316315 -0.044459
v -0.000000 1.316315 -0.047330
v 0.000000 1.316315 0.022618
v -0.013892 1.316315 0.017933
v -0.028944 1.316315 0.005131
v -0.034454 1.316315 -0.012356
v -0.028944 1.316315 -0.029843
v -0.028944 1.389324 -0.017041
v -0.034454 1.389324 0.000446
v -0.028944 1.389324 0.017934
v -0.013892 1.389324 0.030735
v 0.000000 1.389324 0.035420
v -0.000000 1.389324 -0.034528
v -0.008138 1.389324 -0.031657
v 0.000000 1.016165 0.111075
v -0.024750 1.040784 0.096792
v -0.014815 1.160373 0.057959
v -0.009996 1.198979 0.047873
v -0.020683 1.066730 0.092562
v 0.000000 1.157268 0.056789
v 0.000000 1.063958 0.092617
v 0.000000 1.056726 0.100713
v 0.000000 1.198332 0.066569
v 0.000000 1.158570 0.079399
v 0.000000 1.023571 0.121056
v 0.000000 1.065607 0.116736
v 0.000000 1.198169 0.050067
v 0.000000 1.024446 0.109408
v 0.000000 1.157280 0.056796
v 0.000000 1.064104 0.092589
v 0.000000 1.038400 0.099102
v -0.053365 1.005412 0.111580
v -0.091234 1.020135 0.096178
v -0.051111 1.000897 0.108852
v -0.086635 1.020564 0.092210
v -0.092936 0.917795 0.047694
v -0.160761 0.979285 0.042420
v -0.087696 0.923030 0.044536
v -0.153574 0.982817 0.038875
v -0.132498 0.999483 0.068541
v -0.077819 0.966954 0.090068
v -0.139241 0.996233 0.074024
v -0.083780 0.968163 0.094537
v -0.109553 0.900494 -0.000642
v -0.155517 0.961987 -0.012487
v -0.105351 0.903691 0.000268
v -0.147584 0.967077 -0.013122
v -0.038882 0.962439 -0.075882
v -0.046649 0.993250 -0.089383
v -0.039643 0.961352 -0.062642
v -0.047490 0.992076 -0.076205
v -0.013594 0.973534 -0.047121
v -0.018363 0.992905 -0.055621
v -0.014103 0.972806 -0.038783
v -0.018877 0.992126 -0.047317
v -0.084871 0.937378 -0.066756
v -0.089117 0.936677 -0.070589
v -0.109117 0.956805 -0.069833
v -0.111755 0.956344 -0.073641
v -0.122770 0.931607 0.049923
v -0.142132 0.950109 0.043025
v -0.123959 0.919582 0.000600
v -0.127167 0.936408 -0.010583
v -0.097840 0.987628 0.085651
v -0.121677 0.972256 0.077199
v -0.101156 0.939417 -0.057069
v -0.094303 0.999297 0.094407
v -0.119756 0.935273 0.049790
v -0.137075 0.954091 0.039532
v -0.118439 0.926690 0.000561
v -0.122898 0.939337 -0.010025
v -0.087015 0.994540 0.085931
v -0.115915 0.976591 0.077800
v -0.092834 0.942454 -0.058306
v -0.086615 1.003461 0.094560
v -0.055213 1.030190 0.097400
v -0.040448 1.006352 0.108970
v -0.041975 1.008836 0.115001
v -0.056752 1.031578 0.103509
v -0.022696 1.050708 0.108575
v -0.024026 1.049644 0.095561
v 0.000000 1.058885 0.098457
v 0.000000 1.047262 0.097170
v 0.000000 1.039905 0.119605
v -0.099972 1.071913 0.074762
v -0.101563 1.069343 0.093668
v -0.109134 1.039804 0.088722
v -0.100156 1.041502 0.079263
v -0.150078 1.017127 -0.038396
v -0.163630 1.013609 -0.053566
v -0.146017 0.982175 -0.040876
v -0.141443 0.985300 -0.034006
v -0.062670 1.025675 -0.085933
v -0.060285 1.025144 -0.103216
v -0.051974 1.000770 -0.099257
v -0.052663 1.002274 -0.086530
v -0.019498 1.075542 -0.063553
v -0.003138 1.076288 -0.071091
v -0.002590 1.046716 -0.069087
v -0.014693 1.046229 -0.063455
v -0.162966 1.005653 0.022897
v -0.170316 1.003981 0.023396
v -0.171855 1.034941 0.025995
v -0.160732 1.037029 0.025459
v -0.015196 1.077994 0.101312
v -0.015318 1.076307 0.083931
v 0.000000 1.082115 0.084070
v 0.000000 1.082206 0.084050
v 0.000000 1.084204 0.108069
v -0.013332 1.099157 0.090956
v -0.013350 1.097791 0.073628
v 0.000000 1.104543 0.072961
v 0.000000 1.104589 0.072960
v 0.000000 1.106071 0.096896
v -0.113130 1.016404 -0.094143
v -0.104460 1.016500 -0.076335
v -0.098310 0.985808 -0.073624
v -0.099114 0.985654 -0.084436
v -0.014089 1.128421 0.082702
v -0.013916 1.127468 0.065494
v 0.000000 1.123384 0.065150
v 0.000000 1.123433 0.065149
v 0.000000 1.124537 0.088673
v -0.120428 1.100659 0.073599
v -0.111568 1.101666 0.063063
v -0.118552 1.127627 0.069156
v -0.109517 1.127803 0.059006
v -0.168128 1.048683 -0.040684
v -0.155528 1.051346 -0.040189
v -0.167745 1.089198 -0.056428
v -0.159492 1.093293 -0.058199
v -0.065425 1.075769 -0.112527
v -0.066481 1.076581 -0.098248
v -0.053366 1.117606 -0.114289
v -0.057404 1.117659 -0.094519
v -0.023408 1.092024 -0.079611
v -0.028829 1.092488 -0.065820
v -0.015268 1.134494 -0.081551
v -0.024574 1.134647 -0.063651
v -0.115453 1.097800 -0.090313
v -0.107950 1.052281 -0.079470
v -0.115206 1.051319 -0.092311
v -0.122812 1.097235 -0.108664
v -0.153465 1.105941 0.020609
v -0.148404 1.111338 0.013290
v -0.148654 1.074758 0.023105
v -0.138517 1.078099 0.018522
v -0.103424 1.150226 0.055822
v -0.101556 1.184238 0.050799
v -0.093613 1.147091 0.040725
v -0.092263 1.181338 0.035822
v -0.153494 1.160052 -0.031827
v -0.140595 1.200105 -0.028281
v -0.137682 1.154454 -0.028714
v -0.124600 1.193597 -0.025231
v -0.043367 1.166624 -0.112807
v -0.045521 1.210420 -0.101363
v -0.049170 1.164825 -0.096746
v -0.051684 1.208939 -0.085777
v -0.011915 1.158936 -0.073547
v -0.017944 1.190142 -0.069810
v -0.020689 1.157629 -0.064984
v -0.027164 1.188536 -0.061178
v -0.097169 1.169786 -0.092885
v -0.108057 1.172516 -0.105173
v -0.091461 1.212807 -0.083798
v -0.101727 1.215600 -0.096011
v -0.017175 1.180993 0.069692
v -0.011502 1.180690 0.053215
v 0.000000 1.183506 0.054130
v 0.000000 1.182618 0.053820
v 0.000000 1.183660 0.073409
v -0.080267 1.222289 0.029379
v -0.065885 1.222714 0.024108
v -0.086559 1.199965 0.028077
v -0.069763 1.196513 0.022919
v -0.102113 1.249707 -0.033505
v -0.084394 1.246474 -0.030926
v -0.098218 1.217702 -0.039058
v -0.083789 1.209302 -0.035868
v -0.043271 1.271785 -0.080372
v -0.039679 1.269120 -0.064466
v -0.042710 1.246514 -0.080600
v -0.038774 1.243542 -0.068833
v -0.010761 1.266212 -0.058502
v -0.015655 1.263600 -0.042437
v -0.006160 1.241600 -0.062464
v -0.011272 1.238694 -0.046279
v -0.030222 1.201341 0.050647
v -0.022403 1.200707 0.038827
v -0.027142 1.178626 0.041114
v -0.035107 1.179336 0.052970
v -0.071830 1.260686 -0.053383
v -0.069714 1.230589 -0.059035
v -0.073972 1.264915 -0.070695
v -0.071621 1.234942 -0.076453
v -0.027484 1.212844 0.068849
v -0.024051 1.189524 0.067949
v -0.024571 1.214411 0.053867
v -0.021138 1.191092 0.052967
v -0.001553 1.197787 0.059431
v -0.006703 1.217558 0.059628
v -0.004466 1.196219 0.074413
v -0.009616 1.215990 0.074611
v -0.072225 1.198567 0.048374
v -0.074210 1.215665 0.050070
v -0.067101 1.200303 0.037230
v -0.069085 1.217400 0.038925
v -0.111862 1.212745 0.010095
v -0.113848 1.229844 0.011791
v -0.106738 1.214480 -0.001049
v -0.108723 1.231579 0.000647
v -0.161464 1.236933 -0.021891
v -0.163449 1.254035 -0.020195
v -0.156340 1.238668 -0.033036
v -0.158325 1.255769 -0.031339
v -0.211270 1.234681 -0.033367
v -0.211926 1.250898 -0.031678
v -0.204996 1.235254 -0.043144
v -0.205394 1.252265 -0.041649
v -0.233902 1.239927 -0.049228
v -0.143367 1.235432 -0.088759
v -0.055889 1.201141 -0.110270
v -0.106776 1.219841 -0.105446
v -0.142636 1.255525 -0.091875
v -0.099841 1.242510 -0.109103
v -0.144546 1.236707 -0.097092
v -0.191002 1.160037 -0.060375
v -0.224816 1.180053 -0.062826
v -0.104536 1.220372 -0.107975
v -0.146773 1.121664 -0.100546
v -0.073866 1.130929 -0.118337
v -0.137462 1.250818 -0.077848
v -0.060299 1.229263 -0.100171
v -0.104724 1.261699 -0.079527
v -0.112357 1.091563 -0.105752
v -0.076268 1.266023 -0.077873
v -0.215436 1.247997 -0.045780
v -0.064897 1.256553 -0.077868
v -0.085971 1.095316 -0.107396
v -0.220974 1.230414 -0.048349
v -0.064080 1.200941 -0.100869
v -0.135272 1.213550 -0.092731
v -0.191471 1.239628 -0.059420
v -0.178956 1.196486 -0.075347
v -0.199817 1.185245 -0.024719
v -0.207300 1.225447 -0.021173
v 0.000000 0.908944 0.009199
v -0.028944 0.975239 -0.050386
v -0.028944 0.908944 -0.043262
v -0.000000 0.908944 -0.060749
v -0.000000 0.975239 -0.067873
v -0.008138 0.975239 -0.065002
v -0.008138 0.908944 -0.057878
v -0.007643 1.347928 -0.015833
v -0.007644 1.365675 -0.014742
v -0.007644 1.364584 0.003009
v -0.007643 1.346843 0.001918
v -0.042581 1.364583 0.003009
v -0.042581 1.365675 -0.014742
v -0.042581 1.346842 0.001918
v -0.042581 1.347927 -0.015833
v -0.056336 1.350791 -0.001576
v -0.056336 1.351421 -0.011881
v -0.056336 1.361724 -0.011248
v -0.056336 1.361091 -0.000943
v 0.000000 1.343863 -0.014326
v 0.000000 1.364740 -0.011232
v -0.010781 1.364740 -0.011232
v -0.010781 1.343872 -0.014325
v -0.010781 1.367108 -0.047271
v -0.000000 1.367108 -0.047271
v -0.010781 1.346240 -0.050364
v -0.000000 1.346233 -0.050365
v -0.006354 1.353010 -0.065865
v -0.000000 1.353005 -0.065866
v -0.000000 1.365124 -0.064070
v -0.006354 1.365123 -0.064070
v -0.004961 1.421629 -0.002628
v -0.004961 1.441481 -0.001407
v -0.004961 1.440260 0.018447
v -0.004961 1.420415 0.017227
v -0.036613 1.440260 0.018447
v -0.035462 1.439870 -0.001171
v -0.036612 1.420415 0.017227
v -0.035462 1.423198 -0.002196
v -0.051997 1.424833 0.013319
v -0.048382 1.426481 0.001516
v -0.048382 1.436159 0.002111
v -0.051997 1.436353 0.014027
v 0.000000 1.420094 -0.000062
v 0.000000 1.436965 0.002438
v -0.009364 1.436965 0.002438
v -0.009364 1.420100 -0.000061
v -0.009364 1.438878 -0.036393
v -0.000000 1.438878 -0.036393
v -0.009364 1.422015 -0.038892
v -0.000000 1.422009 -0.038893
v -0.005787 1.427485 -0.051418
v -0.000000 1.427481 -0.051418
v -0.000000 1.437274 -0.049967
v -0.005787 1.437274 -0.049967
v -0.011253 0.860861 -0.035742
v -0.011253 0.874828 -0.036410
v -0.011253 0.875496 -0.022443
v -0.011253 0.861535 -0.021775
v -0.040361 0.875496 -0.022443
v -0.040361 0.874828 -0.036410
v -0.040361 0.861535 -0.021775
v -0.040361 0.860861 -0.035742
v -0.051176 0.864322 -0.024845
v -0.051176 0.863931 -0.032953
v -0.051176 0.872039 -0.033340
v -0.051176 0.872427 -0.025233
v 0.000000 0.871626 -0.032432
v 0.000000 0.891463 -0.037877
v -0.012378 0.891463 -0.037877
v -0.012378 0.871634 -0.032434
v -0.012378 0.887295 -0.068499
v 0.000000 0.887295 -0.068499
v -0.012378 0.867466 -0.063056
v 0.000000 0.867458 -0.063054
v -0.008063 0.867413 -0.079540
v 0.000000 0.867409 -0.079539
v 0.000000 0.878924 -0.082699
v -0.008063 0.878924 -0.082699
v -0.011796 1.277989 -0.035451
v -0.011796 1.295733 -0.034360
v -0.011796 1.294641 -0.016610
v -0.011796 1.276904 -0.017700
v -0.045213 1.294641 -0.016610
v -0.045213 1.295733 -0.034361
v -0.045213 1.276904 -0.017700
v -0.045213 1.277988 -0.035451
v -0.058967 1.280851 -0.021194
v -0.058967 1.281481 -0.031499
v -0.058967 1.291782 -0.030866
v -0.058967 1.291149 -0.020562
v -0.000000 1.273926 -0.033004
v -0.000000 1.294798 -0.029911
v -0.008683 1.294798 -0.029910
v -0.008683 1.273934 -0.033002
v -0.008683 1.297166 -0.066890
v -0.000000 1.297166 -0.066890
v -0.008683 1.276303 -0.069982
v -0.000000 1.276295 -0.069983
v -0.004256 1.283070 -0.085483
v -0.000000 1.283065 -0.085484
v -0.000000 1.295182 -0.083688
v -0.004256 1.295182 -0.083688
v -0.016922 0.918919 -0.052409
v -0.016922 0.942286 -0.053527
v -0.009094 0.943404 -0.030159
v -0.009094 0.920046 -0.029042
v -0.052358 0.935330 -0.051541
v -0.061180 0.934213 -0.073179
v -0.051936 0.911972 -0.050507
v -0.060758 0.910845 -0.072144
v -0.077308 0.897731 -0.005543
v -0.086827 0.897076 -0.015207
v -0.087282 0.910641 -0.015669
v -0.077763 0.911290 -0.006005
v -0.000000 0.933028 -0.041009
v -0.000000 0.949736 -0.045896
v -0.009219 0.949733 -0.045897
v -0.009169 0.933031 -0.041011
v -0.009209 0.946258 -0.077474
v -0.000000 0.946261 -0.077474
v -0.009153 0.929642 -0.072581
v -0.000000 0.929639 -0.072579
v -0.005437 0.929628 -0.087080
v -0.000000 0.929626 -0.087079
v -0.000000 0.939232 -0.089924
v -0.005457 0.939231 -0.089924
v -0.079935 0.886650 0.016895
v -0.071028 0.887088 0.018741
v -0.080361 0.895746 0.016806
v -0.071454 0.896181 0.018653
v -0.053406 0.872503 0.061249
v -0.048754 0.872732 0.062214
v -0.053629 0.877254 0.061203
v -0.048977 0.877481 0.062168
v -0.007931 0.806027 -0.045547
v -0.008196 0.825312 -0.043540
v -0.008519 0.823301 -0.024256
v -0.008255 0.804023 -0.026262
v -0.040749 0.823125 -0.024523
v -0.040426 0.825137 -0.043807
v -0.040485 0.803847 -0.026529
v -0.040161 0.805851 -0.045814
v -0.055467 0.808134 -0.030423
v -0.055279 0.809297 -0.041619
v -0.055433 0.820493 -0.040453
v -0.055621 0.819325 -0.029259
v 0.000000 0.807538 -0.040023
v 0.000000 0.827374 -0.045467
v -0.009763 0.827374 -0.045467
v -0.009763 0.807545 -0.040025
v -0.009762 0.823207 -0.073078
v 0.000000 0.823207 -0.073078
v -0.009762 0.803378 -0.067636
v 0.000000 0.803370 -0.067634
v -0.005448 0.803325 -0.084120
v 0.000001 0.803320 -0.084118
v 0.000001 0.814836 -0.087279
v -0.005448 0.814836 -0.087279
v -0.003791 0.760590 -0.059300
v -0.004015 0.776152 -0.057579
v -0.004286 0.774428 -0.042018
v -0.004214 0.758775 -0.043217
v -0.033138 0.774280 -0.042244
v -0.032866 0.776004 -0.057805
v -0.032999 0.758686 -0.043779
v -0.032643 0.760442 -0.059525
v -0.045012 0.762199 -0.047094
v -0.044854 0.763196 -0.056128
v -0.044984 0.772231 -0.055129
v -0.045142 0.771230 -0.046096
v 0.000000 0.762155 -0.053641
v 0.000001 0.777188 -0.058232
v -0.009105 0.777188 -0.058232
v -0.009105 0.762161 -0.053643
v -0.009105 0.774030 -0.083218
v 0.000001 0.774030 -0.083218
v -0.009105 0.759002 -0.078630
v 0.000001 0.758996 -0.078628
v -0.004790 0.758962 -0.092527
v 0.000001 0.758959 -0.092526
v 0.000001 0.767686 -0.095191
v -0.004790 0.767686 -0.095191
v -0.051599 0.750137 -0.054308
v -0.030849 0.670954 -0.055929
v -0.055766 0.750137 -0.067534
v -0.033126 0.668240 -0.064199
v -0.024361 0.717019 -0.066338
v 0.000001 0.729891 -0.092564
v -0.011482 0.729891 -0.090671
v -0.015275 0.729891 -0.049550
v 0.000000 0.729891 -0.046462
v -0.025196 0.729891 -0.069082
v -0.025196 0.729891 -0.081038
v -0.028827 0.729891 -0.074641
v -0.060455 0.723394 -0.066903
v -0.064086 0.723394 -0.078428
v -0.033632 0.717019 -0.079545
v -0.051865 0.710523 -0.069960
v -0.055078 0.710523 -0.080157
v -0.015583 0.717019 -0.056447
v -0.024570 0.717019 -0.087074
v -0.125006 0.775863 -0.024124
v -0.145929 0.772067 -0.025154
v -0.111868 0.797416 -0.078920
v -0.091607 0.800340 -0.070494
v -0.126841 0.752083 0.005822
v -0.142169 0.748703 0.015020
v -0.025712 0.770237 -0.078544
v -0.029342 0.759911 -0.068582
v -0.099721 0.714593 0.002870
v -0.116522 0.712099 0.009518
v -0.102591 0.706171 0.006726
v -0.111716 0.704741 0.013589
v -0.079951 0.672655 0.035226
v -0.085824 0.670364 0.043320
v -0.000001 0.637115 0.033968
v -0.000001 0.631973 0.044231
v -0.112210 0.739344 -0.025781
v -0.088275 0.766370 -0.066895
v -0.108861 0.717686 -0.007246
v -0.028637 0.725243 -0.069215
v -0.104237 0.699249 -0.001207
v -0.098722 0.684771 0.002923
v -0.075609 0.657289 0.009675
v -0.126711 0.743998 -0.026324
v -0.102062 0.762142 -0.080442
v -0.138158 0.720745 -0.002833
v -0.024739 0.735549 -0.081497
v -0.135162 0.694440 0.002346
v -0.132136 0.685234 0.012017
v -0.092458 0.650899 0.031905
v -0.000001 0.625021 0.044606
v -0.081464 0.690807 -0.043988
v -0.074734 0.695292 -0.065421
v -0.078238 0.675741 -0.040847
v -0.031049 0.684106 -0.063705
v -0.064986 0.649027 -0.023686
v -0.062438 0.631994 -0.024281
v -0.060858 0.616498 -0.024469
v -0.094313 0.686297 -0.046548
v -0.083562 0.698725 -0.072244
v -0.096006 0.671873 -0.037370
v -0.025322 0.695473 -0.073093
v -0.093068 0.648246 -0.029086
v -0.087909 0.632882 -0.028765
v -0.076067 0.609828 -0.025968
v -0.000001 0.627107 0.033345
v -0.000001 0.632081 0.056952
v -0.000001 0.635291 0.046546
v -0.000001 0.624907 0.045312
v -0.025996 0.580093 -0.020895
v -0.000001 0.628002 0.030776
v -0.023359 0.589310 -0.029276
v -0.053529 0.789451 -0.081092
v -0.062987 0.795254 -0.090049
v -0.054798 0.754962 -0.079685
v -0.058807 0.759201 -0.092563
v -0.052362 0.692153 -0.077072
v -0.053420 0.700800 -0.085213
v -0.047996 0.600453 -0.017828
v -0.053453 0.594432 -0.006468
v -0.073856 0.637412 0.014599
v -0.066902 0.646798 0.007140
v -0.038269 0.589161 -0.003257
v -0.067308 0.607392 -0.003915
v -0.029841 0.609176 0.019747
v -0.138926 0.659971 -0.004553
v -0.131561 0.660984 -0.030044
v -0.174845 0.675363 0.005931
v -0.193328 0.678249 -0.025122
v -0.177990 0.678669 -0.052946
v -0.148932 0.676350 -0.056126
v -0.141289 0.695531 -0.008808
v -0.132180 0.697929 -0.030308
v -0.160973 0.710217 0.000212
v -0.178442 0.718149 -0.025208
v -0.166832 0.715690 -0.052121
v -0.151871 0.707850 -0.055773
v -0.109583 0.677177 -0.020531
v -0.111498 0.676834 -0.005361
v -0.109543 0.702706 -0.020422
v -0.111826 0.703055 -0.005910
v -0.145507 0.681036 0.005443
v -0.173271 0.694314 0.004723
v -0.128846 0.679294 -0.038987
v -0.191870 0.696783 -0.025047
v -0.177319 0.695940 -0.052700
v -0.148461 0.693370 -0.056006
v -0.112625 0.690265 0.001842
v -0.108541 0.690093 -0.027527
v -0.129771 0.660534 -0.002096
v -0.123564 0.662731 -0.028532
v -0.123110 0.705681 -0.028436
v -0.130322 0.707608 -0.004839
v -0.134431 0.685903 0.010700
v -0.120441 0.684609 -0.039597
v -0.155011 0.629216 -0.034261
v -0.142478 0.630186 -0.019272
v -0.147624 0.631228 -0.001528
v -0.180783 0.628223 -0.015440
v -0.172409 0.628048 -0.031826
v -0.169909 0.630256 0.002284
v -0.145435 0.387178 -0.018567
v -0.171745 0.386291 -0.012596
v -0.134890 0.337722 -0.008741
v -0.173900 0.336604 -0.002822
v -0.165626 0.308260 0.004076
v -0.151736 0.312188 -0.026406
v -0.167764 0.314177 -0.019379
v -0.174061 0.311661 -0.006922
v -0.132269 0.312649 -0.009912
v -0.147305 0.308322 0.004415
v -0.181332 0.068419 -0.055625
v -0.192606 0.067218 -0.060178
v -0.192538 0.067660 -0.046961
v -0.182811 0.068261 -0.046973
v -0.174540 0.304080 -0.009771
v -0.186770 0.306015 -0.009288
v -0.183425 0.305249 -0.017967
v -0.170606 0.304375 -0.018135
v -0.184136 0.198239 -0.027098
v -0.193740 0.198307 -0.034263
v -0.194321 0.198274 -0.026629
v -0.182005 0.198292 -0.033470
v -0.193002 0.252144 -0.020022
v -0.176109 0.252194 -0.029343
v -0.179618 0.251697 -0.019533
v -0.191010 0.252448 -0.030085
v -0.185095 0.140925 -0.034011
v -0.196745 0.141559 -0.044136
v -0.196706 0.141116 -0.034408
v -0.183057 0.141623 -0.043781
v -0.150861 0.011270 0.118897
v -0.144511 0.008719 0.114273
v -0.146961 0.001454 0.117280
v -0.152891 0.003252 0.122037
v -0.179955 0.047284 -0.083554
v -0.171428 0.076563 -0.026748
v -0.145412 0.002393 0.097671
v -0.162503 0.021394 0.087013
v -0.166449 0.013170 0.086137
v -0.177430 0.004483 -0.104044
v -0.177035 0.014414 -0.052551
v -0.164607 0.008408 0.071717
v -0.161649 0.016652 0.050821
v -0.177487 0.019557 -0.103428
v -0.178479 0.040496 -0.092563
v -0.176380 0.021946 0.011204
v -0.181346 0.009026 0.119496
v -0.199613 0.006085 0.109171
v -0.199358 -0.004190 0.112938
v -0.180759 -0.000657 0.121841
v -0.163333 0.001586 0.120370
v -0.163316 0.010979 0.117888
v -0.164509 0.000071 -0.083470
v -0.157818 0.029933 -0.060528
v -0.186770 0.053104 -0.064706
v -0.186795 -0.001871 -0.082245
v -0.199361 0.029602 -0.068234
v -0.160271 0.045177 -0.062719
v -0.165011 0.053415 -0.063087
v -0.193508 0.046640 -0.066008
v -0.175440 -0.000509 -0.073653
v -0.176147 0.055528 -0.068960
v -0.171828 0.068034 -0.051418
v -0.183096 0.079529 -0.044809
v -0.194648 0.077766 -0.059267
v -0.194822 0.078161 -0.045208
v -0.181454 0.079815 -0.054953
v -0.194286 0.082029 -0.044698
v -0.183335 0.082954 -0.055863
v -0.184444 0.082361 -0.044549
v -0.194182 0.082526 -0.058301
v -0.146369 0.002393 0.104946
v -0.144563 0.011816 0.100759
v -0.144304 0.013808 0.092371
v -0.155891 0.016668 0.098366
v -0.153603 0.014550 0.106121
v -0.154948 0.006865 0.108040
v -0.156504 0.009497 0.098993
v -0.146164 0.001578 0.107295
v -0.153737 0.015304 0.108825
v -0.143821 0.012112 0.102681
v -0.155545 0.006073 0.111478
v -0.175599 0.020200 0.088259
v -0.173291 0.020411 0.088040
v -0.177401 0.029182 0.057731
v -0.172419 0.009993 0.118700
v -0.170571 0.010194 0.118535
v -0.169262 0.000823 0.120870
v -0.171002 0.000599 0.121017
v -0.184312 0.008549 0.117820
v -0.188312 0.019119 0.088116
v -0.183201 -0.001121 0.120672
v -0.190211 0.007599 0.114486
v -0.193345 0.007094 0.112714
v -0.195506 0.018658 0.085413
v -0.197591 0.018525 0.084630
v -0.189614 -0.002339 0.117602
v -0.192763 -0.002937 0.116095
v -0.199524 0.027351 0.055062
v -0.127177 0.354778 0.030695
v -0.137867 0.373439 0.025977
v -0.165066 0.372838 0.028145
v -0.174909 0.354007 0.034704
v -0.174155 0.330157 0.034392
v -0.163639 0.316279 0.027300
v -0.137457 0.317075 0.025001
v -0.127259 0.331235 0.030185
v -0.128321 0.333041 0.012550
v -0.128147 0.353573 0.012551
v -0.138389 0.372626 0.010993
v -0.166878 0.371900 0.013488
v -0.176800 0.352810 0.016675
v -0.176138 0.332004 0.016394
v -0.165550 0.317769 0.012781
v -0.138014 0.318511 0.010621
v -0.260173 1.234677 -0.056358
v -0.255205 1.222387 -0.008828
v -0.253733 1.208443 -0.005058
v -0.252251 1.207374 -0.055299
v -0.261715 1.241527 -0.021345
v -0.253305 1.202897 -0.033464
v -0.253513 1.220217 -0.068377
v -0.488151 1.209045 -0.062654
v -0.487870 1.220172 -0.062341
v -0.487432 1.220978 -0.075786
v -0.487690 1.207586 -0.073019
v -0.496634 1.204808 -0.076163
v -0.497331 1.222456 -0.079761
v -0.499219 1.207147 -0.058060
v -0.500092 1.221305 -0.057273
v -0.505589 1.206495 -0.075326
v -0.506253 1.219454 -0.077964
v -0.507374 1.208014 -0.060926
v -0.508239 1.218820 -0.060512
v -0.770412 1.189456 -0.034968
v -0.771128 1.200168 -0.036377
v -0.768354 1.183091 -0.021121
v -0.773578 1.199961 -0.020772
v -0.596768 1.202864 -0.052238
v -0.681946 1.197091 -0.030620
v -0.682042 1.196246 -0.042733
v -0.594233 1.202430 -0.064530
v -0.596979 1.215251 -0.052214
v -0.683687 1.210122 -0.030346
v -0.598503 1.217510 -0.068404
v -0.683913 1.208616 -0.045056
v -0.487152 1.213953 -0.076686
v -0.488596 1.214286 -0.061767
v -0.496655 1.213222 -0.080224
v -0.499826 1.213628 -0.057460
v -0.505611 1.212695 -0.078909
v -0.507973 1.213005 -0.060176
v -0.771272 1.186683 -0.037262
v -0.770362 1.194513 -0.020985
v -0.598050 1.210653 -0.069256
v -0.683734 1.201917 -0.045774
v -0.597072 1.208851 -0.051248
v -0.683652 1.203471 -0.028861
v -0.754862 1.184135 -0.022693
v -0.756982 1.203466 -0.024556
v -0.755118 1.202951 -0.036034
v -0.754489 1.178502 -0.035109
v -0.753459 1.198176 -0.037334
v -0.755804 1.189288 -0.022390
v -0.760355 1.177496 -0.019766
v -0.764158 1.194644 -0.018922
v -0.763198 1.194418 -0.037526
v -0.762328 1.186974 -0.038899
v -0.761242 1.187912 -0.018173
v -0.760989 1.177851 -0.035327
v -0.774915 1.189986 -0.069419
v -0.771293 1.181422 -0.071914
v -0.886504 1.181573 0.004175
v -0.887570 1.180081 0.013589
v -0.888342 1.171024 0.004409
v -0.889228 1.169665 0.013646
v -0.885072 1.191391 -0.026305
v -0.885421 1.187318 -0.010876
v -0.886175 1.185416 -0.025939
v -0.886958 1.177348 -0.011014
v -0.881396 1.186327 -0.042898
v -0.880794 1.181218 -0.055965
v -0.880391 1.191996 -0.042369
v -0.879877 1.189204 -0.056330
v -0.873782 1.174315 -0.080370
v -0.873801 1.186451 -0.079561
v -0.876141 1.176140 -0.068652
v -0.874785 1.187002 -0.068213
v -0.890794 1.179485 0.013899
v -0.889604 1.181269 0.004689
v -0.892118 1.170215 0.005136
v -0.892916 1.168975 0.013889
v -0.884043 1.182391 0.003666
v -0.882884 1.171014 0.003874
v -0.885729 1.169508 0.014034
v -0.883781 1.180131 0.013344
v -0.888493 1.187304 -0.011020
v -0.888184 1.191272 -0.026257
v -0.889694 1.184858 -0.025673
v -0.890453 1.176707 -0.011269
v -0.882375 1.191735 -0.026735
v -0.883483 1.185494 -0.026379
v -0.884487 1.176998 -0.010570
v -0.882924 1.187426 -0.010439
v -0.884791 1.180980 -0.055637
v -0.885183 1.185696 -0.042677
v -0.883731 1.192138 -0.042562
v -0.883504 1.189347 -0.056235
v -0.878329 1.186359 -0.042427
v -0.877317 1.192350 -0.042478
v -0.876950 1.189339 -0.057073
v -0.877880 1.180788 -0.056715
v -0.876655 1.186275 -0.079759
v -0.877254 1.174036 -0.080296
v -0.879082 1.175704 -0.068277
v -0.877319 1.186764 -0.068539
v -0.870078 1.174018 -0.081254
v -0.872248 1.175979 -0.068018
v -0.870912 1.187383 -0.068249
v -0.870241 1.186789 -0.080338
v -0.028944 1.396959 0.018963
v -0.013892 1.396959 0.031764
v 0.000000 1.396959 0.036450
v -0.028944 1.396959 -0.016011
v -0.034454 1.396959 0.001476
v -0.000000 1.396959 -0.033499
v -0.008138 1.396959 -0.030627
v -0.000000 1.324342 -0.045922
v -0.008138 1.324342 -0.043051
v -0.013892 1.324342 0.019340
v 0.000000 1.324342 0.024026
v -0.028944 1.324342 0.006539
v -0.028944 1.324342 -0.028435
v -0.034454 1.324342 -0.010948
v -0.000000 1.258679 -0.061902
v -0.008138 1.258679 -0.059031
v -0.028944 1.258679 -0.044415
v -0.034454 1.258679 -0.026928
v -0.028944 1.258679 -0.009441
v -0.013892 1.258679 0.003361
v 0.000000 1.258679 0.008046
v 0.000000 1.192572 -0.009781
v -0.034454 1.192572 -0.044755
v -0.028944 1.192572 -0.027268
v -0.013892 1.192572 -0.014467
v -0.000000 1.192572 -0.079729
v -0.008138 1.192572 -0.076858
v -0.028944 1.192572 -0.062242
v -0.000000 1.123484 -0.079656
v -0.008138 1.123484 -0.076785
v -0.028944 1.123484 -0.062169
v -0.034454 1.123484 -0.044682
v -0.028944 1.123484 -0.027195
v -0.013892 1.123484 -0.014394
v 0.000000 1.123484 -0.009708
v -0.034454 1.050270 -0.040574
v -0.028944 1.050270 -0.023087
v -0.000000 1.050270 -0.075549
v -0.008138 1.050270 -0.072678
v -0.028944 1.050270 -0.058062
v -0.013892 1.050270 -0.010286
v 0.000000 1.050270 -0.005600
v -0.028944 0.982378 -0.016179
v -0.008138 0.982378 -0.065769
v -0.028944 0.982378 -0.051153
v 0.000000 0.982378 0.001308
v -0.034454 0.982378 -0.033666
v -0.013892 0.982377 -0.003378
v -0.000000 0.982378 -0.068640
v -0.034454 0.917011 -0.026642
v -0.000000 0.917011 -0.061616
v -0.028944 0.917011 -0.044129
v 0.000000 0.917011 0.008332
v -0.028944 0.917011 -0.009155
v -0.013892 0.917011 0.003646
v -0.008138 0.917011 -0.058745
v -0.032395 0.851820 -0.030789
v 0.000000 0.851820 -0.061085
v -0.014583 0.851820 -0.004552
v -0.027622 0.851820 -0.015641
v -0.000000 0.851820 -0.000493
v -0.027622 0.851820 -0.045937
v -0.009599 0.851820 -0.058598
v 0.000000 0.795083 -0.069143
v -0.010558 0.795083 -0.066949
v -0.014955 0.795083 -0.019276
v -0.000000 0.795083 -0.015695
v -0.026457 0.795083 -0.029058
v -0.026456 0.795083 -0.055782
v -0.030667 0.795083 -0.042420
v -0.030432 0.755960 -0.063838
v 0.000000 0.755960 -0.033726
v -0.026271 0.755960 -0.070662
v 0.000001 0.755960 -0.083867
v -0.010559 0.755960 -0.081699
v -0.026271 0.755960 -0.051492
v -0.014905 0.755960 -0.036761
vn -0.9245 -0.3797 -0.0338
vn -0.8746 0.4225 -0.2378
vn -0.7386 0.6561 0.1549
vn 0.9350 0.2163 -0.2809
vn 0.7713 0.5792 0.2639
vn -0.6233 0.4440 0.6437
vn 0.1541 -0.4646 -0.8720
vn -0.9680 -0.2495 0.0260
vn 0.0258 -0.1213 -0.9923
vn 0.0253 -0.1208 -0.9924
vn 0.0289 -0.1190 -0.9925
vn 0.1269 0.9768 0.1723
vn 0.1568 0.9768 -0.1460
vn 0.1510 0.0195 0.9883
vn -0.0084 -1.0000 0.0025
vn 0.0684 0.0865 -0.9939
vn -0.0903 0.2343 0.9680
vn 0.0541 -0.9802 -0.1903
vn 0.0551 -0.9799 -0.1917
vn 0.2005 -0.0033 -0.9797
vn 0.2008 -0.0011 -0.9796
vn 0.0318 0.8968 0.4414
vn 0.1925 0.0001 -0.9813
vn 0.1928 0.0018 -0.9812
vn -0.9970 -0.0224 -0.0745
vn 0.1409 0.9758 -0.1672
vn 0.2632 0.0482 0.9635
vn 0.0905 -0.9238 0.3720
vn 0.0922 -0.9241 0.3709
vn 0.2270 0.0238 0.9736
vn 0.0602 -0.8825 -0.4665
vn 0.0674 -0.9971 0.0351
vn 0.2038 -0.0075 -0.9790
vn 0.2036 -0.0038 -0.9790
vn 0.1073 0.9629 0.2475
vn 0.1099 0.9629 0.2466
vn 0.9922 0.0623 0.1081
vn 0.1566 0.5105 -0.8455
vn 0.0890 -0.9085 0.4083
vn 0.9953 -0.0555 -0.0789
vn -0.1587 0.3523 0.9223
vn -0.1648 0.2729 0.9478
vn -0.1202 0.2925 0.9487
vn -0.1720 0.3454 0.9225
vn -0.0110 0.0446 0.9989
vn -0.2128 0.4091 0.8873
vn -0.0363 0.8808 0.4721
vn 0.1019 0.8998 0.4241
vn -0.1993 0.4089 0.8905
vn -0.6297 0.1239 0.7669
vn 0.2765 -0.0499 -0.9597
vn -0.0815 -0.9965 0.0182
vn 0.5941 -0.2078 -0.7771
vn -0.0289 0.7061 0.7076
vn -0.3272 0.1000 -0.9396
vn 0.9515 0.0323 0.3059
vn 0.8076 -0.0440 0.5881
vn -0.3011 0.9527 -0.0420
vn -0.8896 -0.2131 0.4040
vn 0.2561 0.8706 0.4202
vn 0.7779 -0.1180 0.6172
vn -0.0184 0.5488 -0.8358
vn 0.7659 -0.0854 0.6372
vn -0.0732 -0.2131 -0.9743
vn 0.1373 0.3754 -0.9167
vn -0.0305 0.5929 -0.8047
vn 0.1750 0.3397 0.9241
vn -0.8850 -0.0354 -0.4642
vn -0.7217 0.0184 -0.6919
vn 0.0481 -0.2240 0.9734
vn 0.0711 -0.1684 0.9831
vn 0.0340 -0.8901 0.4545
vn 0.3302 0.1759 -0.9274
vn -0.8019 0.2006 -0.5627
vn 0.9124 0.0892 -0.3995
vn 0.2699 -0.0300 -0.9624
vn -0.9338 -0.2094 0.2901
vn -0.8966 -0.0485 0.4402
vn 0.9870 0.1543 -0.0445
vn 0.0303 0.0017 0.9995
vn 0.8562 0.5147 -0.0453
vn 0.8571 -0.4834 0.1779
vn -0.0176 0.5197 -0.8542
vn -0.0707 -0.5888 0.8052
vn -0.5287 -0.6678 0.5240
vn 0.2218 0.1597 -0.9619
vn 0.0882 -0.0826 0.9927
vn -0.0982 -0.8844 -0.4562
vn 0.9596 0.0148 -0.2811
vn -0.9603 0.2603 -0.1008
vn 0.9253 0.2384 -0.2950
vn 0.0457 -0.1051 0.9934
vn -0.0448 0.2597 -0.9647
vn 0.9244 0.1028 -0.3674
vn 0.0271 -0.7830 0.6215
vn -0.7630 -0.1649 0.6251
vn -0.1028 0.3877 0.9160
vn -0.8003 0.0418 -0.5982
vn 0.0704 -0.6849 0.7252
vn 0.1863 -0.1293 -0.9739
vn 0.8867 0.3119 0.3413
vn -0.7047 -0.2087 0.6781
vn 0.4349 -0.8804 -0.1889
vn 0.8378 0.0059 0.5460
vn 0.1756 -0.0650 -0.9823
vn -0.2273 0.3752 0.8986
vn 0.2844 0.2347 0.9295
vn 0.3666 0.0496 0.9290
vn -0.0695 0.8784 0.4728
vn -0.8112 -0.4673 0.3515
vn 0.1882 0.9415 0.2794
vn -0.7608 0.5401 0.3598
vn -0.0873 0.8552 0.5109
vn -0.0098 0.9977 -0.0672
vn 0.0198 0.4932 -0.8697
vn 0.0331 -0.8560 -0.5159
vn 0.0330 -0.8559 -0.5160
vn 0.0300 -0.8540 -0.5195
vn -0.3645 -0.9310 0.0176
vn 0.0786 0.9484 -0.3073
vn -0.3656 -0.6891 -0.6256
vn -0.2302 0.9133 -0.3359
vn -0.3884 -0.6656 0.6373
vn 0.2027 0.9509 -0.2338
vn 0.5539 -0.8289 -0.0783
vn 0.4634 0.4633 0.7553
vn -0.1231 -0.9846 0.1240
vn 0.3844 0.6508 0.6548
vn 0.5434 0.7822 -0.3047
vn 0.6956 0.1816 -0.6951
vn -0.0613 -0.9918 -0.1123
vn -0.1744 0.6994 0.6932
vn 0.1017 -0.9432 0.3163
vn 0.3813 -0.1161 0.9171
vn 0.6799 -0.4983 -0.5380
vn -0.0604 -0.6797 0.7310
vn -0.0501 0.2073 -0.9770
vn -0.2796 -0.0166 0.9600
vn -0.1345 -0.7114 -0.6898
vn 0.3061 0.3541 -0.8837
vn 0.0973 0.6603 0.7447
vn -0.3421 0.2463 -0.9068
vn 0.4797 0.1087 0.8707
vn 0.0973 -0.7063 -0.7012
vn 0.0476 0.1129 0.9925
vn 0.4457 -0.6919 0.5680
vn 0.7777 0.2937 0.5558
vn 0.9979 0.0104 0.0636
vn 0.1790 0.3538 -0.9180
vn 0.9389 -0.0694 -0.3372
vn 0.0259 -0.7725 -0.6344
vn 0.9420 -0.1973 0.2716
vn 0.7124 0.0092 0.7017
vn -0.2074 0.5511 0.8082
vn 0.9952 -0.0304 0.0927
vn 0.1774 0.9619 0.2081
vn 0.3781 0.8962 0.2322
vn 0.3685 0.8995 0.2348
vn 0.1704 0.9640 0.2041
vn 0.3382 0.9368 -0.0900
vn 0.4790 0.8693 -0.1220
vn 0.4747 0.8715 -0.1229
vn 0.3364 0.9376 -0.0876
vn -0.6141 -0.3060 0.7275
vn -0.6444 0.3234 -0.6929
vn -0.3129 -0.9297 -0.1944
vn -0.2962 -0.0495 -0.9539
vn 0.1824 0.9707 -0.1565
vn 0.1055 0.9944 0.0026
vn 0.0727 0.9576 0.2788
vn -0.6971 -0.0121 -0.7168
vn -0.2846 0.2519 -0.9250
vn -0.5522 0.0875 -0.8291
vn 0.0356 -0.9559 -0.2914
vn -0.2656 0.8463 -0.4618
vn -0.1115 0.8643 0.4905
vn -0.4071 0.8686 0.2824
vn 0.1024 0.8418 -0.5300
vn -0.8845 0.4628 0.0597
vn 0.0360 -0.8580 -0.5124
vn 0.3917 -0.9153 -0.0934
vn -0.9552 0.1104 0.2746
vn -0.2323 -0.0235 0.9724
vn 0.0484 0.7654 0.6418
vn 0.4063 -0.0979 -0.9085
vn -0.0585 0.9079 -0.4150
vn -0.8355 0.5175 -0.1847
vn 0.7079 0.5910 -0.3869
vn 0.0119 0.2335 -0.9723
vn -0.0400 0.9955 -0.0859
vn 0.5663 -0.8242 -0.0066
vn 0.5982 0.7590 0.2569
vn -0.2902 0.5510 0.7825
vn -0.1719 0.0716 0.9825
vn 0.7585 0.0028 0.6517
vn 0.4589 -0.8074 0.3709
vn -0.9425 0.0728 0.3263
vn 0.1058 -0.2952 0.9496
vn -0.0690 -0.8727 0.4833
vn -0.1612 0.8813 0.4442
vn -0.2912 0.1711 -0.9412
vn -0.9232 -0.3530 0.1519
vn 0.3242 -0.9454 0.0336
vn 0.1817 0.9477 0.2624
vn 0.0591 -0.9713 -0.2304
vn 0.2131 -0.1016 -0.9717
vn -0.8951 0.3168 0.3137
vn 0.2256 -0.4883 -0.8430
vn -0.2136 0.8730 -0.4385
vn 0.4295 -0.4636 0.7750
vn -0.4449 0.7763 0.4466
vn 0.5164 -0.7951 0.3180
vn -0.6127 0.6024 -0.5115
vn -0.0197 -0.0668 0.9976
vn -0.0196 -0.0670 0.9976
vn -0.0206 -0.0646 0.9977
vn -0.0118 -0.1622 0.9867
vn -0.0092 -0.1612 0.9869
vn -0.0078 -0.1595 0.9872
vn 0.1808 0.9667 -0.1811
vn 0.1820 0.9669 -0.1787
vn 0.1824 0.9668 -0.1787
vn 0.1415 -0.1062 -0.9842
vn 0.1391 -0.1062 -0.9846
vn 0.0128 0.9724 0.2330
vn 0.0150 0.9719 0.2350
vn 0.0108 0.9718 0.2355
vn -0.0207 -0.1000 -0.9948
vn -0.0296 -0.1002 -0.9945
vn -0.0281 -0.0979 -0.9948
vn -0.0412 -0.0736 0.9964
vn -0.0419 -0.0705 0.9966
vn -0.0438 -0.0720 0.9964
vn 0.0091 0.0199 -0.9998
vn 0.0117 0.0200 -0.9997
vn 0.0142 0.0183 -0.9997
vn -0.0109 -0.0121 0.9999
vn -0.0103 -0.0148 0.9998
vn 0.1327 0.9900 0.0469
vn 0.1244 0.9913 0.0430
vn 0.1306 0.9902 0.0501
vn 0.0366 0.9861 0.1621
vn 0.0341 0.9861 0.1629
vn -0.0581 -0.0031 -0.9983
vn -0.0595 -0.0033 -0.9982
vn 0.1152 -0.9384 -0.3259
vn 0.0559 -0.0232 0.9982
vn 0.0533 -0.0238 0.9983
vn 0.0455 -0.9990 0.0050
vn 0.0041 -0.1075 0.9942
vn 0.0920 0.9576 -0.2729
vn 0.0909 0.9581 -0.2716
vn 0.0545 -0.0859 -0.9948
vn 0.0748 0.0398 -0.9964
vn 0.0341 -0.0936 0.9950
vn 0.0893 0.9959 0.0161
vn 0.0871 0.9961 0.0142
vn -0.2715 0.4823 0.8329
vn -0.1789 0.9285 0.3253
vn -0.1394 0.9780 -0.1550
vn -0.4020 -0.0901 -0.9112
vn -0.4437 -0.8473 0.2919
vn -0.1816 0.7049 0.6857
vn 0.0353 -0.8291 -0.5580
vn -0.3975 -0.4708 0.7876
vn 0.1919 0.6607 0.7257
vn 0.2002 0.6579 0.7260
vn 0.1913 0.6609 0.7257
vn -0.0239 -0.0571 0.9981
vn 0.2018 0.6574 0.7261
vn 0.0250 -0.8233 -0.5670
vn -0.4903 -0.4099 0.7691
vn -0.3130 0.2855 0.9058
vn 0.8252 -0.5586 0.0839
vn 0.2971 -0.9306 -0.2138
vn 0.1483 -0.9677 -0.2039
vn 0.7303 -0.6718 0.1238
vn 0.5751 -0.6797 -0.4552
vn 0.5516 -0.6992 -0.4549
vn 0.5248 -0.7067 -0.4745
vn 0.5650 -0.6956 -0.4437
vn -0.1502 -0.9869 -0.0592
vn -0.1423 -0.9886 -0.0493
vn 0.1653 -0.9004 0.4024
vn 0.1687 -0.9045 0.3916
vn 0.0234 -0.9587 -0.2834
vn 0.0505 -0.0654 0.9966
vn 0.0506 -0.0623 0.9968
vn -0.0262 -0.0955 -0.9951
vn 0.0453 0.9872 0.1532
vn -0.0387 0.9984 0.0412
vn -0.1960 -0.9268 -0.3205
vn -0.2630 -0.9450 -0.1947
vn -0.9451 -0.3259 0.0221
vn 0.8735 0.4865 -0.0146
vn -0.1785 0.9441 0.2772
vn -0.0245 -0.1577 -0.9872
vn -0.0219 -0.1569 -0.9874
vn -0.0201 -0.1614 -0.9867
vn -0.0588 -0.9979 -0.0284
vn -0.0576 -0.9980 -0.0273
vn -0.0543 -0.9982 -0.0272
vn -0.0581 -0.9980 -0.0245
vn -0.0585 -0.0542 0.9968
vn -0.0606 -0.0525 0.9968
vn -0.0602 -0.0545 0.9967
vn 0.1361 0.9468 0.2916
vn 0.1388 0.9470 0.2898
vn 0.1329 0.9482 0.2884
vn 0.1370 0.9470 0.2906
vn -0.0002 -0.0500 0.9988
vn -0.0005 -0.0503 0.9987
vn 0.0009 -0.0494 0.9988
vn 0.0059 -0.1291 -0.9916
vn 0.0123 -0.1278 -0.9917
vn 0.0102 -0.1316 -0.9913
vn 0.0077 -0.1328 -0.9911
vn -0.0250 -0.1573 -0.9872
vn 0.1627 0.9327 0.3219
vn 0.0071 -0.0764 0.9971
vn 0.0091 -0.0741 0.9972
vn 0.0040 -0.0749 0.9972
vn 0.0040 -0.0748 0.9972
vn 0.0913 0.9586 0.2696
vn 0.0892 0.9594 0.2674
vn 0.0893 0.9576 0.2738
vn -0.0768 0.9822 0.1716
vn -0.0756 0.9825 0.1702
vn 0.0748 -0.1191 0.9901
vn 0.0729 -0.1165 0.9905
vn 0.0710 -0.1142 0.9909
vn 0.0809 -0.9787 -0.1889
vn 0.0779 -0.9788 -0.1894
vn 0.0810 -0.9780 -0.1925
vn 0.0624 -0.1082 -0.9922
vn 0.0594 -0.1067 -0.9925
vn -0.0798 0.6473 0.7580
vn -0.8972 -0.4190 0.1399
vn 0.3108 -0.7835 -0.5380
vn 0.3118 -0.7838 -0.5370
vn 0.9354 0.0905 0.3419
vn 0.9204 -0.3564 0.1609
vn 0.9204 -0.3570 0.1592
vn -0.8891 0.4121 -0.1989
vn -0.8885 0.4141 -0.1979
vn -0.8884 0.4137 -0.1990
vn -0.8637 -0.4075 0.2964
vn 0.2623 -0.3969 -0.8796
vn 0.2611 -0.3972 -0.8798
vn 0.2634 -0.3957 -0.8798
vn 0.4976 0.5173 -0.6963
vn 0.4969 0.5164 -0.6974
vn 0.0398 -0.7797 -0.6249
vn 0.0404 -0.7806 -0.6238
vn 0.2135 0.2963 -0.9309
vn 0.2122 0.2972 -0.9309
vn -0.1219 -0.8022 -0.5845
vn -0.1217 -0.8001 -0.5875
vn -0.1200 -0.8026 -0.5843
vn -0.0023 -0.0433 -0.9991
vn -0.0059 -0.0422 -0.9991
vn 0.0994 0.9813 0.1645
vn 0.0956 0.9817 0.1649
vn 0.1012 0.9808 0.1668
vn 0.0620 -0.0600 0.9963
vn 0.0932 -0.1151 -0.9890
vn 0.0956 -0.1121 -0.9891
vn 0.1826 0.9626 0.2003
vn 0.1837 0.9619 0.2027
vn 0.0836 0.9840 0.1576
vn 0.0840 0.9834 0.1611
vn -0.0033 -0.0015 -1.0000
vn -0.0046 -0.0022 -1.0000
vn 0.0005 -0.0021 -1.0000
vn -0.0497 -0.0567 0.9972
vn -0.0141 -0.0535 0.9985
vn -0.0148 -0.0511 0.9986
vn 0.0310 -0.0384 -0.9988
vn 0.0295 -0.0378 -0.9989
vn 0.1203 0.9798 0.1599
vn 0.1211 0.9794 0.1618
vn 0.0772 -0.1117 -0.9907
vn 0.0793 -0.1109 -0.9907
vn 0.0744 0.9759 -0.2053
vn 0.0825 -0.1508 0.9851
vn 0.0830 -0.1492 0.9853
vn 0.0125 -0.0364 -0.9993
vn 0.0112 -0.0355 -0.9993
vn 0.1563 0.9600 -0.2325
vn 0.1585 0.9593 -0.2339
vn -0.0477 -0.1301 0.9904
vn -0.0385 -0.1411 0.9892
vn -0.0379 -0.1393 0.9895
vn -0.0458 -0.1284 0.9907
vn -0.0693 -0.9942 0.0819
vn -0.0702 -0.9943 0.0797
vn -0.0684 -0.9945 0.0794
vn -0.0453 -0.1260 0.9910
vn 0.1203 0.9562 -0.2667
vn 0.1192 0.9561 -0.2676
vn -0.1712 -0.1082 -0.9793
vn 0.0711 -0.0794 -0.9943
vn 0.0831 0.9496 -0.3023
vn -0.0422 -0.1282 0.9909
vn 0.2796 0.9601 0.0018
vn 0.1180 -0.0045 0.9930
vn 0.0071 0.0192 -0.9998
vn 0.1290 0.9909 0.0384
vn 0.1258 0.9913 0.0374
vn -0.0015 -0.0259 0.9997
vn -0.0033 -0.0285 0.9996
vn -0.0006 -0.0282 0.9996
vn -0.0401 -0.9947 0.0942
vn -0.0415 -0.9947 0.0937
vn 0.0295 0.0167 -0.9994
vn 0.0296 0.0173 -0.9994
vn 0.0311 0.0196 -0.9993
vn 0.0322 0.0170 -0.9993
vn 0.0120 0.0125 -0.9999
vn 0.0128 0.0146 -0.9998
vn -0.0419 -0.0524 0.9977
vn -0.0438 -0.0537 0.9976
vn 0.1202 0.9925 0.0215
vn 0.1179 0.9928 0.0227
vn 0.1213 0.9923 0.0240
vn 0.3380 0.9410 0.0141
vn 0.3367 0.9415 0.0161
vn -0.0170 -0.0529 0.9985
vn -0.0575 -0.9887 0.1388
vn -0.0572 -0.9888 0.1379
vn 0.0630 0.0209 -0.9978
vn 0.0644 0.0181 -0.9978
vn 0.0616 0.0205 -0.9979
vn -0.0517 -0.9843 0.1686
vn -0.2988 -0.9260 -0.2306
vn -0.3250 -0.9044 -0.2763
vn -0.1218 -0.9826 0.1403
vn 0.0080 0.0721 -0.9974
vn 0.0015 0.0344 -0.9994
vn 0.0022 0.0341 -0.9994
vn 0.0094 0.0706 -0.9975
vn 0.3412 0.8805 -0.3290
vn 0.5142 0.8301 -0.2157
vn 0.5061 0.8362 -0.2115
vn 0.3378 0.8806 -0.3323
vn -0.2624 -0.4125 0.8723
vn -0.2634 -0.4141 0.8713
vn -0.0743 0.6955 0.7147
vn 0.9712 -0.1075 -0.2126
vn 0.2576 0.7759 0.5759
vn -0.4517 0.1060 -0.8858
vn -0.8793 -0.2639 -0.3965
vn 0.9751 -0.2120 -0.0647
vn -0.0683 -0.9464 -0.3156
vn 0.9173 0.3784 -0.1243
vn 0.9530 0.0405 -0.3003
vn 0.9525 0.0521 -0.3001
vn 0.9530 0.0410 -0.3003
vn 0.3301 0.1261 -0.9355
vn 0.9530 -0.0405 0.3003
vn 0.9525 -0.0521 0.3001
vn 0.9530 -0.0410 0.3003
vn 0.6445 -0.1022 0.7578
vn 0.3170 -0.1267 0.9399
vn 0.3310 -0.1008 -0.9382
vn 0.1212 -0.7553 -0.6441
vn -0.0123 0.2187 0.9757
vn 0.2612 0.3974 0.8797
vn 0.1641 -0.7582 -0.6310
vn 0.1105 -0.2993 -0.9477
vn 0.4362 0.3442 0.8314
vn 0.6362 -0.1244 0.7614
vn 0.1584 -0.2276 -0.9608
vn 0.1316 -0.2472 -0.9600
vn 0.2005 -0.0606 0.9778
vn -0.0135 0.3471 -0.9377
vn 0.5996 -0.3473 -0.7210
vn 0.7880 0.2873 -0.5445
vn 0.9271 -0.2027 0.3152
vn 0.1759 -0.4389 0.8812
vn 0.1763 -0.4290 0.8860
vn 0.1759 -0.4386 0.8813
vn 0.5427 0.3296 -0.7725
vn 0.1849 0.3876 -0.9031
vn 0.1848 0.3876 -0.9031
vn 0.1858 0.3876 -0.9029
vn 0.7608 -0.3234 0.5627
vn 0.6344 -0.2027 0.7460
vn 0.1979 0.1634 -0.9665
vn 0.5686 0.1463 -0.8095
vn 0.2224 -0.2627 0.9389
vn 0.9494 -0.0953 0.2992
vn 0.9494 -0.0953 0.2991
vn 0.9494 -0.0952 0.2992
vn 0.9530 0.0394 -0.3003
vn 0.6437 -0.1123 0.7569
vn 0.9538 -0.0080 -0.3005
vn 0.9520 -0.0606 0.3000
vn 0.2613 -0.1548 0.9527
vn 0.5746 0.0250 -0.8180
vn 0.2457 0.0121 -0.9693
vn 0.9536 0.0173 0.3005
vn 0.9536 -0.0173 -0.3005
vn 0.6472 0.0438 0.7610
vn 0.3322 -0.0542 -0.9416
vn 0.5742 -0.0470 -0.8174
vn 0.3191 0.0544 0.9461
vn 0.5744 -0.0355 -0.8178
vn 0.5745 -0.0356 -0.8178
vn 0.5742 -0.0469 -0.8174
vn 0.3324 -0.0409 -0.9422
vn 0.3323 -0.0476 -0.9420
vn 0.3323 -0.0475 -0.9420
vn 0.6475 0.0331 0.7614
vn 0.6475 0.0332 0.7613
vn 0.6472 0.0437 0.7610
vn 0.9537 -0.0131 -0.3005
vn 0.9537 -0.0152 -0.3005
vn 0.9537 -0.0151 -0.3005
vn 0.9537 0.0131 0.3005
vn 0.9537 0.0152 0.3005
vn 0.9537 0.0151 0.3005
vn 0.3193 0.0411 0.9467
vn 0.3192 0.0478 0.9465
vn 0.3192 0.0477 0.9465
vn 0.3095 -0.2496 0.9176
vn 0.9506 -0.0815 0.2995
vn 0.9506 0.0815 -0.2995
vn 0.6344 -0.2029 0.7459
vn 0.3223 0.2484 -0.9135
vn 0.5611 0.2172 -0.7987
vn 0.5629 0.2026 -0.8013
vn 0.3236 0.2319 -0.9173
vn 0.6362 -0.1891 0.7480
vn 0.6345 -0.2022 0.7460
vn 0.6361 -0.1898 0.7479
vn 0.9510 0.0758 -0.2996
vn 0.9506 0.0810 -0.2995
vn 0.9510 0.0762 -0.2996
vn 0.9510 -0.0758 0.2996
vn 0.9506 -0.0810 0.2995
vn 0.9510 -0.0762 0.2996
vn 0.3108 -0.2330 0.9215
vn 0.6421 -0.1324 0.7551
vn 0.3283 0.1631 -0.9304
vn 0.3282 0.1631 -0.9304
vn 0.5690 0.1420 -0.8100
vn 0.3153 -0.1639 0.9347
vn 0.9525 -0.0526 0.3001
vn 0.9525 0.0526 -0.3001
vn 0.5726 -0.0876 -0.8151
vn 0.9533 0.0323 0.3004
vn 0.3180 0.1013 0.9427
vn 0.9912 0.0912 0.0959
vn -0.1084 0.9938 -0.0236
vn -0.1142 0.9934 -0.0117
vn -0.1086 0.9938 -0.0233
vn 0.8970 0.4420 -0.0064
vn 0.9840 -0.0116 -0.1777
vn 1.0000 -0.0000 -0.0000
vn -1.0000 -0.0000 -0.0000
vn -0.0179 -0.5940 -0.8043
vn -0.0111 -0.2191 -0.9756
vn 0.0282 -0.1647 -0.9859
vn -0.0520 -0.5337 -0.8441
vn -0.2323 -0.3257 -0.9165
vn -0.4157 0.4527 -0.7889
vn 0.2961 0.2463 0.9228
vn -0.1865 -0.7268 0.6611
vn 0.2531 0.9363 -0.2433
vn -0.5566 0.7643 -0.3255
vn 0.4983 0.8580 -0.1243
vn 0.6492 -0.3959 0.6495
vn -0.5798 -0.6269 0.5204
vn -0.2577 -0.5913 0.7642
vn 0.4051 -0.1026 0.9085
vn 0.3866 0.9160 -0.1073
vn -0.4819 0.0404 -0.8753
vn -0.4580 -0.8817 -0.1134
vn 0.5338 0.7905 -0.3004
vn 0.7592 -0.6494 0.0441
vn -0.6713 -0.7399 0.0443
vn 0.0881 0.9925 0.0847
vn 0.1157 0.2453 0.9625
vn 0.4814 0.8721 0.0875
vn 0.0030 -0.3132 -0.9497
vn -0.9583 0.2732 0.0837
vn -0.7639 -0.0894 -0.6392
vn -0.4469 -0.8933 -0.0489
vn 0.7059 0.1295 0.6964
vn 0.5988 -0.7099 -0.3708
vn 0.3471 0.8663 -0.3592
vn -0.6841 0.6191 0.3857
vn -0.5208 -0.8133 -0.2593
vn -0.4284 -0.8819 0.1965
vn -0.6247 -0.7720 0.1169
vn 0.5463 -0.7695 0.3307
vn -0.4588 -0.7660 0.4503
vn 0.7783 0.6144 -0.1295
vn 0.4571 -0.4493 0.7676
vn 0.5911 0.8066 0.0009
vn 0.4528 -0.1494 0.8790
vn 0.3840 -0.0219 0.9231
vn 0.5804 -0.7255 -0.3698
vn 0.7028 -0.5324 -0.4718
vn -0.6257 -0.6886 0.3667
vn 0.3671 0.6401 -0.6749
vn 0.4704 0.6242 -0.6238
vn -0.8083 0.5885 -0.0162
vn -0.7042 0.3306 -0.6284
vn 0.3004 0.9439 -0.1374
vn -0.3597 -0.9259 0.1154
vn 0.2374 0.3240 0.9158
vn -0.1564 -0.3919 -0.9066
vn -0.0615 -0.1778 -0.9821
vn -0.0329 0.9983 0.0473
vn 0.4351 0.0496 0.8990
vn -0.1640 -0.9108 0.3789
vn -0.2143 -0.1679 -0.9622
vn 0.2062 -0.0937 0.9740
vn -0.1140 -0.9934 0.0107
vn 0.1831 0.9830 0.0152
vn 0.9434 -0.3091 -0.1206
vn -0.9691 0.1046 0.2234
vn 0.0503 0.9581 -0.2821
vn -0.6338 -0.5772 0.5149
vn -0.2792 -0.8971 0.3424
vn -0.3502 -0.7469 0.5652
vn -0.2660 -0.8167 0.5121
vn -0.3388 -0.9387 0.0644
vn 0.1545 -0.2963 -0.9425
vn -0.2193 0.1034 0.9701
vn -0.1790 -0.0011 0.9839
vn -0.3417 0.3174 0.8846
vn -0.4381 -0.1911 0.8784
vn -0.4938 -0.1713 0.8526
vn -0.6976 0.0833 -0.7116
vn -0.2838 -0.1169 -0.9517
vn -0.5840 -0.2448 -0.7740
vn -0.4727 -0.2708 -0.8386
vn 0.3804 -0.1156 0.9176
vn 0.5348 0.7456 -0.3975
vn 0.4237 0.9038 -0.0606
vn -0.6653 -0.0494 -0.7449
vn 0.7063 -0.0178 0.7077
vn -0.3216 -0.9221 0.2154
vn -0.1770 -0.4378 -0.8815
vn 0.1484 0.3012 0.9420
vn 0.3546 0.5268 0.7725
vn 0.9997 -0.0233 -0.0029
vn 0.0037 -0.3122 -0.9500
vn 0.5200 0.4001 0.7547
vn -0.6399 0.2344 0.7319
vn 0.5412 -0.5148 -0.6649
vn -0.1646 -0.9776 0.1313
vn 0.0720 0.9956 -0.0606
vn 0.1082 -0.2316 -0.9668
vn -0.2679 0.9628 -0.0360
vn 0.4080 0.2921 0.8650
vn 0.6139 0.7854 -0.0791
vn 0.2212 -0.9742 -0.0455
vn -0.0907 -0.2945 -0.9513
vn -0.2707 0.9615 0.0472
vn -0.1918 0.0769 0.9784
vn 0.9724 -0.0007 0.2333
vn -0.9645 0.1024 -0.2434
vn -0.2939 -0.9064 0.3034
vn 0.3351 0.9340 -0.1238
vn -0.4554 -0.8891 -0.0459
vn 0.3002 0.9538 0.0107
vn 0.1378 -0.1935 -0.9714
vn -0.8979 -0.1326 0.4198
vn -0.6683 -0.1917 -0.7187
vn 0.6818 0.0575 0.7293
vn -0.2926 -0.9498 0.1107
vn 0.6773 -0.3052 -0.6695
vn 0.2099 0.9747 -0.0764
vn -0.1186 -0.9887 0.0922
vn -0.5695 0.3239 0.7555
vn -0.3913 -0.8895 0.2359
vn -0.8050 0.0135 -0.5931
vn 0.8475 0.0205 0.5304
vn 0.4139 0.9093 -0.0439
vn 0.0726 0.0831 -0.9939
vn -0.3522 0.9359 0.0085
vn 0.2284 0.1881 0.9552
vn -0.2388 -0.1784 -0.9545
vn 0.2507 -0.9670 0.0449
vn 0.1089 -0.9845 -0.1378
vn 0.8557 0.1803 0.4851
vn 0.2920 -0.9538 0.0706
vn -0.8380 -0.1748 -0.5169
vn -0.3373 0.8829 0.3268
vn -0.0421 -0.2256 0.9733
vn -0.1033 0.9853 0.1362
vn 0.0827 0.2338 -0.9688
vn -0.6858 0.0499 0.7261
vn -0.7901 0.2033 -0.5783
vn 0.0573 -0.9857 -0.1583
vn 0.7616 -0.2119 0.6124
vn 0.8498 0.2661 -0.4551
vn -0.1362 0.9327 0.3340
vn -0.8581 -0.2636 0.4407
vn 0.1365 -0.9510 -0.2775
vn -0.1380 -0.2628 -0.9549
vn -0.2770 0.8953 0.3489
vn 0.2439 0.2219 0.9441
vn -0.9593 -0.0223 -0.2814
vn -0.3237 -0.0792 -0.9428
vn 0.3718 0.1150 0.9212
vn 0.2928 -0.9356 -0.1972
vn -0.3553 -0.1468 0.9231
vn -0.1114 0.9250 0.3633
vn 0.3591 -0.9212 -0.1501
vn 0.9674 0.0107 0.2530
vn 0.0179 -0.9783 -0.2065
vn 0.1590 0.9609 0.2269
vn -0.3046 -0.9076 -0.2888
vn 0.2516 0.0911 -0.9635
vn -0.9419 0.1215 0.3131
vn -0.5114 0.1244 -0.8503
vn 0.6640 -0.1873 0.7239
vn -0.0649 0.9841 0.1651
vn -0.0565 -0.9964 0.0628
vn 0.6677 0.2335 0.7069
vn -0.5867 -0.2371 -0.7743
vn -0.1145 0.9934 -0.0111
vn 0.8111 0.0249 -0.5844
vn -0.0100 -0.8467 -0.5319
vn 0.0640 0.9116 0.4060
vn -0.8762 -0.0402 0.4803
vn 0.2897 -0.0820 0.9536
vn -0.2897 0.0820 -0.9536
vn 0.3724 -0.1255 0.9195
vn -0.1933 -0.9790 -0.0648
vn 0.3333 0.9422 0.0338
vn 0.9467 -0.2445 -0.2097
vn 0.7141 -0.1507 0.6836
vn 0.0583 -0.9875 -0.1465
vn -0.3701 0.1252 -0.9205
vn -0.0511 0.9882 0.1441
vn -0.2755 0.9225 0.2703
vn -0.1388 0.9668 0.2144
vn -0.7141 0.1507 -0.6836
vn 0.1388 -0.9668 -0.2144
vn -0.0907 -0.9913 -0.0956
vn -0.5857 0.1470 -0.7971
vn 0.2756 -0.9225 -0.2703
vn 0.5857 -0.1470 0.7971
vn -0.8399 -0.0253 0.5422
vn 0.2002 -0.1051 0.9741
vn 0.0726 0.9949 0.0702
vn -0.2199 0.1158 -0.9686
vn 0.2057 0.3700 -0.9060
vn 0.1080 -0.9849 -0.1354
vn 0.4105 0.3176 -0.8548
vn 0.4447 0.3602 -0.8200
vn 0.2738 0.1392 -0.9517
vn 0.0279 -0.0015 -0.9996
vn -0.1836 0.9753 0.1232
vn -0.7962 -0.0866 0.5989
vn 0.0618 0.9881 -0.1412
vn 0.3429 -0.8110 -0.4741
vn -0.7885 -0.2885 0.5431
vn -0.4527 0.6232 0.6377
vn -0.7501 -0.1162 0.6511
vn 0.1308 -0.1210 0.9840
vn 0.2810 -0.3396 0.8976
vn 0.2680 -0.2518 0.9299
vn -0.7196 -0.2583 0.6445
vn -0.1309 -0.5623 0.8165
vn -0.0623 -0.6900 0.7211
vn 0.1699 0.7248 0.6677
vn 0.1713 0.7904 0.5881
vn -0.3328 0.5351 0.7765
vn 0.3954 -0.5760 0.7155
vn -0.1720 0.1434 0.9746
vn -0.3427 -0.3539 0.8702
vn 0.8523 -0.1348 0.5054
vn -0.3837 -0.3157 0.8678
vn -0.1146 -0.4868 0.8660
vn 0.0271 0.1107 0.9935
vn -0.9244 -0.1640 0.3445
vn -0.1895 0.3560 0.9151
vn -0.3983 -0.2638 0.8785
vn -0.9047 0.1217 0.4083
vn 0.1934 0.9433 0.2697
vn 0.4842 -0.7664 0.4221
vn -0.6577 0.7199 0.2218
vn -0.5103 0.1215 -0.8514
vn -0.3882 -0.9216 -0.0075
vn -0.1099 -0.0240 0.9937
vn 0.5713 0.1096 -0.8134
vn 0.5713 0.1096 -0.8133
vn 0.9533 -0.0323 -0.3004
vn 0.6457 0.0816 0.7592
vn -0.0000 0.0614 -0.9981
vn -0.0000 0.9981 0.0614
vn -0.0000 -0.9981 -0.0610
vn 0.2616 -0.9634 -0.0589
vn 0.2616 0.9633 0.0592
vn 0.2617 0.0592 -0.9633
vn 0.2617 -0.0592 0.9633
vn -0.0000 -0.0613 0.9981
vn -0.0000 0.9978 0.0656
vn 0.0007 -0.9978 -0.0656
vn 0.0007 -0.9164 -0.4004
vn -0.0000 0.9931 -0.1173
vn 0.9651 0.0384 -0.2589
vn -0.0000 0.1466 -0.9892
vn 0.0110 0.0614 -0.9981
vn 0.0258 0.9995 0.0203
vn 0.0258 -0.9945 -0.1020
vn 0.2573 -0.9505 -0.1742
vn 0.2574 0.9646 -0.0568
vn -0.0000 -0.0614 0.9981
vn 0.9567 0.0179 -0.2906
vn -0.0000 0.9988 0.0492
vn 0.0007 -0.9988 -0.0492
vn 0.0007 -0.9163 -0.4004
vn -0.0000 0.9931 -0.1174
vn -0.0000 -0.0478 -0.9989
vn -0.0000 0.9989 -0.0478
vn -0.0000 -0.9988 0.0482
vn 0.2617 -0.9640 0.0465
vn 0.2617 0.9641 -0.0461
vn 0.2617 -0.0461 -0.9640
vn 0.2617 0.0461 0.9640
vn -0.0000 0.0478 0.9989
vn -0.0000 0.9909 -0.1349
vn 0.0006 -0.9909 0.1349
vn 0.0006 -1.0000 0.0030
vn -0.0000 0.8615 -0.5078
vn 0.9651 -0.0693 -0.2524
vn -0.0000 -0.2647 -0.9643
vn -0.0000 0.0613 -0.9981
vn 0.2615 -0.9634 -0.0589
vn 0.2616 0.9634 0.0593
vn 0.2618 -0.0592 0.9633
vn -0.0000 0.9980 0.0639
vn 0.0009 -0.9980 -0.0639
vn 0.0009 -0.9164 -0.4003
vn -0.4137 -0.0382 -0.9096
vn 0.1914 0.9813 0.0221
vn -0.1934 -0.9809 -0.0224
vn -0.2891 -0.9503 -0.1153
vn 0.4224 0.8846 0.1976
vn 0.9044 -0.0387 -0.4249
vn -0.8639 0.0409 0.5020
vn 0.4507 0.0370 0.8919
vn 0.9799 -0.0333 0.1965
vn 0.0003 0.9940 -0.1094
vn 0.0003 -0.9943 0.1067
vn 0.0004 -1.0000 0.0009
vn 0.0002 0.8708 -0.4916
vn 0.9658 -0.0759 -0.2478
vn 1.0000 -0.0032 -0.0001
vn -0.0001 -0.2840 -0.9588
vn 0.1363 0.8827 0.4498
vn 0.3574 0.7902 0.4978
vn -0.2979 -0.8693 -0.3944
vn -0.9719 0.0321 -0.2331
vn 0.2030 -0.0000 0.9792
vn -0.1215 -0.9223 -0.3668
vn -0.8943 0.0376 -0.4458
vn 0.8626 -0.0355 0.5046
vn -0.0077 0.1036 -0.9946
vn 0.0063 0.9946 0.1036
vn -0.0063 -0.9946 -0.1033
vn 0.2484 -0.9630 -0.1042
vn 0.2748 0.9568 0.0952
vn 0.2456 0.0970 -0.9645
vn 0.2777 -0.1032 0.9551
vn 0.0077 -0.1036 0.9946
vn 0.9998 -0.0118 -0.0180
vn -0.0000 0.9888 -0.1493
vn 0.0008 -0.9888 0.1493
vn 0.0008 -1.0000 0.0030
vn -0.0072 0.1100 -0.9939
vn 0.0059 0.9939 0.1100
vn -0.0056 -0.9938 -0.1113
vn 0.2492 -0.9619 -0.1120
vn 0.2754 0.9560 0.1011
vn 0.2450 0.1030 -0.9640
vn 0.2863 -0.1012 0.9528
vn 0.0132 -0.0872 0.9961
vn 0.9997 -0.0123 -0.0188
vn -0.0000 0.9921 -0.1254
vn 0.0007 -0.9921 0.1254
vn 0.0007 -1.0000 0.0027
vn -0.0000 0.8836 -0.4682
vn 0.9512 -0.0901 -0.2950
vn -0.0000 -0.2920 -0.9564
vn 0.8831 -0.3486 0.3138
vn -0.0805 0.9964 -0.0264
vn 0.9350 -0.2384 0.2626
vn -0.1581 -0.9540 0.2547
vn 0.9396 0.1717 0.2961
vn 0.8229 0.1343 -0.5521
vn -0.0173 0.2521 -0.9675
vn 0.1763 -0.4287 0.8861
vn 0.5533 0.2709 -0.7877
vn 0.1740 0.2866 -0.9421
vn 0.8175 -0.3028 0.4898
vn -0.1008 -0.4974 0.8616
vn 0.7785 -0.5778 0.2453
vn 0.6847 0.3764 -0.6241
vn 0.1632 -0.4737 0.8654
vn 0.5416 0.3352 -0.7710
vn 0.8395 -0.1032 0.5335
vn 0.0190 -0.0191 0.9996
vn 0.2221 0.9243 0.3103
vn 0.0383 0.8288 0.5582
vn -0.4659 0.7391 0.4865
vn -0.4067 0.1876 0.8941
vn -0.3568 0.4540 0.8165
vn -0.3711 0.7430 0.5570
vn 0.4019 0.0135 0.9156
vn -0.8999 0.3318 0.2829
vn -0.9727 0.0322 -0.2300
vn -0.7652 0.1920 0.6145
vn -0.8373 0.4428 -0.3205
vn -0.7395 0.3894 -0.5491
vn 0.5368 0.0932 0.8385
vn 0.7678 -0.3284 -0.5502
vn 0.5544 -0.2565 0.7917
vn 0.2443 0.0070 -0.9697
vn 0.9110 -0.2726 -0.3095
vn 0.5301 0.3787 0.7586
vn 0.8153 -0.4295 -0.3884
vn -0.8393 0.4715 0.2708
vn 0.7629 -0.6332 0.1308
vn -0.7528 0.2604 0.6046
vn -0.8687 0.4943 -0.0313
vn 0.8247 -0.2989 -0.4802
vn 0.7734 -0.2393 -0.5870
vn -0.8223 0.2317 0.5198
vn 0.3200 -0.1814 -0.9299
vn -0.8540 0.3693 0.3666
vn 0.7569 -0.2525 -0.6027
vn 0.4017 0.0713 0.9130
vn -0.1671 -0.9461 -0.2775
vn 0.2520 -0.8276 -0.5016
vn -0.8967 0.0424 0.4407
vn -0.9455 0.0061 0.3256
vn -0.6089 0.7191 -0.3348
vn 0.0709 -0.8153 0.5746
vn -0.0766 -0.3809 -0.9214
vn -0.0812 -0.4287 -0.8998
vn -0.1813 0.0515 -0.9821
vn -0.1476 -0.0155 -0.9889
vn 0.1734 0.0841 -0.9813
vn -0.8764 -0.4602 -0.1420
vn 0.4977 -0.7044 0.5061
vn 0.1767 -0.7443 0.6441
vn -0.1906 0.9324 0.3070
vn -0.1879 -0.6716 -0.7167
vn -0.4166 0.0774 0.9058
vn -0.2892 -0.1374 -0.9473
vn -0.3603 0.0979 -0.9277
vn -0.3318 0.0787 0.9400
vn -0.1327 0.9891 -0.0631
vn -0.0736 -0.8098 0.5821
vn -0.0472 0.8083 -0.5868
vn 0.2185 -0.7860 0.5783
vn 0.4123 -0.9039 0.1137
vn -0.2416 0.8146 -0.5273
vn -0.2713 0.7386 -0.6172
vn -0.8681 -0.1424 0.4755
vn 0.5962 -0.8006 0.0593
vn -0.0207 -0.5279 -0.8491
vn -0.1469 0.8269 0.5428
vn -0.3979 0.9167 -0.0360
vn -0.6645 -0.4073 -0.6266
vn -0.9314 -0.2444 0.2697
vn 0.8426 -0.2905 -0.4535
vn 0.8511 -0.1240 0.5101
vn -0.2338 -0.0201 0.9721
vn 0.1198 -0.3991 -0.9090
vn -0.3548 0.3439 0.8694
vn -0.6804 -0.7274 0.0884
vn 0.7882 0.4626 -0.4059
vn 0.6638 0.5250 0.5327
vn 0.1442 0.0533 -0.9881
vn -0.7787 0.3060 -0.5477
vn -0.9904 0.0068 0.1384
vn -0.9904 0.0067 0.1384
vn -0.9896 0.0115 0.1434
vn -0.7317 -0.3810 -0.5652
vn -0.2056 0.5274 0.8244
vn -0.2288 0.9735 -0.0012
vn -0.4353 -0.3603 0.8250
vn -0.5256 0.4491 -0.7226
vn -0.9910 0.0021 0.1335
vn -0.6503 -0.2388 -0.7212
vn 0.1101 0.0143 -0.9938
vn 0.8475 0.0844 0.5241
vn 0.8788 0.0565 -0.4739
vn -0.0564 -0.2074 0.9766
vn 0.2390 0.4049 -0.8826
vn 0.2013 -0.4705 0.8591
vn 0.6505 0.7245 -0.2279
vn 0.6485 0.5671 0.5078
vn -0.2451 -0.4604 -0.8532
vn -0.1391 -0.9900 -0.0248
vn -0.4912 0.8633 0.1158
vn -0.4098 0.9108 0.0494
vn 0.1525 -0.0962 -0.9836
vn -0.1296 0.1061 0.9859
vn 0.8290 0.0586 0.5562
vn 0.9152 -0.0391 -0.4010
vn -0.9379 0.0357 0.3451
vn -0.7790 -0.0524 -0.6248
vn 0.9242 0.3011 -0.2350
vn 0.2420 0.0163 -0.9701
vn 0.9565 0.0209 -0.2910
vn -0.1242 -0.8734 0.4709
vn -0.4045 -0.6629 -0.6301
vn 0.5658 -0.6953 -0.4433
vn -0.0817 -0.1933 0.9777
vn 0.3649 -0.7991 0.4778
vn 0.0729 -0.7708 -0.6329
vn -0.4756 -0.7931 0.3804
vn -0.5856 -0.7739 0.2411
vn 0.0015 -0.1773 0.9842
vn 0.3503 -0.3208 -0.8800
vn -0.0042 -0.7957 0.6056
vn -0.5346 -0.6836 -0.4969
vn 0.6148 -0.7528 0.2351
vn 0.0037 0.9999 -0.0114
vn 0.1830 0.9823 0.0395
vn -0.1587 0.9863 -0.0442
vn 0.2775 -0.5314 -0.8004
vn 0.4692 -0.8461 0.2528
vn 0.8417 0.3124 -0.4404
vn 0.9795 -0.2016 0.0024
vn -0.9865 -0.0028 0.1637
vn -0.8888 -0.2075 0.4087
vn 0.8984 -0.0308 -0.4380
vn 0.1117 -0.1595 0.9809
vn 0.0572 -0.0573 -0.9967
vn -0.9381 -0.1261 0.3226
vn 0.9884 0.0513 -0.1427
vn 0.0035 -0.1307 0.9914
vn 0.0008 -0.1291 0.9916
vn 0.0007 -0.1290 0.9916
vn -0.0581 0.0719 -0.9957
vn -0.0289 0.2134 -0.9765
vn 0.0177 -0.1876 0.9821
vn 0.9447 0.1810 -0.2735
vn -0.9150 -0.1663 0.3675
vn -0.9674 -0.0544 0.2473
vn 0.9982 0.0519 -0.0298
vn -0.0020 -0.1274 0.9919
vn -0.0441 0.1735 -0.9838
vn -0.7773 0.0461 -0.6274
vn 0.4236 -0.9013 -0.0910
vn -0.4630 0.8517 0.2453
vn -0.3773 -0.8690 -0.3200
vn 0.5600 -0.0743 -0.8251
vn 0.0300 0.9558 0.2924
vn -0.5224 -0.8463 0.1045
vn -0.2219 -0.9720 -0.0777
vn -0.2779 -0.9575 -0.0769
vn -0.0068 0.8744 -0.4852
vn 0.3995 0.3216 -0.8585
vn -0.3407 0.8957 0.2856
vn -0.0363 0.8748 0.4831
vn -0.1424 -0.9560 -0.2566
vn 0.8949 0.0496 0.4434
vn 0.4351 -0.7215 0.5387
vn 0.4817 0.2732 0.8327
vn -0.0551 0.2425 0.9686
vn -0.0550 0.2451 0.9679
vn -0.0550 0.2452 0.9679
vn 0.0636 0.9433 0.3257
vn 0.0635 0.9439 0.3242
vn 0.0635 0.9438 0.3242
vn -0.9674 -0.2277 -0.1112
vn -0.0934 -0.9405 -0.3268
vn -0.2876 -0.9456 -0.1521
vn 0.9021 0.3496 -0.2528
vn 0.6832 0.7080 -0.1786
vn -0.8444 0.3435 -0.4111
vn -0.9268 -0.3721 0.0511
vn -0.9964 0.0833 -0.0138
vn 0.1373 -0.9827 -0.1245
vn 0.8041 -0.5248 0.2794
vn -0.2308 0.8728 -0.4300
vn -0.4614 0.6749 -0.5759
vn 0.1850 0.9283 -0.3227
vn -0.7061 0.6875 -0.1696
vn 0.2816 0.7796 -0.5594
vn 0.2623 0.8912 -0.3700
vn -0.8660 0.4827 0.1308
vn 0.9931 0.1169 -0.0095
vn 0.0161 -0.1162 0.9931
vn -0.2648 0.0543 -0.9628
vn -0.1060 0.2184 -0.9701
vn 0.0239 -0.1749 0.9843
vn 0.9991 -0.0412 -0.0045
vn -0.9890 -0.0250 0.1461
vn -0.3526 0.9165 0.1890
vn -0.3848 0.8799 0.2787
vn 0.5231 -0.8442 -0.1169
vn 0.9332 0.0213 0.3588
vn 0.9489 0.1706 0.2653
vn -0.9784 0.0404 0.2027
vn -0.9919 -0.1101 0.0630
vn -0.1552 0.9588 -0.2380
vn 0.5139 -0.8171 -0.2614
vn 0.9816 0.1516 -0.1159
vn -0.9235 -0.2983 -0.2410
vn 0.0601 0.9566 0.2850
vn 0.0063 0.9656 0.2600
vn -0.0547 0.2498 0.9668
vn -0.0545 0.2518 0.9662
vn 0.0632 0.9449 0.3212
vn 0.0632 0.9449 0.3213
vn 0.0630 0.9454 0.3198
vn 0.1755 0.9352 0.3077
vn 0.2662 0.8988 0.3482
vn 0.4827 0.1874 0.8555
vn 0.1700 0.9412 0.2920
vn 0.2003 0.9326 0.3002
vn 0.2984 0.8701 0.3922
vn 0.2664 0.8902 0.3697
vn 0.4820 0.2452 0.8412
vn 0.4802 0.2169 0.8499
vn -0.1139 -0.9800 -0.1632
vn -0.3603 -0.9094 -0.2078
vn -0.0734 0.2888 0.9546
vn 0.0825 -0.1237 -0.9889
vn -0.0868 -0.0160 0.9961
vn -0.0915 -0.3985 0.9126
vn 0.0824 0.0058 -0.9966
vn 0.0824 0.1861 -0.9791
vn -0.8290 -0.5506 -0.0977
vn 0.7933 -0.6080 0.0326
vn 0.8774 0.4749 0.0684
vn -0.8771 0.4754 -0.0685
vn -0.0200 -0.9945 -0.1024
vn 0.9938 -0.0329 0.1063
vn 0.0285 0.9980 -0.0567
vn -0.9984 -0.0051 -0.0568
vn -0.7592 0.6423 -0.1053
vn -0.9860 0.1396 -0.0910
vn -0.8057 -0.5893 0.0600
vn -0.4798 -0.4390 -0.7596
vn -0.4015 0.0903 0.9114
vn -0.2686 0.5065 -0.8194
vn -0.0003 -0.9668 0.2554
vn -0.0055 -0.9664 -0.2571
vn -0.1391 0.5115 0.8480
vn 0.1965 0.9736 -0.1160
vn 0.9883 0.1238 0.0894
vn 0.9539 -0.1807 -0.2396
vn 0.9480 -0.1848 -0.2591
vn -0.9917 0.0403 -0.1218
vn -0.9674 0.1617 -0.1947
vn -0.9098 -0.4072 -0.0805
vn 0.9980 -0.0631 0.0104
vn 0.9604 -0.0728 0.2690
vn 0.9972 -0.0098 -0.0744
vn -0.3065 -0.9519 -0.0061
vn 0.1201 -0.9907 -0.0647
vn 0.3786 0.4392 0.8147
vn 0.2353 0.9598 -0.1532
vn 0.3714 -0.0139 -0.9284
vn -0.6963 0.7110 0.0987
vn -0.1352 0.4596 0.8778
vn -0.1580 0.9828 -0.0954
vn -0.3428 0.0031 -0.9394
vn -0.9514 0.2886 -0.1078
vn -0.3115 0.1154 -0.9432
vn -0.3113 0.1152 -0.9433
vn -0.3120 0.1159 -0.9430
vn 0.5355 -0.8429 -0.0529
vn -0.4790 0.6795 0.5558
vn -0.0792 0.5133 0.8545
vn -0.1708 0.5314 0.8297
vn -0.0219 -0.9961 -0.0854
vn -0.0737 -0.9969 -0.0285
vn 0.0913 -0.1068 -0.9901
vn 0.2333 -0.1784 -0.9559
vn 0.0605 0.9947 -0.0826
vn 0.0839 0.9946 -0.0605
vn 0.2549 0.1701 -0.9519
vn 0.1047 0.1472 -0.9835
vn -0.2721 -0.0981 0.9572
vn -0.1053 -0.1217 0.9870
vn -0.1298 -0.1019 0.9863
vn -0.3122 0.1161 -0.9429
vn -0.9871 0.1597 0.0095
vn -0.3225 0.1440 -0.9356
vn -0.1846 -0.0711 0.9802
vn 0.3776 0.0832 -0.9222
vn 0.3626 -0.0990 0.9267
vn 0.9972 0.0361 -0.0656
vn 0.1248 0.1468 -0.9813
vn -0.1315 -0.1512 0.9797
vn -0.0793 0.2047 0.9756
vn -0.0931 -0.9922 0.0824
vn 0.0577 -0.1756 -0.9828
vn 0.2257 0.9413 -0.2511
vn 0.5642 0.0342 -0.8249
vn -0.0586 -0.2018 0.9777
vn 0.2552 0.1882 0.9484
vn -0.7584 -0.6459 0.0871
vn 0.4882 -0.2136 -0.8462
vn 0.5382 0.8291 -0.1514
vn 0.9204 -0.2753 -0.2775
vn 0.7715 -0.6309 -0.0814
vn 0.2176 -0.0299 -0.9756
vn 0.1190 0.9802 0.1580
vn 0.1781 0.0027 -0.9840
vn 0.1762 0.0050 -0.9843
vn 0.1785 0.0049 -0.9839
vn -0.1812 -0.9757 -0.1228
vn -0.1814 -0.9754 -0.1252
vn -0.1800 -0.9758 -0.1242
vn -0.0820 -0.0126 0.9966
vn 0.0220 0.9669 0.2543
vn 0.0258 0.9665 0.2554
vn 0.0245 0.9671 0.2531
vn 0.0403 -0.0716 -0.9966
vn 0.0366 -0.0682 -0.9970
vn 0.0404 -0.0679 -0.9969
vn -0.1477 -0.8688 -0.4727
vn 0.0597 -0.0087 0.9982
vn -0.1303 -0.9257 0.3551
vn -0.1290 -0.9268 0.3527
vn -0.1283 -0.9262 0.3545
vn -0.0077 -0.0547 0.9985
vn -0.0429 0.9795 -0.1967
vn 0.0541 -0.0530 -0.9971
vn 0.0530 -0.0509 -0.9973
vn 0.0547 -0.0514 -0.9972
vn -0.0158 0.0548 -0.9984
vn -0.1208 -0.9788 0.1653
vn -0.0102 -0.0095 0.9999
vn 0.0715 0.9961 -0.0511
vn -0.9629 -0.2691 0.0200
vn -0.9746 -0.0513 0.2182
vn -0.9892 0.0024 0.1467
vn -0.0367 -0.0400 0.9985
vn -0.0358 -0.0381 0.9986
vn -0.1309 -0.9880 -0.0822
vn -0.1312 -0.9877 -0.0846
vn -0.1297 -0.9880 -0.0835
vn -0.1275 -0.9883 -0.0833
vn 0.0217 -0.0945 -0.9953
vn 0.0194 -0.0924 -0.9955
vn 0.0217 -0.0923 -0.9955
vn 0.0787 0.9571 0.2788
vn 0.1130 0.9758 0.1870
vn 0.1290 -0.0183 -0.9915
vn 0.1268 -0.0157 -0.9918
vn 0.1290 -0.0160 -0.9915
vn 0.0199 -0.9887 -0.1485
vn 0.0193 -0.9884 -0.1508
vn 0.0209 -0.9885 -0.1500
vn 0.0191 0.0387 0.9991
vn 0.0431 -0.0477 0.9979
vn -0.1064 -0.8005 -0.5898
vn -0.1030 -0.8008 -0.5900
vn 0.0391 -0.1240 -0.9915
vn 0.0350 -0.1207 -0.9921
vn 0.0388 -0.1203 -0.9920
vn 0.0131 0.9700 0.2427
vn 0.0168 0.9697 0.2439
vn 0.0155 0.9703 0.2415
vn 0.0817 0.9639 0.2533
vn 0.0855 0.9632 0.2547
vn 0.0843 0.9640 0.2523
vn 0.1571 -0.0337 -0.9870
vn 0.1533 -0.0304 -0.9877
vn 0.1569 -0.0300 -0.9872
vn 0.0458 -0.8783 -0.4760
vn 0.1739 0.0134 0.9847
vn 0.0729 -0.0931 -0.9930
vn 0.0717 -0.0910 -0.9933
vn 0.0734 -0.0914 -0.9931
vn -0.0192 0.9760 -0.2169
vn 0.0055 -0.1282 0.9917
vn 0.0054 -0.1260 0.9920
vn -0.0851 -0.9551 0.2837
vn -0.0839 -0.9560 0.2813
vn -0.0832 -0.9555 0.2830
vn -0.0816 -0.9555 0.2835
vn 0.0431 -0.9309 0.3627
vn 0.0442 -0.9319 0.3600
vn 0.0449 -0.9312 0.3618
vn 0.0569 -0.0310 0.9979
vn 0.1078 0.9736 -0.2012
vn 0.2479 -0.0163 -0.9687
vn 0.2466 -0.0142 -0.9690
vn 0.2483 -0.0146 -0.9686
vn 0.0483 0.9983 -0.0317
vn 0.0663 0.0035 0.9978
vn -0.0719 -0.9906 0.1163
vn 0.0305 0.0371 -0.9988
vn 0.2228 0.0657 -0.9726
vn 0.0549 -0.9886 0.1401
vn 0.0768 -0.0001 0.9970
vn 0.1022 0.9932 -0.0557
vn 0.6361 -0.1891 0.7480
vn 0.5745 -0.0355 -0.8178
vn 0.2892 0.0125 -0.9572
vn 0.2901 -0.1533 0.9446
vn 0.9537 -0.0080 -0.3005
vn 0.6437 -0.1123 0.7570
vn 0.2382 -0.2617 0.9353
vn 0.2185 0.1628 -0.9622
vn 0.6815 -0.3644 0.6346
vn 0.1839 0.3877 -0.9033
vn 0.1924 -0.4375 0.8784
vn 0.9325 -0.1953 0.3037
vn 0.9050 0.1984 -0.3763
vn -0.1067 -0.0387 0.9935
vn 0.9245 -0.3797 -0.0338
vn 0.8746 0.4225 -0.2378
vn 0.7386 0.6561 0.1549
vn -0.9350 0.2163 -0.2810
vn -0.7713 0.5792 0.2638
vn 0.6233 0.4440 0.6437
vn -0.1541 -0.4646 -0.8720
vn 0.9680 -0.2495 0.0260
vn -0.0258 -0.1213 -0.9923
vn -0.0289 -0.1190 -0.9925
vn -0.0253 -0.1208 -0.9924
vn -0.1269 0.9768 0.1723
vn -0.1568 0.9768 -0.1460
vn -0.1510 0.0195 0.9883
vn 0.0084 -1.0000 0.0025
vn -0.0684 0.0865 -0.9939
vn 0.0903 0.2343 0.9680
vn -0.0541 -0.9802 -0.1903
vn -0.0551 -0.9799 -0.1917
vn -0.2005 -0.0034 -0.9797
vn -0.2008 -0.0011 -0.9796
vn -0.0318 0.8968 0.4414
vn -0.1925 0.0001 -0.9813
vn -0.1928 0.0018 -0.9812
vn 0.9970 -0.0224 -0.0745
vn -0.1409 0.9758 -0.1672
vn -0.2632 0.0482 0.9635
vn -0.0905 -0.9238 0.3720
vn -0.0922 -0.9241 0.3709
vn -0.2270 0.0238 0.9736
vn -0.0602 -0.8825 -0.4665
vn -0.0674 -0.9971 0.0351
vn -0.2038 -0.0075 -0.9790
vn -0.2036 -0.0038 -0.9790
vn -0.1073 0.9629 0.2475
vn -0.1099 0.9629 0.2466
vn -0.9922 0.0623 0.1081
vn -0.1566 0.5105 -0.8455
vn -0.0890 -0.9085 0.4083
vn -0.9953 -0.0555 -0.0789
vn 0.1587 0.3523 0.9223
vn 0.1720 0.3454 0.9225
vn 0.1202 0.2926 0.9487
vn 0.1648 0.2729 0.9478
vn 0.0110 0.0446 0.9989
vn 0.2127 0.4092 0.8873
vn 0.1993 0.4090 0.8905
vn -0.1018 0.8999 0.4241
vn 0.0363 0.8808 0.4721
vn 0.6297 0.1239 0.7669
vn -0.2765 -0.0499 -0.9597
vn 0.0815 -0.9965 0.0182
vn -0.5941 -0.2078 -0.7771
vn 0.0289 0.7061 0.7076
vn 0.3272 0.1000 -0.9396
vn -0.9515 0.0323 0.3059
vn -0.8076 -0.0440 0.5881
vn 0.3011 0.9527 -0.0420
vn 0.8896 -0.2131 0.4040
vn -0.2561 0.8706 0.4202
vn -0.7779 -0.1180 0.6172
vn 0.0184 0.5488 -0.8358
vn -0.7659 -0.0854 0.6372
vn 0.0732 -0.2131 -0.9743
vn -0.1373 0.3754 -0.9167
vn 0.0305 0.5929 -0.8047
vn -0.1750 0.3397 0.9241
vn 0.8850 -0.0354 -0.4642
vn 0.7217 0.0184 -0.6919
vn -0.0481 -0.2240 0.9734
vn -0.0711 -0.1684 0.9831
vn -0.0340 -0.8901 0.4545
vn -0.3302 0.1759 -0.9274
vn 0.8019 0.2006 -0.5627
vn -0.9124 0.0892 -0.3995
vn -0.2699 -0.0300 -0.9624
vn 0.9338 -0.2094 0.2901
vn 0.8966 -0.0485 0.4402
vn -0.9870 0.1543 -0.0445
vn -0.0303 0.0017 0.9995
vn -0.8562 0.5147 -0.0453
vn -0.8571 -0.4834 0.1779
vn 0.0176 0.5197 -0.8542
vn 0.0707 -0.5888 0.8052
vn 0.5287 -0.6678 0.5240
vn -0.2218 0.1597 -0.9619
vn -0.0882 -0.0826 0.9927
vn 0.0982 -0.8844 -0.4562
vn -0.9596 0.0148 -0.2811
vn 0.9603 0.2603 -0.1008
vn -0.9253 0.2384 -0.2950
vn -0.0457 -0.1051 0.9934
vn 0.0448 0.2597 -0.9647
vn -0.9244 0.1028 -0.3674
vn -0.0271 -0.7830 0.6215
vn 0.7630 -0.1649 0.6251
vn 0.1028 0.3877 0.9160
vn 0.8003 0.0418 -0.5982
vn -0.0704 -0.6849 0.7252
vn -0.1863 -0.1293 -0.9739
vn -0.8867 0.3119 0.3413
vn 0.7047 -0.2087 0.6781
vn -0.4349 -0.8804 -0.1889
vn -0.8378 0.0059 0.5460
vn -0.1756 -0.0650 -0.9823
vn 0.2273 0.3752 0.8986
vn -0.2844 0.2347 0.9295
vn -0.3666 0.0496 0.9290
vn 0.0695 0.8784 0.4728
vn 0.8112 -0.4673 0.3515
vn -0.1882 0.9415 0.2794
vn 0.7608 0.5401 0.3598
vn 0.0873 0.8552 0.5109
vn 0.0098 0.9977 -0.0672
vn -0.0198 0.4932 -0.8697
vn -0.0331 -0.8560 -0.5159
vn -0.0300 -0.8540 -0.5195
vn -0.0330 -0.8560 -0.5160
vn 0.3645 -0.9310 0.0176
vn -0.0786 0.9484 -0.3073
vn 0.3656 -0.6891 -0.6256
vn 0.2302 0.9133 -0.3359
vn 0.3884 -0.6656 0.6373
vn -0.2028 0.9509 -0.2338
vn -0.5539 -0.8289 -0.0783
vn -0.4634 0.4633 0.7553
vn 0.1231 -0.9846 0.1240
vn -0.3843 0.6508 0.6548
vn -0.5434 0.7822 -0.3047
vn -0.6956 0.1816 -0.6951
vn 0.0613 -0.9918 -0.1123
vn 0.1744 0.6993 0.6932
vn -0.1017 -0.9432 0.3163
vn -0.3813 -0.1161 0.9171
vn -0.6799 -0.4983 -0.5380
vn 0.0604 -0.6797 0.7310
vn 0.0501 0.2073 -0.9770
vn 0.2796 -0.0166 0.9600
vn 0.1345 -0.7114 -0.6898
vn -0.3061 0.3541 -0.8837
vn -0.0973 0.6603 0.7447
vn 0.3421 0.2463 -0.9068
vn -0.4797 0.1087 0.8707
vn -0.0973 -0.7063 -0.7012
vn -0.0476 0.1129 0.9925
vn -0.4457 -0.6919 0.5680
vn -0.7777 0.2937 0.5558
vn -0.9979 0.0104 0.0636
vn -0.1790 0.3538 -0.9180
vn -0.9389 -0.0694 -0.3372
vn -0.0259 -0.7725 -0.6344
vn -0.9420 -0.1973 0.2716
vn -0.7124 0.0092 0.7017
vn 0.2074 0.5511 0.8082
vn -0.9952 -0.0304 0.0927
vn -0.1774 0.9619 0.2081
vn -0.1704 0.9640 0.2041
vn -0.3685 0.8995 0.2348
vn -0.3781 0.8962 0.2322
vn -0.3382 0.9368 -0.0900
vn -0.3364 0.9376 -0.0876
vn -0.4746 0.8716 -0.1229
vn -0.4789 0.8693 -0.1220
vn 0.6140 -0.3060 0.7275
vn 0.6444 0.3234 -0.6929
vn 0.3130 -0.9297 -0.1944
vn 0.2962 -0.0495 -0.9539
vn -0.1824 0.9707 -0.1565
vn -0.1055 0.9944 0.0026
vn -0.0728 0.9576 0.2788
vn 0.6971 -0.0121 -0.7168
vn 0.2846 0.2519 -0.9250
vn 0.5522 0.0875 -0.8291
vn -0.0357 -0.9559 -0.2915
vn 0.2655 0.8463 -0.4618
vn 0.1115 0.8643 0.4905
vn 0.4071 0.8686 0.2824
vn -0.1024 0.8418 -0.5300
vn 0.8845 0.4628 0.0597
vn -0.0360 -0.8580 -0.5124
vn -0.3917 -0.9153 -0.0934
vn 0.9552 0.1104 0.2746
vn 0.2323 -0.0235 0.9724
vn -0.0484 0.7654 0.6418
vn -0.4063 -0.0979 -0.9085
vn 0.0585 0.9079 -0.4150
vn 0.8355 0.5175 -0.1847
vn -0.7079 0.5910 -0.3869
vn -0.0119 0.2335 -0.9723
vn 0.0400 0.9955 -0.0860
vn -0.5663 -0.8242 -0.0066
vn -0.5982 0.7590 0.2569
vn 0.2902 0.5510 0.7825
vn 0.1719 0.0716 0.9825
vn -0.7585 0.0028 0.6517
vn -0.4589 -0.8074 0.3709
vn 0.9425 0.0728 0.3263
vn -0.1058 -0.2952 0.9496
vn 0.0690 -0.8727 0.4833
vn 0.1612 0.8813 0.4442
vn 0.2912 0.1711 -0.9412
vn 0.9232 -0.3530 0.1519
vn -0.3242 -0.9454 0.0336
vn -0.1817 0.9477 0.2624
vn -0.0591 -0.9713 -0.2304
vn -0.2131 -0.1016 -0.9717
vn 0.8951 0.3168 0.3137
vn -0.2255 -0.4883 -0.8430
vn 0.2136 0.8730 -0.4385
vn -0.4295 -0.4636 0.7750
vn 0.4449 0.7763 0.4466
vn -0.5164 -0.7951 0.3180
vn 0.6128 0.6024 -0.5115
vn 0.0197 -0.0668 0.9976
vn 0.0206 -0.0646 0.9977
vn 0.0196 -0.0670 0.9976
vn 0.0118 -0.1622 0.9867
vn 0.0078 -0.1595 0.9872
vn 0.0092 -0.1612 0.9869
vn -0.1808 0.9667 -0.1810
vn -0.1824 0.9669 -0.1787
vn -0.1415 -0.1061 -0.9842
vn -0.1391 -0.1062 -0.9846
vn -0.0128 0.9724 0.2330
vn -0.0107 0.9718 0.2356
vn -0.0149 0.9719 0.2350
vn 0.0207 -0.1000 -0.9948
vn 0.0281 -0.0979 -0.9948
vn 0.0296 -0.1002 -0.9945
vn 0.0412 -0.0737 0.9964
vn 0.0438 -0.0720 0.9964
vn 0.0419 -0.0705 0.9966
vn -0.0091 0.0199 -0.9998
vn -0.0142 0.0184 -0.9997
vn -0.0117 0.0200 -0.9997
vn 0.0109 -0.0121 0.9999
vn 0.0103 -0.0148 0.9998
vn -0.1327 0.9900 0.0469
vn -0.1306 0.9902 0.0501
vn -0.1244 0.9913 0.0430
vn -0.0366 0.9861 0.1621
vn -0.0340 0.9861 0.1629
vn 0.0581 -0.0031 -0.9983
vn 0.0595 -0.0033 -0.9982
vn -0.1152 -0.9384 -0.3259
vn -0.0559 -0.0232 0.9982
vn -0.0533 -0.0238 0.9983
vn -0.0455 -0.9990 0.0050
vn -0.0041 -0.1075 0.9942
vn -0.0920 0.9576 -0.2729
vn -0.0909 0.9581 -0.2716
vn -0.0545 -0.0859 -0.9948
vn -0.0748 0.0398 -0.9964
vn -0.0341 -0.0936 0.9950
vn -0.0894 0.9959 0.0161
vn -0.0871 0.9961 0.0141
vn 0.2715 0.4823 0.8329
vn 0.1789 0.9285 0.3253
vn 0.1394 0.9780 -0.1550
vn 0.4020 -0.0901 -0.9112
vn 0.4437 -0.8473 0.2919
vn 0.1817 0.7049 0.6856
vn -0.0353 -0.8291 -0.5580
vn 0.3975 -0.4708 0.7876
vn -0.1919 0.6607 0.7257
vn -0.1913 0.6609 0.7257
vn -0.2002 0.6579 0.7260
vn 0.0239 -0.0571 0.9981
vn -0.2018 0.6574 0.7261
vn -0.0250 -0.8233 -0.5670
vn 0.4903 -0.4099 0.7691
vn 0.3130 0.2855 0.9058
vn -0.8252 -0.5586 0.0839
vn -0.7303 -0.6718 0.1238
vn -0.1483 -0.9677 -0.2040
vn -0.2971 -0.9306 -0.2138
vn -0.5751 -0.6797 -0.4553
vn -0.5650 -0.6956 -0.4438
vn -0.5248 -0.7067 -0.4746
vn -0.5516 -0.6992 -0.4549
vn 0.1502 -0.9869 -0.0591
vn -0.1687 -0.9045 0.3916
vn -0.1653 -0.9004 0.4024
vn 0.1422 -0.9886 -0.0493
vn -0.0234 -0.9587 -0.2834
vn -0.0505 -0.0654 0.9966
vn -0.0506 -0.0623 0.9968
vn 0.0262 -0.0956 -0.9951
vn -0.0453 0.9872 0.1531
vn 0.0387 0.9984 0.0412
vn 0.1959 -0.9268 -0.3205
vn 0.2630 -0.9450 -0.1947
vn 0.9451 -0.3259 0.0221
vn -0.8735 0.4865 -0.0146
vn 0.1785 0.9441 0.2772
vn 0.0246 -0.1577 -0.9872
vn 0.0201 -0.1614 -0.9867
vn 0.0219 -0.1568 -0.9874
vn 0.0588 -0.9979 -0.0284
vn 0.0581 -0.9980 -0.0244
vn 0.0542 -0.9982 -0.0272
vn 0.0576 -0.9980 -0.0273
vn 0.0584 -0.0542 0.9968
vn 0.0602 -0.0545 0.9967
vn 0.0606 -0.0523 0.9968
vn -0.1362 0.9468 0.2916
vn -0.1370 0.9470 0.2906
vn -0.1329 0.9482 0.2884
vn -0.1388 0.9470 0.2898
vn -0.0001 -0.0496 0.9988
vn -0.0010 -0.0493 0.9988
vn 0.0005 -0.0503 0.9987
vn -0.0059 -0.1291 -0.9916
vn -0.0077 -0.1328 -0.9911
vn -0.0102 -0.1316 -0.9913
vn -0.0124 -0.1278 -0.9917
vn 0.0250 -0.1573 -0.9872
vn -0.1627 0.9327 0.3219
vn -0.0071 -0.0764 0.9971
vn -0.0040 -0.0748 0.9972
vn -0.0040 -0.0749 0.9972
vn -0.0091 -0.0741 0.9972
vn -0.0913 0.9586 0.2696
vn -0.0893 0.9576 0.2738
vn -0.0892 0.9594 0.2674
vn 0.0767 0.9822 0.1715
vn 0.0756 0.9825 0.1702
vn -0.0749 -0.1191 0.9901
vn -0.0710 -0.1142 0.9909
vn -0.0729 -0.1165 0.9905
vn -0.0809 -0.9787 -0.1889
vn -0.0810 -0.9780 -0.1924
vn -0.0780 -0.9788 -0.1894
vn -0.0624 -0.1082 -0.9922
vn -0.0593 -0.1067 -0.9925
vn 0.0798 0.6473 0.7580
vn 0.8972 -0.4190 0.1399
vn -0.3108 -0.7835 -0.5380
vn -0.3118 -0.7838 -0.5370
vn -0.9354 0.0905 0.3419
vn -0.9204 -0.3564 0.1609
vn -0.9204 -0.3570 0.1592
vn 0.8892 0.4121 -0.1989
vn 0.8884 0.4137 -0.1990
vn 0.8885 0.4141 -0.1979
vn 0.8638 -0.4075 0.2964
vn -0.2623 -0.3969 -0.8796
vn -0.2634 -0.3957 -0.8798
vn -0.2612 -0.3971 -0.8798
vn -0.4976 0.5173 -0.6963
vn -0.4970 0.5165 -0.6973
vn -0.0398 -0.7797 -0.6249
vn -0.0404 -0.7806 -0.6238
vn -0.2135 0.2963 -0.9309
vn -0.2123 0.2971 -0.9309
vn 0.1219 -0.8022 -0.5845
vn 0.1200 -0.8026 -0.5843
vn 0.1217 -0.8001 -0.5874
vn 0.0023 -0.0433 -0.9991
vn 0.0058 -0.0422 -0.9991
vn -0.0994 0.9813 0.1645
vn -0.1012 0.9808 0.1668
vn -0.0956 0.9817 0.1649
vn -0.0620 -0.0600 0.9963
vn -0.0932 -0.1151 -0.9890
vn -0.0956 -0.1121 -0.9891
vn -0.1826 0.9626 0.2003
vn -0.1837 0.9618 0.2027
vn -0.0836 0.9840 0.1576
vn -0.0840 0.9834 0.1611
vn 0.0033 -0.0015 -1.0000
vn -0.0005 -0.0021 -1.0000
vn 0.0046 -0.0022 -1.0000
vn 0.0497 -0.0567 0.9972
vn 0.0141 -0.0535 0.9985
vn 0.0148 -0.0512 0.9986
vn -0.0310 -0.0384 -0.9988
vn -0.0294 -0.0378 -0.9989
vn -0.1203 0.9798 0.1599
vn -0.1211 0.9794 0.1619
vn -0.0773 -0.1117 -0.9907
vn -0.0793 -0.1109 -0.9907
vn -0.0744 0.9759 -0.2053
vn -0.0826 -0.1508 0.9851
vn -0.0830 -0.1492 0.9853
vn -0.0125 -0.0364 -0.9993
vn -0.0111 -0.0354 -0.9993
vn -0.1563 0.9600 -0.2324
vn -0.1585 0.9593 -0.2339
vn 0.0477 -0.1301 0.9904
vn 0.0458 -0.1284 0.9907
vn 0.0379 -0.1393 0.9895
vn 0.0385 -0.1411 0.9892
vn 0.0693 -0.9942 0.0819
vn 0.0684 -0.9945 0.0794
vn 0.0702 -0.9943 0.0797
vn 0.0453 -0.1260 0.9910
vn -0.1202 0.9562 -0.2668
vn -0.1192 0.9561 -0.2676
vn 0.1712 -0.1082 -0.9793
vn -0.0711 -0.0794 -0.9943
vn -0.0831 0.9496 -0.3023
vn 0.0422 -0.1282 0.9909
vn -0.2796 0.9601 0.0018
vn -0.1180 -0.0045 0.9930
vn -0.0070 0.0192 -0.9998
vn -0.1290 0.9909 0.0384
vn -0.1258 0.9913 0.0374
vn 0.0015 -0.0259 0.9997
vn 0.0006 -0.0282 0.9996
vn 0.0032 -0.0285 0.9996
vn 0.0400 -0.9947 0.0943
vn 0.0415 -0.9947 0.0937
vn -0.0295 0.0168 -0.9994
vn -0.0321 0.0170 -0.9993
vn -0.0311 0.0196 -0.9993
vn -0.0296 0.0173 -0.9994
vn -0.0120 0.0125 -0.9999
vn -0.0128 0.0145 -0.9998
vn 0.0419 -0.0524 0.9977
vn 0.0438 -0.0537 0.9976
vn -0.1202 0.9925 0.0215
vn -0.1213 0.9923 0.0241
vn -0.1179 0.9928 0.0227
vn -0.3380 0.9410 0.0141
vn -0.3367 0.9415 0.0162
vn 0.0170 -0.0529 0.9985
vn 0.0575 -0.9887 0.1388
vn 0.0572 -0.9888 0.1379
vn -0.0631 0.0209 -0.9978
vn -0.0616 0.0205 -0.9979
vn -0.0644 0.0181 -0.9978
vn 0.0517 -0.9843 0.1686
vn 0.1218 -0.9826 0.1402
vn 0.3250 -0.9045 -0.2762
vn 0.2988 -0.9260 -0.2306
vn -0.0080 0.0721 -0.9974
vn -0.0094 0.0706 -0.9975
vn -0.0022 0.0341 -0.9994
vn -0.0015 0.0344 -0.9994
vn -0.3412 0.8805 -0.3290
vn -0.3378 0.8806 -0.3323
vn -0.5060 0.8362 -0.2115
vn -0.5141 0.8301 -0.2157
vn 0.2624 -0.4125 0.8723
vn 0.2633 -0.4141 0.8713
vn 0.0742 0.6955 0.7147
vn -0.9712 -0.1075 -0.2126
vn -0.2576 0.7759 0.5759
vn 0.4517 0.1060 -0.8858
vn 0.8793 -0.2639 -0.3965
vn -0.9751 -0.2120 -0.0647
vn 0.0683 -0.9464 -0.3156
vn -0.9173 0.3784 -0.1243
vn -0.9530 0.0405 -0.3003
vn -0.9530 0.0410 -0.3003
vn -0.9525 0.0521 -0.3001
vn -0.3301 0.1261 -0.9355
vn -0.9530 -0.0405 0.3003
vn -0.9530 -0.0410 0.3003
vn -0.9525 -0.0521 0.3001
vn -0.6445 -0.1022 0.7578
vn -0.3170 -0.1267 0.9399
vn -0.3310 -0.1008 -0.9382
vn -0.1212 -0.7553 -0.6441
vn 0.0123 0.2187 0.9757
vn -0.2612 0.3974 0.8797
vn -0.1641 -0.7582 -0.6310
vn -0.1104 -0.2993 -0.9477
vn -0.4362 0.3442 0.8314
vn -0.6362 -0.1244 0.7614
vn -0.1583 -0.2276 -0.9608
vn -0.1315 -0.2472 -0.9600
vn -0.2005 -0.0606 0.9778
vn 0.0135 0.3471 -0.9377
vn -0.5996 -0.3473 -0.7210
vn -0.7880 0.2873 -0.5446
vn -0.9271 -0.2027 0.3152
vn -0.1759 -0.4389 0.8811
vn -0.1759 -0.4386 0.8813
vn -0.1763 -0.4290 0.8860
vn -0.5427 0.3296 -0.7726
vn -0.1849 0.3876 -0.9031
vn -0.1858 0.3876 -0.9029
vn -0.1848 0.3876 -0.9031
vn -0.7608 -0.3234 0.5627
vn -0.6344 -0.2027 0.7459
vn -0.1979 0.1634 -0.9665
vn -0.5686 0.1463 -0.8095
vn -0.2225 -0.2627 0.9389
vn -0.9494 -0.0953 0.2991
vn -0.9530 0.0393 -0.3003
vn -0.9530 0.0394 -0.3003
vn -0.6438 -0.1123 0.7569
vn -0.9537 -0.0080 -0.3005
vn -0.9520 -0.0606 0.3000
vn -0.9520 -0.0606 0.2999
vn -0.2613 -0.1548 0.9527
vn -0.5746 0.0250 -0.8180
vn -0.2457 0.0121 -0.9693
vn -0.9536 0.0173 0.3005
vn -0.9536 -0.0173 -0.3005
vn -0.6472 0.0438 0.7610
vn -0.3322 -0.0542 -0.9416
vn -0.5742 -0.0470 -0.8174
vn -0.3191 0.0544 0.9461
vn -0.5745 -0.0355 -0.8178
vn -0.5742 -0.0469 -0.8174
vn -0.5745 -0.0356 -0.8178
vn -0.5744 -0.0355 -0.8178
vn -0.3324 -0.0409 -0.9422
vn -0.3323 -0.0475 -0.9420
vn -0.3323 -0.0476 -0.9420
vn -0.6475 0.0331 0.7614
vn -0.6472 0.0437 0.7611
vn -0.6475 0.0332 0.7614
vn -0.9537 -0.0131 -0.3005
vn -0.9537 -0.0151 -0.3005
vn -0.9537 -0.0152 -0.3005
vn -0.9537 0.0131 0.3005
vn -0.9537 0.0151 0.3005
vn -0.9537 0.0152 0.3005
vn -0.3193 0.0411 0.9467
vn -0.3192 0.0477 0.9465
vn -0.3192 0.0478 0.9465
vn -0.3095 -0.2496 0.9176
vn -0.9506 -0.0815 0.2995
vn -0.9506 0.0815 -0.2995
vn -0.6344 -0.2029 0.7459
vn -0.3223 0.2484 -0.9135
vn -0.5611 0.2172 -0.7987
vn -0.5629 0.2026 -0.8013
vn -0.3236 0.2319 -0.9173
vn -0.6362 -0.1891 0.7480
vn -0.6361 -0.1898 0.7479
vn -0.6345 -0.2022 0.7460
vn -0.9510 0.0758 -0.2996
vn -0.9510 0.0762 -0.2996
vn -0.9506 0.0810 -0.2995
vn -0.9510 -0.0758 0.2996
vn -0.9510 -0.0762 0.2996
vn -0.9506 -0.0810 0.2995
vn -0.3108 -0.2330 0.9215
vn -0.6421 -0.1324 0.7551
vn -0.3283 0.1631 -0.9304
vn -0.3282 0.1631 -0.9304
vn -0.5690 0.1420 -0.8100
vn -0.3153 -0.1639 0.9347
vn -0.9525 -0.0526 0.3001
vn -0.9525 0.0526 -0.3001
vn -0.5726 -0.0876 -0.8151
vn -0.9533 0.0323 0.3004
vn -0.3180 0.1013 0.9427
vn -0.9912 0.0912 0.0959
vn 0.1084 0.9938 -0.0236
vn 0.1086 0.9938 -0.0233
vn 0.1143 0.9934 -0.0116
vn -0.8970 0.4420 -0.0064
vn -0.9840 -0.0116 -0.1777
vn 0.0179 -0.5940 -0.8043
vn 0.0111 -0.2191 -0.9756
vn -0.0282 -0.1647 -0.9859
vn 0.0520 -0.5337 -0.8441
vn 0.2323 -0.3257 -0.9165
vn 0.4157 0.4527 -0.7889
vn -0.2961 0.2463 0.9228
vn 0.1865 -0.7268 0.6611
vn -0.2531 0.9363 -0.2433
vn 0.5566 0.7643 -0.3255
vn -0.4983 0.8580 -0.1243
vn -0.6492 -0.3959 0.6495
vn 0.5798 -0.6269 0.5204
vn 0.2577 -0.5913 0.7642
vn -0.4051 -0.1026 0.9085
vn -0.3866 0.9160 -0.1073
vn 0.4819 0.0404 -0.8753
vn 0.4580 -0.8817 -0.1134
vn -0.5338 0.7905 -0.3004
vn -0.7592 -0.6494 0.0441
vn 0.6713 -0.7398 0.0443
vn -0.0881 0.9925 0.0847
vn -0.1157 0.2453 0.9625
vn -0.4814 0.8721 0.0875
vn -0.0030 -0.3132 -0.9497
vn 0.9583 0.2732 0.0837
vn 0.7639 -0.0894 -0.6392
vn 0.4469 -0.8933 -0.0489
vn -0.7059 0.1295 0.6964
vn -0.5988 -0.7099 -0.3708
vn -0.3472 0.8663 -0.3592
vn 0.6841 0.6191 0.3857
vn 0.5208 -0.8133 -0.2593
vn 0.4284 -0.8819 0.1965
vn 0.6247 -0.7720 0.1169
vn -0.5463 -0.7695 0.3307
vn 0.4588 -0.7660 0.4503
vn -0.7783 0.6144 -0.1295
vn -0.4571 -0.4493 0.7676
vn -0.5911 0.8066 0.0009
vn -0.4528 -0.1494 0.8790
vn -0.3840 -0.0219 0.9231
vn -0.5804 -0.7255 -0.3698
vn -0.7028 -0.5324 -0.4718
vn 0.6256 -0.6886 0.3667
vn -0.3671 0.6401 -0.6749
vn -0.4704 0.6242 -0.6238
vn 0.8083 0.5885 -0.0162
vn 0.7042 0.3306 -0.6284
vn -0.3004 0.9439 -0.1374
vn 0.3597 -0.9259 0.1154
vn -0.2374 0.3240 0.9158
vn 0.1564 -0.3919 -0.9066
vn 0.0615 -0.1778 -0.9821
vn 0.0329 0.9983 0.0473
vn -0.4351 0.0496 0.8990
vn 0.1640 -0.9108 0.3789
vn 0.2143 -0.1679 -0.9622
vn -0.2062 -0.0937 0.9740
vn 0.1140 -0.9934 0.0107
vn -0.1831 0.9830 0.0152
vn -0.9434 -0.3091 -0.1206
vn 0.9691 0.1046 0.2234
vn -0.0503 0.9581 -0.2821
vn 0.6338 -0.5772 0.5149
vn 0.2660 -0.8167 0.5121
vn 0.3502 -0.7469 0.5652
vn 0.2792 -0.8971 0.3424
vn 0.3388 -0.9387 0.0644
vn -0.1545 -0.2963 -0.9425
vn 0.2193 0.1034 0.9701
vn 0.1790 -0.0011 0.9838
vn 0.4937 -0.1712 0.8526
vn 0.4381 -0.1910 0.8784
vn 0.3417 0.3174 0.8846
vn 0.6975 0.0833 -0.7117
vn 0.4727 -0.2707 -0.8386
vn 0.5840 -0.2447 -0.7740
vn 0.2839 -0.1168 -0.9517
vn -0.3804 -0.1156 0.9176
vn -0.5348 0.7456 -0.3975
vn -0.4237 0.9038 -0.0606
vn 0.6653 -0.0494 -0.7449
vn -0.7063 -0.0178 0.7077
vn 0.3216 -0.9221 0.2154
vn 0.1770 -0.4378 -0.8815
vn -0.1484 0.3012 0.9420
vn -0.3546 0.5268 0.7725
vn -0.9997 -0.0233 -0.0029
vn -0.0037 -0.3122 -0.9500
vn -0.5200 0.4001 0.7547
vn 0.6399 0.2344 0.7319
vn -0.5412 -0.5148 -0.6649
vn 0.1646 -0.9776 0.1313
vn -0.0720 0.9956 -0.0606
vn -0.1082 -0.2316 -0.9668
vn 0.2679 0.9628 -0.0360
vn -0.4080 0.2921 0.8650
vn -0.6139 0.7854 -0.0791
vn -0.2212 -0.9742 -0.0455
vn 0.0907 -0.2945 -0.9513
vn 0.2707 0.9615 0.0472
vn 0.1918 0.0769 0.9784
vn -0.9724 -0.0007 0.2333
vn 0.9645 0.1024 -0.2434
vn 0.2939 -0.9064 0.3034
vn -0.3351 0.9340 -0.1238
vn 0.4554 -0.8891 -0.0459
vn -0.3002 0.9538 0.0107
vn -0.1378 -0.1935 -0.9714
vn 0.8979 -0.1326 0.4198
vn 0.6683 -0.1917 -0.7187
vn -0.6818 0.0575 0.7293
vn 0.2926 -0.9498 0.1107
vn -0.6773 -0.3052 -0.6695
vn -0.2099 0.9747 -0.0764
vn 0.1186 -0.9887 0.0922
vn 0.5695 0.3239 0.7555
vn 0.3913 -0.8895 0.2359
vn 0.8050 0.0135 -0.5931
vn -0.8475 0.0205 0.5304
vn -0.4139 0.9093 -0.0439
vn -0.0726 0.0831 -0.9939
vn 0.3522 0.9359 0.0085
vn -0.2284 0.1881 0.9552
vn 0.2388 -0.1784 -0.9545
vn -0.2507 -0.9670 0.0449
vn -0.1089 -0.9845 -0.1378
vn -0.8557 0.1803 0.4851
vn -0.2920 -0.9538 0.0706
vn 0.8380 -0.1748 -0.5169
vn 0.3373 0.8829 0.3268
vn 0.0421 -0.2256 0.9733
vn 0.1033 0.9853 0.1362
vn -0.0827 0.2338 -0.9688
vn 0.6858 0.0499 0.7261
vn 0.7901 0.2033 -0.5783
vn -0.0573 -0.9857 -0.1583
vn -0.7616 -0.2119 0.6124
vn -0.8498 0.2661 -0.4551
vn 0.1362 0.9327 0.3340
vn 0.8581 -0.2636 0.4407
vn -0.1365 -0.9510 -0.2775
vn 0.1380 -0.2628 -0.9549
vn 0.2770 0.8953 0.3489
vn -0.2439 0.2219 0.9441
vn 0.9593 -0.0223 -0.2814
vn 0.3237 -0.0792 -0.9428
vn -0.3718 0.1150 0.9212
vn -0.2928 -0.9356 -0.1972
vn 0.3553 -0.1468 0.9231
vn 0.1114 0.9250 0.3633
vn -0.3591 -0.9212 -0.1501
vn -0.9674 0.0107 0.2530
vn -0.0179 -0.9783 -0.2065
vn -0.1590 0.9609 0.2269
vn 0.3046 -0.9076 -0.2888
vn -0.2516 0.0911 -0.9635
vn 0.9419 0.1215 0.3131
vn 0.5114 0.1244 -0.8503
vn -0.6640 -0.1873 0.7239
vn 0.0649 0.9841 0.1651
vn 0.0565 -0.9964 0.0628
vn -0.6677 0.2335 0.7069
vn 0.5867 -0.2371 -0.7743
vn 0.1145 0.9934 -0.0111
vn -0.8111 0.0249 -0.5844
vn 0.0100 -0.8467 -0.5319
vn -0.0640 0.9116 0.4060
vn 0.8762 -0.0402 0.4803
vn -0.2897 -0.0820 0.9536
vn 0.2897 0.0820 -0.9536
vn -0.3724 -0.1255 0.9195
vn 0.1933 -0.9790 -0.0648
vn -0.3333 0.9422 0.0338
vn -0.9467 -0.2445 -0.2097
vn -0.7141 -0.1507 0.6836
vn -0.0583 -0.9875 -0.1465
vn 0.3701 0.1252 -0.9205
vn 0.0511 0.9882 0.1441
vn 0.2755 0.9225 0.2703
vn 0.1388 0.9668 0.2144
vn 0.7141 0.1507 -0.6836
vn -0.1388 -0.9668 -0.2144
vn 0.0907 -0.9913 -0.0956
vn 0.5857 0.1470 -0.7971
vn -0.2756 -0.9225 -0.2703
vn -0.5857 -0.1470 0.7971
vn 0.8399 -0.0253 0.5422
vn -0.2002 -0.1051 0.9741
vn -0.0726 0.9949 0.0702
vn 0.2199 0.1158 -0.9686
vn -0.2057 0.3700 -0.9060
vn -0.1080 -0.9849 -0.1354
vn -0.4105 0.3176 -0.8548
vn -0.4447 0.3602 -0.8200
vn -0.2738 0.1392 -0.9517
vn -0.0279 -0.0015 -0.9996
vn 0.1836 0.9753 0.1232
vn 0.7962 -0.0866 0.5989
vn -0.0618 0.9881 -0.1412
vn -0.3429 -0.8109 -0.4741
vn 0.7885 -0.2885 0.5431
vn 0.4527 0.6232 0.6377
vn 0.7501 -0.1162 0.6511
vn -0.1308 -0.1210 0.9840
vn -0.2810 -0.3396 0.8976
vn -0.2680 -0.2518 0.9299
vn 0.7196 -0.2583 0.6445
vn 0.1309 -0.5623 0.8165
vn 0.0623 -0.6900 0.7211
vn -0.1699 0.7248 0.6677
vn -0.1713 0.7904 0.5881
vn 0.3328 0.5351 0.7765
vn -0.3954 -0.5760 0.7155
vn 0.1720 0.1434 0.9746
vn 0.3427 -0.3539 0.8702
vn -0.8523 -0.1348 0.5054
vn 0.3837 -0.3157 0.8678
vn 0.1146 -0.4868 0.8660
vn -0.0271 0.1107 0.9935
vn 0.9244 -0.1640 0.3445
vn 0.1895 0.3560 0.9151
vn 0.3983 -0.2638 0.8785
vn 0.9047 0.1217 0.4083
vn -0.1934 0.9433 0.2697
vn -0.4842 -0.7664 0.4221
vn 0.6577 0.7199 0.2218
vn 0.5103 0.1215 -0.8514
vn 0.3882 -0.9216 -0.0075
vn 0.1099 -0.0240 0.9937
vn -0.5713 0.1096 -0.8134
vn -0.9533 -0.0323 -0.3004
vn -0.6457 0.0816 0.7592
vn -0.2616 -0.9634 -0.0589
vn -0.2616 0.9633 0.0592
vn -0.2617 0.0592 -0.9633
vn -0.2617 -0.0592 0.9633
vn -0.0007 -0.9978 -0.0656
vn -0.0007 -0.9164 -0.4004
vn -0.0001 0.9931 -0.1173
vn -0.9651 0.0384 -0.2589
vn -0.0110 0.0614 -0.9981
vn -0.0258 0.9995 0.0203
vn -0.0258 -0.9945 -0.1020
vn -0.2574 -0.9505 -0.1742
vn -0.2574 0.9646 -0.0568
vn -0.9567 0.0179 -0.2906
vn -0.0007 -0.9988 -0.0492
vn -0.0007 -0.9163 -0.4004
vn -0.2617 -0.9640 0.0465
vn -0.2617 0.9641 -0.0461
vn -0.2617 -0.0461 -0.9640
vn -0.2617 0.0461 0.9640
vn -0.0006 -0.9909 0.1349
vn -0.0006 -1.0000 0.0030
vn -0.9651 -0.0693 -0.2524
vn -0.2615 -0.9634 -0.0589
vn -0.2616 0.9634 0.0593
vn -0.2618 -0.0592 0.9633
vn -0.0009 -0.9980 -0.0639
vn -0.0009 -0.9164 -0.4003
vn 0.4137 -0.0382 -0.9096
vn -0.1914 0.9813 0.0221
vn 0.1934 -0.9809 -0.0224
vn 0.2891 -0.9503 -0.1153
vn -0.4224 0.8846 0.1976
vn -0.9044 -0.0387 -0.4249
vn 0.8639 0.0409 0.5020
vn -0.4507 0.0370 0.8919
vn -0.9799 -0.0333 0.1965
vn -0.0003 0.9940 -0.1094
vn -0.0003 -0.9943 0.1067
vn -0.0004 -1.0000 0.0009
vn -0.0002 0.8708 -0.4916
vn -0.9658 -0.0759 -0.2478
vn -1.0000 -0.0032 -0.0001
vn 0.0001 -0.2840 -0.9588
vn -0.1364 0.8827 0.4497
vn -0.3574 0.7902 0.4978
vn 0.2979 -0.8693 -0.3944
vn 0.9719 0.0321 -0.2331
vn -0.2030 -0.0000 0.9792
vn 0.1215 -0.9223 -0.3668
vn 0.8943 0.0376 -0.4458
vn -0.8626 -0.0355 0.5046
vn 0.0077 0.1036 -0.9946
vn -0.0063 0.9946 0.1036
vn 0.0063 -0.9946 -0.1033
vn -0.2484 -0.9630 -0.1042
vn -0.2748 0.9568 0.0952
vn -0.2456 0.0970 -0.9645
vn -0.2778 -0.1032 0.9551
vn -0.0077 -0.1036 0.9946
vn -0.9998 -0.0119 -0.0180
vn -0.0008 -0.9888 0.1493
vn -0.0008 -1.0000 0.0030
vn 0.0072 0.1100 -0.9939
vn -0.0059 0.9939 0.1100
vn 0.0056 -0.9938 -0.1113
vn -0.2492 -0.9619 -0.1121
vn -0.2754 0.9560 0.1011
vn -0.2449 0.1030 -0.9640
vn -0.2863 -0.1012 0.9528
vn -0.0133 -0.0872 0.9961
vn -0.9997 -0.0123 -0.0188
vn -0.0007 -0.9921 0.1254
vn -0.0007 -1.0000 0.0027
vn -0.9512 -0.0901 -0.2951
vn -0.8832 -0.3486 0.3138
vn 0.0805 0.9964 -0.0264
vn -0.9350 -0.2384 0.2626
vn 0.1581 -0.9540 0.2547
vn -0.9396 0.1717 0.2960
vn -0.8229 0.1343 -0.5521
vn 0.0173 0.2521 -0.9675
vn -0.1763 -0.4287 0.8861
vn -0.5533 0.2709 -0.7877
vn -0.1739 0.2866 -0.9421
vn -0.8176 -0.3028 0.4898
vn 0.1007 -0.4974 0.8616
vn -0.7785 -0.5778 0.2453
vn -0.6847 0.3764 -0.6241
vn -0.1632 -0.4737 0.8654
vn -0.5416 0.3352 -0.7710
vn -0.8395 -0.1032 0.5335
vn -0.0190 -0.0191 0.9996
vn -0.2221 0.9243 0.3103
vn -0.0383 0.8288 0.5582
vn 0.4659 0.7391 0.4865
vn 0.4067 0.1876 0.8941
vn 0.3568 0.4540 0.8165
vn 0.3711 0.7430 0.5570
vn -0.4020 0.0135 0.9156
vn 0.8999 0.3318 0.2829
vn 0.9727 0.0322 -0.2300
vn 0.7652 0.1920 0.6145
vn 0.8374 0.4428 -0.3205
vn 0.7395 0.3894 -0.5491
vn -0.5368 0.0932 0.8385
vn -0.7677 -0.3284 -0.5502
vn -0.5545 -0.2565 0.7917
vn -0.2443 0.0070 -0.9697
vn -0.9110 -0.2726 -0.3096
vn -0.5302 0.3787 0.7586
vn -0.8153 -0.4295 -0.3884
vn 0.8393 0.4715 0.2709
vn -0.7629 -0.6332 0.1308
vn 0.7528 0.2604 0.6046
vn 0.8687 0.4943 -0.0313
vn -0.8247 -0.2989 -0.4802
vn -0.7734 -0.2393 -0.5871
vn 0.8222 0.2317 0.5198
vn -0.3200 -0.1814 -0.9299
vn 0.8539 0.3693 0.3666
vn -0.7569 -0.2525 -0.6028
vn -0.4017 0.0713 0.9130
vn 0.1671 -0.9461 -0.2775
vn -0.2519 -0.8276 -0.5016
vn 0.8966 0.0424 0.4407
vn 0.9455 0.0061 0.3256
vn 0.6089 0.7191 -0.3348
vn -0.0709 -0.8153 0.5746
vn 0.0766 -0.3809 -0.9214
vn 0.0812 -0.4287 -0.8998
vn 0.1814 0.0515 -0.9821
vn 0.1477 -0.0155 -0.9889
vn -0.1734 0.0841 -0.9813
vn 0.8764 -0.4602 -0.1419
vn -0.4977 -0.7044 0.5061
vn -0.1767 -0.7443 0.6441
vn 0.1906 0.9324 0.3070
vn 0.1879 -0.6716 -0.7167
vn 0.4165 0.0774 0.9058
vn 0.2893 -0.1374 -0.9473
vn 0.3603 0.0979 -0.9277
vn 0.3318 0.0787 0.9401
vn 0.1327 0.9891 -0.0630
vn 0.0736 -0.8098 0.5821
vn 0.0472 0.8083 -0.5868
vn -0.2185 -0.7860 0.5783
vn -0.4123 -0.9039 0.1137
vn 0.2416 0.8146 -0.5273
vn 0.2713 0.7386 -0.6172
vn 0.8681 -0.1424 0.4755
vn -0.5962 -0.8006 0.0593
vn 0.0208 -0.5279 -0.8491
vn 0.1468 0.8269 0.5428
vn 0.3979 0.9167 -0.0360
vn 0.6645 -0.4073 -0.6266
vn 0.9314 -0.2444 0.2697
vn -0.8426 -0.2905 -0.4535
vn -0.8511 -0.1240 0.5101
vn 0.2338 -0.0201 0.9721
vn -0.1198 -0.3991 -0.9090
vn 0.3548 0.3439 0.8694
vn 0.6804 -0.7274 0.0884
vn -0.7882 0.4626 -0.4059
vn -0.6638 0.5250 0.5327
vn -0.1442 0.0533 -0.9881
vn 0.7787 0.3060 -0.5477
vn 0.9904 0.0068 0.1384
vn 0.9896 0.0115 0.1434
vn 0.9904 0.0067 0.1384
vn 0.7317 -0.3810 -0.5652
vn 0.2056 0.5274 0.8244
vn 0.2288 0.9735 -0.0011
vn 0.4353 -0.3603 0.8250
vn 0.5256 0.4491 -0.7226
vn 0.9910 0.0021 0.1335
vn 0.6503 -0.2388 -0.7212
vn -0.1101 0.0143 -0.9938
vn -0.8475 0.0844 0.5241
vn -0.8788 0.0565 -0.4739
vn 0.0564 -0.2074 0.9766
vn -0.2390 0.4049 -0.8826
vn -0.2013 -0.4705 0.8591
vn -0.6505 0.7245 -0.2279
vn -0.6485 0.5671 0.5078
vn 0.2451 -0.4604 -0.8532
vn 0.1391 -0.9900 -0.0248
vn 0.4912 0.8633 0.1158
vn 0.4098 0.9108 0.0494
vn -0.1525 -0.0962 -0.9836
vn 0.1296 0.1061 0.9859
vn -0.8290 0.0586 0.5562
vn -0.9152 -0.0391 -0.4010
vn 0.9379 0.0357 0.3451
vn 0.7790 -0.0524 -0.6248
vn -0.9242 0.3011 -0.2350
vn -0.2420 0.0163 -0.9701
vn -0.9565 0.0209 -0.2910
vn 0.1242 -0.8734 0.4709
vn 0.4045 -0.6629 -0.6301
vn -0.5658 -0.6953 -0.4433
vn 0.0817 -0.1933 0.9777
vn -0.3649 -0.7991 0.4778
vn -0.0729 -0.7708 -0.6329
vn 0.4756 -0.7931 0.3804
vn 0.5856 -0.7739 0.2411
vn -0.0015 -0.1773 0.9842
vn -0.3503 -0.3208 -0.8800
vn 0.0042 -0.7957 0.6056
vn 0.5346 -0.6836 -0.4969
vn -0.6148 -0.7528 0.2351
vn -0.0037 0.9999 -0.0114
vn -0.1830 0.9823 0.0395
vn 0.1587 0.9863 -0.0442
vn -0.2775 -0.5314 -0.8004
vn -0.4692 -0.8461 0.2528
vn -0.8417 0.3124 -0.4404
vn -0.9795 -0.2016 0.0024
vn 0.9865 -0.0028 0.1637
vn 0.8888 -0.2075 0.4087
vn -0.8984 -0.0308 -0.4380
vn -0.1117 -0.1595 0.9809
vn -0.0572 -0.0573 -0.9967
vn 0.9381 -0.1261 0.3226
vn -0.9884 0.0513 -0.1427
vn -0.0035 -0.1307 0.9914
vn -0.0007 -0.1290 0.9916
vn -0.0008 -0.1291 0.9916
vn 0.0581 0.0719 -0.9957
vn 0.0289 0.2134 -0.9765
vn -0.0177 -0.1876 0.9821
vn -0.9447 0.1810 -0.2735
vn 0.9150 -0.1663 0.3675
vn 0.9674 -0.0544 0.2473
vn -0.9982 0.0519 -0.0298
vn 0.0020 -0.1274 0.9919
vn 0.0441 0.1735 -0.9838
vn 0.7773 0.0461 -0.6274
vn -0.4236 -0.9013 -0.0910
vn 0.4630 0.8517 0.2453
vn 0.3773 -0.8690 -0.3200
vn -0.5600 -0.0743 -0.8251
vn -0.0300 0.9558 0.2924
vn 0.5224 -0.8463 0.1045
vn 0.2219 -0.9720 -0.0777
vn 0.2779 -0.9575 -0.0769
vn 0.0068 0.8744 -0.4852
vn -0.3995 0.3216 -0.8585
vn 0.3407 0.8957 0.2856
vn 0.0363 0.8748 0.4831
vn 0.1424 -0.9560 -0.2566
vn -0.8949 0.0496 0.4434
vn -0.4351 -0.7215 0.5387
vn -0.4817 0.2732 0.8327
vn 0.0551 0.2425 0.9686
vn 0.0549 0.2452 0.9679
vn 0.0550 0.2451 0.9679
vn -0.0636 0.9433 0.3257
vn -0.0635 0.9438 0.3242
vn -0.0635 0.9439 0.3242
vn 0.9674 -0.2277 -0.1112
vn 0.0934 -0.9405 -0.3268
vn 0.2876 -0.9456 -0.1521
vn -0.9021 0.3496 -0.2528
vn -0.6832 0.7080 -0.1786
vn 0.8444 0.3435 -0.4111
vn 0.9268 -0.3721 0.0511
vn 0.9964 0.0833 -0.0138
vn -0.1373 -0.9827 -0.1245
vn -0.8041 -0.5248 0.2794
vn 0.2308 0.8728 -0.4300
vn 0.4614 0.6749 -0.5759
vn -0.1850 0.9283 -0.3227
vn 0.7061 0.6875 -0.1696
vn -0.2816 0.7796 -0.5594
vn -0.2623 0.8912 -0.3700
vn 0.8660 0.4827 0.1308
vn -0.9931 0.1169 -0.0095
vn -0.0161 -0.1162 0.9931
vn 0.2648 0.0543 -0.9628
vn 0.1060 0.2184 -0.9701
vn -0.0239 -0.1749 0.9843
vn -0.9991 -0.0412 -0.0045
vn 0.9890 -0.0250 0.1461
vn 0.3526 0.9165 0.1890
vn 0.3848 0.8799 0.2787
vn -0.5231 -0.8442 -0.1169
vn -0.9332 0.0213 0.3588
vn -0.9489 0.1706 0.2653
vn 0.9784 0.0404 0.2027
vn 0.9919 -0.1101 0.0630
vn 0.1552 0.9588 -0.2380
vn -0.5139 -0.8171 -0.2614
vn -0.9816 0.1516 -0.1159
vn 0.9235 -0.2983 -0.2410
vn -0.0601 0.9566 0.2850
vn -0.0063 0.9656 0.2600
vn 0.0546 0.2498 0.9668
vn 0.0545 0.2518 0.9662
vn -0.0632 0.9449 0.3213
vn -0.0632 0.9449 0.3212
vn -0.0630 0.9454 0.3198
vn -0.1755 0.9352 0.3077
vn -0.2662 0.8988 0.3482
vn -0.4827 0.1874 0.8555
vn -0.1700 0.9412 0.2921
vn -0.2003 0.9326 0.3002
vn -0.2984 0.8701 0.3922
vn -0.2664 0.8902 0.3697
vn -0.4820 0.2452 0.8412
vn -0.4803 0.2169 0.8499
vn 0.1139 -0.9800 -0.1632
vn 0.3603 -0.9094 -0.2078
vn 0.0734 0.2888 0.9546
vn -0.0825 -0.1237 -0.9889
vn 0.0868 -0.0160 0.9961
vn 0.0915 -0.3985 0.9126
vn -0.0824 0.0058 -0.9966
vn -0.0824 0.1861 -0.9791
vn 0.8290 -0.5506 -0.0977
vn -0.7933 -0.6080 0.0326
vn -0.8774 0.4749 0.0684
vn 0.8771 0.4754 -0.0685
vn 0.0200 -0.9945 -0.1024
vn -0.9938 -0.0329 0.1063
vn -0.0285 0.9980 -0.0567
vn 0.9984 -0.0051 -0.0568
vn 0.7592 0.6423 -0.1053
vn 0.9860 0.1396 -0.0910
vn 0.8057 -0.5893 0.0600
vn 0.4798 -0.4390 -0.7596
vn 0.4015 0.0903 0.9114
vn 0.2686 0.5065 -0.8194
vn 0.0002 -0.9668 0.2554
vn 0.0055 -0.9664 -0.2571
vn 0.1391 0.5115 0.8480
vn -0.1965 0.9736 -0.1160
vn -0.9883 0.1238 0.0894
vn -0.9539 -0.1807 -0.2396
vn -0.9480 -0.1848 -0.2591
vn 0.9917 0.0403 -0.1218
vn 0.9674 0.1617 -0.1947
vn 0.9098 -0.4072 -0.0805
vn -0.9980 -0.0631 0.0104
vn -0.9604 -0.0728 0.2690
vn -0.9972 -0.0098 -0.0744
vn 0.3065 -0.9519 -0.0061
vn -0.1201 -0.9907 -0.0646
vn -0.3786 0.4392 0.8147
vn -0.2353 0.9598 -0.1532
vn -0.3714 -0.0139 -0.9284
vn 0.6963 0.7110 0.0987
vn 0.1352 0.4596 0.8778
vn 0.1580 0.9828 -0.0954
vn 0.3427 0.0031 -0.9394
vn 0.9514 0.2886 -0.1078
vn 0.3115 0.1154 -0.9432
vn 0.3120 0.1159 -0.9430
vn 0.3113 0.1152 -0.9433
vn -0.5355 -0.8429 -0.0529
vn 0.4790 0.6795 0.5558
vn 0.0792 0.5133 0.8545
vn 0.1708 0.5314 0.8297
vn 0.0219 -0.9961 -0.0854
vn 0.0737 -0.9969 -0.0285
vn -0.0913 -0.1068 -0.9901
vn -0.2333 -0.1784 -0.9559
vn -0.0605 0.9947 -0.0826
vn -0.0839 0.9946 -0.0605
vn -0.2549 0.1701 -0.9519
vn -0.1047 0.1472 -0.9835
vn 0.2721 -0.0981 0.9572
vn 0.1053 -0.1217 0.9870
vn 0.1298 -0.1019 0.9863
vn 0.3122 0.1161 -0.9429
vn 0.9871 0.1597 0.0095
vn 0.3225 0.1440 -0.9355
vn 0.1846 -0.0711 0.9802
vn -0.3776 0.0832 -0.9222
vn -0.3626 -0.0990 0.9267
vn -0.9972 0.0361 -0.0656
vn -0.1248 0.1468 -0.9813
vn 0.1315 -0.1512 0.9797
vn 0.0793 0.2047 0.9756
vn 0.0931 -0.9922 0.0824
vn -0.0577 -0.1756 -0.9828
vn -0.2257 0.9413 -0.2511
vn -0.5642 0.0342 -0.8249
vn 0.0586 -0.2018 0.9777
vn -0.2552 0.1882 0.9484
vn 0.7584 -0.6459 0.0871
vn -0.4882 -0.2136 -0.8462
vn -0.5382 0.8291 -0.1514
vn -0.9204 -0.2753 -0.2775
vn -0.7716 -0.6309 -0.0814
vn -0.2176 -0.0299 -0.9756
vn -0.1190 0.9802 0.1580
vn -0.1782 0.0028 -0.9840
vn -0.1785 0.0049 -0.9839
vn -0.1763 0.0050 -0.9843
vn 0.1812 -0.9757 -0.1228
vn 0.1800 -0.9758 -0.1242
vn 0.1813 -0.9754 -0.1252
vn 0.0820 -0.0126 0.9966
vn -0.0221 0.9669 0.2543
vn -0.0245 0.9671 0.2531
vn -0.0258 0.9665 0.2554
vn -0.0403 -0.0716 -0.9966
vn -0.0404 -0.0679 -0.9969
vn -0.0366 -0.0682 -0.9970
vn 0.1477 -0.8688 -0.4727
vn -0.0597 -0.0087 0.9982
vn 0.1303 -0.9257 0.3551
vn 0.1283 -0.9262 0.3546
vn 0.1290 -0.9268 0.3528
vn 0.0077 -0.0547 0.9985
vn 0.0429 0.9795 -0.1967
vn -0.0541 -0.0530 -0.9971
vn -0.0547 -0.0514 -0.9972
vn -0.0530 -0.0509 -0.9973
vn 0.0158 0.0548 -0.9984
vn 0.1207 -0.9788 0.1653
vn 0.0102 -0.0095 0.9999
vn -0.0715 0.9961 -0.0511
vn 0.9629 -0.2691 0.0200
vn 0.9746 -0.0513 0.2182
vn 0.9892 0.0024 0.1467
vn 0.0367 -0.0400 0.9985
vn 0.0358 -0.0381 0.9986
vn 0.1309 -0.9880 -0.0822
vn 0.1275 -0.9883 -0.0833
vn 0.1297 -0.9880 -0.0835
vn 0.1311 -0.9877 -0.0846
vn -0.0217 -0.0946 -0.9953
vn -0.0217 -0.0923 -0.9955
vn -0.0193 -0.0924 -0.9955
vn -0.0787 0.9571 0.2788
vn -0.1130 0.9758 0.1870
vn -0.1290 -0.0183 -0.9915
vn -0.1290 -0.0160 -0.9915
vn -0.1269 -0.0157 -0.9918
vn -0.0199 -0.9887 -0.1485
vn -0.0210 -0.9885 -0.1500
vn -0.0194 -0.9884 -0.1509
vn -0.0191 0.0387 0.9991
vn -0.0431 -0.0477 0.9979
vn 0.1064 -0.8005 -0.5898
vn 0.1030 -0.8008 -0.5900
vn -0.0390 -0.1239 -0.9915
vn -0.0388 -0.1203 -0.9920
vn -0.0350 -0.1207 -0.9921
vn -0.0131 0.9700 0.2427
vn -0.0155 0.9703 0.2415
vn -0.0168 0.9697 0.2438
vn -0.0818 0.9639 0.2533
vn -0.0843 0.9640 0.2523
vn -0.0855 0.9632 0.2547
vn -0.1571 -0.0337 -0.9870
vn -0.1569 -0.0299 -0.9872
vn -0.1533 -0.0304 -0.9877
vn -0.0458 -0.8783 -0.4760
vn -0.1739 0.0134 0.9847
vn -0.0729 -0.0931 -0.9930
vn -0.0734 -0.0914 -0.9931
vn -0.0717 -0.0910 -0.9933
vn 0.0192 0.9760 -0.2169
vn -0.0055 -0.1282 0.9917
vn -0.0054 -0.1260 0.9920
vn 0.0852 -0.9551 0.2837
vn 0.0816 -0.9555 0.2835
vn 0.0832 -0.9555 0.2830
vn 0.0839 -0.9560 0.2812
vn -0.0431 -0.9309 0.3627
vn -0.0450 -0.9312 0.3618
vn -0.0442 -0.9319 0.3600
vn -0.0569 -0.0310 0.9979
vn -0.1079 0.9736 -0.2012
vn -0.2479 -0.0163 -0.9687
vn -0.2482 -0.0146 -0.9686
vn -0.2466 -0.0142 -0.9690
vn -0.0483 0.9983 -0.0317
vn -0.0663 0.0035 0.9978
vn 0.0719 -0.9906 0.1163
vn -0.0305 0.0371 -0.9988
vn -0.2228 0.0657 -0.9726
vn -0.0550 -0.9886 0.1400
vn -0.0768 -0.0001 0.9970
vn -0.1021 0.9932 -0.0557
vn -0.6361 -0.1891 0.7480
vn -0.2892 0.0125 -0.9572
vn -0.2901 -0.1533 0.9446
vn -0.6437 -0.1123 0.7569
vn -0.2382 -0.2617 0.9353
vn -0.2185 0.1628 -0.9622
vn -0.6344 -0.2027 0.7460
vn -0.6815 -0.3644 0.6346
vn -0.1838 0.3877 -0.9033
vn -0.1924 -0.4375 0.8784
vn -0.9325 -0.1953 0.3037
vn -0.9050 0.1984 -0.3763
vn 0.1067 -0.0387 0.9935
vt 0.106637 0.532756
vt 0.106637 0.530507
vt 0.100592 0.547590
vt 0.098597 0.552647
vt 0.060983 0.509600
vt 0.070239 0.538869
vt 0.069506 0.538992
vt 0.066382 0.516906
vt 0.081338 0.551778
vt 0.077932 0.550531
vt 0.088791 0.544190
vt 0.091149 0.550640
vt 0.092725 0.544479
vt 0.093063 0.535267
vt 0.083750 0.558738
vt 0.085071 0.553227
vt 0.074669 0.554906
vt 0.066379 0.545475
vt 0.074738 0.536104
vt 0.078813 0.529389
vt 0.058542 0.574323
vt 0.059725 0.569007
vt 0.060127 0.568943
vt 0.058890 0.572611
vt 0.963442 1.049787
vt 0.075774 0.467520
vt 0.078864 0.494051
vt 0.081895 0.492171
vt 0.076292 0.466935
vt 0.064870 0.491167
vt 0.066346 0.465770
vt 0.066563 0.495891
vt 0.064635 0.467662
vt 0.069967 0.455711
vt 0.070339 0.475598
vt 0.059544 0.466399
vt 0.060702 0.454012
vt 0.061937 0.483307
vt 0.062015 0.456493
vt 0.077964 0.485070
vt 0.071938 0.455482
vt 0.070540 0.460857
vt 0.077998 0.461669
vt 0.058662 0.578910
vt 0.057945 0.568243
vt 0.057673 0.577151
vt 0.058834 0.582365
vt 0.085298 0.488557
vt 0.080624 0.461349
vt 0.075828 0.487517
vt 0.075399 0.460465
vt 0.076329 0.456458
vt 0.067234 0.455095
vt 0.074644 0.455970
vt 0.080378 0.411996
vt 0.075338 0.413945
vt 0.078294 0.505484
vt 0.072712 0.504589
vt 0.080088 0.456937
vt 0.062026 0.398862
vt 0.061159 0.398623
vt 0.065942 0.398601
vt 0.066066 0.399541
vt 0.055476 0.319750
vt 0.071022 0.330821
vt 0.079335 0.308343
vt 0.069627 0.313331
vt 0.078872 0.412359
vt 0.073517 0.504512
vt 0.057458 0.352693
vt 0.063055 0.352308
vt 0.062351 0.352062
vt 0.055499 0.352384
vt 0.048125 0.507421
vt 0.070345 0.495191
vt 0.071333 0.413744
vt 0.068146 0.502880
vt 0.081728 0.501247
vt 0.062095 0.573898
vt 0.063120 0.569851
vt 0.052560 0.422303
vt 0.066833 0.446749
vt 0.064350 0.381700
vt 0.052210 0.369883
vt 0.060781 0.604523
vt 0.064604 0.604122
vt 0.065163 0.604203
vt 0.060614 0.604907
vt 0.034719 0.392110
vt 0.022062 0.370995
vt 0.065330 0.412461
vt 0.063837 0.503525
vt 0.064697 0.599351
vt 0.059851 0.600082
vt 0.065751 0.587862
vt 0.070366 0.587379
vt 0.067131 0.599895
vt 0.065192 0.603288
vt 0.071412 0.475839
vt 0.063429 0.475793
vt 0.065629 0.465005
vt 0.075410 0.468067
vt 0.055047 0.320650
vt 0.070593 0.329914
vt 0.091100 0.467581
vt 0.097008 0.464032
vt 0.095472 0.474527
vt 0.087434 0.475206
vt 0.094736 0.576981
vt 0.085682 0.577560
vt 0.083539 0.571791
vt 0.086703 0.571281
vt 0.070796 0.480757
vt 0.075159 0.481675
vt 0.074129 0.511296
vt 0.071279 0.511453
vt 0.064462 0.414866
vt 0.071300 0.364084
vt 0.065377 0.354036
vt 0.072117 0.561685
vt 0.068996 0.561725
vt 0.073137 0.414001
vt 0.077237 0.352999
vt 0.070929 0.561653
vt 0.067235 0.587833
vt 0.075079 0.587888
vt 0.075808 0.561447
vt 0.107057 0.256275
vt 0.098317 0.257944
vt 0.099029 0.245906
vt 0.107057 0.247094
vt 0.079779 0.587732
vt 0.076821 0.600070
vt 0.077749 0.610565
vt 0.088773 0.479980
vt 0.080689 0.481192
vt 0.078684 0.511383
vt 0.083384 0.511154
vt 0.081878 0.481390
vt 0.079956 0.511192
vt 0.077337 0.561415
vt 0.072073 0.591357
vt 0.069615 0.590454
vt 0.073377 0.480265
vt 0.073383 0.511517
vt 0.079860 0.561205
vt 0.065801 0.475289
vt 0.087489 0.474481
vt 0.087227 0.465314
vt 0.071538 0.465801
vt 0.077254 0.587201
vt 0.075325 0.605480
vt 0.094596 0.580758
vt 0.092645 0.573512
vt 0.093222 0.582644
vt 0.089338 0.589717
vt 0.082364 0.598033
vt 0.087571 0.586900
vt 0.084596 0.594718
vt 0.080233 0.567266
vt 0.080676 0.567782
vt 0.087417 0.578657
vt 0.086575 0.583152
vt 0.088127 0.336347
vt 0.086086 0.316131
vt 0.065419 0.589505
vt 0.068500 0.603595
vt 0.062054 0.604422
vt 0.074502 0.567953
vt 0.075307 0.575487
vt 0.068885 0.578786
vt 0.068984 0.568246
vt 0.943017 1.027617
vt 0.069034 0.572454
vt 0.067541 0.576615
vt 0.066415 0.599392
vt 0.065697 0.583332
vt 0.067186 0.590895
vt 0.068961 0.589252
vt 0.064843 0.578006
vt 0.068074 0.346050
vt 0.082791 0.414775
vt 0.086559 0.359361
vt 0.058864 0.590313
vt 0.077884 0.350040
vt 0.081586 0.350933
vt 0.077773 0.443699
vt 0.064459 0.571275
vt 0.063547 0.575934
vt 0.054782 0.334952
vt 0.068888 0.345672
vt 0.054353 0.334044
vt 0.058483 0.515253
vt 0.044839 0.515267
vt 0.047082 0.505695
vt 0.055752 0.505156
vt 0.107057 0.293275
vt 0.099887 0.290845
vt 0.099342 0.270243
vt 0.107057 0.271977
vt 0.107057 0.346239
vt 0.095507 0.339478
vt 0.096979 0.328916
vt 0.107057 0.330154
vt 0.070333 0.582754
vt 0.071458 0.587913
vt 0.066768 0.587800
vt 0.086658 0.582015
vt 0.073168 0.605238
vt 0.068323 0.599353
vt 0.072703 0.596306
vt 0.075491 0.582939
vt 0.080927 0.582923
vt 0.082131 0.589325
vt 0.064945 0.505324
vt 0.073382 0.504408
vt 0.082802 0.529460
vt 0.082866 0.527791
vt 0.077101 0.510240
vt 0.079800 0.510172
vt 0.059490 0.509729
vt 0.061998 0.509892
vt 0.067138 0.391993
vt 0.064888 0.392108
vt 0.072813 0.510032
vt 0.073055 0.527304
vt 0.052450 0.524364
vt 0.057835 0.525798
vt 0.079178 0.527294
vt 0.074128 0.510125
vt 0.066134 0.367813
vt 0.063715 0.367600
vt 0.076617 0.532914
vt 0.076654 0.535476
vt 0.075687 0.365161
vt 0.071396 0.391775
vt 0.081107 0.391278
vt 0.082428 0.391210
vt 0.065773 0.525472
vt 0.066414 0.534417
vt 0.056888 0.533007
vt 0.059483 0.534554
vt 0.069332 0.532078
vt 0.083082 0.365497
vt 0.082668 0.365107
vt 0.067454 0.509971
vt 0.080869 0.365147
vt 0.077895 0.391442
vt 0.073629 0.536211
vt 0.076653 0.391506
vt 0.075274 0.364732
vt 0.037112 0.519866
vt 0.042829 0.503855
vt 0.072747 0.358656
vt 0.074965 0.359346
vt 0.068902 0.358984
vt 0.068751 0.358906
vt 0.056143 0.516050
vt 0.053063 0.503807
vt 0.043871 0.504063
vt 0.039702 0.516650
vt 0.043278 0.483110
vt 0.044865 0.482885
vt 0.042894 0.439600
vt 0.040352 0.439255
vt 0.067661 0.503889
vt 0.037824 0.498251
vt 0.035270 0.509124
vt 0.062205 0.526064
vt 0.024940 0.441167
vt 0.030035 0.441808
vt 0.027950 0.442432
vt 0.022264 0.443945
vt 0.047612 0.482495
vt 0.066341 0.525996
vt 0.046106 0.512416
vt 0.064296 0.346841
vt 0.070262 0.346659
vt 0.069391 0.347269
vt 0.063047 0.347536
vt 0.090588 0.504542
vt 0.090123 0.508672
vt 0.959744 1.070567
vt 0.058277 0.504882
vt 0.064712 0.518623
vt 0.070713 0.517565
vt 0.072886 0.531669
vt 0.077376 0.528359
vt 0.071762 0.515207
vt 0.086994 0.514300
vt 0.091762 0.529243
vt 0.093290 0.533338
vt 0.092753 0.534581
vt 0.088738 0.532641
vt 0.049240 0.439639
vt 0.050786 0.482044
vt 0.055119 0.481429
vt 0.053044 0.439333
vt 0.075535 0.578081
vt 0.076028 0.588646
vt 0.083140 0.351953
vt 0.062976 0.597126
vt 0.055772 0.600655
vt 0.049999 0.607937
vt 0.057711 0.604497
vt 0.055849 0.605057
vt 0.076769 0.592017
vt 0.081575 0.591852
vt 0.082420 0.589873
vt 0.065602 0.590529
vt 0.067552 0.596079
vt 0.074009 0.592709
vt 0.067864 0.600806
vt 0.072164 0.601902
vt 0.053532 0.481654
vt 0.072308 0.353035
vt 0.065538 0.352944
vt 0.076226 0.597947
vt 0.069621 0.594767
vt 0.069282 0.591067
vt 0.080067 0.594773
vt 0.079655 0.600574
vt 0.083533 0.591695
vt 0.066985 0.574712
vt 0.064944 0.573003
vt 0.059345 0.569417
vt 0.044157 0.438949
vt 0.050503 0.438989
vt 0.069963 0.574858
vt 0.068128 0.597762
vt 0.082104 0.580602
vt 0.074976 0.579287
vt 0.062522 0.523302
vt 0.106637 0.525209
vt 0.081407 0.518176
vt 0.082578 0.526469
vt 0.055325 0.499826
vt 0.079749 0.520099
vt 0.079795 0.529533
vt 0.051700 0.513479
vt 0.058641 0.498313
vt 0.062066 0.377292
vt 0.057981 0.376654
vt 0.072242 0.374449
vt 0.067598 0.386781
vt 0.067565 0.385499
vt 0.076943 0.382101
vt 0.070863 0.412635
vt 0.062092 0.414488
vt 0.062953 0.415371
vt 0.070734 0.412190
vt 0.078699 0.552394
vt 0.087475 0.553708
vt 0.091435 0.557134
vt 0.088883 0.558790
vt 0.080952 0.553360
vt 0.074066 0.553606
vt 0.072759 0.381489
vt 0.075106 0.404913
vt 0.060901 0.407571
vt 0.027537 0.470632
vt 0.039677 0.504104
vt 0.031809 0.502524
vt 0.021096 0.472195
vt 0.053862 0.383202
vt 0.063162 0.374798
vt 0.064382 0.373969
vt 0.073814 0.554900
vt 0.068523 0.583622
vt 0.078577 0.604393
vt 0.067063 0.579135
vt 0.055227 0.407593
vt 0.055449 0.407646
vt 0.053990 0.383008
vt 0.066804 0.405188
vt 0.064489 0.384416
vt 0.062236 0.383439
vt 0.064057 0.404403
vt 0.034932 0.467229
vt 0.020968 0.469935
vt 0.026322 0.467282
vt 0.068808 0.408000
vt 0.074214 0.381350
vt 0.076774 0.404910
vt 0.073871 0.373820
vt 0.075573 0.391485
vt 0.068809 0.411662
vt 0.078552 0.408576
vt 0.077671 0.390182
vt 0.080207 0.408189
vt 0.069802 0.411170
vt 0.074488 0.383252
vt 0.071285 0.418026
vt 0.071553 0.418642
vt 0.072953 0.428766
vt 0.072532 0.428486
vt 0.063449 0.431396
vt 0.062955 0.431860
vt 0.027424 0.468206
vt 0.075506 0.570473
vt 0.070229 0.569055
vt 0.092989 0.568233
vt 0.070251 0.714038
vt 0.070793 0.512547
vt 0.068939 0.513375
vt 0.078224 0.521376
vt 0.063469 0.499554
vt 0.070186 0.512547
vt 0.059539 0.512896
vt 0.046810 0.501435
vt 0.075167 0.512547
vt 0.078224 0.512547
vt 0.057853 0.499554
vt 0.044864 0.501435
vt 0.058160 0.513682
vt 0.068785 0.499554
vt 0.078224 0.495826
vt 0.071269 0.495826
vt 0.063342 0.499554
vt 0.078224 0.499554
vt 0.060764 0.495826
vt 0.059792 0.490569
vt 0.044447 0.489962
vt 0.039407 0.497707
vt 0.095082 0.345033
vt 0.094462 0.345689
vt 0.094830 0.340144
vt 0.101970 0.246689
vt 0.107057 0.247195
vt 0.099324 0.322403
vt 0.096531 0.329452
vt 0.099262 0.323459
vt 0.099518 0.270849
vt 0.101203 0.258134
vt 0.107057 0.319766
vt 0.107057 0.331095
vt 0.107057 0.331187
vt 0.107057 0.319824
vt 0.107057 0.256927
vt 0.107057 0.272784
vt 0.107057 0.272792
vt 0.107057 0.256372
vt 0.107057 0.341635
vt 0.107057 0.334361
vt 0.107057 0.355914
vt 0.107057 0.361096
vt 0.107057 0.335713
vt 0.107057 0.347181
vt 0.086473 0.367237
vt 0.078959 0.352319
vt 0.062969 0.358343
vt 0.081047 0.370651
vt 0.067455 0.391893
vt 0.062776 0.374629
vt 0.046114 0.411719
vt 0.062429 0.419381
vt 0.078176 0.351450
vt 0.085696 0.365683
vt 0.079900 0.367826
vt 0.060628 0.358611
vt 0.046784 0.417091
vt 0.053444 0.431484
vt 0.039630 0.371536
vt 0.036198 0.373570
vt 0.025247 0.384176
vt 0.028904 0.381965
vt 0.045136 0.388575
vt 0.034727 0.402435
vt 0.064422 0.391136
vt 0.059763 0.422657
vt 0.059067 0.371652
vt 0.048069 0.385862
vt 0.062979 0.369046
vt 0.061706 0.410841
vt 0.063867 0.410402
vt 0.086883 0.395399
vt 0.087270 0.394718
vt 0.027915 0.395001
vt 0.031953 0.391816
vt 0.042343 0.411009
vt 0.051306 0.433484
vt 0.082890 0.376171
vt 0.083318 0.375436
vt 0.097712 0.375652
vt 0.097450 0.376140
vt 0.051528 0.398244
vt 0.050186 0.398533
vt 0.100139 0.387775
vt 0.099880 0.388231
vt 0.055579 0.409126
vt 0.059814 0.407225
vt 0.044515 0.409176
vt 0.037300 0.399943
vt 0.043975 0.421539
vt 0.044580 0.414013
vt 0.057267 0.378955
vt 0.107057 0.356461
vt 0.055372 0.327816
vt 0.056182 0.326208
vt 0.020384 0.368721
vt 0.024125 0.367675
vt 0.035077 0.380411
vt 0.032750 0.382368
vt 0.056088 0.345240
vt 0.051519 0.346303
vt 0.053898 0.360886
vt 0.049486 0.360946
vt 0.076378 0.355477
vt 0.075164 0.355144
vt 0.019601 0.349346
vt 0.023787 0.362695
vt 0.025261 0.348039
vt 0.030683 0.360494
vt 0.080607 0.370730
vt 0.080257 0.369789
vt 0.099580 0.342282
vt 0.105739 0.341977
vt 0.056618 0.380190
vt 0.057028 0.380094
vt 0.105460 0.323470
vt 0.097134 0.323937
vt 0.100263 0.310014
vt 0.107057 0.305759
vt 0.107057 0.305788
vt 0.100273 0.309159
vt 0.045772 0.308219
vt 0.046727 0.291341
vt 0.107057 0.318516
vt 0.099975 0.291441
vt 0.107057 0.293966
vt 0.107057 0.293997
vt 0.107057 0.304832
vt 0.055376 0.255914
vt 0.060105 0.257729
vt 0.031535 0.301536
vt 0.028960 0.304913
vt 0.021693 0.315391
vt 0.025893 0.312828
vt 0.050281 0.307588
vt 0.051324 0.291231
vt 0.052122 0.338494
vt 0.048303 0.310008
vt 0.077845 0.297579
vt 0.073225 0.323287
vt 0.031408 0.324427
vt 0.021498 0.340746
vt 0.036567 0.322337
vt 0.027910 0.339079
vt 0.079899 0.297613
vt 0.099287 0.287044
vt 0.094551 0.286949
vt 0.048429 0.339096
vt 0.073763 0.323795
vt 0.044559 0.310361
vt 0.095145 0.313622
vt 0.092386 0.313332
vt 0.035509 0.245984
vt 0.043649 0.250057
vt 0.054425 0.277199
vt 0.059418 0.279161
vt 0.052068 0.263250
vt 0.057608 0.264958
vt 0.082035 0.268063
vt 0.084988 0.266936
vt 0.028945 0.271050
vt 0.036992 0.274553
vt 0.080756 0.240455
vt 0.083892 0.239528
vt 0.097926 0.252219
vt 0.093233 0.253224
vt 0.060513 0.238035
vt 0.055289 0.236287
vt 0.100993 0.271748
vt 0.096529 0.272566
vt 0.095656 0.245607
vt 0.091677 0.245210
vt 0.066209 0.232101
vt 0.073528 0.231835
vt 0.071555 0.248232
vt 0.064109 0.216966
vt 0.064417 0.240228
vt 0.093245 0.259426
vt 0.089191 0.258982
vt 0.063008 0.246072
vt 0.071580 0.226907
vt 0.070503 0.208072
vt 0.086864 0.202794
vt 0.087325 0.218801
vt 0.055092 0.214942
vt 0.057074 0.234972
vt 0.085322 0.216940
vt 0.101320 0.221835
vt 0.103922 0.220016
vt 0.069413 0.205425
vt 0.085037 0.201126
vt 0.070609 0.224183
vt 0.101581 0.204614
vt 0.099090 0.206248
vt 0.066588 0.327309
vt 0.083832 0.322817
vt 0.089671 0.339899
vt 0.069332 0.342893
vt 0.067955 0.329849
vt 0.070699 0.345434
vt 0.091038 0.342440
vt 0.085199 0.325358
vt 0.071123 0.346683
vt 0.085908 0.343812
vt 0.081637 0.379988
vt 0.066725 0.381719
vt 0.069272 0.414559
vt 0.054359 0.416291
vt 0.072166 0.349412
vt 0.068239 0.386188
vt 0.086952 0.346542
vt 0.083151 0.384457
vt 0.070785 0.419029
vt 0.049689 0.462291
vt 0.048176 0.457822
vt 0.055872 0.420760
vt 0.034773 0.464022
vt 0.033260 0.459553
vt 0.036247 0.500651
vt 0.037250 0.506641
vt 0.051265 0.500330
vt 0.052270 0.506321
vt 0.022542 0.331289
vt 0.025762 0.319808
vt 0.075631 0.434688
vt 0.080029 0.409338
vt 0.084957 0.339343
vt 0.083287 0.319918
vt 0.079156 0.313177
vt 0.083584 0.359503
vt 0.028568 0.326018
vt 0.026718 0.338549
vt 0.025195 0.374371
vt 0.037478 0.388619
vt 0.066047 0.437358
vt 0.053545 0.415932
vt 0.068819 0.316255
vt 0.056927 0.324000
vt 0.031587 0.342445
vt 0.034275 0.370674
vt 0.037308 0.331965
vt 0.057723 0.350528
vt 0.041854 0.362674
vt 0.052433 0.311686
vt 0.052433 0.316826
vt 0.060679 0.316826
vt 0.060678 0.311686
vt 0.052433 0.312002
vt 0.060678 0.312002
vt 0.052433 0.317140
vt 0.060679 0.317140
vt 0.044102 0.315814
vt 0.044102 0.315996
vt 0.044102 0.313013
vt 0.044102 0.312830
vt 0.078224 0.311271
vt 0.078224 0.317317
vt 0.078224 0.318003
vt 0.078224 0.311956
vt 0.071694 0.311271
vt 0.071694 0.311957
vt 0.071694 0.317314
vt 0.071694 0.318000
vt 0.078224 0.315355
vt 0.074376 0.315354
vt 0.074376 0.311845
vt 0.078224 0.311845
vt 0.056745 0.290197
vt 0.056745 0.295025
vt 0.065271 0.295480
vt 0.065271 0.289730
vt 0.056048 0.290084
vt 0.065271 0.290084
vt 0.056048 0.295831
vt 0.065271 0.295831
vt 0.048920 0.294075
vt 0.046730 0.294552
vt 0.046730 0.291215
vt 0.048920 0.291272
vt 0.078224 0.290484
vt 0.078224 0.295370
vt 0.078224 0.295924
vt 0.078224 0.291038
vt 0.072552 0.290484
vt 0.072552 0.291038
vt 0.072552 0.295368
vt 0.072552 0.295922
vt 0.078224 0.293785
vt 0.074719 0.293784
vt 0.074719 0.290948
vt 0.078224 0.290948
vt 0.053778 0.453848
vt 0.053778 0.457893
vt 0.060261 0.457893
vt 0.060261 0.453848
vt 0.053778 0.453655
vt 0.060261 0.453655
vt 0.053778 0.457698
vt 0.060261 0.457698
vt 0.047227 0.457004
vt 0.047227 0.456891
vt 0.047227 0.454544
vt 0.047227 0.454656
vt 0.078224 0.452809
vt 0.078224 0.458554
vt 0.078224 0.457347
vt 0.078224 0.451602
vt 0.072376 0.452809
vt 0.072376 0.451602
vt 0.072376 0.458552
vt 0.072376 0.457345
vt 0.078224 0.458568
vt 0.074989 0.458567
vt 0.074989 0.455233
vt 0.078224 0.455233
vt 0.050839 0.331943
vt 0.050839 0.337082
vt 0.059084 0.337082
vt 0.059084 0.331943
vt 0.050839 0.332259
vt 0.059084 0.332259
vt 0.050839 0.337396
vt 0.059084 0.337396
vt 0.042508 0.336070
vt 0.042508 0.336253
vt 0.042508 0.333271
vt 0.042508 0.333087
vt 0.078224 0.331528
vt 0.078224 0.337573
vt 0.078224 0.338259
vt 0.078224 0.332214
vt 0.072965 0.331528
vt 0.072965 0.332214
vt 0.072965 0.337570
vt 0.072965 0.338256
vt 0.078224 0.335612
vt 0.075646 0.335610
vt 0.075646 0.332102
vt 0.078224 0.332102
vt 0.060904 0.370313
vt 0.061181 0.412575
vt 0.089950 0.397973
vt 0.089950 0.355712
vt 0.066694 0.368292
vt 0.095088 0.353690
vt 0.066971 0.410537
vt 0.095088 0.395935
vt 0.044072 0.437477
vt 0.050319 0.436294
vt 0.050021 0.411771
vt 0.043773 0.412944
vt 0.048316 0.439883
vt 0.048595 0.456335
vt 0.078224 0.433159
vt 0.078224 0.437974
vt 0.078224 0.436992
vt 0.078224 0.432153
vt 0.072646 0.433160
vt 0.072640 0.432154
vt 0.072680 0.437973
vt 0.072670 0.436991
vt 0.078224 0.437977
vt 0.074931 0.437977
vt 0.074919 0.435195
vt 0.078224 0.435195
vt 0.054161 0.439097
vt 0.068913 0.472917
vt 0.065860 0.473328
vt 0.054441 0.455542
vt 0.069059 0.481506
vt 0.066006 0.481920
vt 0.053738 0.468240
vt 0.053899 0.473826
vt 0.062887 0.473775
vt 0.062727 0.468189
vt 0.053543 0.468823
vt 0.062531 0.468772
vt 0.053703 0.474406
vt 0.062692 0.474355
vt 0.044742 0.472828
vt 0.044628 0.473165
vt 0.044535 0.469923
vt 0.044649 0.469585
vt 0.078224 0.468799
vt 0.078224 0.474544
vt 0.078224 0.473337
vt 0.078224 0.467592
vt 0.072311 0.468799
vt 0.072311 0.467592
vt 0.072311 0.474542
vt 0.072311 0.473335
vt 0.078224 0.474559
vt 0.074924 0.474557
vt 0.074924 0.471224
vt 0.078224 0.471224
vt 0.058317 0.482470
vt 0.058453 0.486977
vt 0.065711 0.486935
vt 0.065575 0.482428
vt 0.058153 0.482970
vt 0.065411 0.482927
vt 0.058237 0.487486
vt 0.065455 0.487460
vt 0.051056 0.486180
vt 0.050961 0.486469
vt 0.050882 0.483853
vt 0.050977 0.483563
vt 0.078224 0.483042
vt 0.078224 0.487396
vt 0.078224 0.486481
vt 0.078224 0.482127
vt 0.072709 0.483042
vt 0.072709 0.482127
vt 0.072709 0.487395
vt 0.072709 0.486480
vt 0.078224 0.487407
vt 0.075322 0.487406
vt 0.075322 0.484879
vt 0.078224 0.484879
vt 0.062316 0.490569
vt 0.046971 0.489962
vt 0.041607 0.497707
vt 0.062963 0.495826
vt 0.069211 0.490569
vt 0.078224 0.490569
vt 0.068972 0.495826
vt 0.071847 0.490569
vt 0.031875 0.423037
vt 0.019361 0.425796
vt 0.039731 0.407371
vt 0.051849 0.405246
vt 0.030777 0.440321
vt 0.021610 0.442777
vt 0.074622 0.413161
vt 0.068966 0.408943
vt 0.091259 0.427126
vt 0.089088 0.434631
vt 0.046887 0.467624
vt 0.036982 0.469458
vt 0.045023 0.473893
vt 0.039876 0.474979
vt 0.106637 0.527542
vt 0.106637 0.523883
vt 0.106637 0.527621
vt 0.089510 0.459829
vt 0.073864 0.438229
vt 0.039527 0.449580
vt 0.041441 0.465372
vt 0.043784 0.478931
vt 0.046748 0.489607
vt 0.053842 0.429937
vt 0.029748 0.488330
vt 0.030855 0.446197
vt 0.045596 0.433009
vt 0.028152 0.481572
vt 0.024658 0.462814
vt 0.106637 0.532673
vt 0.071466 0.435147
vt 0.054135 0.526892
vt 0.051132 0.515645
vt 0.059824 0.495809
vt 0.067701 0.515241
vt 0.061147 0.543711
vt 0.069270 0.527618
vt 0.050243 0.488116
vt 0.056660 0.479103
vt 0.049318 0.498506
vt 0.061941 0.481599
vt 0.057915 0.484857
vt 0.074688 0.477595
vt 0.088067 0.489729
vt 0.075321 0.483880
vt 0.091493 0.481467
vt 0.091841 0.452339
vt 0.079639 0.558868
vt 0.092667 0.558629
vt 0.091090 0.565329
vt 0.106637 0.531157
vt 0.048687 0.400650
vt 0.051498 0.400284
vt 0.058560 0.387233
vt 0.052161 0.381550
vt 0.049953 0.400485
vt 0.055432 0.386936
vt 0.041763 0.401551
vt 0.043710 0.401297
vt 0.040304 0.380526
vt 0.035669 0.380645
vt 0.044793 0.401156
vt 0.042891 0.381788
vt 0.054149 0.379752
vt 0.043103 0.374685
vt 0.046638 0.369230
vt 0.055819 0.375517
vt 0.062335 0.386585
vt 0.059536 0.386379
vt 0.067047 0.380942
vt 0.068115 0.380970
vt 0.035881 0.373541
vt 0.040516 0.373422
vt 0.044713 0.365131
vt 0.040255 0.364897
vt 0.052373 0.374447
vt 0.050956 0.368387
vt 0.060407 0.380347
vt 0.059124 0.373163
vt 0.068866 0.375820
vt 0.066730 0.375764
vt 0.067480 0.370614
vt 0.068549 0.370642
vt 0.064085 0.378126
vt 0.058488 0.377715
vt 0.060238 0.369257
vt 0.063037 0.369462
vt 0.057340 0.521390
vt 0.042131 0.521744
vt 0.059998 0.599707
vt 0.064086 0.599278
vt 0.070009 0.485284
vt 0.068523 0.485284
vt 0.064180 0.484664
vt 0.065522 0.485283
vt 0.066092 0.511967
vt 0.067498 0.511966
vt 0.065534 0.539178
vt 0.064499 0.539177
vt 0.061569 0.511965
vt 0.060707 0.511966
vt 0.059502 0.539178
vt 0.059813 0.539176
vt 0.063917 0.567926
vt 0.063193 0.567925
vt 0.058872 0.567926
vt 0.058831 0.567924
vt 0.074582 0.578406
vt 0.079548 0.577953
vt 0.080131 0.568233
vt 0.081656 0.567029
vt 0.078419 0.567644
vt 0.077186 0.567878
vt 0.058786 0.575179
vt 0.064634 0.576623
vt 0.086574 0.566095
vt 0.083245 0.566727
vt 0.077483 0.572766
vt 0.072977 0.573254
vt 0.072261 0.568512
vt 0.067972 0.579008
vt 0.068391 0.569010
vt 0.068382 0.573752
vt 0.071383 0.568625
vt 0.074873 0.595844
vt 0.072977 0.601304
vt 0.063396 0.597771
vt 0.063834 0.597771
vt 0.060221 0.597771
vt 0.060381 0.597774
vt 0.058917 0.574174
vt 0.063479 0.575554
vt 0.064158 0.571675
vt 0.059828 0.569417
vt 0.073417 0.578512
vt 0.072044 0.573355
vt 0.084630 0.577628
vt 0.080998 0.577860
vt 0.081957 0.572046
vt 0.078980 0.572525
vt 0.037024 0.511009
vt 0.055198 0.510666
vt 0.051256 0.517715
vt 0.041159 0.517905
vt 0.037254 0.511017
vt 0.041389 0.517914
vt 0.051486 0.517724
vt 0.055428 0.510675
vt 0.036896 0.501711
vt 0.055070 0.501369
vt 0.040870 0.496987
vt 0.050967 0.496796
vt 0.055299 0.501377
vt 0.037125 0.501720
vt 0.051196 0.496805
vt 0.041100 0.496995
vt 0.064064 0.354342
vt 0.062466 0.354098
vt 0.074157 0.348600
vt 0.073407 0.345787
vt 0.088383 0.346062
vt 0.087042 0.347164
vt 0.089570 0.348183
vt 0.068495 0.605352
vt 0.062272 0.296497
vt 0.061828 0.296219
vt 0.068092 0.296030
vt 0.068859 0.296845
vt 0.053976 0.308349
vt 0.054044 0.305827
vt 0.056254 0.313796
vt 0.056193 0.315674
vt 0.055598 0.296135
vt 0.055615 0.296716
vt 0.070762 0.305989
vt 0.062438 0.305624
vt 0.069747 0.308216
vt 0.061845 0.308419
vt 0.081077 0.537612
vt 0.081105 0.537020
vt 0.075860 0.543727
vt 0.070461 0.545573
vt 0.068609 0.313916
vt 0.062466 0.313572
vt 0.067847 0.315576
vt 0.062003 0.315762
vt 0.072744 0.546526
vt 0.065819 0.544949
vt 0.071992 0.537304
vt 0.065988 0.539528
vt 0.060915 0.547491
vt 0.065753 0.538801
vt 0.060527 0.545552
vt 0.072898 0.538395
vt 0.068100 0.391253
vt 0.059903 0.394179
vt 0.068951 0.467949
vt 0.063488 0.469239
vt 0.053704 0.394202
vt 0.055673 0.392931
vt 0.057317 0.469035
vt 0.056266 0.468716
vt 0.061445 0.393254
vt 0.062077 0.468994
vt 0.067283 0.393258
vt 0.067788 0.467793
vt 0.071048 0.532498
vt 0.075587 0.531920
vt 0.063419 0.530051
vt 0.058799 0.531437
vt 0.080789 0.531755
vt 0.058603 0.532869
vt 0.961762 1.075670
vt 0.962028 1.078375
vt 0.960726 1.077445
vt 0.960206 1.074633
vt 0.952122 1.073478
vt 0.952827 1.076771
vt 0.951040 1.072782
vt 0.951642 1.075999
vt 0.910468 1.046368
vt 0.948963 0.928823
vt 0.065080 0.412805
vt 0.069403 0.449594
vt 0.060236 0.447743
vt 0.061318 0.448439
vt 0.070959 0.450631
vt 0.068750 0.414738
vt 0.962741 1.080521
vt 0.960770 1.080750
vt 0.952818 1.081532
vt 0.951505 1.079051
vt 0.076099 0.413287
vt 0.076223 0.451601
vt 0.066980 0.449891
vt 0.074090 0.450553
vt 0.079684 0.451871
vt 0.078563 0.413177
vt 0.070707 0.454830
vt 0.078005 0.455953
vt 0.079146 0.416133
vt 0.080439 0.455755
vt 0.081571 0.415657
vt 0.074821 0.454488
vt 0.074252 0.436302
vt 0.075325 0.461926
vt 0.075753 0.461347
vt 0.074309 0.435403
vt 0.066105 0.459809
vt 0.064651 0.461404
vt 0.060693 0.283126
vt 0.060693 0.302625
vt 0.073295 0.302625
vt 0.073295 0.283126
vt 0.078224 0.283126
vt 0.078224 0.302625
vt 0.069810 0.302625
vt 0.069810 0.283126
vt 0.060693 0.302625
vt 0.057356 0.302625
vt 0.057356 0.283126
vt 0.078224 0.302625
vt 0.060693 0.304836
vt 0.057356 0.304836
vt 0.057356 0.323657
vt 0.060693 0.323657
vt 0.069810 0.304836
vt 0.078224 0.304836
vt 0.078224 0.323657
vt 0.069810 0.323657
vt 0.073295 0.304836
vt 0.073295 0.323657
vt 0.078224 0.323657
vt 0.069810 0.325982
vt 0.078224 0.325982
vt 0.078224 0.342675
vt 0.069810 0.342675
vt 0.057356 0.325982
vt 0.060693 0.325982
vt 0.060693 0.342675
vt 0.057356 0.342675
vt 0.060693 0.342675
vt 0.073295 0.325982
vt 0.073295 0.342675
vt 0.073295 0.344973
vt 0.060693 0.344973
vt 0.060693 0.361821
vt 0.073295 0.361821
vt 0.078224 0.344973
vt 0.078224 0.361821
vt 0.069810 0.344973
vt 0.069810 0.361821
vt 0.060693 0.361821
vt 0.057356 0.344973
vt 0.057356 0.361821
vt 0.069810 0.364510
vt 0.078224 0.364510
vt 0.078224 0.381831
vt 0.069810 0.381831
vt 0.057356 0.364510
vt 0.060693 0.364510
vt 0.060693 0.381831
vt 0.057356 0.381831
vt 0.060693 0.364510
vt 0.060693 0.381831
vt 0.073295 0.364510
vt 0.073295 0.381831
vt 0.069810 0.383969
vt 0.078224 0.383969
vt 0.078224 0.403035
vt 0.069810 0.403035
vt 0.073295 0.383969
vt 0.060693 0.383969
vt 0.060693 0.403035
vt 0.073295 0.403035
vt 0.060693 0.403035
vt 0.057356 0.383969
vt 0.057356 0.403035
vt 0.060693 0.405282
vt 0.069810 0.405282
vt 0.069810 0.422699
vt 0.060693 0.422699
vt 0.060693 0.405282
vt 0.057356 0.405282
vt 0.057356 0.422699
vt 0.060693 0.422699
vt 0.078224 0.405282
vt 0.078224 0.422699
vt 0.073295 0.405282
vt 0.073295 0.422699
vt 0.060693 0.424767
vt 0.069810 0.424767
vt 0.069810 0.441631
vt 0.060693 0.441631
vt 0.060693 0.424767
vt 0.057356 0.424767
vt 0.057356 0.441631
vt 0.060693 0.441631
vt 0.078224 0.424767
vt 0.078224 0.441631
vt 0.073295 0.424767
vt 0.073295 0.441631
vt 0.078224 0.441631
vt 0.078224 0.443967
vt 0.073295 0.443967
vt 0.072410 0.460512
vt 0.078224 0.460512
vt 0.060693 0.443967
vt 0.061494 0.460512
vt 0.069810 0.443967
vt 0.078224 0.460512
vt 0.069391 0.460512
vt 0.057356 0.443967
vt 0.061494 0.460512
vt 0.058603 0.460512
vt 0.061608 0.462884
vt 0.058782 0.462884
vt 0.059650 0.476944
vt 0.062200 0.476944
vt 0.062200 0.476944
vt 0.069331 0.462884
vt 0.078224 0.462884
vt 0.078224 0.476944
vt 0.069166 0.476944
vt 0.072283 0.462884
vt 0.071829 0.476944
vt 0.078224 0.476944
vt 0.062296 0.479233
vt 0.069139 0.479233
vt 0.069197 0.488276
vt 0.062312 0.488276
vt 0.078224 0.479233
vt 0.071755 0.479233
vt 0.071828 0.488276
vt 0.078224 0.488276
vt 0.062312 0.488276
vt 0.078224 0.488276
vt 0.059791 0.479233
vt 0.059792 0.488276
s 1
usemtl mat_skeleton
f 1385/204/453 1387/205/453 482/206/453 481/207/453
f 1359/208/454 1374/209/454 483/210/454 1398/211/454
f 478/212/455 1395/213/455 483/210/455 1374/209/455
f 1401/214/456 477/215/456 479/216/456 480/217/456
f 477/215/457 1399/218/457 484/219/457 479/216/457
f 1396/220/458 1400/221/458 483/210/458 1395/213/458
f 689/222/459 1401/214/459 480/217/459 684/223/459
f 1518/224/460 1516/225/460 1470/226/460 1469/227/460
f 780/228/461 729/228/462 727/228/463
f 781/228/464 780/228/464 727/228/464 728/228/464
f 1657/229/465 697/230/465 698/231/465 1656/232/465
f 1656/232/466 698/231/466 700/233/466 1655/234/466
f 1655/234/467 700/233/467 699/235/467 1654/236/467
f 1654/236/468 699/235/468 697/230/468 1657/229/468
f 1633/237/469 718/238/469 740/239/469 1632/240/469
f 1632/240/470 740/239/471 731/241/471 1631/242/471
f 1631/242/472 731/241/473 696/243/473 1630/244/473
f 1630/244/474 696/243/474 718/238/474 1633/237/474
f 1649/245/475 700/233/476 698/231/476 1648/246/476
f 498/247/477 650/248/477 587/249/477 582/250/477
f 1648/246/478 698/231/478 695/251/478 1647/252/478
f 1647/252/479 695/251/479 701/253/479 1646/254/479
f 1646/254/480 701/253/481 700/233/481 1649/245/481
f 1641/255/482 696/243/482 731/241/482 1640/256/482
f 1640/256/483 731/241/483 701/253/483 1639/257/483
f 666/258/484 670/259/484 490/260/484 594/261/484
f 1639/257/485 701/253/486 695/251/486 1638/262/486
f 1638/262/487 695/251/488 696/243/488 1641/255/488
f 723/263/489 726/264/489 725/265/489 724/266/489
f 535/267/490 544/268/490 546/269/490 540/270/490
f 657/271/491 666/258/491 594/261/491 593/272/491
f 719/273/492 722/274/492 721/275/492 720/276/492
f 707/277/493 740/239/494 718/238/495 706/278/496
f 658/279/497 657/271/497 593/272/497 592/280/497
f 706/278/498 718/238/499 696/243/500 513/281/501
f 1468/282/502 1469/227/502 1470/226/502 1471/283/502
f 502/284/503 543/285/503 545/286/503 497/287/503
f 1450/288/504 1451/289/504 1448/290/504 1449/291/504
f 500/292/505 502/284/505 497/287/505 499/293/505
f 668/294/506 658/279/506 592/280/506 591/295/506
f 1504/296/507 1502/297/507 1449/291/507 1448/290/507
f 524/298/508 575/299/508 515/300/508 514/301/508
f 530/302/509 529/303/509 579/304/509 578/305/509
f 544/268/510 535/267/510 1112/306/510 1113/307/510
f 576/308/511 577/309/511 531/310/511 532/311/511
f 586/312/512 1533/313/512 1531/314/512 1485/315/512
f 1445/316/513 1442/317/513 571/318/513 563/319/513
f 667/320/514 551/321/514 662/322/514
f 572/323/515 564/324/515 563/319/515 571/318/515
f 551/321/516 669/325/516 663/326/516
f 573/327/517 523/328/517 522/329/517 565/330/517
f 669/325/518 551/321/518 667/320/518
f 1059/331/519 1055/332/519 536/333/519 910/334/519
f 520/335/520 522/329/520 518/336/520 517/337/520
f 1446/338/521 1443/339/521 566/340/521 570/341/521
f 1442/317/522 1447/342/522 568/343/522 571/318/522
f 567/344/523 572/323/523 571/318/523 568/343/523
f 594/261/524 490/260/524 488/345/524 561/346/524
f 1443/339/525 1444/347/525 574/348/525 566/340/525
f 565/330/526 522/329/526 520/335/526 569/349/526
f 1445/316/527 563/319/527 574/348/527 1444/347/527
f 528/350/528 525/351/528 526/352/528 527/353/528
f 521/354/529 520/335/529 517/337/529 516/355/529
f 569/349/530 520/335/530 521/354/530 567/344/530
f 583/356/531 590/357/531 655/358/531 652/359/531
f 575/299/532 521/354/532 516/355/532 515/300/532
f 558/360/533 652/359/533 501/361/533 646/362/533
f 1493/363/534 541/364/534 538/365/534 1494/366/534
f 546/269/535 544/268/535 539/367/535 556/368/535
f 560/369/536 561/346/536 677/370/536 671/371/536
f 1498/372/537 1478/373/537 554/374/537 1490/375/537
f 574/348/538 573/327/538 565/330/538 566/340/538
f 1475/376/539 584/376/539 588/376/539 1476/376/539
f 1479/377/540 650/248/540 498/247/540 1480/378/540
f 523/328/541 524/298/541 514/301/541 519/379/541
f 1491/380/542 1495/381/542 648/382/542 559/383/542
f 564/324/543 524/298/543 523/328/543 573/327/543
f 567/344/544 521/354/544 575/299/544 572/323/544
f 1111/384/545 545/286/545 534/385/545 1110/386/545
f 564/324/546 573/327/546 574/348/546 563/319/546
f 593/272/547 594/261/547 561/346/547 560/369/547
f 569/349/548 567/344/548 568/343/548 570/341/548
f 592/280/549 593/272/549 560/369/549 562/387/549
f 569/349/550 570/341/550 566/340/550 565/330/550
f 659/388/551 664/389/551 666/258/551 657/271/551
f 545/286/552 543/285/552 557/390/552 534/385/552
f 1519/391/553 1517/392/553 1468/282/553 1471/283/553
f 1447/342/554 1446/338/554 570/341/554 568/343/554
f 1109/393/555 1111/384/555 1117/394/555 1114/395/555
f 572/323/556 575/299/556 524/298/556 564/324/556
f 522/329/557 523/328/557 519/379/557 518/336/557
f 645/396/558 643/397/558 680/398/558 678/399/558
f 1010/400/559 1006/401/559 533/402/559 911/403/559
f 971/404/560 967/405/560 596/406/560 913/407/560
f 582/250/561 806/408/561 581/409/561
f 1490/375/562 554/374/562 550/410/562 1491/380/562
f 583/356/563 1536/411/563 1533/313/563 586/312/563
f 1473/412/564 810/413/564 642/414/564
f 806/408/565 1522/415/565 765/416/565 580/417/565 581/409/565
f 667/320/566 668/294/566 591/295/566 549/418/566
f 669/325/567 667/320/567 549/418/567 547/419/567
f 670/259/568 669/325/569 547/419/570 490/260/570
f 627/420/571 613/421/571 555/422/571 598/423/571
f 595/424/572 600/425/572 605/426/572 603/427/572
f 599/428/573 614/429/573 627/420/573 598/423/573
f 553/430/574 552/431/574 600/425/574 595/424/574
f 613/421/575 626/432/575 601/433/575 555/422/575
f 1553/434/576 1557/435/576 603/427/576 605/426/576
f 624/436/577 623/437/577 613/421/577 627/420/577
f 1557/435/578 1554/438/578 607/439/578 603/427/578
f 555/422/579 602/440/579 604/441/579 598/423/579
f 625/442/580 616/443/580 620/444/580 553/430/580
f 620/444/581 621/445/581 552/431/581 553/430/581
f 621/445/582 622/446/582 614/429/582 552/431/582
f 1558/447/583 1556/448/583 604/441/583 602/440/583
f 597/449/584 625/442/584 553/430/584 595/424/584
f 1555/450/585 1558/447/585 602/440/585 606/451/585
f 626/432/586 615/452/586 616/443/586 625/442/586
f 614/429/587 622/446/587 624/436/587 627/420/587
f 555/422/588 601/433/588 606/451/588 602/440/588
f 600/425/589 599/428/589 608/453/589 605/426/589
f 626/432/590 625/442/590 597/449/590 601/433/590
f 608/453/591 599/428/591 598/423/591 604/441/591
f 1559/454/592 1553/434/592 605/426/592 608/453/592
f 607/439/593 597/449/593 595/424/593 603/427/593
f 552/431/594 614/429/594 599/428/594 600/425/594
f 1554/438/595 1555/450/595 606/451/595 607/439/595
f 1556/448/596 1559/454/596 608/453/596 604/441/596
f 601/433/597 597/449/597 607/439/597 606/451/597
f 623/437/598 615/452/598 626/432/598 613/421/598
f 643/397/599 641/455/599 681/456/599 680/398/599
f 714/457/600 717/458/600 716/459/600 715/460/600
f 683/461/601 1438/462/601 1439/463/601 682/464/601
f 637/465/602 638/466/602 632/467/602 631/468/602
f 712/469/603 713/470/603 775/471/603 692/472/603
f 708/473/604 711/474/604 710/475/604 709/476/604
f 681/456/605 637/465/605 636/477/605 680/398/605
f 706/278/606 693/478/606 778/479/606 707/277/606
f 702/480/607 705/481/607 704/482/607 703/483/607
f 513/281/608 696/243/609 695/251/610 640/484/611
f 640/484/612 695/251/613 698/231/614 509/485/615
f 764/486/616 777/486/616 776/486/616 763/486/616
f 679/487/617 1438/462/617 683/461/617 644/488/617
f 504/489/618 690/490/618 506/491/618 505/492/618
f 507/493/619 505/492/619 506/491/619 508/494/619
f 509/485/620 507/493/620 508/494/620 510/495/620
f 640/484/621 509/485/621 510/495/621 511/496/621
f 640/484/622 511/496/622 512/497/622 513/281/622
f 633/498/623 639/499/623 635/500/623 629/501/623
f 1481/502/624 559/383/624 648/382/624 1482/503/624
f 639/499/625 1438/462/625 679/487/625 635/500/625
f 664/389/626 665/504/626 670/259/626 666/258/626
f 656/505/627 487/506/627 673/507/627 674/508/627
f 591/295/628 592/280/628 562/387/628 487/506/628
f 487/506/629 562/387/629 672/509/629 673/507/629
f 1472/510/630 807/511/630 647/512/630 1482/503/630
f 550/410/631 654/513/631 642/414/631 649/514/631
f 665/504/632 663/326/632 669/325/569 670/259/568
f 488/345/633 486/515/633 1608/516/633 676/517/633
f 678/399/634 634/518/634 635/500/634 679/487/634
f 634/518/635 678/399/635 680/398/635 636/477/635
f 660/519/636 658/279/636 668/294/636 661/520/636
f 486/515/637 656/505/637 1609/521/637 1608/516/637
f 549/418/638 591/295/638 487/506/638 656/505/638
f 1496/522/639 808/523/639 648/382/639 1495/381/639
f 1492/524/640 812/525/640 646/362/640 1497/526/640
f 547/419/641 549/418/641 656/505/641 486/515/641
f 662/322/642 661/520/642 668/294/642 667/320/642
f 650/248/643 588/527/643 1515/528/643 1474/529/643
f 583/356/644 652/359/644 558/360/644 580/417/644
f 562/387/645 560/369/645 671/371/645 672/509/645
f 636/477/646 630/530/646 628/531/646 634/518/646
f 630/530/647 636/477/647 637/465/647 631/468/647
f 1479/377/648 1476/532/648 588/527/648 650/248/648
f 634/518/649 628/531/649 629/501/649 635/500/649
f 659/388/650 657/271/650 658/279/650 660/519/650
f 488/345/651 676/517/651 677/370/651 561/346/651
f 642/414/652 581/409/652 580/417/652 558/360/652
f 663/326/653 662/322/653 551/321/653
f 810/413/654 809/533/654 649/514/654 642/414/654
f 1478/373/655 537/534/655 655/358/655 1483/535/655
f 806/376/656 584/376/656 1475/376/656
f 490/260/657 547/419/657 486/515/657 488/345/657
f 632/467/658 638/466/658 639/499/658 633/498/658
f 678/399/659 679/487/659 644/488/659 645/396/659
f 1397/536/660 689/222/660 684/223/660 1398/211/660
f 1384/537/661 686/538/661 685/539/661 1387/205/661
f 1350/540/662 688/541/662 687/542/662 1366/543/662
f 1350/540/663 1349/544/663 686/538/663 688/541/663
f 1397/536/664 1366/543/664 687/542/664 689/222/664
f 1359/208/665 1398/211/665 684/223/665 685/539/665
f 781/228/666 728/228/667 730/228/668
f 791/228/669 734/228/670 732/228/671
f 791/228/672 790/228/673 735/228/674 734/228/674
f 790/228/675 733/228/676 735/228/675
f 766/228/677 754/228/678 753/228/677 769/228/679
f 773/228/680 755/228/681 753/228/682
f 756/228/683 754/228/684 766/228/685
f 741/228/686 742/228/687 799/228/688
f 798/228/689 744/228/690 743/228/690
f 798/228/691 799/228/692 742/228/693 744/228/693
f 786/228/694 787/228/695 746/228/695 745/228/695
f 787/228/696 747/228/697 746/228/696
f 747/545/698 702/480/698 703/483/698 748/546/698
f 748/546/699 703/483/699 704/482/699 786/547/700
f 750/548/701 715/460/701 716/459/701 749/549/701
f 749/549/702 716/459/702 717/458/702 794/550/702
f 794/228/703 795/228/703 752/228/703 751/228/704
f 795/228/705 750/228/705 752/228/705
f 803/551/706 725/265/706 726/264/706 757/552/706
f 759/553/707 723/263/707 724/266/707 802/554/707
f 802/228/708 803/228/709 758/228/708 760/228/708
f 496/555/710 693/478/710 512/497/710 495/556/710
f 495/556/711 512/497/711 511/496/711 494/557/711
f 510/495/712 508/494/712 493/558/712 494/557/712
f 508/494/713 506/491/713 492/559/713 493/558/713
f 491/560/714 692/472/714 693/478/714 496/555/714
f 762/486/715 777/486/715 764/486/715
f 774/486/716 691/486/716 713/486/716
f 779/486/717 694/486/717 691/486/717 774/486/717
f 707/486/718 694/486/719 779/486/720
f 785/561/721 781/562/666 730/563/668 748/546/721
f 707/486/718 778/486/722 694/486/719
f 775/486/723 713/486/723 691/486/723
f 777/564/724 779/565/724 774/566/724 776/567/724
f 513/281/725 512/497/725 693/478/725 706/278/725
f 713/470/726 731/241/727 740/239/728 707/277/729
f 731/241/730 713/470/731 712/469/732 701/253/733
f 712/469/734 504/489/735 700/233/736 701/253/737
f 712/469/738 692/472/738 690/490/738 504/489/738
f 756/568/739 720/276/740 721/275/740 772/569/740
f 755/228/681 769/228/741 753/228/682
f 772/569/742 721/275/742 722/274/742 773/570/742
f 510/495/743 494/557/743 511/496/743
f 506/491/744 690/490/744 489/571/744 492/559/744
f 489/571/745 690/490/745 692/472/745 491/560/745
f 554/374/746 653/572/746 654/513/746 550/410/746
f 812/525/747 811/573/747 558/360/747 646/362/747
f 587/249/748 584/574/748 806/408/748 582/250/748
f 738/228/749 736/228/750 767/228/751
f 739/575/752 738/576/753 755/577/754 756/568/755
f 739/228/756 768/228/757 737/228/758
f 737/228/759 768/228/760 767/228/761 736/228/762
f 737/228/763 770/228/764 739/228/765
f 738/576/766 767/578/767 769/579/768 755/577/769
f 738/228/749 771/228/770 736/228/750
f 736/228/771 771/228/771 770/228/771 737/228/771
f 739/575/772 756/568/773 766/580/774 768/581/775
f 768/581/776 766/580/776 769/579/777 767/578/778
f 754/228/779 772/228/780 773/228/780 753/228/780
f 756/228/781 772/228/782 754/228/783
f 719/273/784 720/276/784 756/568/785 755/577/786
f 722/274/787 719/273/787 755/577/788 773/570/787
f 762/582/789 707/277/789 779/565/789 777/564/789
f 775/471/790 778/479/790 693/478/790 692/472/790
f 763/486/791 776/486/791 761/486/792
f 762/486/793 764/486/793 805/486/793
f 805/486/794 764/486/794 763/486/794 804/486/795
f 804/486/796 763/486/797 761/486/798
f 691/486/799 694/486/799 778/486/799 775/486/799
f 709/476/800 804/583/801 761/584/802 708/473/800
f 713/470/803 707/277/803 762/582/803 761/584/804
f 776/567/805 774/566/805 713/470/805 761/584/806
f 708/473/807 761/584/808 762/582/807 711/474/807
f 748/546/809 730/563/809 729/585/810 747/545/811
f 784/586/812 747/545/812 729/585/813 780/587/812
f 785/561/814 784/586/815 780/587/816 781/562/814
f 728/228/817 782/228/817 730/228/817
f 729/228/818 783/228/819 727/228/819
f 727/228/820 783/228/821 782/228/820 728/228/820
f 745/228/822 746/228/822 784/228/823 785/228/822
f 746/228/824 747/228/825 784/228/826
f 745/228/827 785/228/827 748/228/827
f 748/228/828 786/228/829 745/228/828
f 705/481/830 702/480/830 747/545/831 787/588/830
f 704/482/832 705/481/832 787/588/832 786/547/833
f 733/228/834 788/228/835 735/228/835
f 735/228/836 788/228/836 789/228/836 734/228/836
f 734/228/837 789/228/837 732/228/838
f 792/589/839 750/548/839 733/590/840 790/591/839
f 793/592/841 792/589/841 790/591/841 791/593/842
f 793/592/843 791/593/844 732/594/845 749/549/846
f 749/549/847 732/594/848 733/590/849 750/548/847
f 751/228/850 793/228/843 749/228/846
f 751/228/851 752/228/852 792/228/852 793/228/852
f 752/228/853 750/228/853 792/228/853
f 714/457/854 715/460/854 750/548/854 795/595/854
f 717/458/855 714/457/855 795/595/855 794/550/855
f 749/228/846 794/228/856 751/228/850
f 742/228/857 797/228/857 796/228/857 744/228/857
f 744/228/858 796/228/858 743/228/858
f 741/228/686 797/228/859 742/228/687
f 800/596/860 801/597/861 799/598/692 798/599/691
f 800/596/862 798/599/863 743/600/864 759/553/864
f 757/552/865 759/553/866 743/600/866 741/601/866
f 757/552/867 741/601/868 799/598/869 801/597/870
f 757/228/871 801/228/872 758/228/871
f 760/228/873 800/228/874 759/228/873
f 760/228/875 758/228/875 801/228/876 800/228/877
f 724/266/878 725/265/878 803/551/879 802/554/878
f 759/228/880 802/228/880 760/228/880
f 726/264/881 723/263/881 759/553/881 757/552/882
f 758/228/883 803/228/884 757/228/885
f 700/233/886 504/489/887 505/492/888 699/235/889
f 699/235/890 505/492/891 507/493/892 697/230/893
f 509/485/894 698/231/895 697/230/896 507/493/897
f 710/475/898 805/602/898 804/583/899 709/476/898
f 711/474/900 762/582/900 805/602/900 710/475/900
f 652/359/901 655/358/901 537/534/901 501/361/901
f 765/416/902 1536/411/902 583/356/902 580/417/902
f 1477/603/903 542/604/903 559/383/903 1481/502/903
f 654/513/904 653/572/904 498/247/904 582/250/904
f 583/356/905 586/312/905 651/605/905 590/357/905
f 1483/535/906 655/358/906 590/357/906 1480/378/906
f 1494/366/907 538/365/907 647/512/907 1497/526/907
f 1662/606/908 896/606/909 895/606/910 1661/606/908
f 1664/606/911 901/606/911 900/606/911 1663/606/911
f 1658/606/912 897/606/913 896/606/914 1662/606/912
f 1659/606/915 898/606/915 897/606/915 1658/606/915
f 1660/606/916 899/606/916 898/606/916 1659/606/916
f 1706/606/917 1701/606/917 1140/606/917 1139/606/917
f 838/607/918 837/608/918 827/609/918
f 1322/610/919 836/611/919 1319/612/919 1333/613/919
f 835/614/920 834/615/920 827/609/920
f 832/615/921 838/607/921 827/609/921
f 837/608/922 1332/616/922 1334/617/922 1321/618/922
f 836/611/923 835/614/923 827/609/923
f 1322/610/924 1335/619/924 835/614/924 836/611/924
f 1323/620/925 1324/621/925 832/615/925
f 1324/621/926 1336/622/926 838/607/926 832/615/926
f 1335/619/927 833/623/927 834/615/927 835/614/927
f 1329/624/928 840/625/928 1320/626/928 1331/627/928
f 1336/622/929 1332/616/929 837/608/929 838/607/929
f 1730/606/930 1728/606/930 840/606/930 839/606/930
f 1728/606/931 1733/606/931 841/606/931 840/606/931
f 1734/606/932 1729/606/932 843/606/933 842/606/934
f 1732/606/935 1730/606/935 839/606/935 845/606/935
f 1731/606/936 1732/606/937 845/606/938 844/606/938
f 1733/606/939 1734/606/939 842/606/939 841/606/939
f 1725/606/940 1723/606/940 849/606/940 850/606/940
f 1721/606/941 1722/606/941 846/606/941 847/606/941
f 1722/606/942 1726/606/942 852/606/942 846/606/942
f 1723/606/943 1724/606/943 848/606/943 849/606/943
f 1727/606/944 1725/606/945 850/606/946 851/606/946
f 1726/606/947 1727/606/947 851/606/947 852/606/947
f 1717/606/948 1716/606/948 856/606/948 855/606/948
f 1719/606/949 1714/606/949 854/606/949 853/606/949
f 1714/606/950 1717/606/950 855/606/950 854/606/950
f 1716/606/951 1718/606/951 857/606/951 856/606/951
f 1720/606/952 1719/606/952 853/606/952 859/606/952
f 1715/606/953 1720/606/953 859/606/953 858/606/953
f 1693/606/954 1694/606/954 864/606/954 865/606/954
f 1697/606/955 1693/606/955 865/606/955 866/606/955
f 1694/606/956 1698/606/956 863/606/956 864/606/956
f 1695/606/957 1696/606/957 860/606/957 861/606/957
f 1696/606/958 1697/606/958 866/606/958 860/606/958
f 1698/606/959 1699/606/959 862/606/959 863/606/959
f 1687/606/960 1688/606/960 867/606/961 873/606/962
f 1686/606/963 1687/606/963 873/606/964 872/606/965
f 1690/606/966 1691/606/966 870/606/967 869/606/968
f 1688/606/969 1689/606/969 868/606/970 867/606/971
f 1689/606/972 1690/606/972 869/606/973 868/606/974
f 1691/606/975 1692/606/975 871/606/976 870/606/977
f 1682/606/978 1679/606/978 876/606/978 877/606/978
f 1680/606/979 1681/606/979 878/606/979 879/606/979
f 1685/606/980 1680/606/980 879/606/980 880/606/980
f 1681/606/981 1682/606/981 877/606/981 878/606/981
f 1683/606/982 1684/606/982 874/606/982 875/606/982
f 1684/606/983 1685/606/983 880/606/983 874/606/983
f 1673/606/984 1674/606/984 881/606/984 887/606/984
f 1672/606/985 1673/606/985 887/606/985 886/606/985
f 1676/606/986 1677/606/986 884/606/987 883/606/988
f 1674/606/989 1675/606/989 882/606/990 881/606/991
f 1675/606/992 1676/606/992 883/606/993 882/606/994
f 1677/606/995 1678/606/995 885/606/995 884/606/995
f 1669/606/996 1667/606/996 891/606/996 892/606/996
f 1665/606/997 1666/606/997 888/606/998 889/606/998
f 1666/606/999 1670/606/999 894/606/999 888/606/999
f 1667/606/1000 1668/606/1000 890/606/1000 891/606/1000
f 1671/606/1001 1669/606/1001 892/606/1001 893/606/1001
f 1670/606/1002 1671/606/1002 893/606/1002 894/606/1002
f 1713/606/1003 1709/606/1003 1137/606/1003 1141/606/1003
f 1701/606/1003 1702/606/1003 1136/606/1003 1140/606/1003
f 1708/606/917 1713/606/917 1141/606/917 1138/606/917
f 1704/606/1004 1700/606/1004 817/606/1004 818/606/1004
f 1712/606/1005 1710/606/1005 1135/606/1005 815/606/1005
f 967/405/1006 503/628/1006 903/629/1006 968/630/1006
f 910/334/1007 536/333/1008 905/631/1009 914/632/1007
f 992/633/1010 596/406/1010 906/634/1010 993/635/1010
f 1055/332/1011 533/402/1011 904/636/1011 1056/637/1011
f 995/638/1012 917/639/1012 908/640/1012 994/641/1012
f 1058/642/1013 916/643/1013 907/644/1013 1057/645/1013
f 970/646/1013 969/647/1013 908/640/1013 917/639/1013
f 915/648/1013 902/649/1013 909/650/1013 918/651/1013
f 903/629/1014 915/648/1014 918/651/1014
f 968/630/1015 970/646/1015 917/639/1015 906/634/1015
f 1056/637/1016 904/636/1016 916/643/1016 1058/642/1016
f 993/635/1017 906/634/1017 917/639/1017 995/638/1017
f 964/652/1018 963/653/1018 922/654/1018 921/655/1018
f 928/656/1019 959/657/1019 955/658/1019 925/659/1019
f 966/660/1020 965/661/1020 919/662/1020 920/663/1020
f 965/661/1021 964/652/1021 921/655/1021 919/662/1021
f 963/653/1022 966/660/1022 920/663/1022 922/654/1022
f 925/659/1023 955/658/1023 957/664/1023 933/665/1023
f 927/666/1024 929/667/1024 924/668/1024 926/669/1024
f 929/667/1025 952/670/1025 948/671/1025 924/668/1025
f 930/672/1026 928/656/1026 925/659/1026 923/673/1026
f 919/662/1027 921/655/1027 928/656/1027 930/672/1027
f 920/663/1028 954/674/1028 952/670/1028 929/667/1028
f 922/654/1029 920/663/1029 929/667/1029 927/666/1029
f 921/655/1030 922/654/1030 927/666/1030 960/675/1030 962/676/1030 959/657/1030 928/656/1030
f 944/677/1031 943/678/1031 937/679/1031 935/680/1031
f 926/669/1032 924/668/1032 932/681/1032 934/682/1032
f 924/668/1033 948/671/1033 950/683/1033 932/681/1033
f 923/673/1034 925/659/1034 933/665/1034 931/684/1034
f 938/685/1035 936/686/1035 940/687/1035 942/688/1035
f 943/678/1036 945/689/1036 938/685/1036 937/679/1036
f 945/689/1037 946/690/1037 936/686/1037 938/685/1037
f 946/690/1038 944/677/1038 935/680/1038 936/686/1038
f 940/687/1039 939/691/1039 941/692/1039 942/688/1039
f 936/686/1040 935/680/1040 939/691/1040 940/687/1040
f 935/680/1041 937/679/1041 941/692/1041 939/691/1041
f 937/679/1042 938/685/1042 942/688/1042 941/692/1042
f 932/681/1043 950/683/1043 953/693/1043 946/690/1043
f 934/682/1044 932/681/1044 946/690/1044 945/689/1044
f 933/665/1045 957/664/1045 961/694/1045 958/695/1045 934/682/1045 945/689/1045 943/678/1045
f 931/684/1046 933/665/1046 943/678/1046 944/677/1046
f 953/693/1047 950/683/1047 958/695/1047 961/694/1047
f 948/671/1048 952/670/1048 960/675/1048 956/696/1048
f 949/697/1049 947/698/1049 923/673/1049 931/684/1049
f 952/670/1050 954/674/1050 962/676/1050 960/675/1050
f 947/698/1051 949/697/1051 957/664/1051 955/658/1051
f 947/698/1052 951/699/1052 930/672/1052 923/673/1052
f 949/697/1053 953/693/1053 961/694/1053 957/664/1053
f 954/674/1054 919/662/1054 930/672/1054 951/699/1054
f 919/662/1055 954/674/1055 920/663/1055
f 946/690/1056 953/693/1056 944/677/1056
f 944/677/1057 953/693/1057 949/697/1057 931/684/1057
f 950/683/1058 948/671/1058 956/696/1058 958/695/1058
f 954/674/1059 951/699/1059 959/657/1059 962/676/1059
f 951/699/1060 947/698/1060 955/658/1060 959/657/1060
f 958/695/1061 956/696/1061 926/669/1061 934/682/1061
f 956/696/1062 960/675/1062 927/666/1062 926/669/1062
f 903/629/1063 503/628/1063 966/660/1063 963/653/1063
f 912/700/1064 915/648/1064 964/652/1064 965/661/1064
f 503/628/1065 912/700/1065 965/661/1065 966/660/1065
f 915/648/1066 903/629/1066 963/653/1066 964/652/1066
f 903/629/1067 918/651/1067 970/646/1067 968/630/1067
f 918/651/1013 909/650/1013 969/647/1013 970/646/1013
f 906/634/1068 596/406/1068 973/701/1068 972/702/1068
f 912/700/1069 503/628/1069 967/405/1069 971/404/1069
f 989/703/1070 988/704/1070 979/705/1070 978/706/1070
f 968/630/1071 906/634/1071 972/702/1071 975/707/1071
f 596/406/1072 967/405/1072 974/708/1072 973/701/1072
f 967/405/1073 968/630/1073 975/707/1073 974/708/1073
f 1003/709/1074 1002/710/1074 981/711/1074 980/712/1074
f 990/713/1075 989/703/1075 978/706/1075 977/714/1075
f 988/704/1076 991/715/1076 976/716/1076 979/705/1076
f 991/715/1077 990/713/1077 977/714/1077 976/716/1077
f 982/717/1078 983/718/1079 987/719/1080 986/720/1081
f 1005/721/1082 1004/722/1082 983/718/1082 982/717/1082
f 1002/710/1083 1005/721/1083 982/717/1083 981/711/1083
f 1004/722/1084 1003/709/1084 980/712/1084 983/718/1084
f 985/723/1085 986/720/1086 987/719/1087 984/724/1088
f 981/711/1089 982/717/1090 986/720/1091 985/723/1092
f 983/718/1093 980/712/1093 984/724/1093 987/719/1093
f 980/712/1094 981/711/1094 985/723/1094 984/724/1094
f 972/702/1095 973/701/1095 990/713/1095 991/715/1095
f 975/707/1096 972/702/1096 991/715/1096 988/704/1096
f 973/701/1097 974/708/1097 989/703/1097 990/713/1097
f 974/708/1098 975/707/1098 988/704/1098 989/703/1098
f 998/725/1099 993/635/1099 995/638/1099 1000/726/1099
f 1000/726/1012 995/638/1012 994/641/1012 999/727/1012
f 997/728/1100 992/633/1100 1011/729/1100 1013/730/1100
f 913/407/1101 596/406/1101 992/633/1101 996/731/1101
f 1006/401/1102 997/728/1102 998/725/1102 1007/732/1102
f 1009/733/1012 1000/726/1012 999/727/1012 1008/734/1012
f 1007/732/1103 998/725/1103 1000/726/1103 1009/733/1103
f 996/731/1104 992/633/1104 997/728/1104 1001/735/1104
f 979/705/1105 976/716/1105 1003/709/1105 1004/722/1105
f 977/714/1106 978/706/1106 1005/721/1106 1002/710/1106
f 978/706/1107 979/705/1107 1004/722/1107 1005/721/1107
f 976/716/1108 977/714/1108 1002/710/1108 1003/709/1108
f 904/636/1109 1007/732/1109 1009/733/1109 916/643/1109
f 916/643/1012 1009/733/1012 1008/734/1012 907/644/1012
f 904/636/1110 533/402/1110 1036/736/1110 1038/737/1110
f 1001/735/1111 997/728/1111 1006/401/1111 1010/400/1111
f 1032/738/1112 1031/739/1112 1017/740/1112 1018/741/1112
f 992/633/1113 993/635/1113 1012/742/1113 1011/729/1113
f 993/635/1114 998/725/1114 1014/743/1114 1012/742/1114
f 998/725/1115 997/728/1115 1013/730/1115 1014/743/1115
f 1028/744/1116 1027/745/1116 1022/746/1116 1020/747/1116
f 1031/739/1117 1033/748/1117 1015/749/1117 1017/740/1117
f 1034/750/1118 1032/738/1118 1018/741/1118 1016/751/1118
f 1033/748/1119 1034/750/1119 1016/751/1119 1015/749/1119
f 1022/746/1120 1021/752/1120 1025/753/1120 1026/754/1120
f 1029/755/1121 1028/744/1121 1020/747/1121 1019/756/1121
f 1027/745/1122 1030/757/1122 1021/752/1122 1022/746/1122
f 1030/757/1123 1029/755/1123 1019/756/1123 1021/752/1123
f 1025/753/1124 1023/758/1124 1024/759/1124 1026/754/1124
f 1021/752/1125 1019/756/1125 1023/758/1125 1025/753/1125
f 1020/747/1126 1022/746/1126 1026/754/1126 1024/759/1126
f 1019/756/1127 1020/747/1127 1024/759/1127 1023/758/1127
f 1017/740/1128 1015/749/1128 1029/755/1128 1030/757/1128
f 1018/741/1129 1017/740/1129 1030/757/1129 1027/745/1129
f 1015/749/1130 1016/751/1130 1028/744/1130 1029/755/1130
f 1016/751/1131 1018/741/1131 1027/745/1131 1028/744/1131
f 1011/729/1132 1012/742/1132 1034/750/1132 1033/748/1132
f 1012/742/1133 1014/743/1133 1032/738/1133 1034/750/1133
f 1013/730/1134 1011/729/1134 1033/748/1134 1031/739/1134
f 1014/743/1135 1013/730/1135 1031/739/1135 1032/738/1135
f 990/713/1136 989/703/1136 988/704/1136 991/715/1136
f 1038/737/1137 1036/736/1137 1040/760/1137 1042/761/1137
f 533/402/1138 1006/401/1138 1035/762/1138 1036/736/1138
f 1007/732/1139 904/636/1139 1038/737/1139 1037/763/1139
f 1006/401/1140 1007/732/1140 1037/763/1140 1035/762/1140
f 1052/764/1141 1051/765/1141 1045/766/1141 1043/767/1141
f 1036/736/1142 1035/762/1142 1039/768/1142 1040/760/1142
f 1035/762/1143 1037/763/1143 1041/769/1143 1039/768/1143
f 1037/763/1144 1038/737/1144 1042/761/1144 1041/769/1144
f 1046/770/1145 1044/771/1145 1048/772/1145 1050/773/1145
f 1051/765/1146 1053/774/1146 1046/770/1146 1045/766/1146
f 1053/774/1147 1054/775/1147 1044/771/1147 1046/770/1147
f 1054/775/1148 1052/764/1148 1043/767/1148 1044/771/1148
f 1048/772/1149 1047/776/1149 1049/777/1149 1050/773/1149
f 1044/771/1150 1043/767/1150 1047/776/1150 1048/772/1150
f 1043/767/1151 1045/766/1151 1049/777/1151 1047/776/1151
f 1045/766/1152 1046/770/1152 1050/773/1152 1049/777/1152
f 1040/760/1153 1039/768/1153 1052/764/1153 1054/775/1153
f 1042/761/1154 1040/760/1154 1054/775/1154 1053/774/1154
f 1041/769/1155 1042/761/1155 1053/774/1155 1051/765/1155
f 1039/768/1156 1041/769/1156 1051/765/1156 1052/764/1156
f 905/631/1157 1056/637/1157 1058/642/1157 914/632/1157
f 1077/778/1158 1076/779/1158 1060/780/1158 1061/781/1158
f 911/403/1159 533/402/1159 1055/332/1159 1059/331/1159
f 1063/782/1160 1061/781/1160 1065/783/1160 1067/784/1160
f 1078/785/1161 1077/778/1161 1061/781/1161 1063/782/1161
f 1076/779/1162 1079/786/1162 1062/787/1162 1060/780/1162
f 1079/786/1163 1078/785/1163 1063/782/1163 1062/787/1163
f 1081/788/1164 1080/789/1164 1069/790/1164 1071/791/1164
f 1061/781/1165 1060/780/1165 1064/792/1165 1065/783/1165
f 1062/787/1166 1063/782/1166 1067/784/1166 1066/793/1166
f 1060/780/1167 1062/787/1167 1066/793/1167 1064/792/1167
f 1070/794/1168 1071/791/1168 1075/795/1168 1074/796/1168
f 1080/789/1169 1082/797/1169 1068/798/1169 1069/790/1169
f 1083/799/1170 1081/788/1170 1071/791/1170 1070/794/1170
f 1082/797/1171 1083/799/1171 1070/794/1171 1068/798/1171
f 1072/800/1172 1074/796/1172 1075/795/1172 1073/801/1172
f 1068/798/1173 1070/794/1173 1074/796/1173 1072/800/1173
f 1071/791/1174 1069/790/1174 1073/801/1174 1075/795/1174
f 1069/790/1175 1068/798/1175 1072/800/1175 1073/801/1175
f 1055/332/1176 1056/637/1176 1078/785/1176 1079/786/1176
f 536/333/1177 1055/332/1177 1079/786/1177 1076/779/1177
f 1056/637/1178 905/631/1178 1077/778/1178 1078/785/1178
f 905/631/1009 536/333/1008 1076/779/1179 1077/778/1179
f 1064/792/1180 1066/793/1180 1083/799/1180 1082/797/1180
f 1066/793/1181 1067/784/1181 1081/788/1181 1083/799/1181
f 1065/783/1182 1064/792/1182 1082/797/1182 1080/789/1182
f 1067/784/1183 1065/783/1183 1080/789/1183 1081/788/1183
f 1089/802/1184 1088/803/1184 1087/804/1184 1086/805/1184
f 1091/806/1185 1084/807/1185 1085/808/1185 1090/809/1185
f 830/810/1186 831/811/1186 1094/812/1186 1095/813/1186
f 1089/802/1187 1086/805/1187 1084/807/1187 1091/806/1187
f 1087/804/1188 1088/803/1188 1090/809/1188 1085/808/1188
f 1088/803/1189 1089/802/1189 1091/806/1189 1090/809/1189
f 1095/813/1190 1094/812/1190 1098/814/1190 1099/815/1190
f 829/816/1191 830/810/1191 1095/813/1191 1093/817/1191
f 828/818/1192 829/816/1192 1093/817/1192 1092/819/1192
f 831/811/1193 828/818/1193 1092/819/1193 1094/812/1193
f 1098/814/1194 1096/820/1194 1100/821/1194 1102/822/1194
f 1094/812/1195 1092/819/1195 1096/820/1195 1098/814/1195
f 1092/819/1196 1093/817/1196 1097/823/1196 1096/820/1196
f 1093/817/1197 1095/813/1197 1099/815/1197 1097/823/1197
f 1101/824/1198 1103/825/1198 1107/826/1198 1105/827/1198
f 1096/820/1199 1097/823/1199 1101/824/1199 1100/821/1199
f 1097/823/1200 1099/815/1200 1103/825/1200 1101/824/1200
f 1099/815/1201 1098/814/1201 1102/822/1201 1103/825/1201
f 1107/826/1202 1106/828/1202 1104/829/1202 1105/827/1202
f 1103/825/1203 1102/822/1203 1106/828/1203 1107/826/1203
f 1102/822/1204 1100/821/1204 1104/829/1204 1106/828/1204
f 1100/821/1205 1101/824/1205 1105/827/1205 1104/829/1205
f 497/287/1206 545/286/1206 1111/384/1206 1109/393/1206
f 1108/830/1207 1109/393/1207 1114/395/1207
f 499/293/1208 497/287/1208 1109/393/1208 1108/830/1208
f 1108/830/1209 1114/395/1209 1112/306/1209 548/831/1209
f 1114/395/1210 1117/394/1210 1113/307/1210 1112/306/1210
f 1113/307/1211 1117/394/1211 1110/386/1211 539/367/1211
f 539/367/1212 544/268/1212 1113/307/1212
f 534/385/1213 557/390/1213 1127/832/1213 1119/833/1213
f 535/267/1214 548/831/1214 1112/306/1214
f 1111/384/1215 1110/386/1215 1117/394/1215
f 556/368/1216 539/367/1216 1121/834/1216 1126/835/1216
f 546/269/1217 556/368/1217 1126/835/1217 1124/836/1217
f 539/367/1218 1110/386/1218 1129/837/1218 1121/834/1218
f 1108/830/1219 548/831/1219 1125/838/1219 1128/839/1219
f 500/292/1220 499/293/1220 1116/840/1220 1115/841/1220
f 499/293/1221 1108/830/1221 1128/839/1221 1116/840/1221
f 1110/386/1222 534/385/1222 1119/833/1222 1129/837/1222
f 557/390/1223 543/285/1223 1123/842/1223 1127/832/1223
f 502/284/1224 500/292/1224 1115/841/1224 1118/843/1224
f 535/267/1225 540/270/1225 1122/844/1225 1120/845/1225
f 540/270/1226 546/269/1226 1124/836/1226 1122/844/1226
f 548/831/1227 535/267/1227 1120/845/1227 1125/838/1227
f 543/285/1228 502/284/1228 1118/843/1228 1123/842/1228
f 1118/843/1229 1119/833/1229 1127/832/1229 1123/842/1229
f 1115/841/1230 1129/837/1230 1119/833/1230 1118/843/1230
f 1116/840/1231 1128/839/1231 1134/846/1231 1133/847/1231
f 1120/845/1232 1131/848/1232 1128/839/1232 1125/838/1232
f 1130/849/1233 1120/845/1233 1126/835/1233 1121/834/1233
f 1124/836/1234 1126/835/1234 1120/845/1234 1122/844/1234
f 1133/847/1235 1132/850/1235 1115/841/1235
f 1115/841/1236 1132/850/1236 1130/849/1236 1129/837/1236
f 1132/850/1237 1131/848/1237 1120/845/1237 1130/849/1237
f 1134/846/1238 1131/848/1238 1132/850/1238 1133/847/1238
f 1128/839/1239 1131/848/1239 1134/846/1239
f 1115/841/1240 1116/840/1240 1133/847/1240
f 1705/606/1005 1703/606/1005 813/606/1005 814/606/1005
f 1087/804/1241 1085/808/1241 828/818/1241 831/811/1241
f 1085/808/1242 1084/807/1242 829/816/1242 828/818/1242
f 1084/807/1243 1086/805/1243 830/810/1243 829/816/1243
f 1086/805/1244 1087/804/1244 831/811/1244 830/810/1244
f 1661/606/1245 895/606/1246 901/606/1246 1664/606/1245
f 1707/606/1004 1711/606/1004 816/606/1004 819/606/1004
f 1702/606/1247 1704/606/1247 818/606/1247 1136/606/1247
f 1709/606/1247 1707/606/1247 819/606/1247 1137/606/1247
f 1700/606/1248 1705/606/1248 814/606/1248 817/606/1248
f 1711/606/1248 1712/606/1248 815/606/1248 816/606/1248
f 1147/851/1249 1149/852/1249 1142/853/1249 1143/854/1249
f 1146/855/1250 1147/851/1250 1143/854/1250 1144/856/1250
f 1149/852/1251 1148/857/1251 1145/858/1251 1142/853/1251
f 1151/859/1252 1150/860/1252 1148/857/1252 1149/852/1252
f 1153/861/1253 1152/862/1253 1147/851/1253 1146/855/1253
f 1152/862/1254 1151/859/1254 1149/852/1254 1147/851/1254
f 1150/860/1255 1153/861/1255 1146/855/1255 1148/857/1255
f 1148/857/1256 1146/855/1256 1144/856/1256 1145/858/1256
f 1153/861/1012 1150/860/1012 1151/859/1012 1152/862/1012
f 1159/863/1013 1161/864/1013 1154/865/1013 1155/866/1013
f 1158/867/1257 1159/863/1257 1155/866/1257 1156/868/1257
f 1161/864/1258 1160/869/1258 1157/870/1258 1154/865/1258
f 1163/871/1259 1162/872/1259 1160/869/1259 1161/864/1259
f 1165/873/1260 1164/874/1260 1159/863/1260 1158/867/1260
f 1164/874/1013 1163/871/1013 1161/864/1013 1159/863/1013
f 1162/872/1261 1165/873/1261 1158/867/1261 1160/869/1261
f 1160/869/1012 1158/867/1012 1156/868/1012 1157/870/1012
f 1165/873/1262 1162/872/1262 1163/871/1262 1164/874/1262
f 1171/875/1263 1173/876/1263 1166/877/1263 1167/878/1263
f 1170/879/1264 1171/875/1264 1167/878/1264 1168/880/1264
f 1173/876/1265 1172/881/1265 1169/882/1265 1166/877/1265
f 1175/883/1266 1174/884/1266 1172/881/1266 1173/876/1266
f 1177/885/1267 1176/886/1267 1171/875/1267 1170/879/1267
f 1176/886/1254 1175/883/1254 1173/876/1254 1171/875/1254
f 1174/884/1255 1177/885/1255 1170/879/1255 1172/881/1255
f 1172/881/1268 1170/879/1268 1168/880/1268 1169/882/1268
f 1177/885/1269 1174/884/1269 1175/883/1269 1176/886/1269
f 1183/887/1013 1185/888/1013 1178/889/1013 1179/890/1013
f 1182/891/1270 1183/887/1270 1179/890/1270 1180/892/1270
f 1185/888/1271 1184/893/1271 1181/894/1271 1178/889/1271
f 1187/895/1272 1186/896/1272 1184/893/1272 1185/888/1272
f 1189/897/1273 1188/898/1273 1183/887/1273 1182/891/1273
f 1188/898/1013 1187/895/1013 1185/888/1013 1183/887/1013
f 1186/896/1261 1189/897/1261 1182/891/1261 1184/893/1261
f 1184/893/1012 1182/891/1012 1180/892/1012 1181/894/1012
f 1189/897/1262 1186/896/1262 1187/895/1262 1188/898/1262
f 1195/899/1274 1197/900/1274 1190/901/1274 1191/902/1274
f 1194/903/1275 1195/899/1275 1191/902/1275 1192/904/1275
f 1197/900/1276 1196/905/1276 1193/906/1276 1190/901/1276
f 1199/907/1277 1198/908/1277 1196/905/1277 1197/900/1277
f 1201/909/1278 1200/910/1278 1195/899/1278 1194/903/1278
f 1200/910/1279 1199/907/1279 1197/900/1279 1195/899/1279
f 1198/908/1280 1201/909/1280 1194/903/1280 1196/905/1280
f 1196/905/1281 1194/903/1281 1192/904/1281 1193/906/1281
f 1201/909/1012 1198/908/1012 1199/907/1012 1200/910/1012
f 1207/911/1013 1209/912/1013 1202/913/1013 1203/914/1013
f 1206/915/1282 1207/911/1282 1203/914/1282 1204/916/1282
f 1209/912/1283 1208/917/1283 1205/918/1283 1202/913/1283
f 1211/919/1284 1210/920/1284 1208/917/1284 1209/912/1284
f 1213/921/1285 1212/922/1285 1207/911/1285 1206/915/1285
f 1212/922/1013 1211/919/1013 1209/912/1013 1207/911/1013
f 1210/920/1286 1213/921/1286 1206/915/1286 1208/917/1286
f 1208/917/1012 1206/915/1012 1204/916/1012 1205/918/1012
f 1213/921/1287 1210/920/1287 1211/919/1287 1212/922/1287
f 1219/923/1288 1221/924/1288 1214/925/1288 1215/926/1288
f 1218/927/1250 1219/923/1250 1215/926/1250 1216/928/1250
f 1221/924/1251 1220/929/1251 1217/930/1251 1214/925/1251
f 1223/931/1289 1222/932/1289 1220/929/1289 1221/924/1289
f 1225/933/1290 1224/934/1290 1219/923/1290 1218/927/1290
f 1224/934/1254 1223/931/1254 1221/924/1254 1219/923/1254
f 1222/932/1291 1225/933/1291 1218/927/1291 1220/929/1291
f 1220/929/1256 1218/927/1256 1216/928/1256 1217/930/1256
f 1225/933/1012 1222/932/1012 1223/931/1012 1224/934/1012
f 1231/935/1013 1233/936/1013 1226/937/1013 1227/938/1013
f 1230/939/1292 1231/935/1292 1227/938/1292 1228/940/1292
f 1233/936/1293 1232/941/1293 1229/942/1293 1226/937/1293
f 1235/943/1294 1234/944/1294 1232/941/1294 1233/936/1294
f 1237/945/1260 1236/946/1260 1231/935/1260 1230/939/1260
f 1236/946/1013 1235/943/1013 1233/936/1013 1231/935/1013
f 1234/944/1261 1237/945/1261 1230/939/1261 1232/941/1261
f 1232/941/1012 1230/939/1012 1228/940/1012 1229/942/1012
f 1237/945/1262 1234/944/1262 1235/943/1262 1236/946/1262
f 1243/947/1295 1245/948/1295 1238/949/1295 1239/950/1295
f 1242/951/1296 1243/947/1296 1239/950/1296 1240/952/1296
f 1245/948/1297 1244/953/1297 1241/954/1297 1238/949/1297
f 1247/955/1298 1246/956/1298 1244/953/1298 1245/948/1298
f 1249/957/1299 1248/958/1299 1243/947/1299 1242/951/1299
f 1248/958/1300 1247/955/1300 1245/948/1300 1243/947/1300
f 1246/956/1301 1249/957/1301 1242/951/1301 1244/953/1301
f 1244/953/1302 1242/951/1302 1240/952/1302 1241/954/1302
f 1247/955/1303 1248/958/1303 1264/959/1303 1262/960/1303
f 1255/961/1013 1257/962/1013 1250/963/1013 1251/964/1013
f 1254/965/1304 1255/961/1304 1251/964/1304 1252/966/1304
f 1257/962/1305 1256/967/1305 1253/968/1305 1250/963/1305
f 1259/969/1306 1258/970/1306 1256/967/1306 1257/962/1306
f 1261/971/1307 1260/972/1307 1255/961/1307 1254/965/1307
f 1260/972/1013 1259/969/1013 1257/962/1013 1255/961/1013
f 1258/970/1308 1261/971/1308 1254/965/1308 1256/967/1308
f 1256/967/1309 1254/965/1309 1252/966/1309 1253/968/1309
f 1261/971/1310 1258/970/1310 1259/969/1310 1260/972/1310
f 1264/959/1311 1265/973/1311 1269/974/1311 1268/975/1311
f 1248/958/1312 1249/957/1312 1265/973/1312 1264/959/1312
f 1246/956/1313 1247/955/1313 1262/960/1313 1263/976/1313
f 1249/957/1314 1246/956/1314 1263/976/1314 1265/973/1314
f 1269/974/1315 1267/977/1315 1266/978/1315 1268/975/1315
f 1263/976/1316 1262/960/1316 1266/978/1316 1267/977/1316
f 1265/973/1317 1263/976/1317 1267/977/1317 1269/974/1317
f 1262/960/1318 1264/959/1318 1268/975/1318 1266/978/1318
f 1275/979/1319 1277/980/1319 1270/981/1319 1271/982/1319
f 1274/983/1320 1275/979/1320 1271/982/1320 1272/984/1320
f 1277/980/1321 1276/985/1321 1273/986/1321 1270/981/1321
f 1279/987/1322 1278/988/1322 1276/985/1322 1277/980/1322
f 1281/989/1323 1280/990/1323 1275/979/1323 1274/983/1323
f 1280/990/1324 1279/987/1324 1277/980/1324 1275/979/1324
f 1278/988/1325 1281/989/1325 1274/983/1325 1276/985/1325
f 1276/985/1326 1274/983/1326 1272/984/1326 1273/986/1326
f 1281/989/1327 1278/988/1327 1279/987/1327 1280/990/1327
f 1287/991/1013 1289/992/1013 1282/993/1013 1283/994/1013
f 1286/995/1328 1287/991/1328 1283/994/1328 1284/996/1328
f 1289/992/1329 1288/997/1329 1285/998/1329 1282/993/1329
f 1291/999/1330 1290/1000/1330 1288/997/1330 1289/992/1330
f 1293/1001/1285 1292/1002/1285 1287/991/1285 1286/995/1285
f 1292/1002/1013 1291/999/1013 1289/992/1013 1287/991/1013
f 1290/1000/1286 1293/1001/1286 1286/995/1286 1288/997/1286
f 1288/997/1012 1286/995/1012 1284/996/1012 1285/998/1012
f 1293/1001/1287 1290/1000/1287 1291/999/1287 1292/1002/1287
f 1299/1003/1331 1301/1004/1331 1294/1005/1331 1295/1006/1331
f 1298/1007/1332 1299/1003/1332 1295/1006/1332 1296/1008/1332
f 1301/1004/1333 1300/1009/1333 1297/1010/1333 1294/1005/1333
f 1303/1011/1334 1302/1012/1334 1300/1009/1334 1301/1004/1334
f 1305/1013/1335 1304/1014/1335 1299/1003/1335 1298/1007/1335
f 1304/1014/1336 1303/1011/1336 1301/1004/1336 1299/1003/1336
f 1302/1012/1337 1305/1013/1337 1298/1007/1337 1300/1009/1337
f 1300/1009/1338 1298/1007/1338 1296/1008/1338 1297/1010/1338
f 1305/1013/1339 1302/1012/1339 1303/1011/1339 1304/1014/1339
f 1311/1015/1013 1313/1016/1013 1306/1017/1013 1307/1018/1013
f 1310/1019/1340 1311/1015/1340 1307/1018/1340 1308/1020/1340
f 1313/1016/1341 1312/1021/1341 1309/1022/1341 1306/1017/1341
f 1315/1023/1342 1314/1024/1342 1312/1021/1342 1313/1016/1342
f 1317/1025/1343 1316/1026/1343 1311/1015/1343 1310/1019/1343
f 1316/1026/1013 1315/1023/1013 1313/1016/1013 1311/1015/1013
f 1314/1024/1344 1317/1025/1344 1310/1019/1344 1312/1021/1344
f 1312/1021/1012 1310/1019/1012 1308/1020/1012 1309/1022/1012
f 1317/1025/1345 1314/1024/1345 1315/1023/1345 1316/1026/1345
f 1334/617/1346 1333/613/1346 1319/612/1346 1321/618/1346
f 840/625/1347 841/1027/1347 1318/1028/1347 1320/626/1347
f 837/608/1348 836/611/1348 827/609/1348
f 1319/612/1349 836/611/1349 837/608/1349 1321/618/1349
f 1320/626/1350 1318/1028/1350 1330/1029/1350 1331/627/1350
f 839/1027/1351 840/625/1351 1329/624/1351 1328/1030/1351
f 1332/616/1352 1329/624/1352 1331/627/1352 1334/617/1352
f 842/1031/934 843/1032/933 1326/620/1353 1325/1033/1353
f 845/1034/1354 839/1027/1354 1328/1030/1354 1324/621/1354
f 844/1032/1355 845/1034/1355 1324/621/1355 1323/620/1355
f 841/1027/1356 842/1031/1356 1325/1033/1356 1327/1030/1356
f 841/1027/1357 1327/1030/1357 1330/1029/1357 1318/1028/1357
f 1331/627/1358 1330/1029/1358 1333/613/1358 1334/617/1358
f 1328/1030/1359 1329/624/1359 1332/616/1359 1336/622/1359
f 1325/1033/1360 1326/620/1360 833/623/1360 1335/619/1360
f 1324/621/1361 1328/1030/1361 1336/622/1361
f 1327/1030/1362 1325/1033/1362 1335/619/1362 1322/610/1362
f 1327/1030/1363 1322/610/1363 1333/613/1363 1330/1029/1363
f 1337/1035/1364 1338/1036/1364 1339/1037/1364 1340/1038/1364
f 1338/1036/1365 1337/1035/1365 1341/1039/1365 1342/1040/1365
f 1389/1041/1366 1390/1042/1366 1343/1043/1366 1344/1044/1366
f 1342/1040/1367 1341/1039/1367 1345/1045/1367 1346/1046/1367
f 1346/1046/1368 1345/1045/1368 1347/1047/1368 1348/1048/1368
f 1348/1048/1369 1347/1047/1369 1349/544/1369 1350/540/1369
f 1383/1049/1013 1384/537/1013 1351/1050/1013 1352/1051/1013
f 1389/1041/1370 1344/1044/1370 1356/1052/1370 1391/1053/1370
f 1341/1039/1371 1337/1035/1371 1353/1054/1371 1355/1055/1371
f 1347/1047/1372 1345/1045/1372 1357/1056/1372 1358/1057/1372
f 1337/1035/1373 1340/1038/1373 1354/1058/1373 1353/1054/1373
f 1349/544/1374 1347/1047/1374 1358/1057/1374 1359/208/1374
f 1345/1045/1375 1341/1039/1375 1355/1055/1375 1357/1056/1375
f 1348/1048/1376 1350/540/1376 1366/543/1376 1365/1059/1376
f 1339/1037/1377 1338/1036/1377 1360/1060/1377 1361/1061/1377
f 1342/1040/1378 1346/1046/1378 1364/1062/1378 1362/1063/1378
f 1383/1049/1013 1352/1051/1013 1367/1064/1013 1385/204/1013
f 1390/1042/1379 1339/1037/1379 1361/1061/1379 1392/1065/1379
f 1338/1036/1380 1342/1040/1380 1362/1063/1380 1360/1060/1380
f 1346/1046/1381 1348/1048/1381 1365/1059/1381 1364/1062/1381
f 1364/1062/1382 1365/1059/1382 1380/1066/1382 1379/1067/1382
f 1357/1056/1383 1355/1055/1383 1370/1068/1383 1372/1069/1383
f 1365/1059/1384 1366/543/1384 1381/1070/1384 1380/1066/1384
f 1358/1057/1385 1357/1056/1385 1372/1069/1385 1373/1071/1385
f 1359/208/1386 1358/1057/1386 1373/1071/1386 1374/209/1386
f 1361/1061/1387 1360/1060/1387 1375/1072/1387 1376/1073/1387
f 1360/1060/1388 1362/1063/1388 1377/1074/1388 1375/1072/1388
f 1353/1054/1389 1354/1058/1389 1369/1075/1389 1368/1076/1389
f 1392/1065/1390 1361/1061/1390 1376/1073/1390 1394/1077/1390
f 1355/1055/1391 1353/1054/1391 1368/1076/1391 1370/1068/1391
f 1362/1063/1392 1364/1062/1392 1379/1067/1392 1377/1074/1392
f 1391/1053/1393 1356/1052/1393 1371/1078/1393 1393/1079/1393
f 1369/1075/1394 1376/1073/1394 1375/1072/1394 1368/1076/1394
f 1393/1079/1395 1394/1077/1395 1376/1073/1395 1369/1075/1395
f 1378/1080/1396 1371/1078/1396 1356/1052/1396 1363/1081/1396
f 1344/1044/1397 1343/1043/1397 1363/1081/1397 1356/1052/1397
f 686/538/1398 1349/544/1398 1359/208/1398 685/539/1398
f 481/207/1399 477/215/1399 1401/214/1399 1385/204/1399
f 1368/1076/1400 1375/1072/1400 1377/1074/1400 1370/1068/1400
f 1370/1068/1401 1377/1074/1401 1379/1067/1401 1372/1069/1401
f 1372/1069/1402 1379/1067/1402 1380/1066/1402 1373/1071/1402
f 1373/1071/1403 1380/1066/1403 1381/1070/1403 1374/209/1403
f 485/1082/1404 478/212/1404 1374/209/1404 1381/1070/1404
f 481/207/1405 482/206/1405 1388/1083/1405 1386/1084/1405
f 1387/205/1012 1385/204/1012 1367/1064/1012 1382/1085/1012
f 1351/1050/1012 1384/537/1012 1387/205/1012 1382/1085/1012
f 1366/543/1406 1397/536/1406 1400/221/1406 1381/1070/1406
f 688/541/1407 1383/1049/1407 1385/204/1407 687/542/1407
f 688/541/1408 686/538/1408 1384/537/1408 1383/1049/1408
f 1371/1078/1409 1378/1080/1409 1394/1077/1409 1393/1079/1409
f 1354/1058/1410 1391/1053/1410 1393/1079/1410 1369/1075/1410
f 1363/1081/1411 1392/1065/1411 1394/1077/1411 1378/1080/1411
f 1343/1043/1412 1390/1042/1412 1392/1065/1412 1363/1081/1412
f 1340/1038/1413 1389/1041/1413 1391/1053/1413 1354/1058/1413
f 1340/1038/1414 1339/1037/1414 1390/1042/1414 1389/1041/1414
f 1386/1084/1415 1399/218/1415 477/215/1415 481/207/1415
f 484/219/1416 1388/1083/1416 482/206/1416 479/216/1416
f 689/222/1417 687/542/1417 1385/204/1417 1401/214/1417
f 485/1082/1418 1396/220/1418 1399/218/1418 1386/1084/1418
f 685/539/1419 684/223/1419 480/217/1419 1387/205/1419
f 479/216/1420 482/206/1420 1387/205/1420 480/217/1420
f 1400/221/1421 1397/536/1421 1398/211/1421 483/210/1421
f 1381/1070/1422 1400/221/1422 1396/220/1422 485/1082/1422
f 1386/1084/1423 1388/1083/1423 478/212/1423 485/1082/1423
f 1399/218/1424 1396/220/1424 1395/213/1424 484/219/1424
f 1388/1083/1425 484/219/1425 1395/213/1425 478/212/1425
f 1432/1086/1426 1433/1087/1426 1403/1088/1426 1407/1089/1426
f 1433/1087/1427 1434/1090/1427 1402/1091/1427 1403/1088/1427
f 1435/1092/1428 1436/1093/1428 1406/1094/1428 1405/1095/1428
f 1437/1096/1429 1435/1092/1429 1405/1095/1429 1404/1097/1429
f 1434/1090/1430 1437/1096/1430 1404/1097/1430 1402/1091/1430
f 1436/1093/1431 1432/1086/1431 1407/1089/1431 1406/1094/1431
f 1418/1098/1432 1419/1099/1432 1410/1100/1432 1408/1101/1432
f 1427/1102/1433 1426/1103/1433 1415/1104/1433 1414/1105/1433
f 1421/1106/1434 1422/1107/1434 1412/1108/1434 1411/1109/1434
f 1419/1099/1435 1421/1106/1435 1411/1109/1435 1410/1100/1435
f 1422/1107/1436 1423/1110/1436 1413/1111/1436 1412/1108/1436
f 1423/1110/1437 1420/1112/1437 1409/1113/1437 1413/1111/1437
f 1425/1114/1438 1424/1115/1439 1417/1116/1440 1416/1117/1440
f 1431/1118/1441 1427/1102/1441 1414/1105/1441 1425/1114/1441
f 1430/1119/1442 1429/1120/1442 1417/1116/1442 1424/1115/1442
f 1429/1120/1443 1428/1121/1443 1416/1117/1443 1417/1116/1443
f 1426/1103/1444 1430/1119/1444 1424/1115/1444 1415/1104/1444
f 1428/1121/1445 1431/1118/1445 1425/1114/1445 1416/1117/1445
f 1414/1105/1446 1415/1104/1446 1424/1115/1439 1425/1114/1438
f 1407/1089/1447 1403/1088/1447 1420/1112/1447 1423/1110/1447
f 1406/1094/1448 1407/1089/1448 1423/1110/1448 1422/1107/1448
f 1404/1097/1449 1405/1095/1449 1421/1106/1449 1419/1099/1449
f 1405/1095/1450 1406/1094/1450 1422/1107/1450 1421/1106/1450
f 1402/1091/1451 1404/1097/1451 1419/1099/1451 1418/1098/1451
f 1409/1113/1452 1420/1112/1452 1431/1118/1452 1428/1121/1452
f 1402/1091/1453 1418/1098/1453 1430/1119/1453 1426/1103/1453
f 1408/1101/1454 1409/1113/1454 1428/1121/1454 1429/1120/1454
f 1418/1098/1455 1408/1101/1455 1429/1120/1455 1430/1119/1455
f 1420/1112/1456 1403/1088/1456 1427/1102/1456 1431/1118/1456
f 1403/1088/1457 1402/1091/1457 1426/1103/1457 1427/1102/1457
f 1409/1113/1458 1408/1101/1458 1410/1100/1458 1413/1111/1458
f 1411/1109/1459 1412/1108/1459 1413/1111/1459 1410/1100/1459
f 632/467/1460 633/498/1460 1432/1086/1460 1436/1093/1460
f 628/531/1461 630/530/1461 1437/1096/1461 1434/1090/1461
f 630/530/1462 631/468/1462 1435/1092/1462 1437/1096/1462
f 631/468/1463 632/467/1463 1436/1093/1463 1435/1092/1463
f 629/501/1464 628/531/1464 1434/1090/1464 1433/1087/1464
f 633/498/1465 629/501/1465 1433/1087/1465 1432/1086/1465
f 682/464/1466 1439/463/1466 681/456/1466 641/455/1466
f 1439/463/1467 1438/462/1467 639/499/1467 638/466/1467
f 1439/463/1468 638/466/1468 637/465/1468 681/456/1468
f 645/396/1469 1440/1122/1469 1441/1123/1469 643/397/1469
f 683/461/1470 1440/1122/1470 644/488/1470
f 641/455/1471 1441/1123/1471 682/464/1471
f 530/302/1472 578/305/1472 576/308/1472 532/311/1472
f 1441/1123/1473 641/455/1473 643/397/1473
f 1441/1123/1474 1440/1122/1474 683/461/1474 682/464/1474
f 644/488/1475 1440/1122/1475 645/396/1475
f 532/311/1476 531/310/1476 1446/338/1476 1447/342/1476
f 1503/1124/1477 1501/1125/1477 1451/289/1477 1450/288/1477
f 525/351/1478 528/350/1478 1444/347/1478 1443/339/1478
f 530/302/1479 532/311/1479 1447/342/1479 1442/317/1479
f 531/310/1480 525/351/1480 1443/339/1480 1446/338/1480
f 529/303/1481 530/302/1481 1442/317/1481 1445/316/1481
f 526/352/1482 576/308/1482 578/305/1482 527/353/1482
f 576/308/1483 526/352/1483 577/309/1483
f 579/304/1484 527/353/1484 578/305/1484
f 518/336/1485 519/379/1485 514/301/1485 517/337/1485
f 515/300/1486 516/355/1486 517/337/1486 514/301/1486
f 529/303/1487 528/350/1487 527/353/1487 579/304/1487
f 1502/297/1488 1503/1124/1488 1450/288/1488 1449/291/1488
f 1501/1125/1489 1504/296/1489 1448/290/1489 1451/289/1489
f 1445/316/1490 1444/347/1490 1455/1126/1490 1452/1127/1490
f 528/350/1491 529/303/1491 1453/1128/1491 1454/1129/1491
f 529/303/1492 1445/316/1492 1452/1127/1492 1453/1128/1492
f 1444/347/1493 528/350/1493 1454/1129/1493 1455/1126/1493
f 1462/1130/1494 1461/1131/1494 1459/1132/1494 1456/1133/1494
f 1463/1134/1495 1460/1135/1495 1458/1136/1495 1457/1137/1495
f 1460/1135/1496 1462/1130/1496 1456/1133/1497 1458/1136/1498
f 1461/1131/1499 1463/1134/1499 1457/1137/1499 1459/1132/1499
f 1455/1126/1500 1454/1129/1500 1463/1134/1500 1461/1131/1500
f 1453/1128/1501 1452/1127/1501 1462/1130/1501 1460/1135/1501
f 1454/1129/1502 1453/1128/1502 1460/1135/1502 1463/1134/1502
f 1452/1127/1503 1455/1126/1503 1461/1131/1503 1462/1130/1503
f 1456/1133/1504 1459/1132/1504 1467/1138/1504 1464/1139/1504
f 1457/1137/1505 1458/1136/1505 1466/1140/1505 1465/1141/1505
f 1458/1136/1498 1456/1133/1497 1464/1139/1506 1466/1140/1506
f 1459/1132/1507 1457/1137/1507 1465/1141/1507 1467/1138/1507
f 577/309/1508 526/352/1508 525/351/1508 531/310/1508
f 1516/225/1509 1519/391/1509 1471/283/1509 1470/226/1509
f 1517/392/1510 1518/224/1510 1469/227/1510 1468/282/1510
f 653/572/1511 1483/535/1511 1480/378/1511 498/247/1511
f 541/364/1512 1477/603/1512 1481/502/1512 538/365/1512
f 765/416/1513 1522/415/1513 1520/1142/1513 585/1143/1513
f 554/374/1514 1478/373/1514 1483/535/1514 653/572/1514
f 589/1144/1515 1534/1145/1515 1529/1146/1515 1487/1147/1515
f 651/605/1516 589/1144/1516 1476/532/1516 1479/377/1516
f 808/523/1517 1472/510/1517 1482/503/1517 648/382/1517
f 538/365/1518 1481/502/1518 1482/503/1518 647/512/1518
f 584/574/1519 587/249/1519 1511/1148/1519 1512/1149/1519
f 811/573/1520 1473/412/1520 642/414/1520 558/360/1520
f 651/605/1521 1479/377/1521 1480/378/1521 590/357/1521
f 651/605/1522 586/312/1522 1485/315/1522 1486/1150/1522
f 1493/363/1523 537/534/1523 1478/373/1523 1498/372/1523
f 1485/315/1524 1531/314/1524 1535/1151/1524 1486/1150/1524
f 1484/1152/1525 1523/1153/1526 1526/1154/1527 1487/1147/1525
f 585/1143/1528 1520/1142/1529 1523/1153/1530 1484/1152/1528
f 1475/1155/1531 1476/532/1531 1488/1156/1531 1489/1157/1531
f 1476/532/1532 1526/1154/1532 1525/1158/1532 1488/1156/1532
f 541/364/1533 1493/363/1533 1498/372/1533 1477/603/1533
f 501/361/1534 1494/366/1534 1497/526/1534 646/362/1534
f 807/511/1535 1492/524/1535 1497/526/1535 647/512/1535
f 809/533/1536 1496/522/1536 1495/381/1536 649/514/1536
f 542/604/1537 1490/375/1537 1491/380/1537 559/383/1537
f 550/410/1538 649/514/1538 1495/381/1538 1491/380/1538
f 1477/603/1539 1498/372/1539 1490/375/1539 542/604/1539
f 537/534/1540 1493/363/1540 1494/366/1540 501/361/1540
f 1472/510/1541 808/523/1541 1496/522/1541 1499/1159/1541
f 1499/1159/1542 1496/522/1542 809/533/1542 1500/1160/1542
f 1473/412/1543 811/573/1543 812/525/1543 1500/1160/1543
f 810/413/1544 1473/412/1544 1500/1160/1544 809/533/1544
f 1492/524/1545 1499/1159/1545 1500/1160/1545 812/525/1545
f 807/511/1546 1472/510/1546 1499/1159/1546 1492/524/1546
f 1507/1161/1547 1506/1162/1547 1504/296/1547 1501/1125/1547
f 1508/1163/1548 1505/1164/1548 1503/1124/1548 1502/297/1548
f 1505/1164/1549 1507/1161/1549 1501/1125/1549 1503/1124/1549
f 1506/1162/1550 1508/1163/1550 1502/297/1550 1504/296/1550
f 1467/1138/1551 1465/1141/1551 1508/1163/1551 1506/1162/1551
f 1466/1140/1552 1464/1139/1552 1507/1161/1552 1505/1164/1552
f 1465/1141/1553 1466/1140/1553 1505/1164/1553 1508/1163/1553
f 1464/1139/1554 1467/1138/1554 1506/1162/1554 1507/1161/1554
f 1512/1149/1555 1511/1148/1555 1510/1165/1555 1513/1166/1555
f 581/409/1556 642/414/1556 654/513/1556 582/250/1556
f 1474/529/1557 1515/528/1557 1514/1167/1557 1509/1168/1557
f 588/527/1558 584/574/1558 1512/1149/1558 1515/528/1558
f 1515/528/1559 1512/1149/1559 1513/1166/1559 1514/1167/1559
f 587/249/1560 650/248/1560 1474/529/1560 1511/1148/1560
f 1511/1148/1561 1474/529/1561 1509/1168/1561 1510/1165/1561
f 1513/1166/1562 1510/1165/1562 1518/224/1562 1517/392/1562
f 1509/1168/1563 1514/1167/1563 1519/391/1563 1516/225/1563
f 1514/1167/1564 1513/1166/1564 1517/392/1564 1519/391/1564
f 1510/1165/1565 1509/1168/1565 1516/225/1565 1518/224/1565
f 1534/1145/1515 589/1144/1515 1535/1151/1515
f 1520/376/1566 1522/376/1566 1521/376/1566
f 1521/1169/1567 1522/415/1567 806/408/1567 1475/1155/1567
f 1526/376/1527 1523/376/1526 1524/376/1568 1525/376/1568
f 1525/1158/1568 1524/1170/1568 1489/1157/1569 1488/1156/1569
f 1523/376/1530 1520/376/1529 1521/376/1570 1524/376/1571
f 1524/1170/1571 1521/1169/1570 1475/1155/1572 1489/1157/1572
f 1528/376/1573 765/376/1573 585/376/1573
f 1527/376/1574 1528/376/1574 585/376/1574 1484/376/1574
f 1529/376/1575 1527/376/1575 1484/376/1575 1487/376/1575
f 1533/376/1576 1536/376/1576 1532/376/1576
f 1532/1171/1577 1536/411/1577 765/416/1577 1528/1172/1577
f 1531/376/1578 1533/376/1578 1532/376/1578 1530/376/1578
f 1530/1173/1579 1532/1171/1579 1528/1172/1579 1527/1174/1579
f 1535/376/1580 1531/376/1580 1530/376/1580 1534/376/1580
f 1534/1145/1581 1530/1173/1581 1527/1174/1581 1529/1146/1581
f 1535/1151/1582 589/1144/1582 651/605/1582 1486/1150/1582
f 1526/1154/1583 1476/532/1583 589/1144/1583 1487/1147/1583
f 1537/1175/1584 1540/1176/1584 1539/1177/1584 1538/1178/1584
f 1546/1179/1585 1547/1180/1585 1548/1181/1585 1549/1182/1585
f 1540/1176/1586 1537/1175/1586 1544/1183/1586 1541/1184/1586
f 1544/1183/1587 1543/1185/1587 1542/1186/1587 1541/1184/1587
f 1549/1182/1588 1550/1187/1588 1545/1188/1588 1546/1179/1588
f 1545/1188/1589 1550/1187/1589 1551/1189/1589 1552/1190/1589
f 1543/1185/1590 1544/1183/1590 1545/1188/1590 1552/1190/1590
f 1541/1184/1591 1542/1186/1591 1551/1189/1591 1550/1187/1591
f 1539/1177/1592 1540/1176/1592 1549/1182/1592 1548/1181/1592
f 1537/1175/1593 1538/1178/1593 1547/1180/1593 1546/1179/1593
f 1542/1186/1594 1543/1185/1594 1552/1190/1594 1551/1189/1594
f 1540/1176/1595 1541/1184/1595 1550/1187/1595 1549/1182/1595
f 1538/1178/1596 1539/1177/1596 1548/1181/1596 1547/1180/1596
f 1544/1183/1597 1537/1175/1597 1546/1179/1597 1545/1188/1597
f 618/1191/1598 619/1192/1598 609/1193/1598 617/1194/1598
f 617/1194/1599 609/1193/1599 611/1195/1599 612/1196/1599
f 610/1197/1600 612/1196/1600 611/1195/1600
f 611/1195/1601 609/1193/1601 1559/454/1601 1556/448/1601
f 617/1194/1602 612/1196/1602 1555/450/1602 1554/438/1602
f 609/1193/1603 619/1192/1603 1553/434/1603 1559/454/1603
f 612/1196/1604 610/1197/1604 1558/447/1604 1555/450/1604
f 610/1197/1605 611/1195/1605 1556/448/1605 1558/447/1605
f 618/1191/1606 617/1194/1606 1554/438/1606 1557/435/1606
f 619/1192/1607 618/1191/1607 1557/435/1607 1553/434/1607
f 616/443/1608 615/452/1608 621/445/1608 620/444/1608
f 615/452/1609 623/437/1609 622/446/1609 621/445/1609
f 624/436/1610 622/446/1610 623/437/1610
f 662/322/1611 663/326/1611 660/519/1611 661/520/1611
f 665/504/1612 659/388/1612 660/519/1612 663/326/1612
f 659/388/1613 665/504/1613 664/389/1613
f 674/508/1614 673/507/1614 672/509/1614 675/1198/1614
f 675/1198/1615 672/509/1615 671/371/1615 677/370/1615
f 1584/1199/1616 1585/1200/1616 1560/1201/1616 1563/1202/1616
f 1567/1203/1617 1565/1204/1617 1569/1205/1617 1571/1206/1617
f 1561/1207/1618 1562/1208/1618 1565/1204/1618 1567/1203/1618
f 1584/1199/1619 1563/1202/1619 1564/1209/1619 1586/1210/1619
f 1563/1202/1620 1560/1201/1620 1566/1211/1620 1564/1209/1620
f 1585/1200/1621 1561/1207/1621 1567/1203/1621 1587/1212/1621
f 1607/1213/1622 1602/1214/1622 1574/1215/1622 1572/1216/1622
f 1586/1210/1623 1564/1209/1623 1568/1217/1623 1588/1218/1623
f 1564/1209/1624 1566/1211/1624 1570/1219/1624 1568/1217/1624
f 1587/1212/1625 1567/1203/1625 1571/1206/1625 1589/1220/1625
f 1590/1221/1626 1572/1216/1626 1574/1215/1626 1591/1222/1626
f 1606/1223/1627 1603/1224/1628 1575/1225/1628 1591/1222/1629
f 1603/1224/1630 1604/1226/1630 1573/1227/1630 1575/1225/1630
f 1605/1228/1631 1607/1213/1631 1572/1216/1631 1590/1221/1631
f 1588/1218/1632 1568/1217/1632 1579/1229/1632 1592/1230/1632
f 1592/1230/1633 1579/1229/1633 1578/1231/1633 1593/1232/1633
f 1571/1206/1634 1569/1205/1634 1582/1233/1634 1580/1234/1634
f 1580/1234/1635 1582/1233/1635 1583/1235/1635 1581/1236/1635
f 1589/1220/1636 1571/1206/1636 1580/1234/1636 1594/1237/1636
f 1594/1237/1637 1580/1234/1637 1581/1236/1637 1595/1238/1637
f 1568/1217/1638 1570/1219/1638 1576/1239/1638 1579/1229/1638
f 1579/1229/1639 1576/1239/1639 1577/1240/1639 1578/1231/1639
f 1576/1239/1640 1594/1237/1640 1595/1238/1640 1577/1240/1640
f 1570/1219/1641 1589/1220/1641 1594/1237/1641 1576/1239/1641
f 1582/1233/1642 1592/1230/1642 1593/1232/1642 1583/1235/1642
f 1569/1205/1643 1588/1218/1643 1592/1230/1643 1582/1233/1643
f 1604/1226/1644 1605/1228/1644 1590/1221/1644 1573/1227/1644
f 1602/1214/1645 1606/1223/1627 1591/1222/1629 1574/1215/1645
f 1573/1227/1646 1590/1221/1646 1591/1222/1646 1575/1225/1646
f 1566/1211/1647 1587/1212/1647 1589/1220/1647 1570/1219/1647
f 1565/1204/1648 1586/1210/1648 1588/1218/1648 1569/1205/1648
f 1560/1201/1649 1585/1200/1649 1587/1212/1649 1566/1211/1649
f 1562/1208/1650 1584/1199/1650 1586/1210/1650 1565/1204/1650
f 1562/1208/1651 1561/1207/1651 1585/1200/1651 1584/1199/1651
f 1577/1240/1652 1595/1238/1652 1601/1241/1652 1596/1242/1652
f 1583/1235/1653 1593/1232/1653 1600/1243/1653 1598/1244/1653
f 1593/1232/1654 1578/1231/1654 1599/1245/1654 1600/1243/1654
f 1581/1236/1655 1583/1235/1655 1598/1244/1655 1597/1246/1655
f 1595/1238/1656 1581/1236/1656 1597/1246/1656 1601/1241/1656
f 1578/1231/1657 1577/1240/1657 1596/1242/1657 1599/1245/1657
f 1596/1242/1658 1601/1241/1658 1606/1223/1658 1602/1214/1658
f 1598/1244/1659 1600/1243/1659 1605/1228/1659 1604/1226/1659
f 1600/1243/1660 1599/1245/1660 1607/1213/1660 1605/1228/1660
f 1597/1246/1661 1598/1244/1661 1604/1226/1661 1603/1224/1661
f 1601/1241/1662 1597/1246/1662 1603/1224/1662 1606/1223/1662
f 1599/1245/1663 1596/1242/1663 1602/1214/1663 1607/1213/1663
f 1608/516/1664 1609/521/1664 674/508/1664 675/1198/1664
f 676/517/1665 1608/516/1665 675/1198/1665 677/370/1665
f 1609/521/1666 656/505/1666 674/508/1666
f 1627/1247/1667 1610/1248/1667 1611/1249/1667 1626/1250/1667
f 1628/1251/1668 1612/1252/1669 1610/1248/1670 1627/1247/1670
f 1629/1253/1671 1613/1254/1672 1612/1252/1673 1628/1251/1673
f 1626/1250/1674 1611/1249/1674 1613/1254/1674 1629/1253/1674
f 1635/1255/1675 1614/1255/1676 1615/1255/1677 1634/1255/1677
f 1636/1255/1678 1616/1255/1679 1614/1255/1680 1635/1255/1680
f 1637/1255/1681 1617/1255/1681 1616/1255/1681 1636/1255/1681
f 1634/1255/1682 1615/1255/1682 1617/1255/1682 1637/1255/1682
f 1643/1255/1683 1618/1255/1684 1619/1255/1685 1642/1255/1685
f 1644/1255/1686 1620/1255/1686 1618/1255/1686 1643/1255/1686
f 1645/1255/1687 1621/1255/1687 1620/1255/1687 1644/1255/1687
f 1642/1255/1688 1619/1255/1689 1621/1255/1690 1645/1255/1690
f 1651/1256/1691 1622/1256/1691 1623/1256/1691 1650/1256/1691
f 1652/1256/1692 1624/1256/1692 1622/1256/1692 1651/1256/1692
f 1653/1256/1693 1625/1256/1693 1624/1256/1693 1652/1256/1693
f 1650/1256/1694 1623/1256/1694 1625/1256/1694 1653/1256/1694
f 493/558/1695 492/559/1695 489/571/1695 494/557/1695
f 495/556/1696 494/557/1696 489/571/1696 491/560/1696
f 496/555/1697 495/556/1697 491/560/1697
f 770/1257/1698 1626/1258/1698 1629/1259/1698 739/575/1699
f 739/575/1700 1629/1259/1701 1628/1260/1702 738/576/1703
f 738/576/1704 1628/1260/1705 1627/1261/1706 771/1262/1706
f 771/1262/1707 1627/1261/1707 1626/1258/1707 770/1257/1707
f 1610/1248/1708 1630/1263/1708 1633/1264/1708 1611/1249/1708
f 1612/1252/1709 1631/1265/1710 1630/1263/1711 1610/1248/1711
f 1613/1254/1712 1632/1266/1713 1631/1265/1714 1612/1252/1714
f 1611/1249/1715 1633/1264/1715 1632/1266/1715 1613/1254/1715
f 782/1267/1716 1634/1268/1716 1637/1269/1716 730/563/1716
f 730/563/1717 1637/1269/1717 1636/1270/1717 729/585/1718
f 729/585/1719 1636/1270/1720 1635/1271/1721 783/1272/1721
f 783/1272/1722 1635/1271/1723 1634/1268/1724 782/1267/1724
f 1614/1255/1725 1638/1255/1726 1641/1255/1727 1615/1255/1727
f 1616/1255/1728 1639/1255/1729 1638/1255/1730 1614/1255/1730
f 1617/1255/1731 1640/1255/1731 1639/1255/1731 1616/1255/1731
f 1615/1255/1732 1641/1255/1732 1640/1255/1732 1617/1255/1732
f 733/590/1733 1642/1273/1734 1645/1274/1735 788/1275/1735
f 788/1275/1736 1645/1274/1736 1644/1276/1736 789/1277/1736
f 789/1277/1737 1644/1276/1737 1643/1278/1737 732/594/1738
f 732/594/1739 1643/1278/1740 1642/1273/1741 733/590/1742
f 1618/1255/1743 1646/1255/1744 1649/1255/1745 1619/1255/1745
f 1620/1255/1746 1647/1255/1746 1646/1255/1746 1618/1255/1746
f 1621/1255/1747 1648/1255/1747 1647/1255/1747 1620/1255/1747
f 1619/1255/1748 1649/1255/1749 1648/1255/1750 1621/1255/1750
f 797/1279/1751 1650/1280/1751 1653/1281/1751 796/1282/1751
f 796/1282/1752 1653/1281/1752 1652/1283/1752 743/600/1752
f 743/600/1753 1652/1283/1753 1651/1284/1753 741/601/1753
f 741/601/1754 1651/1284/1754 1650/1280/1754 797/1279/1754
f 1622/1256/1755 1654/1256/1755 1657/1256/1755 1623/1256/1755
f 1624/1256/1756 1655/1256/1756 1654/1256/1756 1622/1256/1756
f 1625/1256/1757 1656/1256/1757 1655/1256/1757 1624/1256/1757
f 1623/1256/1758 1657/1256/1758 1656/1256/1758 1625/1256/1758
f 822/1285/1245 1661/1286/1245 1664/1287/1245 821/1288/1245
f 823/1289/916 1660/1290/916 1659/1291/916 824/1292/916
f 824/1292/915 1659/1291/915 1658/1293/915 825/1285/915
f 825/1285/912 1658/1293/912 1662/1294/912 826/1295/912
f 821/1288/911 1664/1287/911 1663/1296/911 820/1289/911
f 826/1295/908 1662/1294/908 1661/1286/908 822/1285/908
f 895/1297/910 896/1298/909 1671/1299/1002 1670/1300/1002
f 896/1298/914 897/1297/913 1669/1300/1001 1671/1299/1001
f 898/1301/1000 899/1302/1000 1668/1303/1000 1667/1304/1000
f 901/1305/999 895/1297/999 1670/1300/999 1666/1306/999
f 900/1302/997 901/1305/997 1666/1306/997 1665/1307/997
f 897/1297/996 898/1301/996 1667/1304/996 1669/1300/996
f 891/1308/995 890/1309/995 1678/1310/995 1677/1311/995
f 893/1312/992 892/1313/992 1676/1314/992 1675/1315/992
f 894/1313/989 893/1312/989 1675/1315/989 1674/1316/989
f 892/1313/1759 891/1308/1759 1677/1311/986 1676/1314/986
f 889/1309/985 888/1317/985 1673/1318/985 1672/1310/985
f 888/1317/984 894/1313/984 1674/1316/984 1673/1318/984
f 887/1319/983 881/1320/983 1685/1321/983 1684/1322/983
f 886/1323/982 887/1319/982 1684/1322/982 1683/1324/982
f 883/1320/988 884/1325/987 1682/1326/981 1681/1327/981
f 881/1320/991 882/1328/990 1680/1329/980 1685/1321/980
f 882/1328/994 883/1320/993 1681/1327/979 1680/1329/979
f 884/1325/978 885/1323/978 1679/1324/978 1682/1326/978
f 877/1330/975 876/1331/975 1692/1332/975 1691/1333/975
f 879/1334/972 878/1335/972 1690/1336/972 1689/1337/972
f 880/1338/969 879/1334/969 1689/1337/969 1688/1339/969
f 878/1335/966 877/1330/966 1691/1333/966 1690/1336/966
f 875/1331/963 874/1340/963 1687/1341/963 1686/1332/963
f 874/1340/1760 880/1338/1760 1688/1339/960 1687/1341/960
f 870/1342/977 871/1343/976 1699/1344/959 1698/1345/959
f 873/1346/962 867/1347/961 1697/1348/958 1696/1349/958
f 872/1343/965 873/1346/964 1696/1349/957 1695/1344/957
f 869/1347/968 870/1342/967 1698/1345/956 1694/1350/956
f 867/1347/971 868/1351/970 1693/1352/955 1697/1348/955
f 868/1351/974 869/1347/973 1694/1350/954 1693/1352/954
f 864/1353/1248 863/1354/1248 1705/1355/1248 1700/1356/1248
f 866/1357/1247 865/1358/1247 1704/1359/1247 1702/1360/1247
f 863/1354/1005 862/1361/1005 1703/1362/1005 1705/1355/1005
f 865/1358/1004 864/1353/1004 1700/1356/1004 1704/1359/1004
f 860/1363/1003 866/1357/1003 1702/1360/1003 1701/1364/1003
f 861/1361/917 860/1363/917 1701/1364/917 1706/1362/917
f 817/1365/1248 814/1366/1248 1712/1367/1248 1711/1368/1248
f 1136/1369/1247 818/1370/1247 1707/1371/1247 1709/1372/1247
f 818/1370/1004 817/1365/1004 1711/1368/1004 1707/1371/1004
f 814/1366/1005 813/1373/1005 1710/1374/1005 1712/1367/1005
f 1139/1373/917 1140/1375/917 1713/1376/917 1708/1377/917
f 1140/1375/1003 1136/1369/1003 1709/1372/1003 1713/1376/1003
f 1138/1378/1761 1141/1379/1761 1720/1380/1761 1715/1381/1761
f 1141/1379/952 1137/1382/952 1719/1383/952 1720/1380/952
f 815/1384/1762 1135/1378/1762 1718/1385/1762 1716/1386/1762
f 819/1387/950 816/1382/950 1717/1388/950 1714/1389/950
f 1137/1382/1763 819/1387/1763 1714/1389/949 1719/1383/949
f 816/1382/1764 815/1384/1764 1716/1386/948 1717/1388/948
f 853/1390/947 854/1391/947 1727/1392/947 1726/1393/947
f 854/1391/945 855/1390/945 1725/1394/945 1727/1392/944
f 856/1395/1765 857/1396/1765 1724/1397/1765 1723/1398/1765
f 859/1399/942 853/1390/942 1726/1393/942 1722/1400/942
f 858/1396/1766 859/1399/1766 1722/1400/1766 1721/1401/1766
f 855/1390/940 856/1395/940 1723/1398/940 1725/1394/940
f 850/1402/1767 849/1403/1767 1734/1404/1767 1733/1405/1767
f 847/1406/1768 846/1407/1768 1732/1408/937 1731/1409/936
f 846/1407/935 852/1402/935 1730/1410/935 1732/1408/935
f 849/1403/1769 848/1406/1769 1729/1411/1769 1734/1404/1769
f 851/1412/1770 850/1402/1770 1733/1405/1770 1728/1413/1770
f 852/1402/1771 851/1412/1771 1728/1413/1771 1730/1410/1771
f 1129/837/1772 1130/849/1772 1121/834/1772
f 2643/204/1773 1739/207/1773 1740/206/1773 2645/205/1773
f 2617/208/1774 2656/211/1774 1741/210/1774 2632/209/1774
f 1736/212/1775 2632/209/1775 1741/210/1775 2653/213/1775
f 2659/214/1776 1738/217/1776 1737/216/1776 1735/215/1776
f 1735/215/1777 1737/216/1777 1742/219/1777 2657/218/1777
f 2654/220/1778 2653/213/1778 1741/210/1778 2658/221/1778
f 1947/222/1779 1942/223/1779 1738/217/1779 2659/214/1779
f 2776/224/1780 2727/227/1780 2728/226/1780 2774/225/1780
f 2038/228/1781 1985/228/1782 1987/228/1783
f 2039/228/1784 1986/228/1784 1985/228/1784 2038/228/1784
f 2915/229/1785 2914/232/1785 1956/231/1785 1955/230/1785
f 2914/232/1786 2913/234/1786 1958/233/1786 1956/231/1786
f 2913/234/1787 2912/236/1787 1957/235/1787 1958/233/1787
f 2912/236/1788 2915/229/1788 1955/230/1788 1957/235/1788
f 2891/237/1789 2890/240/1789 1998/239/1789 1976/238/1789
f 2890/240/1790 2889/242/1791 1989/241/1791 1998/239/1791
f 2889/242/1792 2888/244/1793 1954/243/1793 1989/241/1793
f 2888/244/1794 2891/237/1794 1976/238/1794 1954/243/1794
f 2907/245/1795 2906/246/1796 1956/231/1796 1958/233/1796
f 1756/247/1797 1840/250/1797 1845/249/1797 1908/248/1797
f 2906/246/1798 2905/252/1798 1953/251/1798 1956/231/1798
f 2905/252/1799 2904/254/1799 1959/253/1799 1953/251/1799
f 2904/254/1800 2907/245/1801 1958/233/1801 1959/253/1801
f 2899/255/1802 2898/256/1802 1989/241/1802 1954/243/1802
f 2898/256/1803 2897/257/1803 1959/253/1803 1989/241/1803
f 1924/258/1804 1852/261/1804 1748/260/1804 1928/259/1804
f 2897/257/1805 2896/262/1806 1953/251/1806 1959/253/1806
f 2896/262/1807 2899/255/1808 1954/243/1808 1953/251/1808
f 1981/263/1809 1982/266/1809 1983/265/1809 1984/264/1809
f 1793/267/1810 1798/270/1810 1804/269/1810 1802/268/1810
f 1915/271/1811 1851/272/1811 1852/261/1811 1924/258/1811
f 1977/273/1812 1978/276/1812 1979/275/1812 1980/274/1812
f 1965/277/1813 1964/278/1814 1976/238/1815 1998/239/1816
f 1916/279/1817 1850/280/1817 1851/272/1817 1915/271/1817
f 1964/278/1818 1771/281/1819 1954/243/1820 1976/238/1821
f 2726/282/1822 2729/283/1822 2728/226/1822 2727/227/1822
f 1760/284/1823 1755/287/1823 1803/286/1823 1801/285/1823
f 2708/288/1824 2707/291/1824 2706/290/1824 2709/289/1824
f 1758/292/1825 1757/293/1825 1755/287/1825 1760/284/1825
f 1926/294/1826 1849/295/1826 1850/280/1826 1916/279/1826
f 2762/296/1827 2706/290/1827 2707/291/1827 2760/297/1827
f 1782/298/1828 1772/301/1828 1773/300/1828 1833/299/1828
f 1788/302/1829 1836/305/1829 1837/304/1829 1787/303/1829
f 1802/268/1830 2371/307/1830 2370/306/1830 1793/267/1830
f 1834/308/1831 1790/311/1831 1789/310/1831 1835/309/1831
f 1844/312/1832 2743/315/1832 2789/314/1832 2791/313/1832
f 2703/316/1833 1821/319/1833 1829/318/1833 2700/317/1833
f 1925/320/1834 1920/322/1834 1809/321/1834
f 1830/323/1835 1829/318/1835 1821/319/1835 1822/324/1835
f 1809/321/1836 1921/326/1836 1927/325/1836
f 1831/327/1837 1823/330/1837 1780/329/1837 1781/328/1837
f 1927/325/1838 1925/320/1838 1809/321/1838
f 2317/331/1839 2168/334/1839 1794/333/1839 2313/332/1839
f 1778/335/1840 1775/337/1840 1776/336/1840 1780/329/1840
f 2704/338/1841 1828/341/1841 1824/340/1841 2701/339/1841
f 2700/317/1842 1829/318/1842 1826/343/1842 2705/342/1842
f 1825/344/1843 1826/343/1843 1829/318/1843 1830/323/1843
f 1852/261/1844 1819/346/1844 1746/345/1844 1748/260/1844
f 2701/339/1845 1824/340/1845 1832/348/1845 2702/347/1845
f 1823/330/1846 1827/349/1846 1778/335/1846 1780/329/1846
f 2703/316/1847 2702/347/1847 1832/348/1847 1821/319/1847
f 1786/350/1848 1785/353/1848 1784/352/1848 1783/351/1848
f 1779/354/1849 1774/355/1849 1775/337/1849 1778/335/1849
f 1827/349/1850 1825/344/1850 1779/354/1850 1778/335/1850
f 1841/356/1851 1910/359/1851 1913/358/1851 1848/357/1851
f 1833/299/1852 1773/300/1852 1774/355/1852 1779/354/1852
f 1816/360/1853 1904/362/1853 1759/361/1853 1910/359/1853
f 2751/363/1854 2752/366/1854 1796/365/1854 1799/364/1854
f 1804/269/1855 1814/368/1855 1797/367/1855 1802/268/1855
f 1818/369/1856 1929/371/1856 1935/370/1856 1819/346/1856
f 2756/372/1857 2748/375/1857 1812/374/1857 2736/373/1857
f 1832/348/1858 1824/340/1858 1823/330/1858 1831/327/1858
f 2733/376/1859 2734/376/1859 1846/376/1859 1842/376/1859
f 2737/377/1860 2738/378/1860 1756/247/1860 1908/248/1860
f 1781/328/1861 1777/379/1861 1772/301/1861 1782/298/1861
f 2749/380/1862 1817/383/1862 1906/382/1862 2753/381/1862
f 1822/324/1863 1831/327/1863 1781/328/1863 1782/298/1863
f 1825/344/1864 1830/323/1864 1833/299/1864 1779/354/1864
f 2369/384/1865 2368/386/1865 1792/385/1865 1803/286/1865
f 1822/324/1866 1821/319/1866 1832/348/1866 1831/327/1866
f 1851/272/1867 1818/369/1867 1819/346/1867 1852/261/1867
f 1827/349/1868 1828/341/1868 1826/343/1868 1825/344/1868
f 1850/280/1869 1820/387/1869 1818/369/1869 1851/272/1869
f 1827/349/1870 1823/330/1870 1824/340/1870 1828/341/1870
f 1917/388/1871 1915/271/1871 1924/258/1871 1922/389/1871
f 1803/286/1872 1792/385/1872 1815/390/1872 1801/285/1872
f 2777/391/1873 2729/283/1873 2726/282/1873 2775/392/1873
f 2705/342/1874 1826/343/1874 1828/341/1874 2704/338/1874
f 2367/393/1875 2372/395/1875 2375/394/1875 2369/384/1875
f 1830/323/1876 1822/324/1876 1782/298/1876 1833/299/1876
f 1780/329/1877 1776/336/1877 1777/379/1877 1781/328/1877
f 1903/396/1878 1936/399/1878 1938/398/1878 1901/397/1878
f 2268/400/1879 2169/403/1879 1791/402/1879 2264/401/1879
f 2229/404/1880 2171/407/1880 1854/406/1880 2225/405/1880
f 1840/250/1881 1839/409/1881 2064/408/1881
f 2748/375/1882 2749/380/1882 1808/410/1882 1812/374/1882
f 1841/356/1883 1844/312/1883 2791/313/1883 2794/411/1883
f 2731/412/1884 1900/414/1884 2068/413/1884
f 2064/408/1885 1839/409/1885 1838/417/1885 2023/416/1885 2780/415/1885
f 1925/320/1886 1807/418/1886 1849/295/1886 1926/294/1886
f 1927/325/1887 1805/419/1887 1807/418/1887 1925/320/1887
f 1928/259/1888 1748/260/1889 1805/419/1889 1927/325/1890
f 1885/420/1891 1856/423/1891 1813/422/1891 1871/421/1891
f 1853/424/1892 1861/427/1892 1863/426/1892 1858/425/1892
f 1857/428/1893 1856/423/1893 1885/420/1893 1872/429/1893
f 1811/430/1894 1853/424/1894 1858/425/1894 1810/431/1894
f 1871/421/1895 1813/422/1895 1859/433/1895 1884/432/1895
f 2811/434/1896 1863/426/1896 1861/427/1896 2815/435/1896
f 1882/436/1897 1885/420/1897 1871/421/1897 1881/437/1897
f 2815/435/1898 1861/427/1898 1865/439/1898 2812/438/1898
f 1813/422/1899 1856/423/1899 1862/441/1899 1860/440/1899
f 1883/442/1900 1811/430/1900 1878/444/1900 1874/443/1900
f 1878/444/1901 1811/430/1901 1810/431/1901 1879/445/1901
f 1879/445/1902 1810/431/1902 1872/429/1902 1880/446/1902
f 2816/447/1903 1860/440/1903 1862/441/1903 2814/448/1903
f 1855/449/1904 1853/424/1904 1811/430/1904 1883/442/1904
f 2813/450/1905 1864/451/1905 1860/440/1905 2816/447/1905
f 1884/432/1906 1883/442/1906 1874/443/1906 1873/452/1906
f 1872/429/1907 1885/420/1907 1882/436/1907 1880/446/1907
f 1813/422/1908 1860/440/1908 1864/451/1908 1859/433/1908
f 1858/425/1909 1863/426/1909 1866/453/1909 1857/428/1909
f 1884/432/1910 1859/433/1910 1855/449/1910 1883/442/1910
f 1866/453/1911 1862/441/1911 1856/423/1911 1857/428/1911
f 2817/454/1912 1866/453/1912 1863/426/1912 2811/434/1912
f 1865/439/1913 1861/427/1913 1853/424/1913 1855/449/1913
f 1810/431/1914 1858/425/1914 1857/428/1914 1872/429/1914
f 2812/438/1915 1865/439/1915 1864/451/1915 2813/450/1915
f 2814/448/1916 1862/441/1916 1866/453/1916 2817/454/1916
f 1859/433/1917 1864/451/1917 1865/439/1917 1855/449/1917
f 1881/437/1918 1871/421/1918 1884/432/1918 1873/452/1918
f 1901/397/1919 1938/398/1919 1939/456/1919 1899/455/1919
f 1972/457/1920 1973/460/1920 1974/459/1920 1975/458/1920
f 1941/461/1921 1940/464/1921 2697/463/1921 2696/462/1921
f 1895/465/1922 1889/468/1922 1890/467/1922 1896/466/1922
f 1970/469/1923 1950/472/1923 2033/471/1923 1971/470/1923
f 1966/473/1924 1967/476/1924 1968/475/1924 1969/474/1924
f 1939/456/1925 1938/398/1925 1894/477/1925 1895/465/1925
f 1964/278/1926 1965/277/1926 2036/479/1926 1951/478/1926
f 1960/480/1927 1961/483/1927 1962/482/1927 1963/481/1927
f 1771/281/1928 1898/484/1929 1953/251/1930 1954/243/1931
f 1898/484/1932 1767/485/1933 1956/231/1934 1953/251/1935
f 2022/486/1936 2021/486/1936 2034/486/1936 2035/486/1936
f 1937/487/1937 1902/488/1937 1941/461/1937 2696/462/1937
f 1762/489/1938 1763/492/1938 1764/491/1938 1948/490/1938
f 1765/493/1939 1766/494/1939 1764/491/1939 1763/492/1939
f 1767/485/1940 1768/495/1940 1766/494/1940 1765/493/1940
f 1898/484/1941 1769/496/1941 1768/495/1941 1767/485/1941
f 1898/484/1942 1771/281/1942 1770/497/1942 1769/496/1942
f 1891/498/1943 1887/501/1943 1893/500/1943 1897/499/1943
f 2739/502/1944 2740/503/1944 1906/382/1944 1817/383/1944
f 1897/499/1945 1893/500/1945 1937/487/1945 2696/462/1945
f 1922/389/1946 1924/258/1946 1928/259/1946 1923/504/1946
f 1914/505/1947 1932/508/1947 1931/507/1947 1745/506/1947
f 1849/295/1948 1745/506/1948 1820/387/1948 1850/280/1948
f 1745/506/1949 1931/507/1949 1930/509/1949 1820/387/1949
f 2730/510/1950 2740/503/1950 1905/512/1950 2065/511/1950
f 1808/410/1951 1907/514/1951 1900/414/1951 1912/513/1951
f 1923/504/1952 1928/259/1888 1927/325/1890 1921/326/1952
f 1746/345/1953 1934/517/1953 2866/516/1953 1744/515/1953
f 1936/399/1954 1937/487/1954 1893/500/1954 1892/518/1954
f 1892/518/1955 1894/477/1955 1938/398/1955 1936/399/1955
f 1918/519/1956 1919/520/1956 1926/294/1956 1916/279/1956
f 1744/515/1957 2866/516/1957 2867/521/1957 1914/505/1957
f 1807/418/1958 1914/505/1958 1745/506/1958 1849/295/1958
f 2754/522/1959 2753/381/1959 1906/382/1959 2066/523/1959
f 2750/524/1960 2755/526/1960 1904/362/1960 2070/525/1960
f 1805/419/1961 1744/515/1961 1914/505/1961 1807/418/1961
f 1920/322/1962 1925/320/1962 1926/294/1962 1919/520/1962
f 1908/248/1963 2732/529/1963 2773/528/1963 1846/527/1963
f 1841/356/1964 1838/417/1964 1816/360/1964 1910/359/1964
f 1820/387/1965 1930/509/1965 1929/371/1965 1818/369/1965
f 1894/477/1966 1892/518/1966 1886/531/1966 1888/530/1966
f 1888/530/1967 1889/468/1967 1895/465/1967 1894/477/1967
f 2737/377/1968 1908/248/1968 1846/527/1968 2734/532/1968
f 1892/518/1969 1893/500/1969 1887/501/1969 1886/531/1969
f 1917/388/1970 1918/519/1970 1916/279/1970 1915/271/1970
f 1746/345/1971 1819/346/1971 1935/370/1971 1934/517/1971
f 1900/414/1972 1816/360/1972 1838/417/1972 1839/409/1972
f 1921/326/1973 1809/321/1973 1920/322/1973
f 2068/413/1974 1900/414/1974 1907/514/1974 2067/533/1974
f 2736/373/1975 2741/535/1975 1913/358/1975 1795/534/1975
f 2064/376/1976 2733/376/1976 1842/376/1976
f 1748/260/1977 1746/345/1977 1744/515/1977 1805/419/1977
f 1890/467/1978 1891/498/1978 1897/499/1978 1896/466/1978
f 1936/399/1979 1903/396/1979 1902/488/1979 1937/487/1979
f 2655/536/1980 2656/211/1980 1942/223/1980 1947/222/1980
f 2642/537/1981 2645/205/1981 1943/539/1981 1944/538/1981
f 2608/540/1982 2624/543/1982 1945/542/1982 1946/541/1982
f 2608/540/1983 1946/541/1983 1944/538/1983 2607/544/1983
f 2655/536/1984 1947/222/1984 1945/542/1984 2624/543/1984
f 2617/208/1985 1943/539/1985 1942/223/1985 2656/211/1985
f 2039/228/1986 1988/228/1987 1986/228/1988
f 2049/228/1989 1990/228/1990 1992/228/1991
f 2049/228/1992 1992/228/1993 1993/228/1993 2048/228/1993
f 2048/228/1994 1993/228/1994 1991/228/1995
f 2024/228/1996 2027/228/1997 2011/228/1996 2012/228/1998
f 2031/228/1999 2011/228/2000 2013/228/2001
f 2014/228/2002 2024/228/2003 2012/228/2004
f 1999/228/2005 2057/228/2006 2000/228/2007
f 2056/228/2008 2001/228/2009 2002/228/2009
f 2056/228/2010 2002/228/2011 2000/228/2011 2057/228/2012
f 2044/228/2013 2003/228/2014 2004/228/2014 2045/228/2014
f 2045/228/2015 2004/228/2015 2005/228/2016
f 2005/545/2017 2006/546/2017 1961/483/2017 1960/480/2017
f 2006/546/2018 2044/547/2019 1962/482/2018 1961/483/2018
f 2008/548/2020 2007/549/2020 1974/459/2020 1973/460/2020
f 2007/549/2021 2052/550/2021 1975/458/2021 1974/459/2021
f 2052/228/2022 2009/228/2023 2010/228/2022 2053/228/2022
f 2053/228/2024 2010/228/2024 2008/228/2024
f 2061/551/2025 2015/552/2025 1984/264/2025 1983/265/2025
f 2017/553/2026 2060/554/2026 1982/266/2026 1981/263/2026
f 2060/228/2027 2018/228/2027 2016/228/2027 2061/228/2028
f 1754/555/2029 1753/556/2029 1770/497/2029 1951/478/2029
f 1753/556/2030 1752/557/2030 1769/496/2030 1770/497/2030
f 1768/495/2031 1752/557/2031 1751/558/2031 1766/494/2031
f 1766/494/2032 1751/558/2032 1750/559/2032 1764/491/2032
f 1749/560/2033 1754/555/2033 1951/478/2033 1950/472/2033
f 2020/486/2034 2022/486/2034 2035/486/2034
f 2032/486/2035 1971/486/2035 1949/486/2035
f 2037/486/2036 2032/486/2036 1949/486/2036 1952/486/2036
f 1965/486/2037 2037/486/2038 1952/486/2039
f 2043/561/2040 2006/546/2040 1988/563/1987 2039/562/1986
f 1965/486/2037 1952/486/2039 2036/486/2041
f 2033/486/2042 1949/486/2042 1971/486/2042
f 2035/564/2043 2034/567/2043 2032/566/2043 2037/565/2043
f 1771/281/2044 1964/278/2044 1951/478/2044 1770/497/2044
f 1971/470/2045 1965/277/2046 1998/239/2047 1989/241/2048
f 1989/241/2049 1959/253/2050 1970/469/2051 1971/470/2052
f 1970/469/2053 1959/253/2054 1958/233/2055 1762/489/2056
f 1970/469/2057 1762/489/2057 1948/490/2057 1950/472/2057
f 2014/568/2058 2030/569/2059 1979/275/2059 1978/276/2059
f 2013/228/2001 2011/228/2000 2027/228/2060
f 2030/569/2061 2031/570/2061 1980/274/2061 1979/275/2061
f 1768/495/2062 1769/496/2062 1752/557/2062
f 1764/491/2063 1750/559/2063 1747/571/2063 1948/490/2063
f 1747/571/2064 1749/560/2064 1950/472/2064 1948/490/2064
f 1812/374/2065 1808/410/2065 1912/513/2065 1911/572/2065
f 2070/525/2066 1904/362/2066 1816/360/2066 2069/573/2066
f 1845/249/2067 1840/250/2067 2064/408/2067 1842/574/2067
f 1996/228/2068 2025/228/2069 1994/228/2070
f 1997/575/2071 2014/568/2072 2013/577/2073 1996/576/2074
f 1997/228/2075 1995/228/2076 2026/228/2077
f 1995/228/2078 1994/228/2079 2025/228/2080 2026/228/2081
f 1995/228/2082 1997/228/2083 2028/228/2084
f 1996/576/2085 2013/577/2086 2027/579/2087 2025/578/2088
f 1996/228/2068 1994/228/2070 2029/228/2089
f 1994/228/2090 1995/228/2090 2028/228/2090 2029/228/2090
f 1997/575/2091 2026/581/2092 2024/580/2093 2014/568/2094
f 2026/581/2095 2025/578/2096 2027/579/2097 2024/580/2095
f 2012/228/2098 2011/228/2099 2031/228/2099 2030/228/2099
f 2014/228/2100 2012/228/2101 2030/228/2102
f 1977/273/2103 2013/577/2104 2014/568/2105 1978/276/2103
f 1980/274/2106 2031/570/2106 2013/577/2107 1977/273/2106
f 2020/582/2108 2035/564/2108 2037/565/2108 1965/277/2108
f 2033/471/2109 1950/472/2109 1951/478/2109 2036/479/2109
f 2021/486/2110 2019/486/2111 2034/486/2110
f 2020/486/2112 2063/486/2112 2022/486/2112
f 2063/486/2113 2062/486/2114 2021/486/2113 2022/486/2113
f 2062/486/2115 2019/486/2116 2021/486/2117
f 1949/486/2118 2033/486/2118 2036/486/2118 1952/486/2118
f 1967/476/2119 1966/473/2119 2019/584/2120 2062/583/2121
f 1971/470/2122 2019/584/2123 2020/582/2122 1965/277/2122
f 2034/567/2124 2019/584/2125 1971/470/2124 2032/566/2124
f 1966/473/2126 1969/474/2126 2020/582/2126 2019/584/2127
f 2006/546/2128 2005/545/2129 1987/585/2130 1988/563/2128
f 2042/586/2131 2038/587/2131 1987/585/2132 2005/545/2131
f 2043/561/2133 2039/562/2133 2038/587/2134 2042/586/2135
f 1986/228/2136 1988/228/2136 2040/228/2136
f 1987/228/2137 1985/228/2138 2041/228/2138
f 1985/228/2139 1986/228/2139 2040/228/2139 2041/228/2140
f 2003/228/2141 2043/228/2141 2042/228/2142 2004/228/2141
f 2004/228/2143 2042/228/2144 2005/228/2145
f 2003/228/2146 2006/228/2146 2043/228/2146
f 2006/228/2147 2003/228/2147 2044/228/2148
f 1963/481/2149 2045/588/2149 2005/545/2150 1960/480/2149
f 1962/482/2151 2044/547/2152 2045/588/2151 1963/481/2151
f 1991/228/2153 1993/228/2154 2046/228/2154
f 1993/228/2155 1992/228/2155 2047/228/2155 2046/228/2155
f 1992/228/2156 1990/228/2157 2047/228/2156
f 2050/589/2158 2048/591/2158 1991/590/2159 2008/548/2158
f 2051/592/2160 2049/593/2161 2048/591/2160 2050/589/2160
f 2051/592/2162 2007/549/2163 1990/594/2164 2049/593/2165
f 2007/549/2166 2008/548/2166 1991/590/2167 1990/594/2168
f 2009/228/2169 2007/228/2163 2051/228/2162
f 2009/228/2170 2051/228/2171 2050/228/2171 2010/228/2171
f 2010/228/2172 2050/228/2172 2008/228/2172
f 1972/457/2173 2053/595/2173 2008/548/2173 1973/460/2173
f 1975/458/2174 2052/550/2174 2053/595/2174 1972/457/2174
f 2007/228/2163 2009/228/2169 2052/228/2175
f 2000/228/2176 2002/228/2176 2054/228/2176 2055/228/2176
f 2002/228/2177 2001/228/2177 2054/228/2177
f 1999/228/2005 2000/228/2007 2055/228/2178
f 2058/596/2179 2056/599/2010 2057/598/2012 2059/597/2180
f 2058/596/2181 2017/553/2182 2001/600/2182 2056/599/2183
f 2015/552/2184 1999/601/2185 2001/600/2185 2017/553/2185
f 2015/552/2186 2059/597/2187 2057/598/2188 1999/601/2189
f 2015/228/2190 2016/228/2190 2059/228/2191
f 2018/228/2192 2017/228/2192 2058/228/2193
f 2018/228/2194 2058/228/2195 2059/228/2196 2016/228/2194
f 1982/266/2197 2060/554/2197 2061/551/2198 1983/265/2197
f 2017/228/2199 2018/228/2199 2060/228/2199
f 1984/264/2200 2015/552/2201 2017/553/2200 1981/263/2200
f 2016/228/2202 2015/228/2203 2061/228/2204
f 1958/233/2205 1957/235/2206 1763/492/2207 1762/489/2208
f 1957/235/2209 1955/230/2210 1765/493/2211 1763/492/2212
f 1767/485/2213 1765/493/2214 1955/230/2215 1956/231/2216
f 1968/475/2217 1967/476/2217 2062/583/2218 2063/602/2217
f 1969/474/2219 1968/475/2219 2063/602/2219 2020/582/2219
f 1910/359/2220 1759/361/2220 1795/534/2220 1913/358/2220
f 2023/416/2221 1838/417/2221 1841/356/2221 2794/411/2221
f 2735/603/2222 2739/502/2222 1817/383/2222 1800/604/2222
f 1912/513/2223 1840/250/2223 1756/247/2223 1911/572/2223
f 1841/356/2224 1848/357/2224 1909/605/2224 1844/312/2224
f 2741/535/2225 2738/378/2225 1848/357/2225 1913/358/2225
f 2752/366/2226 2755/526/2226 1905/512/2226 1796/365/2226
f 2920/606/2227 2919/606/2227 2153/606/2228 2154/606/2229
f 2922/606/2230 2921/606/2230 2158/606/2230 2159/606/2230
f 2916/606/2231 2920/606/2231 2154/606/2232 2155/606/2233
f 2917/606/2234 2916/606/2234 2155/606/2234 2156/606/2234
f 2918/606/2235 2917/606/2235 2156/606/2235 2157/606/2235
f 2964/606/2236 2397/606/2236 2398/606/2236 2959/606/2236
f 2096/607/2237 2085/609/2237 2095/608/2237
f 2580/610/2238 2591/613/2238 2577/612/2238 2094/611/2238
f 2093/614/2239 2085/609/2239 2092/615/2239
f 2090/615/2240 2085/609/2240 2096/607/2240
f 2095/608/2241 2579/618/2241 2592/617/2241 2590/616/2241
f 2094/611/2242 2085/609/2242 2093/614/2242
f 2580/610/2243 2094/611/2243 2093/614/2243 2593/619/2243
f 2581/620/2244 2090/615/2244 2582/621/2244
f 2582/621/2245 2090/615/2245 2096/607/2245 2594/622/2245
f 2593/619/2246 2093/614/2246 2092/615/2246 2091/623/2246
f 2587/624/2247 2589/627/2247 2578/626/2247 2098/625/2247
f 2594/622/2248 2096/607/2248 2095/608/2248 2590/616/2248
f 2988/606/2249 2097/606/2249 2098/606/2249 2986/606/2249
f 2986/606/2250 2098/606/2250 2099/606/2250 2991/606/2250
f 2992/606/2251 2100/606/2252 2101/606/2253 2987/606/2251
f 2990/606/2254 2103/606/2254 2097/606/2254 2988/606/2254
f 2989/606/2255 2102/606/2256 2103/606/2256 2990/606/2257
f 2991/606/2258 2099/606/2258 2100/606/2258 2992/606/2258
f 2983/606/2259 2108/606/2259 2107/606/2259 2981/606/2259
f 2979/606/2260 2105/606/2260 2104/606/2260 2980/606/2260
f 2980/606/2261 2104/606/2261 2110/606/2261 2984/606/2261
f 2981/606/2262 2107/606/2262 2106/606/2262 2982/606/2262
f 2985/606/2263 2109/606/2263 2108/606/2263 2983/606/2263
f 2984/606/2264 2110/606/2264 2109/606/2264 2985/606/2265
f 2975/606/2266 2113/606/2266 2114/606/2266 2974/606/2266
f 2977/606/2267 2111/606/2267 2112/606/2267 2972/606/2267
f 2972/606/2268 2112/606/2269 2113/606/2269 2975/606/2268
f 2974/606/2270 2114/606/2270 2115/606/2270 2976/606/2270
f 2978/606/2271 2117/606/2271 2111/606/2271 2977/606/2271
f 2973/606/2272 2116/606/2272 2117/606/2272 2978/606/2272
f 2951/606/2273 2123/606/2273 2122/606/2273 2952/606/2273
f 2955/606/2274 2124/606/2274 2123/606/2274 2951/606/2274
f 2952/606/2275 2122/606/2275 2121/606/2275 2956/606/2275
f 2953/606/2276 2119/606/2276 2118/606/2276 2954/606/2276
f 2954/606/2277 2118/606/2277 2124/606/2277 2955/606/2277
f 2956/606/2278 2121/606/2278 2120/606/2278 2957/606/2278
f 2945/606/2279 2131/606/2280 2125/606/2281 2946/606/2282
f 2944/606/2283 2130/606/2284 2131/606/2285 2945/606/2283
f 2948/606/2286 2127/606/2287 2128/606/2288 2949/606/2286
f 2946/606/2289 2125/606/2290 2126/606/2291 2947/606/2289
f 2947/606/2292 2126/606/2293 2127/606/2294 2948/606/2292
f 2949/606/2295 2128/606/2296 2129/606/2297 2950/606/2295
f 2940/606/2298 2135/606/2298 2134/606/2298 2937/606/2298
f 2938/606/2299 2137/606/2299 2136/606/2299 2939/606/2299
f 2943/606/2300 2138/606/2300 2137/606/2300 2938/606/2300
f 2939/606/2301 2136/606/2301 2135/606/2301 2940/606/2301
f 2941/606/2302 2133/606/2302 2132/606/2302 2942/606/2302
f 2942/606/2303 2132/606/2303 2138/606/2303 2943/606/2303
f 2931/606/2304 2145/606/2304 2139/606/2304 2932/606/2304
f 2930/606/2305 2144/606/2305 2145/606/2305 2931/606/2305
f 2934/606/2306 2141/606/2307 2142/606/2308 2935/606/2306
f 2932/606/2309 2139/606/2310 2140/606/2311 2933/606/2309
f 2933/606/2312 2140/606/2313 2141/606/2314 2934/606/2312
f 2935/606/2315 2142/606/2315 2143/606/2315 2936/606/2315
f 2927/606/2316 2150/606/2316 2149/606/2316 2925/606/2316
f 2923/606/2317 2147/606/2318 2146/606/2318 2924/606/2317
f 2924/606/2319 2146/606/2319 2152/606/2319 2928/606/2319
f 2925/606/2320 2149/606/2320 2148/606/2320 2926/606/2320
f 2929/606/2321 2151/606/2321 2150/606/2321 2927/606/2321
f 2928/606/2322 2152/606/2322 2151/606/2322 2929/606/2322
f 2971/606/2323 2399/606/2323 2395/606/2323 2967/606/2323
f 2959/606/2323 2398/606/2323 2394/606/2323 2960/606/2323
f 2966/606/2236 2396/606/2236 2399/606/2236 2971/606/2236
f 2962/606/2324 2076/606/2324 2075/606/2324 2958/606/2324
f 2970/606/2325 2073/606/2325 2393/606/2325 2968/606/2325
f 2225/405/2326 2226/630/2326 2161/629/2326 1761/628/2326
f 2168/334/2327 2172/632/2327 2163/631/2328 1794/333/2329
f 2250/633/2330 2251/635/2330 2164/634/2330 1854/406/2330
f 2313/332/2331 2314/637/2331 2162/636/2331 1791/402/2331
f 2253/638/1013 2252/641/1013 2166/640/1013 2175/639/1013
f 2316/642/1012 2315/645/1012 2165/644/1012 2174/643/1012
f 2228/646/1012 2175/639/1012 2166/640/1012 2227/647/1012
f 2173/648/1012 2176/651/1012 2167/650/1012 2160/649/1012
f 2161/629/2332 2176/651/2332 2173/648/2332
f 2226/630/2333 2164/634/2333 2175/639/2333 2228/646/2333
f 2314/637/2334 2316/642/2334 2174/643/2334 2162/636/2334
f 2251/635/2335 2253/638/2335 2175/639/2335 2164/634/2335
f 2222/652/2336 2179/655/2336 2180/654/2336 2221/653/2336
f 2186/656/2337 2183/659/2337 2213/658/2337 2217/657/2337
f 2224/660/2338 2178/663/2338 2177/662/2338 2223/661/2338
f 2223/661/2339 2177/662/2339 2179/655/2339 2222/652/2339
f 2221/653/2340 2180/654/2340 2178/663/2340 2224/660/2340
f 2183/659/2341 2191/665/2341 2215/664/2341 2213/658/2341
f 2185/666/2342 2184/669/2342 2182/668/2342 2187/667/2342
f 2187/667/2343 2182/668/2343 2206/671/2343 2210/670/2343
f 2188/672/2344 2181/673/2344 2183/659/2344 2186/656/2344
f 2177/662/2345 2188/672/2345 2186/656/2345 2179/655/2345
f 2178/663/2346 2187/667/2346 2210/670/2346 2212/674/2346
f 2180/654/2347 2185/666/2347 2187/667/2347 2178/663/2347
f 2179/655/2348 2186/656/2348 2217/657/2348 2220/676/2348 2218/675/2348 2185/666/2348 2180/654/2348
f 2202/677/2349 2193/680/2349 2195/679/2349 2201/678/2349
f 2184/669/2350 2192/682/2350 2190/681/2350 2182/668/2350
f 2182/668/2351 2190/681/2351 2208/683/2351 2206/671/2351
f 2181/673/2352 2189/684/2352 2191/665/2352 2183/659/2352
f 2196/685/2353 2200/688/2353 2198/687/2353 2194/686/2353
f 2201/678/2354 2195/679/2354 2196/685/2354 2203/689/2354
f 2203/689/2355 2196/685/2355 2194/686/2355 2204/690/2355
f 2204/690/2356 2194/686/2356 2193/680/2356 2202/677/2356
f 2198/687/2357 2200/688/2357 2199/692/2357 2197/691/2357
f 2194/686/2358 2198/687/2358 2197/691/2358 2193/680/2358
f 2193/680/2359 2197/691/2359 2199/692/2359 2195/679/2359
f 2195/679/2360 2199/692/2360 2200/688/2360 2196/685/2360
f 2190/681/2361 2204/690/2361 2211/693/2361 2208/683/2361
f 2192/682/2362 2203/689/2362 2204/690/2362 2190/681/2362
f 2191/665/2363 2201/678/2363 2203/689/2363 2192/682/2363 2216/695/2363 2219/694/2363 2215/664/2363
f 2189/684/2364 2202/677/2364 2201/678/2364 2191/665/2364
f 2211/693/2365 2219/694/2365 2216/695/2365 2208/683/2365
f 2206/671/2366 2214/696/2366 2218/675/2366 2210/670/2366
f 2207/697/2367 2189/684/2367 2181/673/2367 2205/698/2367
f 2210/670/2368 2218/675/2368 2220/676/2368 2212/674/2368
f 2205/698/2369 2213/658/2369 2215/664/2369 2207/697/2369
f 2205/698/2370 2181/673/2370 2188/672/2370 2209/699/2370
f 2207/697/2371 2215/664/2371 2219/694/2371 2211/693/2371
f 2212/674/2372 2209/699/2372 2188/672/2372 2177/662/2372
f 2177/662/2373 2178/663/2373 2212/674/2373
f 2204/690/2374 2202/677/2374 2211/693/2374
f 2202/677/2375 2189/684/2375 2207/697/2375 2211/693/2375
f 2208/683/2376 2216/695/2376 2214/696/2376 2206/671/2376
f 2212/674/2377 2220/676/2377 2217/657/2377 2209/699/2377
f 2209/699/2378 2217/657/2378 2213/658/2378 2205/698/2378
f 2216/695/2379 2192/682/2379 2184/669/2379 2214/696/2379
f 2214/696/2380 2184/669/2380 2185/666/2380 2218/675/2380
f 2161/629/2381 2221/653/2381 2224/660/2381 1761/628/2381
f 2170/700/2382 2223/661/2382 2222/652/2382 2173/648/2382
f 1761/628/2383 2224/660/2383 2223/661/2383 2170/700/2383
f 2173/648/2384 2222/652/2384 2221/653/2384 2161/629/2384
f 2161/629/2385 2226/630/2385 2228/646/2385 2176/651/2385
f 2176/651/1012 2228/646/1012 2227/647/1012 2167/650/1012
f 2164/634/2386 2230/702/2386 2231/701/2386 1854/406/2386
f 2170/700/2387 2229/404/2387 2225/405/2387 1761/628/2387
f 2247/703/2388 2236/706/2388 2237/705/2388 2246/704/2388
f 2226/630/2389 2233/707/2389 2230/702/2389 2164/634/2389
f 1854/406/2390 2231/701/2390 2232/708/2390 2225/405/2390
f 2225/405/2391 2232/708/2391 2233/707/2391 2226/630/2391
f 2261/709/2392 2238/712/2392 2239/711/2392 2260/710/2392
f 2248/713/2393 2235/714/2393 2236/706/2393 2247/703/2393
f 2246/704/2394 2237/705/2394 2234/716/2394 2249/715/2394
f 2249/715/2395 2234/716/2395 2235/714/2395 2248/713/2395
f 2240/717/2396 2244/720/2397 2245/719/2398 2241/718/2399
f 2263/721/2400 2240/717/2400 2241/718/2400 2262/722/2400
f 2260/710/2401 2239/711/2401 2240/717/2401 2263/721/2401
f 2262/722/2402 2241/718/2402 2238/712/2402 2261/709/2402
f 2243/723/2403 2242/724/2404 2245/719/2405 2244/720/2406
f 2239/711/2407 2243/723/2408 2244/720/2409 2240/717/2410
f 2241/718/2411 2245/719/2411 2242/724/2411 2238/712/2411
f 2238/712/2412 2242/724/2412 2243/723/2412 2239/711/2412
f 2230/702/2413 2249/715/2413 2248/713/2413 2231/701/2413
f 2233/707/2414 2246/704/2414 2249/715/2414 2230/702/2414
f 2231/701/2415 2248/713/2415 2247/703/2415 2232/708/2415
f 2232/708/2416 2247/703/2416 2246/704/2416 2233/707/2416
f 2256/725/2417 2258/726/2417 2253/638/2417 2251/635/2417
f 2258/726/1013 2257/727/1013 2252/641/1013 2253/638/1013
f 2255/728/2418 2271/730/2418 2269/729/2418 2250/633/2418
f 2171/407/2419 2254/731/2419 2250/633/2419 1854/406/2419
f 2264/401/2420 2265/732/2420 2256/725/2420 2255/728/2420
f 2267/733/1013 2266/734/1013 2257/727/1013 2258/726/1013
f 2265/732/2421 2267/733/2421 2258/726/2421 2256/725/2421
f 2254/731/2422 2259/735/2422 2255/728/2422 2250/633/2422
f 2237/705/2423 2262/722/2423 2261/709/2423 2234/716/2423
f 2235/714/2424 2260/710/2424 2263/721/2424 2236/706/2424
f 2236/706/2425 2263/721/2425 2262/722/2425 2237/705/2425
f 2234/716/2426 2261/709/2426 2260/710/2426 2235/714/2426
f 2162/636/2427 2174/643/2427 2267/733/2427 2265/732/2427
f 2174/643/1013 2165/644/1013 2266/734/1013 2267/733/1013
f 2162/636/2428 2296/737/2428 2294/736/2428 1791/402/2428
f 2259/735/2429 2268/400/2429 2264/401/2429 2255/728/2429
f 2290/738/2430 2276/741/2430 2275/740/2430 2289/739/2430
f 2250/633/2431 2269/729/2431 2270/742/2431 2251/635/2431
f 2251/635/2432 2270/742/2432 2272/743/2432 2256/725/2432
f 2256/725/2433 2272/743/2433 2271/730/2433 2255/728/2433
f 2286/744/2434 2278/747/2434 2280/746/2434 2285/745/2434
f 2289/739/2435 2275/740/2435 2273/749/2435 2291/748/2435
f 2292/750/2436 2274/751/2436 2276/741/2436 2290/738/2436
f 2291/748/2437 2273/749/2437 2274/751/2437 2292/750/2437
f 2280/746/2438 2284/754/2438 2283/753/2438 2279/752/2438
f 2287/755/2439 2277/756/2439 2278/747/2439 2286/744/2439
f 2285/745/2440 2280/746/2440 2279/752/2440 2288/757/2440
f 2288/757/2441 2279/752/2441 2277/756/2441 2287/755/2441
f 2283/753/2442 2284/754/2442 2282/759/2442 2281/758/2442
f 2279/752/2443 2283/753/2443 2281/758/2443 2277/756/2443
f 2278/747/2444 2282/759/2444 2284/754/2444 2280/746/2444
f 2277/756/2445 2281/758/2445 2282/759/2445 2278/747/2445
f 2275/740/2446 2288/757/2446 2287/755/2446 2273/749/2446
f 2276/741/2447 2285/745/2447 2288/757/2447 2275/740/2447
f 2273/749/2448 2287/755/2448 2286/744/2448 2274/751/2448
f 2274/751/2449 2286/744/2449 2285/745/2449 2276/741/2449
f 2269/729/2450 2291/748/2450 2292/750/2450 2270/742/2450
f 2270/742/2451 2292/750/2451 2290/738/2451 2272/743/2451
f 2271/730/2452 2289/739/2452 2291/748/2452 2269/729/2452
f 2272/743/2453 2290/738/2453 2289/739/2453 2271/730/2453
f 2248/713/2454 2249/715/2454 2246/704/2454 2247/703/2454
f 2296/737/2455 2300/761/2455 2298/760/2455 2294/736/2455
f 1791/402/2456 2294/736/2456 2293/762/2456 2264/401/2456
f 2265/732/2457 2295/763/2457 2296/737/2457 2162/636/2457
f 2264/401/2458 2293/762/2458 2295/763/2458 2265/732/2458
f 2310/764/2459 2301/767/2459 2303/766/2459 2309/765/2459
f 2294/736/2460 2298/760/2460 2297/768/2460 2293/762/2460
f 2293/762/2461 2297/768/2461 2299/769/2461 2295/763/2461
f 2295/763/2462 2299/769/2462 2300/761/2462 2296/737/2462
f 2304/770/2463 2308/773/2463 2306/772/2463 2302/771/2463
f 2309/765/2464 2303/766/2464 2304/770/2464 2311/774/2464
f 2311/774/2465 2304/770/2465 2302/771/2465 2312/775/2465
f 2312/775/2466 2302/771/2466 2301/767/2466 2310/764/2466
f 2306/772/2467 2308/773/2467 2307/777/2467 2305/776/2467
f 2302/771/2468 2306/772/2468 2305/776/2468 2301/767/2468
f 2301/767/2469 2305/776/2469 2307/777/2469 2303/766/2469
f 2303/766/2470 2307/777/2470 2308/773/2470 2304/770/2470
f 2298/760/2471 2312/775/2471 2310/764/2471 2297/768/2471
f 2300/761/2472 2311/774/2472 2312/775/2472 2298/760/2472
f 2299/769/2473 2309/765/2473 2311/774/2473 2300/761/2473
f 2297/768/2474 2310/764/2474 2309/765/2474 2299/769/2474
f 2163/631/2475 2172/632/2475 2316/642/2475 2314/637/2475
f 2335/778/2476 2319/781/2476 2318/780/2476 2334/779/2476
f 2169/403/2477 2317/331/2477 2313/332/2477 1791/402/2477
f 2321/782/2478 2325/784/2478 2323/783/2478 2319/781/2478
f 2336/785/2479 2321/782/2479 2319/781/2479 2335/778/2479
f 2334/779/2480 2318/780/2480 2320/787/2480 2337/786/2480
f 2337/786/2481 2320/787/2481 2321/782/2481 2336/785/2481
f 2339/788/2482 2329/791/2482 2327/790/2482 2338/789/2482
f 2319/781/2483 2323/783/2483 2322/792/2483 2318/780/2483
f 2320/787/2484 2324/793/2484 2325/784/2484 2321/782/2484
f 2318/780/2485 2322/792/2485 2324/793/2485 2320/787/2485
f 2328/794/2486 2332/796/2486 2333/795/2486 2329/791/2486
f 2338/789/2487 2327/790/2487 2326/798/2487 2340/797/2487
f 2341/799/2488 2328/794/2488 2329/791/2488 2339/788/2488
f 2340/797/2489 2326/798/2489 2328/794/2489 2341/799/2489
f 2330/800/2490 2331/801/2490 2333/795/2490 2332/796/2490
f 2326/798/2491 2330/800/2491 2332/796/2491 2328/794/2491
f 2329/791/2492 2333/795/2492 2331/801/2492 2327/790/2492
f 2327/790/2493 2331/801/2493 2330/800/2493 2326/798/2493
f 2313/332/2494 2337/786/2494 2336/785/2494 2314/637/2494
f 1794/333/2495 2334/779/2495 2337/786/2495 2313/332/2495
f 2314/637/2496 2336/785/2496 2335/778/2496 2163/631/2496
f 2163/631/2328 2335/778/2497 2334/779/2497 1794/333/2329
f 2322/792/2498 2340/797/2498 2341/799/2498 2324/793/2498
f 2324/793/2499 2341/799/2499 2339/788/2499 2325/784/2499
f 2323/783/2500 2338/789/2500 2340/797/2500 2322/792/2500
f 2325/784/2501 2339/788/2501 2338/789/2501 2323/783/2501
f 2347/802/2502 2344/805/2502 2345/804/2502 2346/803/2502
f 2349/806/2503 2348/809/2503 2343/808/2503 2342/807/2503
f 2088/810/2504 2353/813/2504 2352/812/2504 2089/811/2504
f 2347/802/2505 2349/806/2505 2342/807/2505 2344/805/2505
f 2345/804/2506 2343/808/2506 2348/809/2506 2346/803/2506
f 2346/803/2507 2348/809/2507 2349/806/2507 2347/802/2507
f 2353/813/2508 2357/815/2508 2356/814/2508 2352/812/2508
f 2087/816/2509 2351/817/2509 2353/813/2509 2088/810/2509
f 2086/818/2510 2350/819/2510 2351/817/2510 2087/816/2510
f 2089/811/2511 2352/812/2511 2350/819/2511 2086/818/2511
f 2356/814/2512 2360/822/2512 2358/821/2512 2354/820/2512
f 2352/812/2513 2356/814/2513 2354/820/2513 2350/819/2513
f 2350/819/2514 2354/820/2514 2355/823/2514 2351/817/2514
f 2351/817/2515 2355/823/2515 2357/815/2515 2353/813/2515
f 2359/824/2516 2363/827/2516 2365/826/2516 2361/825/2516
f 2354/820/2517 2358/821/2517 2359/824/2517 2355/823/2517
f 2355/823/2518 2359/824/2518 2361/825/2518 2357/815/2518
f 2357/815/2519 2361/825/2519 2360/822/2519 2356/814/2519
f 2365/826/2520 2363/827/2520 2362/829/2520 2364/828/2520
f 2361/825/2521 2365/826/2521 2364/828/2521 2360/822/2521
f 2360/822/2522 2364/828/2522 2362/829/2522 2358/821/2522
f 2358/821/2523 2362/829/2523 2363/827/2523 2359/824/2523
f 1755/287/2524 2367/393/2524 2369/384/2524 1803/286/2524
f 2366/830/2525 2372/395/2525 2367/393/2525
f 1757/293/2526 2366/830/2526 2367/393/2526 1755/287/2526
f 2366/830/2527 1806/831/2527 2370/306/2527 2372/395/2527
f 2372/395/2528 2370/306/2528 2371/307/2528 2375/394/2528
f 2371/307/2529 1797/367/2529 2368/386/2529 2375/394/2529
f 1797/367/2530 2371/307/2530 1802/268/2530
f 1792/385/2531 2377/833/2531 2385/832/2531 1815/390/2531
f 1793/267/2532 2370/306/2532 1806/831/2532
f 2369/384/2533 2375/394/2533 2368/386/2533
f 1814/368/2534 2384/835/2534 2379/834/2534 1797/367/2534
f 1804/269/2535 2382/836/2535 2384/835/2535 1814/368/2535
f 1797/367/2536 2379/834/2536 2387/837/2536 2368/386/2536
f 2366/830/2537 2386/839/2537 2383/838/2537 1806/831/2537
f 1758/292/2538 2373/841/2538 2374/840/2538 1757/293/2538
f 1757/293/2539 2374/840/2539 2386/839/2539 2366/830/2539
f 2368/386/2540 2387/837/2540 2377/833/2540 1792/385/2540
f 1815/390/2541 2385/832/2541 2381/842/2541 1801/285/2541
f 1760/284/2542 2376/843/2542 2373/841/2542 1758/292/2542
f 1793/267/2543 2378/845/2543 2380/844/2543 1798/270/2543
f 1798/270/2544 2380/844/2544 2382/836/2544 1804/269/2544
f 1806/831/2545 2383/838/2545 2378/845/2545 1793/267/2545
f 1801/285/2546 2381/842/2546 2376/843/2546 1760/284/2546
f 2376/843/2547 2381/842/2547 2385/832/2547 2377/833/2547
f 2373/841/2548 2376/843/2548 2377/833/2548 2387/837/2548
f 2374/840/2549 2391/847/2549 2392/846/2549 2386/839/2549
f 2378/845/2550 2383/838/2550 2386/839/2550 2389/848/2550
f 2388/849/2551 2379/834/2551 2384/835/2551 2378/845/2551
f 2382/836/2552 2380/844/2552 2378/845/2552 2384/835/2552
f 2391/847/2553 2373/841/2553 2390/850/2553
f 2373/841/2554 2387/837/2554 2388/849/2554 2390/850/2554
f 2390/850/2555 2388/849/2555 2378/845/2555 2389/848/2555
f 2392/846/2556 2391/847/2556 2390/850/2556 2389/848/2556
f 2386/839/2557 2392/846/2557 2389/848/2557
f 2373/841/2558 2391/847/2558 2374/840/2558
f 2963/606/2325 2072/606/2325 2071/606/2325 2961/606/2325
f 2345/804/2559 2089/811/2559 2086/818/2559 2343/808/2559
f 2343/808/2560 2086/818/2560 2087/816/2560 2342/807/2560
f 2342/807/2561 2087/816/2561 2088/810/2561 2344/805/2561
f 2344/805/2562 2088/810/2562 2089/811/2562 2345/804/2562
f 2919/606/2563 2922/606/2563 2159/606/2563 2153/606/2563
f 2965/606/2324 2077/606/2324 2074/606/2324 2969/606/2324
f 2960/606/2564 2394/606/2564 2076/606/2564 2962/606/2564
f 2967/606/2564 2395/606/2564 2077/606/2564 2965/606/2564
f 2958/606/2565 2075/606/2565 2072/606/2565 2963/606/2565
f 2969/606/2565 2074/606/2565 2073/606/2565 2970/606/2565
f 2405/851/1249 2401/854/1249 2400/853/1249 2407/852/1249
f 2404/855/1250 2402/856/1250 2401/854/1250 2405/851/1250
f 2407/852/1251 2400/853/1251 2403/858/1251 2406/857/1251
f 2409/859/2566 2407/852/2566 2406/857/2566 2408/860/2566
f 2411/861/2567 2404/855/2567 2405/851/2567 2410/862/2567
f 2410/862/2568 2405/851/2568 2407/852/2568 2409/859/2568
f 2408/860/2569 2406/857/2569 2404/855/2569 2411/861/2569
f 2406/857/1256 2403/858/1256 2402/856/1256 2404/855/1256
f 2411/861/1013 2410/862/1013 2409/859/1013 2408/860/1013
f 2417/863/1012 2413/866/1012 2412/865/1012 2419/864/1012
f 2416/867/1257 2414/868/1257 2413/866/1257 2417/863/1257
f 2419/864/2570 2412/865/2570 2415/870/2570 2418/869/2570
f 2421/871/2571 2419/864/2571 2418/869/2571 2420/872/2571
f 2423/873/2572 2416/867/2572 2417/863/2572 2422/874/2572
f 2422/874/1012 2417/863/1012 2419/864/1012 2421/871/1012
f 2420/872/2573 2418/869/2573 2416/867/2573 2423/873/2573
f 2418/869/1013 2415/870/1013 2414/868/1013 2416/867/1013
f 2423/873/1262 2422/874/1262 2421/871/1262 2420/872/1262
f 2429/875/2574 2425/878/2574 2424/877/2574 2431/876/2574
f 2428/879/2575 2426/880/2575 2425/878/2575 2429/875/2575
f 2431/876/2576 2424/877/2576 2427/882/2576 2430/881/2576
f 2433/883/2577 2431/876/2577 2430/881/2577 2432/884/2577
f 2435/885/2578 2428/879/2578 2429/875/2578 2434/886/2578
f 2434/886/2568 2429/875/2568 2431/876/2568 2433/883/2568
f 2432/884/2569 2430/881/2569 2428/879/2569 2435/885/2569
f 2430/881/1268 2427/882/1268 2426/880/1268 2428/879/1268
f 2435/885/2579 2434/886/2579 2433/883/2579 2432/884/2579
f 2441/887/1012 2437/890/1012 2436/889/1012 2443/888/1012
f 2440/891/1270 2438/892/1270 2437/890/1270 2441/887/1270
f 2443/888/2580 2436/889/2580 2439/894/2580 2442/893/2580
f 2445/895/2581 2443/888/2581 2442/893/2581 2444/896/2581
f 2447/897/1273 2440/891/1273 2441/887/1273 2446/898/1273
f 2446/898/1012 2441/887/1012 2443/888/1012 2445/895/1012
f 2444/896/2573 2442/893/2573 2440/891/2573 2447/897/2573
f 2442/893/1013 2439/894/1013 2438/892/1013 2440/891/1013
f 2447/897/1262 2446/898/1262 2445/895/1262 2444/896/1262
f 2453/899/1274 2449/902/1274 2448/901/1274 2455/900/1274
f 2452/903/1275 2450/904/1275 2449/902/1275 2453/899/1275
f 2455/900/1276 2448/901/1276 2451/906/1276 2454/905/1276
f 2457/907/2582 2455/900/2582 2454/905/2582 2456/908/2582
f 2459/909/2583 2452/903/2583 2453/899/2583 2458/910/2583
f 2458/910/2584 2453/899/2584 2455/900/2584 2457/907/2584
f 2456/908/2585 2454/905/2585 2452/903/2585 2459/909/2585
f 2454/905/1281 2451/906/1281 2450/904/1281 2452/903/1281
f 2459/909/1013 2458/910/1013 2457/907/1013 2456/908/1013
f 2465/911/1012 2461/914/1012 2460/913/1012 2467/912/1012
f 2464/915/1282 2462/916/1282 2461/914/1282 2465/911/1282
f 2467/912/2586 2460/913/2586 2463/918/2586 2466/917/2586
f 2469/919/2587 2467/912/2587 2466/917/2587 2468/920/2587
f 2471/921/1285 2464/915/1285 2465/911/1285 2470/922/1285
f 2470/922/1012 2465/911/1012 2467/912/1012 2469/919/1012
f 2468/920/2588 2466/917/2588 2464/915/2588 2471/921/2588
f 2466/917/1013 2463/918/1013 2462/916/1013 2464/915/1013
f 2471/921/1287 2470/922/1287 2469/919/1287 2468/920/1287
f 2477/923/1288 2473/926/1288 2472/925/1288 2479/924/1288
f 2476/927/1250 2474/928/1250 2473/926/1250 2477/923/1250
f 2479/924/1251 2472/925/1251 2475/930/1251 2478/929/1251
f 2481/931/2589 2479/924/2589 2478/929/2589 2480/932/2589
f 2483/933/2590 2476/927/2590 2477/923/2590 2482/934/2590
f 2482/934/2568 2477/923/2568 2479/924/2568 2481/931/2568
f 2480/932/2591 2478/929/2591 2476/927/2591 2483/933/2591
f 2478/929/1256 2475/930/1256 2474/928/1256 2476/927/1256
f 2483/933/1013 2482/934/1013 2481/931/1013 2480/932/1013
f 2489/935/1012 2485/938/1012 2484/937/1012 2491/936/1012
f 2488/939/1292 2486/940/1292 2485/938/1292 2489/935/1292
f 2491/936/2592 2484/937/2592 2487/942/2592 2490/941/2592
f 2493/943/2593 2491/936/2593 2490/941/2593 2492/944/2593
f 2495/945/1260 2488/939/1260 2489/935/1260 2494/946/1260
f 2494/946/1012 2489/935/1012 2491/936/1012 2493/943/1012
f 2492/944/2573 2490/941/2573 2488/939/2573 2495/945/2573
f 2490/941/1013 2487/942/1013 2486/940/1013 2488/939/1013
f 2495/945/1262 2494/946/1262 2493/943/1262 2492/944/1262
f 2501/947/2594 2497/950/2594 2496/949/2594 2503/948/2594
f 2500/951/2595 2498/952/2595 2497/950/2595 2501/947/2595
f 2503/948/2596 2496/949/2596 2499/954/2596 2502/953/2596
f 2505/955/2597 2503/948/2597 2502/953/2597 2504/956/2597
f 2507/957/2598 2500/951/2598 2501/947/2598 2506/958/2598
f 2506/958/2599 2501/947/2599 2503/948/2599 2505/955/2599
f 2504/956/2600 2502/953/2600 2500/951/2600 2507/957/2600
f 2502/953/2601 2499/954/2601 2498/952/2601 2500/951/2601
f 2505/955/2602 2520/960/2602 2522/959/2602 2506/958/2602
f 2513/961/1012 2509/964/1012 2508/963/1012 2515/962/1012
f 2512/965/2603 2510/966/2603 2509/964/2603 2513/961/2603
f 2515/962/2604 2508/963/2604 2511/968/2604 2514/967/2604
f 2517/969/2605 2515/962/2605 2514/967/2605 2516/970/2605
f 2519/971/2606 2512/965/2606 2513/961/2606 2518/972/2606
f 2518/972/1012 2513/961/1012 2515/962/1012 2517/969/1012
f 2516/970/2607 2514/967/2607 2512/965/2607 2519/971/2607
f 2514/967/2608 2511/968/2608 2510/966/2608 2512/965/2608
f 2519/971/2609 2518/972/2609 2517/969/2609 2516/970/2609
f 2522/959/2610 2526/975/2610 2527/974/2610 2523/973/2610
f 2506/958/2611 2522/959/2611 2523/973/2611 2507/957/2611
f 2504/956/2612 2521/976/2612 2520/960/2612 2505/955/2612
f 2507/957/2613 2523/973/2613 2521/976/2613 2504/956/2613
f 2527/974/2614 2526/975/2614 2524/978/2614 2525/977/2614
f 2521/976/2615 2525/977/2615 2524/978/2615 2520/960/2615
f 2523/973/2616 2527/974/2616 2525/977/2616 2521/976/2616
f 2520/960/2617 2524/978/2617 2526/975/2617 2522/959/2617
f 2533/979/2618 2529/982/2618 2528/981/2618 2535/980/2618
f 2532/983/2619 2530/984/2619 2529/982/2619 2533/979/2619
f 2535/980/2620 2528/981/2620 2531/986/2620 2534/985/2620
f 2537/987/2621 2535/980/2621 2534/985/2621 2536/988/2621
f 2539/989/2622 2532/983/2622 2533/979/2622 2538/990/2622
f 2538/990/2623 2533/979/2623 2535/980/2623 2537/987/2623
f 2536/988/2624 2534/985/2624 2532/983/2624 2539/989/2624
f 2534/985/2625 2531/986/2625 2530/984/2625 2532/983/2625
f 2539/989/2626 2538/990/2626 2537/987/2626 2536/988/2626
f 2545/991/1012 2541/994/1012 2540/993/1012 2547/992/1012
f 2544/995/1328 2542/996/1328 2541/994/1328 2545/991/1328
f 2547/992/2627 2540/993/2627 2543/998/2627 2546/997/2627
f 2549/999/2628 2547/992/2628 2546/997/2628 2548/1000/2628
f 2551/1001/1285 2544/995/1285 2545/991/1285 2550/1002/1285
f 2550/1002/1012 2545/991/1012 2547/992/1012 2549/999/1012
f 2548/1000/2588 2546/997/2588 2544/995/2588 2551/1001/2588
f 2546/997/1013 2543/998/1013 2542/996/1013 2544/995/1013
f 2551/1001/1287 2550/1002/1287 2549/999/1287 2548/1000/1287
f 2557/1003/2629 2553/1006/2629 2552/1005/2629 2559/1004/2629
f 2556/1007/2630 2554/1008/2630 2553/1006/2630 2557/1003/2630
f 2559/1004/2631 2552/1005/2631 2555/1010/2631 2558/1009/2631
f 2561/1011/2632 2559/1004/2632 2558/1009/2632 2560/1012/2632
f 2563/1013/2633 2556/1007/2633 2557/1003/2633 2562/1014/2633
f 2562/1014/2634 2557/1003/2634 2559/1004/2634 2561/1011/2634
f 2560/1012/2635 2558/1009/2635 2556/1007/2635 2563/1013/2635
f 2558/1009/2636 2555/1010/2636 2554/1008/2636 2556/1007/2636
f 2563/1013/2637 2562/1014/2637 2561/1011/2637 2560/1012/2637
f 2569/1015/1012 2565/1018/1012 2564/1017/1012 2571/1016/1012
f 2568/1019/1340 2566/1020/1340 2565/1018/1340 2569/1015/1340
f 2571/1016/2638 2564/1017/2638 2567/1022/2638 2570/1021/2638
f 2573/1023/2639 2571/1016/2639 2570/1021/2639 2572/1024/2639
f 2575/1025/1343 2568/1019/1343 2569/1015/1343 2574/1026/1343
f 2574/1026/1012 2569/1015/1012 2571/1016/1012 2573/1023/1012
f 2572/1024/2640 2570/1021/2640 2568/1019/2640 2575/1025/2640
f 2570/1021/1013 2567/1022/1013 2566/1020/1013 2568/1019/1013
f 2575/1025/1345 2574/1026/1345 2573/1023/1345 2572/1024/1345
f 2592/617/2641 2579/618/2641 2577/612/2641 2591/613/2641
f 2098/625/2642 2578/626/2642 2576/1028/2642 2099/1027/2642
f 2095/608/2643 2085/609/2643 2094/611/2643
f 2577/612/2644 2579/618/2644 2095/608/2644 2094/611/2644
f 2578/626/2645 2589/627/2645 2588/1029/2645 2576/1028/2645
f 2097/1027/2646 2586/1030/2646 2587/624/2646 2098/625/2646
f 2590/616/2647 2592/617/2647 2589/627/2647 2587/624/2647
f 2100/1031/2252 2583/1033/2648 2584/620/2648 2101/1032/2253
f 2103/1034/2649 2582/621/2649 2586/1030/2649 2097/1027/2649
f 2102/1032/2650 2581/620/2650 2582/621/2650 2103/1034/2650
f 2099/1027/2651 2585/1030/2651 2583/1033/2651 2100/1031/2651
f 2099/1027/2652 2576/1028/2652 2588/1029/2652 2585/1030/2652
f 2589/627/2653 2592/617/2653 2591/613/2653 2588/1029/2653
f 2586/1030/2654 2594/622/2654 2590/616/2654 2587/624/2654
f 2583/1033/2655 2593/619/2655 2091/623/2655 2584/620/2655
f 2582/621/2656 2594/622/2656 2586/1030/2656
f 2585/1030/2657 2580/610/2657 2593/619/2657 2583/1033/2657
f 2585/1030/2658 2588/1029/2658 2591/613/2658 2580/610/2658
f 2595/1035/2659 2598/1038/2659 2597/1037/2659 2596/1036/2659
f 2596/1036/2660 2600/1040/2660 2599/1039/2660 2595/1035/2660
f 2647/1041/2661 2602/1044/2661 2601/1043/2661 2648/1042/2661
f 2600/1040/2662 2604/1046/2662 2603/1045/2662 2599/1039/2662
f 2604/1046/2663 2606/1048/2663 2605/1047/2663 2603/1045/2663
f 2606/1048/2664 2608/540/2664 2607/544/2664 2605/1047/2664
f 2641/1049/1012 2610/1051/1012 2609/1050/1012 2642/537/1012
f 2647/1041/2665 2649/1053/2665 2614/1052/2665 2602/1044/2665
f 2599/1039/2666 2613/1055/2666 2611/1054/2666 2595/1035/2666
f 2605/1047/2667 2616/1057/2667 2615/1056/2667 2603/1045/2667
f 2595/1035/2668 2611/1054/2668 2612/1058/2668 2598/1038/2668
f 2607/544/2669 2617/208/2669 2616/1057/2669 2605/1047/2669
f 2603/1045/2670 2615/1056/2670 2613/1055/2670 2599/1039/2670
f 2606/1048/2671 2623/1059/2671 2624/543/2671 2608/540/2671
f 2597/1037/2672 2619/1061/2672 2618/1060/2672 2596/1036/2672
f 2600/1040/2673 2620/1063/2673 2622/1062/2673 2604/1046/2673
f 2641/1049/1012 2643/204/1012 2625/1064/1012 2610/1051/1012
f 2648/1042/2674 2650/1065/2674 2619/1061/2674 2597/1037/2674
f 2596/1036/2675 2618/1060/2675 2620/1063/2675 2600/1040/2675
f 2604/1046/2676 2622/1062/2676 2623/1059/2676 2606/1048/2676
f 2622/1062/2677 2637/1067/2677 2638/1066/2677 2623/1059/2677
f 2615/1056/2678 2630/1069/2678 2628/1068/2678 2613/1055/2678
f 2623/1059/2679 2638/1066/2679 2639/1070/2679 2624/543/2679
f 2616/1057/2680 2631/1071/2680 2630/1069/2680 2615/1056/2680
f 2617/208/2681 2632/209/2681 2631/1071/2681 2616/1057/2681
f 2619/1061/2682 2634/1073/2682 2633/1072/2682 2618/1060/2682
f 2618/1060/2683 2633/1072/2683 2635/1074/2683 2620/1063/2683
f 2611/1054/2684 2626/1076/2684 2627/1075/2684 2612/1058/2684
f 2650/1065/2685 2652/1077/2685 2634/1073/2685 2619/1061/2685
f 2613/1055/2686 2628/1068/2686 2626/1076/2686 2611/1054/2686
f 2620/1063/2687 2635/1074/2687 2637/1067/2687 2622/1062/2687
f 2649/1053/2688 2651/1079/2688 2629/1078/2688 2614/1052/2688
f 2627/1075/2689 2626/1076/2689 2633/1072/2689 2634/1073/2689
f 2651/1079/2690 2627/1075/2690 2634/1073/2690 2652/1077/2690
f 2636/1080/2691 2621/1081/2691 2614/1052/2691 2629/1078/2691
f 2602/1044/2692 2614/1052/2692 2621/1081/2692 2601/1043/2692
f 1944/538/2693 1943/539/2693 2617/208/2693 2607/544/2693
f 1739/207/2694 2643/204/2694 2659/214/2694 1735/215/2694
f 2626/1076/2695 2628/1068/2695 2635/1074/2695 2633/1072/2695
f 2628/1068/2696 2630/1069/2696 2637/1067/2696 2635/1074/2696
f 2630/1069/2697 2631/1071/2697 2638/1066/2697 2637/1067/2697
f 2631/1071/2698 2632/209/2698 2639/1070/2698 2638/1066/2698
f 1743/1082/2699 2639/1070/2699 2632/209/2699 1736/212/2699
f 1739/207/2700 2644/1084/2700 2646/1083/2700 1740/206/2700
f 2645/205/1013 2640/1085/1013 2625/1064/1013 2643/204/1013
f 2609/1050/1013 2640/1085/1013 2645/205/1013 2642/537/1013
f 2624/543/2701 2639/1070/2701 2658/221/2701 2655/536/2701
f 1946/541/2702 1945/542/2702 2643/204/2702 2641/1049/2702
f 1946/541/2703 2641/1049/2703 2642/537/2703 1944/538/2703
f 2629/1078/2704 2651/1079/2704 2652/1077/2704 2636/1080/2704
f 2612/1058/2705 2627/1075/2705 2651/1079/2705 2649/1053/2705
f 2621/1081/2706 2636/1080/2706 2652/1077/2706 2650/1065/2706
f 2601/1043/2707 2621/1081/2707 2650/1065/2707 2648/1042/2707
f 2598/1038/2708 2612/1058/2708 2649/1053/2708 2647/1041/2708
f 2598/1038/2709 2647/1041/2709 2648/1042/2709 2597/1037/2709
f 2644/1084/2710 1739/207/2710 1735/215/2710 2657/218/2710
f 1742/219/2711 1737/216/2711 1740/206/2711 2646/1083/2711
f 1947/222/2712 2659/214/2712 2643/204/2712 1945/542/2712
f 1743/1082/2713 2644/1084/2713 2657/218/2713 2654/220/2713
f 1943/539/2714 2645/205/2714 1738/217/2714 1942/223/2714
f 1737/216/2715 1738/217/2715 2645/205/2715 1740/206/2715
f 2658/221/2716 1741/210/2716 2656/211/2716 2655/536/2716
f 2639/1070/2717 1743/1082/2717 2654/220/2717 2658/221/2717
f 2644/1084/2718 1743/1082/2718 1736/212/2718 2646/1083/2718
f 2657/218/2719 1742/219/2719 2653/213/2719 2654/220/2719
f 2646/1083/2720 1736/212/2720 2653/213/2720 1742/219/2720
f 2690/1086/2721 2665/1089/2721 2661/1088/2721 2691/1087/2721
f 2691/1087/2722 2661/1088/2722 2660/1091/2722 2692/1090/2722
f 2693/1092/2723 2663/1095/2723 2664/1094/2723 2694/1093/2723
f 2695/1096/2724 2662/1097/2724 2663/1095/2724 2693/1092/2724
f 2692/1090/2725 2660/1091/2725 2662/1097/2725 2695/1096/2725
f 2694/1093/2726 2664/1094/2726 2665/1089/2726 2690/1086/2726
f 2676/1098/2727 2666/1101/2727 2668/1100/2727 2677/1099/2727
f 2685/1102/2728 2672/1105/2728 2673/1104/2728 2684/1103/2728
f 2679/1106/2729 2669/1109/2729 2670/1108/2729 2680/1107/2729
f 2677/1099/2730 2668/1100/2730 2669/1109/2730 2679/1106/2730
f 2680/1107/2731 2670/1108/2731 2671/1111/2731 2681/1110/2731
f 2681/1110/2732 2671/1111/2732 2667/1113/2732 2678/1112/2732
f 2683/1114/2733 2674/1117/2734 2675/1116/2734 2682/1115/2735
f 2689/1118/2736 2683/1114/2736 2672/1105/2736 2685/1102/2736
f 2688/1119/2737 2682/1115/2737 2675/1116/2737 2687/1120/2737
f 2687/1120/2738 2675/1116/2738 2674/1117/2738 2686/1121/2738
f 2684/1103/2739 2673/1104/2739 2682/1115/2739 2688/1119/2739
f 2686/1121/2740 2674/1117/2740 2683/1114/2740 2689/1118/2740
f 2672/1105/2741 2683/1114/2733 2682/1115/2735 2673/1104/2741
f 2665/1089/2742 2681/1110/2742 2678/1112/2742 2661/1088/2742
f 2664/1094/2743 2680/1107/2743 2681/1110/2743 2665/1089/2743
f 2662/1097/2744 2677/1099/2744 2679/1106/2744 2663/1095/2744
f 2663/1095/2745 2679/1106/2745 2680/1107/2745 2664/1094/2745
f 2660/1091/2746 2676/1098/2746 2677/1099/2746 2662/1097/2746
f 2667/1113/2747 2686/1121/2747 2689/1118/2747 2678/1112/2747
f 2660/1091/2748 2684/1103/2748 2688/1119/2748 2676/1098/2748
f 2666/1101/2749 2687/1120/2749 2686/1121/2749 2667/1113/2749
f 2676/1098/2750 2688/1119/2750 2687/1120/2750 2666/1101/2750
f 2678/1112/2751 2689/1118/2751 2685/1102/2751 2661/1088/2751
f 2661/1088/2752 2685/1102/2752 2684/1103/2752 2660/1091/2752
f 2667/1113/2753 2671/1111/2753 2668/1100/2753 2666/1101/2753
f 2669/1109/2754 2668/1100/2754 2671/1111/2754 2670/1108/2754
f 1890/467/2755 2694/1093/2755 2690/1086/2755 1891/498/2755
f 1886/531/2756 2692/1090/2756 2695/1096/2756 1888/530/2756
f 1888/530/2757 2695/1096/2757 2693/1092/2757 1889/468/2757
f 1889/468/2758 2693/1092/2758 2694/1093/2758 1890/467/2758
f 1887/501/2759 2691/1087/2759 2692/1090/2759 1886/531/2759
f 1891/498/2760 2690/1086/2760 2691/1087/2760 1887/501/2760
f 1940/464/2761 1899/455/2761 1939/456/2761 2697/463/2761
f 2697/463/2762 1896/466/2762 1897/499/2762 2696/462/2762
f 2697/463/2763 1939/456/2763 1895/465/2763 1896/466/2763
f 1903/396/2764 1901/397/2764 2699/1123/2764 2698/1122/2764
f 1941/461/2765 1902/488/2765 2698/1122/2765
f 1899/455/2766 1940/464/2766 2699/1123/2766
f 1788/302/2767 1790/311/2767 1834/308/2767 1836/305/2767
f 2699/1123/2768 1901/397/2768 1899/455/2768
f 2699/1123/2769 1940/464/2769 1941/461/2769 2698/1122/2769
f 1902/488/2770 1903/396/2770 2698/1122/2770
f 1790/311/2771 2705/342/2771 2704/338/2771 1789/310/2771
f 2761/1124/2772 2708/288/2772 2709/289/2772 2759/1125/2772
f 1783/351/2773 2701/339/2773 2702/347/2773 1786/350/2773
f 1788/302/2774 2700/317/2774 2705/342/2774 1790/311/2774
f 1789/310/2775 2704/338/2775 2701/339/2775 1783/351/2775
f 1787/303/2776 2703/316/2776 2700/317/2776 1788/302/2776
f 1784/352/2777 1785/353/2777 1836/305/2777 1834/308/2777
f 1834/308/2778 1835/309/2778 1784/352/2778
f 1837/304/2779 1836/305/2779 1785/353/2779
f 1776/336/2780 1775/337/2780 1772/301/2780 1777/379/2780
f 1773/300/2781 1772/301/2781 1775/337/2781 1774/355/2781
f 1787/303/2782 1837/304/2782 1785/353/2782 1786/350/2782
f 2760/297/2783 2707/291/2783 2708/288/2783 2761/1124/2783
f 2759/1125/2784 2709/289/2784 2706/290/2784 2762/296/2784
f 2703/316/2785 2710/1127/2785 2713/1126/2785 2702/347/2785
f 1786/350/2786 2712/1129/2786 2711/1128/2786 1787/303/2786
f 1787/303/2787 2711/1128/2787 2710/1127/2787 2703/316/2787
f 2702/347/2788 2713/1126/2788 2712/1129/2788 1786/350/2788
f 2720/1130/2789 2714/1133/2789 2717/1132/2789 2719/1131/2789
f 2721/1134/2790 2715/1137/2790 2716/1136/2790 2718/1135/2790
f 2718/1135/2791 2716/1136/2792 2714/1133/2793 2720/1130/2791
f 2719/1131/2794 2717/1132/2794 2715/1137/2794 2721/1134/2794
f 2713/1126/2795 2719/1131/2795 2721/1134/2795 2712/1129/2795
f 2711/1128/2796 2718/1135/2796 2720/1130/2796 2710/1127/2796
f 2712/1129/2797 2721/1134/2797 2718/1135/2797 2711/1128/2797
f 2710/1127/2798 2720/1130/2798 2719/1131/2798 2713/1126/2798
f 2714/1133/2799 2722/1139/2799 2725/1138/2799 2717/1132/2799
f 2715/1137/2800 2723/1141/2800 2724/1140/2800 2716/1136/2800
f 2716/1136/2792 2724/1140/2801 2722/1139/2801 2714/1133/2793
f 2717/1132/2802 2725/1138/2802 2723/1141/2802 2715/1137/2802
f 1835/309/2803 1789/310/2803 1783/351/2803 1784/352/2803
f 2774/225/2804 2728/226/2804 2729/283/2804 2777/391/2804
f 2775/392/2805 2726/282/2805 2727/227/2805 2776/224/2805
f 1911/572/2806 1756/247/2806 2738/378/2806 2741/535/2806
f 1799/364/2807 1796/365/2807 2739/502/2807 2735/603/2807
f 2023/416/2808 1843/1143/2808 2778/1142/2808 2780/415/2808
f 1812/374/2809 1911/572/2809 2741/535/2809 2736/373/2809
f 1847/1144/2810 2745/1147/2810 2787/1146/2810 2792/1145/2810
f 1909/605/2811 2737/377/2811 2734/532/2811 1847/1144/2811
f 2066/523/2812 1906/382/2812 2740/503/2812 2730/510/2812
f 1796/365/2813 1905/512/2813 2740/503/2813 2739/502/2813
f 1842/574/2814 2770/1149/2814 2769/1148/2814 1845/249/2814
f 2069/573/2815 1816/360/2815 1900/414/2815 2731/412/2815
f 1909/605/2816 1848/357/2816 2738/378/2816 2737/377/2816
f 1909/605/2817 2744/1150/2817 2743/315/2817 1844/312/2817
f 2751/363/2818 2756/372/2818 2736/373/2818 1795/534/2818
f 2743/315/2819 2744/1150/2819 2793/1151/2819 2789/314/2819
f 2742/1152/2820 2745/1147/2820 2784/1154/2821 2781/1153/2822
f 1843/1143/2823 2742/1152/2823 2781/1153/2824 2778/1142/2825
f 2733/1155/2826 2747/1157/2826 2746/1156/2826 2734/532/2826
f 2734/532/2827 2746/1156/2827 2783/1158/2827 2784/1154/2827
f 1799/364/2828 2735/603/2828 2756/372/2828 2751/363/2828
f 1759/361/2829 1904/362/2829 2755/526/2829 2752/366/2829
f 2065/511/2830 1905/512/2830 2755/526/2830 2750/524/2830
f 2067/533/2831 1907/514/2831 2753/381/2831 2754/522/2831
f 1800/604/2832 1817/383/2832 2749/380/2832 2748/375/2832
f 1808/410/2833 2749/380/2833 2753/381/2833 1907/514/2833
f 2735/603/2834 1800/604/2834 2748/375/2834 2756/372/2834
f 1795/534/2835 1759/361/2835 2752/366/2835 2751/363/2835
f 2730/510/2836 2757/1159/2836 2754/522/2836 2066/523/2836
f 2757/1159/2837 2758/1160/2837 2067/533/2837 2754/522/2837
f 2731/412/2838 2758/1160/2838 2070/525/2838 2069/573/2838
f 2068/413/2839 2067/533/2839 2758/1160/2839 2731/412/2839
f 2750/524/2840 2070/525/2840 2758/1160/2840 2757/1159/2840
f 2065/511/2841 2750/524/2841 2757/1159/2841 2730/510/2841
f 2765/1161/2842 2759/1125/2842 2762/296/2842 2764/1162/2842
f 2766/1163/2843 2760/297/2843 2761/1124/2843 2763/1164/2843
f 2763/1164/2844 2761/1124/2844 2759/1125/2844 2765/1161/2844
f 2764/1162/2845 2762/296/2845 2760/297/2845 2766/1163/2845
f 2725/1138/2846 2764/1162/2846 2766/1163/2846 2723/1141/2846
f 2724/1140/2847 2763/1164/2847 2765/1161/2847 2722/1139/2847
f 2723/1141/2848 2766/1163/2848 2763/1164/2848 2724/1140/2848
f 2722/1139/2849 2765/1161/2849 2764/1162/2849 2725/1138/2849
f 2770/1149/2850 2771/1166/2850 2768/1165/2850 2769/1148/2850
f 1839/409/2851 1840/250/2851 1912/513/2851 1900/414/2851
f 2732/529/2852 2767/1168/2852 2772/1167/2852 2773/528/2852
f 1846/527/2853 2773/528/2853 2770/1149/2853 1842/574/2853
f 2773/528/2854 2772/1167/2854 2771/1166/2854 2770/1149/2854
f 1845/249/2855 2769/1148/2855 2732/529/2855 1908/248/2855
f 2769/1148/2856 2768/1165/2856 2767/1168/2856 2732/529/2856
f 2771/1166/2857 2775/392/2857 2776/224/2857 2768/1165/2857
f 2767/1168/2858 2774/225/2858 2777/391/2858 2772/1167/2858
f 2772/1167/2859 2777/391/2859 2775/392/2859 2771/1166/2859
f 2768/1165/2860 2776/224/2860 2774/225/2860 2767/1168/2860
f 2792/1145/2810 2793/1151/2810 1847/1144/2810
f 2778/376/2861 2779/376/2861 2780/376/2861
f 2779/1169/2862 2733/1155/2862 2064/408/2862 2780/415/2862
f 2784/376/2821 2783/376/2863 2782/376/2863 2781/376/2822
f 2783/1158/2863 2746/1156/2864 2747/1157/2864 2782/1170/2863
f 2781/376/2824 2782/376/2865 2779/376/2866 2778/376/2825
f 2782/1170/2865 2747/1157/2867 2733/1155/2867 2779/1169/2866
f 2786/376/2868 1843/376/2868 2023/376/2868
f 2785/376/2869 2742/376/2869 1843/376/2869 2786/376/2869
f 2787/376/2870 2745/376/2870 2742/376/2870 2785/376/2870
f 2791/376/2871 2790/376/2871 2794/376/2871
f 2790/1171/2872 2786/1172/2872 2023/416/2872 2794/411/2872
f 2789/376/2873 2788/376/2873 2790/376/2873 2791/376/2873
f 2788/1173/2874 2785/1174/2874 2786/1172/2874 2790/1171/2874
f 2793/376/2875 2792/376/2875 2788/376/2875 2789/376/2875
f 2792/1145/2876 2787/1146/2876 2785/1174/2876 2788/1173/2876
f 2793/1151/2877 2744/1150/2877 1909/605/2877 1847/1144/2877
f 2784/1154/2878 2745/1147/2878 1847/1144/2878 2734/532/2878
f 2795/1175/2879 2796/1178/2879 2797/1177/2879 2798/1176/2879
f 2804/1179/2880 2807/1182/2880 2806/1181/2880 2805/1180/2880
f 2798/1176/2881 2799/1184/2881 2802/1183/2881 2795/1175/2881
f 2802/1183/2882 2799/1184/2882 2800/1186/2882 2801/1185/2882
f 2807/1182/2883 2804/1179/2883 2803/1188/2883 2808/1187/2883
f 2803/1188/2884 2810/1190/2884 2809/1189/2884 2808/1187/2884
f 2801/1185/2885 2810/1190/2885 2803/1188/2885 2802/1183/2885
f 2799/1184/2886 2808/1187/2886 2809/1189/2886 2800/1186/2886
f 2797/1177/2887 2806/1181/2887 2807/1182/2887 2798/1176/2887
f 2795/1175/2888 2804/1179/2888 2805/1180/2888 2796/1178/2888
f 2800/1186/2889 2809/1189/2889 2810/1190/2889 2801/1185/2889
f 2798/1176/2890 2807/1182/2890 2808/1187/2890 2799/1184/2890
f 2796/1178/2891 2805/1180/2891 2806/1181/2891 2797/1177/2891
f 2802/1183/2892 2803/1188/2892 2804/1179/2892 2795/1175/2892
f 1876/1191/2893 1875/1194/2893 1867/1193/2893 1877/1192/2893
f 1875/1194/2894 1870/1196/2894 1869/1195/2894 1867/1193/2894
f 1868/1197/2895 1869/1195/2895 1870/1196/2895
f 1869/1195/2896 2814/448/2896 2817/454/2896 1867/1193/2896
f 1875/1194/2897 2812/438/2897 2813/450/2897 1870/1196/2897
f 1867/1193/2898 2817/454/2898 2811/434/2898 1877/1192/2898
f 1870/1196/2899 2813/450/2899 2816/447/2899 1868/1197/2899
f 1868/1197/2900 2816/447/2900 2814/448/2900 1869/1195/2900
f 1876/1191/2901 2815/435/2901 2812/438/2901 1875/1194/2901
f 1877/1192/2902 2811/434/2902 2815/435/2902 1876/1191/2902
f 1874/443/2903 1878/444/2903 1879/445/2903 1873/452/2903
f 1873/452/2904 1879/445/2904 1880/446/2904 1881/437/2904
f 1882/436/2905 1881/437/2905 1880/446/2905
f 1920/322/2906 1919/520/2906 1918/519/2906 1921/326/2906
f 1923/504/2907 1921/326/2907 1918/519/2907 1917/388/2907
f 1917/388/2908 1922/389/2908 1923/504/2908
f 1932/508/2909 1933/1198/2909 1930/509/2909 1931/507/2909
f 1933/1198/2910 1935/370/2910 1929/371/2910 1930/509/2910
f 2842/1199/2911 2821/1202/2911 2818/1201/2911 2843/1200/2911
f 2825/1203/2912 2829/1206/2912 2827/1205/2912 2823/1204/2912
f 2819/1207/2913 2825/1203/2913 2823/1204/2913 2820/1208/2913
f 2842/1199/2914 2844/1210/2914 2822/1209/2914 2821/1202/2914
f 2821/1202/2915 2822/1209/2915 2824/1211/2915 2818/1201/2915
f 2843/1200/2916 2845/1212/2916 2825/1203/2916 2819/1207/2916
f 2865/1213/2917 2830/1216/2917 2832/1215/2917 2860/1214/2917
f 2844/1210/2918 2846/1218/2918 2826/1217/2918 2822/1209/2918
f 2822/1209/2919 2826/1217/2919 2828/1219/2919 2824/1211/2919
f 2845/1212/2920 2847/1220/2920 2829/1206/2920 2825/1203/2920
f 2848/1221/2921 2849/1222/2921 2832/1215/2921 2830/1216/2921
f 2864/1223/2922 2849/1222/2923 2833/1225/2924 2861/1224/2924
f 2861/1224/2925 2833/1225/2925 2831/1227/2925 2862/1226/2925
f 2863/1228/2926 2848/1221/2926 2830/1216/2926 2865/1213/2926
f 2846/1218/2927 2850/1230/2927 2837/1229/2927 2826/1217/2927
f 2850/1230/2928 2851/1232/2928 2836/1231/2928 2837/1229/2928
f 2829/1206/2929 2838/1234/2929 2840/1233/2929 2827/1205/2929
f 2838/1234/2930 2839/1236/2930 2841/1235/2930 2840/1233/2930
f 2847/1220/2931 2852/1237/2931 2838/1234/2931 2829/1206/2931
f 2852/1237/2932 2853/1238/2932 2839/1236/2932 2838/1234/2932
f 2826/1217/2933 2837/1229/2933 2834/1239/2933 2828/1219/2933
f 2837/1229/2934 2836/1231/2934 2835/1240/2934 2834/1239/2934
f 2834/1239/2935 2835/1240/2935 2853/1238/2935 2852/1237/2935
f 2828/1219/2936 2834/1239/2936 2852/1237/2936 2847/1220/2936
f 2840/1233/2937 2841/1235/2937 2851/1232/2937 2850/1230/2937
f 2827/1205/2938 2840/1233/2938 2850/1230/2938 2846/1218/2938
f 2862/1226/2939 2831/1227/2939 2848/1221/2939 2863/1228/2939
f 2860/1214/2940 2832/1215/2940 2849/1222/2923 2864/1223/2922
f 2831/1227/2941 2833/1225/2941 2849/1222/2941 2848/1221/2941
f 2824/1211/2942 2828/1219/2942 2847/1220/2942 2845/1212/2942
f 2823/1204/2943 2827/1205/2943 2846/1218/2943 2844/1210/2943
f 2818/1201/2944 2824/1211/2944 2845/1212/2944 2843/1200/2944
f 2820/1208/2945 2823/1204/2945 2844/1210/2945 2842/1199/2945
f 2820/1208/2946 2842/1199/2946 2843/1200/2946 2819/1207/2946
f 2835/1240/2947 2854/1242/2947 2859/1241/2947 2853/1238/2947
f 2841/1235/2948 2856/1244/2948 2858/1243/2948 2851/1232/2948
f 2851/1232/2949 2858/1243/2949 2857/1245/2949 2836/1231/2949
f 2839/1236/2950 2855/1246/2950 2856/1244/2950 2841/1235/2950
f 2853/1238/2951 2859/1241/2951 2855/1246/2951 2839/1236/2951
f 2836/1231/2952 2857/1245/2952 2854/1242/2952 2835/1240/2952
f 2854/1242/2953 2860/1214/2953 2864/1223/2953 2859/1241/2953
f 2856/1244/2954 2862/1226/2954 2863/1228/2954 2858/1243/2954
f 2858/1243/2955 2863/1228/2955 2865/1213/2955 2857/1245/2955
f 2855/1246/2956 2861/1224/2956 2862/1226/2956 2856/1244/2956
f 2859/1241/2957 2864/1223/2957 2861/1224/2957 2855/1246/2957
f 2857/1245/2958 2865/1213/2958 2860/1214/2958 2854/1242/2958
f 2866/516/2959 1933/1198/2959 1932/508/2959 2867/521/2959
f 1934/517/2960 1935/370/2960 1933/1198/2960 2866/516/2960
f 2867/521/2961 1932/508/2961 1914/505/2961
f 2885/1247/2962 2884/1250/2962 2869/1249/2962 2868/1248/2962
f 2886/1251/2963 2885/1247/2964 2868/1248/2964 2870/1252/2965
f 2887/1253/2966 2886/1251/2967 2870/1252/2967 2871/1254/2968
f 2884/1250/2969 2887/1253/2969 2871/1254/2969 2869/1249/2969
f 2893/1255/2970 2892/1255/2971 2873/1255/2971 2872/1255/2972
f 2894/1255/2973 2893/1255/2974 2872/1255/2974 2874/1255/2975
f 2895/1255/2976 2894/1255/2976 2874/1255/2976 2875/1255/2976
f 2892/1255/2977 2895/1255/2977 2875/1255/2977 2873/1255/2977
f 2901/1255/2978 2900/1255/2979 2877/1255/2979 2876/1255/2980
f 2902/1255/2981 2901/1255/2981 2876/1255/2981 2878/1255/2981
f 2903/1255/2982 2902/1255/2982 2878/1255/2982 2879/1255/2982
f 2900/1255/2983 2903/1255/2984 2879/1255/2984 2877/1255/2985
f 2909/1256/2986 2908/1256/2986 2881/1256/2986 2880/1256/2986
f 2910/1256/2987 2909/1256/2987 2880/1256/2987 2882/1256/2987
f 2911/1256/2988 2910/1256/2988 2882/1256/2988 2883/1256/2988
f 2908/1256/2989 2911/1256/2989 2883/1256/2989 2881/1256/2989
f 1751/558/2990 1752/557/2990 1747/571/2990 1750/559/2990
f 1753/556/2991 1749/560/2991 1747/571/2991 1752/557/2991
f 1754/555/2992 1749/560/2992 1753/556/2992
f 2028/1257/2993 1997/575/2994 2887/1259/2993 2884/1258/2993
f 1997/575/2995 1996/576/2996 2886/1260/2997 2887/1259/2998
f 1996/576/2999 2029/1262/3000 2885/1261/3000 2886/1260/3001
f 2029/1262/3002 2028/1257/3002 2884/1258/3002 2885/1261/3002
f 2868/1248/3003 2869/1249/3003 2891/1264/3003 2888/1263/3003
f 2870/1252/3004 2868/1248/3005 2888/1263/3005 2889/1265/3006
f 2871/1254/3007 2870/1252/3008 2889/1265/3008 2890/1266/3009
f 2869/1249/3010 2871/1254/3010 2890/1266/3010 2891/1264/3010
f 2040/1267/3011 1988/563/3011 2895/1269/3011 2892/1268/3011
f 1988/563/3012 1987/585/3013 2894/1270/3012 2895/1269/3012
f 1987/585/3014 2041/1272/3015 2893/1271/3015 2894/1270/3016
f 2041/1272/3017 2040/1267/3018 2892/1268/3018 2893/1271/3019
f 2872/1255/3020 2873/1255/3021 2899/1255/3021 2896/1255/3022
f 2874/1255/3023 2872/1255/3024 2896/1255/3024 2897/1255/3025
f 2875/1255/3026 2874/1255/3026 2897/1255/3026 2898/1255/3026
f 2873/1255/3027 2875/1255/3027 2898/1255/3027 2899/1255/3027
f 1991/590/3028 2046/1275/3029 2903/1274/3029 2900/1273/3030
f 2046/1275/3031 2047/1277/3031 2902/1276/3031 2903/1274/3031
f 2047/1277/3032 1990/594/3033 2901/1278/3032 2902/1276/3032
f 1990/594/3034 1991/590/3035 2900/1273/3036 2901/1278/3037
f 2876/1255/3038 2877/1255/3039 2907/1255/3039 2904/1255/3040
f 2878/1255/3041 2876/1255/3041 2904/1255/3041 2905/1255/3041
f 2879/1255/3042 2878/1255/3042 2905/1255/3042 2906/1255/3042
f 2877/1255/3043 2879/1255/3044 2906/1255/3044 2907/1255/3045
f 2055/1279/3046 2054/1282/3046 2911/1281/3046 2908/1280/3046
f 2054/1282/3047 2001/600/3047 2910/1283/3047 2911/1281/3047
f 2001/600/3048 1999/601/3048 2909/1284/3048 2910/1283/3048
f 1999/601/3049 2055/1279/3049 2908/1280/3049 2909/1284/3049
f 2880/1256/3050 2881/1256/3050 2915/1256/3050 2912/1256/3050
f 2882/1256/3051 2880/1256/3051 2912/1256/3051 2913/1256/3051
f 2883/1256/3052 2882/1256/3052 2913/1256/3052 2914/1256/3052
f 2881/1256/3053 2883/1256/3053 2914/1256/3053 2915/1256/3053
f 2080/1285/2563 2079/1288/2563 2922/1287/2563 2919/1286/2563
f 2081/1289/2235 2082/1292/2235 2917/1291/2235 2918/1290/2235
f 2082/1292/2234 2083/1285/2234 2916/1293/2234 2917/1291/2234
f 2083/1285/2231 2084/1295/2231 2920/1294/2231 2916/1293/2231
f 2079/1288/2230 2078/1289/2230 2921/1296/2230 2922/1287/2230
f 2084/1295/2227 2080/1285/2227 2919/1286/2227 2920/1294/2227
f 2153/1297/2228 2928/1300/2322 2929/1299/2322 2154/1298/2229
f 2154/1298/2232 2929/1299/2321 2927/1300/2321 2155/1297/2233
f 2156/1301/2320 2925/1304/2320 2926/1303/2320 2157/1302/2320
f 2159/1305/2319 2924/1306/2319 2928/1300/2319 2153/1297/2319
f 2158/1302/2317 2923/1307/2317 2924/1306/2317 2159/1305/2317
f 2155/1297/2316 2927/1300/2316 2925/1304/2316 2156/1301/2316
f 2149/1308/2315 2935/1311/2315 2936/1310/2315 2148/1309/2315
f 2151/1312/2312 2933/1315/2312 2934/1314/2312 2150/1313/2312
f 2152/1313/2309 2932/1316/2309 2933/1315/2309 2151/1312/2309
f 2150/1313/3054 2934/1314/2306 2935/1311/2306 2149/1308/3054
f 2147/1309/2305 2930/1310/2305 2931/1318/2305 2146/1317/2305
f 2146/1317/2304 2931/1318/2304 2932/1316/2304 2152/1313/2304
f 2145/1319/2303 2942/1322/2303 2943/1321/2303 2139/1320/2303
f 2144/1323/2302 2941/1324/2302 2942/1322/2302 2145/1319/2302
f 2141/1320/2307 2939/1327/2301 2940/1326/2301 2142/1325/2308
f 2139/1320/2310 2943/1321/2300 2938/1329/2300 2140/1328/2311
f 2140/1328/2313 2938/1329/2299 2939/1327/2299 2141/1320/2314
f 2142/1325/2298 2940/1326/2298 2937/1324/2298 2143/1323/2298
f 2135/1330/2295 2949/1333/2295 2950/1332/2295 2134/1331/2295
f 2137/1334/2292 2947/1337/2292 2948/1336/2292 2136/1335/2292
f 2138/1338/2289 2946/1339/2289 2947/1337/2289 2137/1334/2289
f 2136/1335/2286 2948/1336/2286 2949/1333/2286 2135/1330/2286
f 2133/1331/2283 2944/1332/2283 2945/1341/2283 2132/1340/2283
f 2132/1340/2279 2945/1341/2279 2946/1339/2282 2138/1338/2279
f 2128/1342/2296 2956/1345/2278 2957/1344/2278 2129/1343/2297
f 2131/1346/2280 2954/1349/2277 2955/1348/2277 2125/1347/2281
f 2130/1343/2284 2953/1344/2276 2954/1349/2276 2131/1346/2285
f 2127/1347/2287 2952/1350/2275 2956/1345/2275 2128/1342/2288
f 2125/1347/2290 2955/1348/2274 2951/1352/2274 2126/1351/2291
f 2126/1351/2293 2951/1352/2273 2952/1350/2273 2127/1347/2294
f 2122/1353/2565 2958/1356/2565 2963/1355/2565 2121/1354/2565
f 2124/1357/2564 2960/1360/2564 2962/1359/2564 2123/1358/2564
f 2121/1354/2325 2963/1355/2325 2961/1362/2325 2120/1361/2325
f 2123/1358/2324 2962/1359/2324 2958/1356/2324 2122/1353/2324
f 2118/1363/2323 2959/1364/2323 2960/1360/2323 2124/1357/2323
f 2119/1361/2236 2964/1362/2236 2959/1364/2236 2118/1363/2236
f 2075/1365/2565 2969/1368/2565 2970/1367/2565 2072/1366/2565
f 2394/1369/2564 2967/1372/2564 2965/1371/2564 2076/1370/2564
f 2076/1370/2324 2965/1371/2324 2969/1368/2324 2075/1365/2324
f 2072/1366/2325 2970/1367/2325 2968/1374/2325 2071/1373/2325
f 2397/1373/2236 2966/1377/2236 2971/1376/2236 2398/1375/2236
f 2398/1375/2323 2971/1376/2323 2967/1372/2323 2394/1369/2323
f 2396/1378/3055 2973/1381/3055 2978/1380/3055 2399/1379/3055
f 2399/1379/2271 2978/1380/2271 2977/1383/2271 2395/1382/2271
f 2073/1384/3056 2974/1386/3056 2976/1385/3056 2393/1378/3056
f 2077/1387/2268 2972/1389/2268 2975/1388/2268 2074/1382/2268
f 2395/1382/2267 2977/1383/2267 2972/1389/2267 2077/1387/2267
f 2074/1382/3057 2975/1388/2266 2974/1386/2266 2073/1384/3057
f 2111/1390/2265 2984/1393/2264 2985/1392/2265 2112/1391/2265
f 2112/1391/2263 2985/1392/2263 2983/1394/2263 2113/1390/2263
f 2114/1395/3058 2981/1398/3058 2982/1397/3058 2115/1396/3058
f 2117/1399/2261 2980/1400/2261 2984/1393/2261 2111/1390/2261
f 2116/1396/3059 2979/1401/3059 2980/1400/3059 2117/1399/3059
f 2113/1390/3060 2983/1394/2259 2981/1398/2259 2114/1395/3060
f 2108/1402/3061 2991/1405/3061 2992/1404/3061 2107/1403/3061
f 2105/1406/3062 2989/1409/2255 2990/1408/2257 2104/1407/3062
f 2104/1407/2254 2990/1408/2254 2988/1410/2254 2110/1402/2254
f 2107/1403/3063 2992/1404/3063 2987/1411/3063 2106/1406/3063
f 2109/1412/3064 2986/1413/3064 2991/1405/3064 2108/1402/3064
f 2110/1402/3065 2988/1410/3065 2986/1413/3065 2109/1412/3065
f 2387/837/3066 2379/834/3066 2388/849/3066
o M_Skeleton.Jaw
v 0.000000 1.355603 0.169165
v 0.000000 1.394193 0.193450
v 0.000000 1.375083 0.193566
v 0.000000 1.352010 0.197012
v 0.107520 1.484553 0.039100
v 0.062549 1.388067 0.081653
v 0.105176 1.423838 0.053171
v 0.082597 1.392222 0.081197
v 0.071357 1.378071 0.108409
v 0.064469 1.373912 0.106788
v 0.032615 1.393325 0.179197
v 0.040382 1.377259 0.183514
v 0.069463 1.411684 0.115007
v 0.020208 1.391610 0.188724
v 0.021679 1.377149 0.191193
v 0.027087 1.352935 0.194765
v 0.079280 1.426148 0.096236
v 0.089941 1.404082 0.065893
v 0.083359 1.483997 0.108891
v 0.039848 1.361783 0.152628
v 0.030352 1.415362 0.188154
v 0.025283 1.417458 0.191651
v 0.019983 1.417260 0.194924
v 0.012848 1.419574 0.196066
v 0.000000 1.403229 0.196715
v 0.048642 1.411409 0.142912
v 0.017270 1.394767 0.192441
v 0.024434 1.392204 0.182152
v 0.042018 1.405439 0.170179
v 0.038985 1.395079 0.170421
v 0.056985 1.424835 0.144236
v 0.063569 1.423655 0.114166
v 0.041116 1.400525 0.153826
v 0.065182 1.415312 0.112384
v 0.048392 1.404845 0.136887
v 0.061924 1.414814 0.142486
v 0.062120 1.380507 0.128150
v 0.060093 1.430786 0.117437
v 0.050519 1.423211 0.147093
v 0.063549 1.407158 0.133168
v 0.041425 1.416618 0.172678
v 0.037193 1.404737 0.185787
v 0.037288 1.416458 0.183035
v 0.031086 1.402220 0.186394
v 0.027025 1.402274 0.194642
v 0.020363 1.403719 0.195906
v 0.011335 1.403528 0.198498
v 0.010744 1.392426 0.193979
v 0.048252 1.424026 0.108490
v 0.040216 1.409280 0.161432
v 0.033347 1.408000 0.168723
v 0.028253 1.407591 0.178694
v 0.030968 1.416783 0.181305
v 0.028452 1.416050 0.184500
v 0.018472 1.406200 0.184939
v 0.020872 1.415641 0.189677
v 0.012582 1.415883 0.191012
v 0.049587 1.430634 0.112847
v 0.036294 1.416523 0.170295
v 0.035422 1.418969 0.177036
v 0.000000 1.418559 0.196315
v 0.000000 1.415908 0.191537
v 0.024490 1.406336 0.183779
v 0.000000 1.390869 0.185242
v 0.010675 1.391039 0.184604
v 0.016924 1.396290 0.168014
v 0.000000 1.397259 0.174747
v 0.014845 1.351421 0.196645
v 0.012406 1.376916 0.192024
v 0.018366 1.357396 0.165606
v 0.051278 1.366832 0.131709
v 0.045545 1.358697 0.166075
v 0.046121 1.364801 0.140589
v 0.033180 1.376946 0.187854
v 0.047724 1.377710 0.168561
v 0.035762 1.354107 0.185631
v 0.091393 1.484296 0.039703
v 0.068297 1.426960 0.094421
v 0.071395 1.471846 0.103506
v 0.088194 1.420959 0.054779
v 0.082818 1.458024 0.102206
v 0.105150 1.459260 0.046474
v 0.070870 1.456066 0.100035
v 0.088778 1.458283 0.047350
v 0.089717 1.463273 0.089539
v 0.088977 1.483162 0.089086
v 0.078714 1.459030 0.084533
v 0.077358 1.473146 0.084856
v 0.082389 1.459145 0.065347
v 0.092916 1.482090 0.060545
v 0.080973 1.479481 0.060512
v 0.093729 1.461783 0.067491
v 0.000000 1.355603 0.169165
v 0.000000 1.394193 0.193450
v 0.000000 1.375083 0.193566
v 0.000000 1.352010 0.197012
v -0.107520 1.484553 0.039100
v -0.062549 1.388067 0.081653
v -0.105176 1.423838 0.053171
v -0.082597 1.392222 0.081197
v -0.071357 1.378071 0.108409
v -0.064469 1.373912 0.106788
v -0.032615 1.393325 0.179197
v -0.040382 1.377259 0.183514
v -0.069463 1.411684 0.115007
v -0.020208 1.391610 0.188724
v -0.021679 1.377149 0.191193
v -0.027087 1.352935 0.194765
v -0.079280 1.426148 0.096236
v -0.089941 1.404082 0.065894
v -0.083359 1.483997 0.108891
v -0.039848 1.361783 0.152628
v -0.030352 1.415362 0.188154
v -0.025283 1.417458 0.191651
v -0.019983 1.417260 0.194924
v -0.012848 1.419574 0.196066
v 0.000000 1.403229 0.196715
v -0.048642 1.411409 0.142912
v -0.017270 1.394767 0.192441
v -0.024434 1.392204 0.182152
v -0.042018 1.405439 0.170179
v -0.038985 1.395079 0.170421
v -0.056985 1.424835 0.144236
v -0.063569 1.423655 0.114166
v -0.041116 1.400525 0.153826
v -0.065182 1.415312 0.112384
v -0.048392 1.404845 0.136887
v -0.061924 1.414814 0.142486
v -0.062120 1.380507 0.128150
v -0.060093 1.430786 0.117437
v -0.050519 1.423211 0.147093
v -0.063549 1.407158 0.133168
v -0.041425 1.416618 0.172678
v -0.037193 1.404737 0.185787
v -0.037288 1.416458 0.183035
v -0.031086 1.402220 0.186394
v -0.027025 1.402274 0.194642
v -0.020363 1.403719 0.195906
v -0.011335 1.403528 0.198498
v -0.010744 1.392426 0.193979
v -0.048252 1.424026 0.108490
v -0.040216 1.409280 0.161432
v -0.033347 1.408000 0.168723
v -0.028253 1.407591 0.178694
v -0.030968 1.416783 0.181305
v -0.028452 1.416050 0.184500
v -0.018472 1.406200 0.184939
v -0.020872 1.415641 0.189677
v -0.012582 1.415883 0.191012
v -0.049587 1.430634 0.112847
v -0.036294 1.416523 0.170295
v -0.035422 1.418969 0.177036
v 0.000000 1.418559 0.196315
v 0.000000 1.415908 0.191537
v -0.024490 1.406336 0.183779
v 0.000000 1.390869 0.185242
v -0.010675 1.391039 0.184604
v -0.016924 1.396290 0.168014
v 0.000000 1.397259 0.174747
v -0.014845 1.351421 0.196645
v -0.012406 1.376916 0.192024
v -0.018366 1.357396 0.165606
v -0.051278 1.366832 0.131709
v -0.045545 1.358697 0.166075
v -0.046121 1.364801 0.140589
v -0.033180 1.376946 0.187854
v -0.047724 1.377710 0.168561
v -0.035762 1.354107 0.185631
v -0.091393 1.484296 0.039703
v -0.068297 1.426960 0.094421
v -0.071395 1.471846 0.103507
v -0.088194 1.420959 0.054779
v -0.082818 1.458024 0.102206
v -0.105150 1.459260 0.046474
v -0.070870 1.456066 0.100035
v -0.088778 1.458283 0.047350
v -0.089717 1.463273 0.089539
v -0.088977 1.483162 0.089086
v -0.078714 1.459030 0.084533
v -0.077358 1.473146 0.084856
v -0.082389 1.459145 0.065347
v -0.092916 1.482090 0.060545
v -0.080973 1.479481 0.060512
v -0.093729 1.461783 0.067491
vn 0.7702 0.4158 0.4837
vn 0.3488 0.4473 0.8236
vn 0.9284 -0.0704 0.3649
vn 0.9280 -0.0645 0.3671
vn 0.9285 -0.0721 0.3643
vn 0.1088 0.1783 0.9779
vn 0.2600 -0.0932 0.9611
vn 0.9201 -0.0534 0.3881
vn 0.8638 -0.2115 0.4573
vn 0.8450 0.1337 0.5177
vn 0.1564 -0.8156 -0.5571
vn -0.0129 -0.9723 -0.2332
vn 0.2846 -0.8636 -0.4163
vn 0.0931 -0.9797 -0.1778
vn -0.0318 0.9549 0.2953
vn 0.2367 0.1025 0.9662
vn 0.9381 0.2611 0.2276
vn -0.6935 0.4306 -0.5777
vn 0.8303 -0.3011 0.4690
vn 0.3907 0.0467 0.9193
vn -0.4042 0.3724 -0.8354
vn -0.8022 0.3646 -0.4729
vn 0.6893 -0.6271 0.3626
vn 0.9028 0.3896 0.1824
vn -0.6395 -0.6385 -0.4281
vn 0.2301 0.9711 0.0630
vn 0.2955 -0.3997 0.8677
vn -0.7819 0.3652 -0.5052
vn -0.8901 -0.0174 -0.4555
vn -0.8722 0.4527 -0.1853
vn 0.8257 0.1044 0.5544
vn -0.0681 0.0929 0.9933
vn 0.3644 0.1540 0.9184
vn 0.8481 -0.3983 0.3493
vn -0.1355 0.9700 0.2018
vn 0.3317 -0.5583 0.7605
vn -0.3594 0.3290 -0.8732
vn 0.1376 0.8981 0.4177
vn 0.3504 0.9363 -0.0226
vn -0.8973 0.2715 -0.3480
vn -0.1228 0.9704 0.2082
vn -0.7845 0.4290 -0.4478
vn -0.1207 -0.3548 0.9271
vn 0.9448 0.0242 0.3269
vn -0.2431 0.9210 -0.3045
vn 0.7943 0.0955 0.5999
vn 0.0744 0.8882 -0.4534
vn -0.9877 0.1440 0.0611
vn -0.8779 0.2028 -0.4337
vn -0.0492 0.8399 -0.5405
vn 0.1963 -0.5021 0.8423
vn -0.0499 0.2483 -0.9674
vn -0.4328 0.8093 -0.3972
vn -0.1147 0.8618 -0.4942
vn 0.9279 -0.0637 0.3674
vn 0.0170 -0.9871 -0.1594
vn 0.0438 -0.0509 0.9977
vn 0.0613 0.1665 0.9841
vn 0.3536 0.0223 0.9351
vn 0.8207 -0.1125 0.5602
vn 0.3817 -0.9173 -0.1136
vn 0.5186 0.1124 0.8476
vn -0.0578 -0.9708 -0.2330
vn 0.4857 0.3830 0.7858
vn 0.8854 0.0754 0.4586
vn 0.8882 -0.1582 0.4314
vn 0.4214 0.2666 -0.8668
vn 0.3241 0.4973 -0.8048
vn -0.1679 -0.2290 0.9589
vn 0.0613 0.8032 0.5925
vn -0.6332 0.7524 -0.1816
vn -0.0511 -0.1900 -0.9805
vn -0.8928 0.1601 -0.4211
vn -0.5162 0.0386 -0.8556
vn -0.2808 0.0898 -0.9556
vn -0.9082 0.0275 -0.4177
vn -0.8374 0.0109 -0.5465
vn -0.9415 0.0610 -0.3314
vn -0.9473 0.2173 -0.2355
vn -0.0880 -0.5542 -0.8277
vn -0.9278 0.0215 -0.3724
vn -0.0331 -0.2779 -0.9601
vn -0.1606 -0.1686 0.9725
vn 0.8796 0.0890 0.4673
vn -0.2692 0.9596 -0.0822
vn 0.3676 0.0191 -0.9298
vn 0.9342 -0.0441 0.3541
vn -0.9111 -0.0850 -0.4033
vn -0.1493 0.2677 0.9519
vn -0.0987 0.9888 0.1119
vn 0.9076 -0.0303 0.4187
vn 0.8933 -0.1765 0.4134
vn -0.9241 0.0643 -0.3767
vn -0.9419 -0.0513 -0.3320
vn -0.7702 0.4158 0.4837
vn -0.3488 0.4473 0.8236
vn -0.9284 -0.0704 0.3649
vn -0.9285 -0.0721 0.3644
vn -0.9279 -0.0645 0.3671
vn -0.1088 0.1783 0.9779
vn -0.2600 -0.0932 0.9611
vn -0.9201 -0.0534 0.3881
vn -0.8638 -0.2115 0.4573
vn -0.8450 0.1337 0.5177
vn -0.1564 -0.8156 -0.5571
vn 0.0129 -0.9723 -0.2332
vn -0.2846 -0.8636 -0.4163
vn -0.0931 -0.9797 -0.1778
vn 0.0318 0.9549 0.2953
vn -0.2367 0.1025 0.9662
vn -0.9381 0.2611 0.2276
vn 0.6935 0.4306 -0.5777
vn -0.8303 -0.3011 0.4690
vn -0.3907 0.0467 0.9193
vn 0.4042 0.3724 -0.8354
vn 0.8022 0.3646 -0.4729
vn -0.6893 -0.6271 0.3626
vn -0.9028 0.3896 0.1824
vn 0.6395 -0.6385 -0.4281
vn -0.2301 0.9711 0.0630
vn -0.2955 -0.3997 0.8677
vn 0.7819 0.3652 -0.5052
vn 0.8901 -0.0174 -0.4555
vn 0.8722 0.4527 -0.1853
vn -0.8257 0.1044 0.5544
vn 0.0681 0.0929 0.9933
vn -0.3643 0.1540 0.9184
vn -0.8481 -0.3983 0.3493
vn 0.1355 0.9700 0.2018
vn -0.3317 -0.5583 0.7604
vn 0.3594 0.3290 -0.8732
vn -0.1376 0.8981 0.4177
vn -0.3504 0.9363 -0.0226
vn 0.8973 0.2715 -0.3480
vn 0.1228 0.9704 0.2082
vn 0.7845 0.4290 -0.4478
vn 0.1207 -0.3548 0.9271
vn -0.9448 0.0242 0.3269
vn 0.2431 0.9210 -0.3045
vn -0.7943 0.0955 0.5999
vn -0.0744 0.8882 -0.4534
vn 0.9877 0.1440 0.0611
vn 0.8779 0.2028 -0.4337
vn 0.0492 0.8399 -0.5405
vn -0.1963 -0.5021 0.8423
vn 0.0499 0.2483 -0.9674
vn 0.4328 0.8093 -0.3972
vn 0.1147 0.8618 -0.4942
vn -0.9279 -0.0637 0.3674
vn -0.0170 -0.9871 -0.1594
vn -0.0438 -0.0509 0.9977
vn -0.0613 0.1665 0.9841
vn -0.3536 0.0223 0.9351
vn -0.8207 -0.1125 0.5602
vn -0.3817 -0.9173 -0.1136
vn -0.5186 0.1124 0.8476
vn 0.0578 -0.9708 -0.2330
vn -0.4857 0.3830 0.7858
vn -0.8854 0.0754 0.4586
vn -0.8882 -0.1582 0.4314
vn -0.4214 0.2666 -0.8668
vn -0.3241 0.4973 -0.8048
vn 0.1679 -0.2290 0.9589
vn -0.0613 0.8032 0.5925
vn 0.6332 0.7524 -0.1816
vn 0.0511 -0.1900 -0.9805
vn 0.8928 0.1601 -0.4211
vn 0.5162 0.0386 -0.8556
vn 0.2808 0.0898 -0.9556
vn 0.9082 0.0275 -0.4177
vn 0.8374 0.0109 -0.5465
vn 0.9415 0.0610 -0.3314
vn 0.9473 0.2173 -0.2355
vn 0.0880 -0.5542 -0.8277
vn 0.9278 0.0215 -0.3724
vn 0.0331 -0.2779 -0.9601
vn 0.1606 -0.1686 0.9725
vn -0.8796 0.0890 0.4673
vn 0.2692 0.9596 -0.0822
vn -0.3676 0.0191 -0.9298
vn -0.9342 -0.0441 0.3541
vn 0.9111 -0.0850 -0.4033
vn 0.1493 0.2677 0.9519
vn 0.0987 0.9888 0.1119
vn -0.9076 -0.0303 0.4187
vn -0.8933 -0.1765 0.4134
vn 0.9241 0.0643 -0.3767
vn 0.9419 -0.0513 -0.3320
vt 0.068955 0.469374
vt 0.076578 0.462432
vt 0.082134 0.463961
vt 0.075360 0.472315
vt 0.081641 0.472589
vt 0.089269 0.464940
vt 0.046559 0.454831
vt 0.053573 0.460139
vt 0.070857 0.479586
vt 0.097633 0.490605
vt 0.086955 0.489284
vt 0.091672 0.472412
vt 0.099760 0.472615
vt 0.101209 0.464746
vt 0.095517 0.462704
vt 0.050575 0.439258
vt 0.031150 0.436330
vt 0.042213 0.406777
vt 0.018846 0.417249
vt 0.035192 0.431677
vt 0.018869 0.386355
vt 0.016802 0.364294
vt 0.029540 0.366442
vt 0.028830 0.384153
vt 0.056025 0.449511
vt 0.070354 0.478085
vt 0.065856 0.474827
vt 0.079389 0.485501
vt 0.054350 0.462918
vt 0.094562 0.485393
vt 0.075825 0.481779
vt 0.057424 0.010622
vt 0.110581 0.466104
vt 0.101270 0.465956
vt 0.095819 0.461376
vt 0.110581 0.460530
vt 0.055153 0.451896
vt 0.110581 0.486957
vt 0.110581 0.492214
vt 0.110581 0.463205
vt 0.110581 0.474214
vt 0.092955 0.465457
vt 0.038470 0.387433
vt 0.037875 0.364778
vt 0.048310 0.375377
vt 0.048564 0.393010
vt 0.051266 0.412785
vt 0.054165 0.438197
vt 0.032975 0.365507
vt 0.043109 0.374243
vt 0.033658 0.419761
vt 0.033148 0.387206
vt 0.041927 0.386555
vt 0.074720 0.457682
vt 0.068373 0.453914
vt 0.030867 0.364518
vt 0.032330 0.382854
vt 0.038721 0.386455
vt 0.039956 0.368717
s 1
usemtl mat_skeleton
f 3067/1414/3067 3022/1415/3067 3003/1416/3067 3004/1417/3067
f 3066/1418/3068 3004/1417/3068 3003/1416/3068 3020/1419/3068
f 3001/1420/3069 3029/1421/3070 3067/1414/3071 3064/1422/3071
f 3060/1423/3072 3008/1424/3072 3007/1425/3072 3061/1426/3072
f 3040/1427/3073 3061/1426/3073 3019/1428/3073
f 3005/1429/3074 3001/1420/3074 3000/1430/3074 3009/1431/3074
f 2999/1432/3075 3009/1431/3075 3000/1430/3075 3010/1433/3075
f 3074/1434/3076 2997/1435/3076 3082/1436/3076 3084/1437/3076
f 2998/1438/3077 3010/1433/3077 3000/1430/3077
f 3065/1439/3078 3063/1440/3078 3064/1422/3078 3068/1441/3078
f 2998/1438/3079 3000/1430/3079 3001/1420/3079 3002/1442/3079
f 3062/1443/3080 3012/1444/3080 3008/1424/3080 3060/1423/3080
f 3052/1445/3081 3045/1445/3081 3013/1445/3081 3035/1445/3081
f 3015/1445/3082 3016/1445/3082 3039/1445/3082 3038/1445/3082
f 3005/1445/3083 3024/1445/3083 3028/1445/3083 3032/1445/3083
f 3025/1445/3084 3043/1445/3084 3042/1445/3084
f 3032/1445/3085 3028/1445/3085 3021/1445/3085 3022/1445/3085
f 3035/1445/3086 3013/1445/3086 3036/1445/3086 3034/1445/3086
f 3055/1445/3087 3047/1445/3087 3048/1445/3087 3046/1445/3087
f 3052/1445/3088 3051/1445/3088 3042/1445/3088 3043/1445/3088
f 3037/1445/3089 3006/1445/3089 3020/1445/3089 3036/1445/3089
f 3024/1445/3090 3030/1445/3090 3023/1445/3090 3028/1445/3090
f 3026/1445/3091 3027/1445/3091 3018/1445/3091 3041/1445/3091
f 3046/1445/3092 3014/1445/3092 3013/1445/3092 3045/1445/3092
f 3019/1445/3093 3038/1445/3093 3039/1445/3093 3040/1445/3093
f 3046/1445/3094 3045/1445/3094 3044/1445/3094 3055/1445/3094
f 3043/1445/3095 3025/1445/3095 3044/1445/3095
f 3057/1445/3096 3047/1445/3096 3058/1445/3096
f 3028/1445/3097 3023/1445/3097 3033/1445/3097 3021/1445/3097
f 3017/1445/3098 3039/1445/3098 3016/1445/3098 3053/1445/3098
f 3014/1445/3099 3015/1445/3099 3038/1445/3099 3037/1445/3099
f 3022/1445/3100 3021/1445/3100 3034/1445/3100 3003/1445/3100
f 3051/1445/3101 3033/1445/3101 3023/1445/3101 3031/1445/3101
f 3036/1445/3102 3020/1445/3102 3003/1445/3102 3034/1445/3102
f 3049/1445/3103 3048/1445/3103 3047/1445/3103 3057/1445/3103
f 3056/1446/3104 3057/1447/3104 3058/1448/3104 3059/1449/3104
f 3052/1445/3105 3035/1445/3105 3033/1445/3105 3051/1445/3105
f 3027/1445/3106 3025/1445/3106 3042/1445/3106 3018/1445/3106
f 3031/1445/3107 3023/1445/3107 3030/1445/3107 3050/1445/3107
f 3045/1445/3108 3052/1445/3108 3043/1445/3108 3044/1445/3108
f 3040/1445/3109 3039/1445/3109 3017/1445/3109 2994/1445/3109
f 3035/1445/3110 3034/1445/3110 3021/1445/3110 3033/1445/3110
f 3048/1445/3111 3015/1445/3111 3014/1445/3111 3046/1445/3111
f 3013/1445/3112 3014/1445/3112 3037/1445/3112 3036/1445/3112
f 3049/1445/3113 3016/1445/3113 3015/1445/3113 3048/1445/3113
f 3041/1445/3114 3018/1445/3114 3031/1445/3114 3050/1445/3114
f 3018/1445/3115 3042/1445/3115 3051/1445/3115 3031/1445/3115
f 3053/1445/3116 3016/1445/3116 3049/1445/3116 3054/1445/3116
f 3037/1445/3117 3038/1445/3117 3019/1445/3117 3006/1445/3117
f 3054/1445/3118 3049/1445/3118 3057/1445/3118 3056/1445/3118
f 3025/1445/3119 3058/1445/3119 3055/1445/3119 3044/1445/3119
f 3058/1445/3120 3047/1445/3120 3055/1445/3120
f 3001/1420/3069 3005/1429/3121 3032/1450/3121 3029/1421/3070
f 2993/1451/3122 3062/1443/3122 3060/1423/3122 2996/1452/3122
f 2994/1453/3123 2995/1454/3123 3061/1426/3123 3040/1427/3123
f 2996/1452/3124 3060/1423/3124 3061/1426/3124 2995/1454/3124
f 3019/1428/3125 3061/1426/3125 3007/1425/3125 3006/1455/3125
f 3064/1422/3126 3004/1417/3126 3066/1418/3126 3068/1441/3126
f 3064/1422/3127 3063/1440/3127 3002/1442/3127 3001/1420/3127
f 3068/1441/3128 3066/1418/3128 3007/1425/3128 3008/1424/3128
f 3012/1444/3129 3065/1439/3129 3068/1441/3129 3008/1424/3129
f 3007/1425/3130 3066/1418/3130 3020/1419/3130 3006/1455/3130
f 3029/1421/3131 3032/1450/3131 3022/1415/3131 3067/1414/3131
f 3064/1422/3132 3067/1414/3132 3004/1417/3132
f 3024/1445/3133 3005/1445/3133 3026/1445/3133 3041/1445/3133
f 3050/1445/3134 3030/1445/3134 3024/1445/3134 3041/1445/3134
f 3073/1456/3135 3011/1457/3135 3071/1458/3135 3075/1459/3135
f 3005/1429/3136 3009/1431/3136 3070/1460/3136 3026/1461/3136
f 3011/1457/3137 3078/1462/3137 3080/1463/3137 3071/1458/3137
f 3074/1434/3138 2999/1432/3138 3072/1464/3138 3076/1465/3138
f 3075/1459/3139 3079/1466/3139 3070/1460/3139
f 3012/1444/3140 3062/1443/3140 3058/1448/3140 3025/1467/3140
f 3062/1443/3141 2993/1451/3141 3059/1449/3141 3058/1448/3141
f 3065/1439/3142 3012/1444/3142 3025/1467/3142 3027/1468/3142
f 3027/1468/3143 3026/1461/3143 3063/1440/3143 3065/1439/3143
f 3002/1442/3144 3063/1440/3144 3026/1461/3144 3070/1460/3144
f 2998/1438/3145 3002/1442/3145 3070/1460/3145 3072/1464/3145
f 2999/1432/3146 3010/1433/3146 2998/1438/3146 3072/1464/3146
f 3071/1458/3147 3080/1463/3147 3079/1466/3147 3075/1459/3147
f 2997/1435/3148 3074/1434/3148 3076/1465/3148 3069/1469/3148
f 3009/1431/3149 3073/1456/3149 3075/1459/3149 3070/1460/3149
f 2999/1432/3150 3074/1434/3150 3084/1437/3150
f 3077/1470/3151 3084/1437/3151 3081/1471/3151 3079/1466/3151
f 3079/1466/3152 3080/1463/3152 3078/1462/3152 3077/1470/3152
f 3077/1470/3153 3078/1462/3153 3011/1457/3153 3073/1456/3153
f 3081/1471/3154 3083/1472/3154 3069/1469/3154 3076/1465/3154
f 3081/1471/3155 3084/1437/3155 3082/1436/3155 3083/1472/3155
f 3083/1472/3156 3082/1436/3156 2997/1435/3156 3069/1469/3156
f 3084/1437/3157 3077/1470/3157 3009/1431/3157 2999/1432/3157
f 3009/1431/3158 3077/1470/3158 3073/1456/3158
f 3070/1460/3159 3079/1466/3159 3081/1471/3159 3072/1464/3159
f 3072/1464/3160 3081/1471/3160 3076/1465/3160
f 3159/1414/3161 3096/1417/3161 3095/1416/3161 3114/1415/3161
f 3158/1418/3162 3112/1419/3162 3095/1416/3162 3096/1417/3162
f 3093/1420/3163 3156/1422/3164 3159/1414/3164 3121/1421/3165
f 3152/1423/3166 3153/1426/3166 3099/1425/3166 3100/1424/3166
f 3132/1427/3167 3111/1428/3167 3153/1426/3167
f 3097/1429/3168 3101/1431/3168 3092/1430/3168 3093/1420/3168
f 3091/1432/3169 3102/1433/3169 3092/1430/3169 3101/1431/3169
f 3166/1434/3170 3176/1437/3170 3174/1436/3170 3089/1435/3170
f 3090/1438/3171 3092/1430/3171 3102/1433/3171
f 3157/1439/3172 3160/1441/3172 3156/1422/3172 3155/1440/3172
f 3090/1438/3173 3094/1442/3173 3093/1420/3173 3092/1430/3173
f 3154/1443/3174 3152/1423/3174 3100/1424/3174 3104/1444/3174
f 3144/1445/3175 3127/1445/3175 3105/1445/3175 3137/1445/3175
f 3107/1445/3176 3130/1445/3176 3131/1445/3176 3108/1445/3176
f 3097/1445/3177 3124/1445/3177 3120/1445/3177 3116/1445/3177
f 3117/1445/3178 3134/1445/3178 3135/1445/3178
f 3124/1445/3179 3114/1445/3179 3113/1445/3179 3120/1445/3179
f 3127/1445/3180 3126/1445/3180 3128/1445/3180 3105/1445/3180
f 3147/1445/3181 3138/1445/3181 3140/1445/3181 3139/1445/3181
f 3144/1445/3182 3135/1445/3182 3134/1445/3182 3143/1445/3182
f 3129/1445/3183 3128/1445/3183 3112/1445/3183 3098/1445/3183
f 3116/1445/3184 3120/1445/3184 3115/1445/3184 3122/1445/3184
f 3118/1445/3185 3133/1445/3185 3110/1445/3185 3119/1445/3185
f 3138/1445/3186 3137/1445/3186 3105/1445/3186 3106/1445/3186
f 3111/1445/3187 3132/1445/3187 3131/1445/3187 3130/1445/3187
f 3138/1445/3188 3147/1445/3188 3136/1445/3188 3137/1445/3188
f 3135/1445/3189 3136/1445/3189 3117/1445/3189
f 3149/1445/3190 3150/1445/3190 3139/1445/3190
f 3120/1445/3191 3113/1445/3191 3125/1445/3191 3115/1445/3191
f 3109/1445/3192 3145/1445/3192 3108/1445/3192 3131/1445/3192
f 3106/1445/3193 3129/1445/3193 3130/1445/3193 3107/1445/3193
f 3114/1445/3194 3095/1445/3194 3126/1445/3194 3113/1445/3194
f 3143/1445/3195 3123/1445/3195 3115/1445/3195 3125/1445/3195
f 3128/1445/3196 3126/1445/3196 3095/1445/3196 3112/1445/3196
f 3141/1445/3197 3149/1445/3197 3139/1445/3197 3140/1445/3197
f 3148/1446/3198 3151/1449/3198 3150/1448/3198 3149/1447/3198
f 3144/1445/3199 3143/1445/3199 3125/1445/3199 3127/1445/3199
f 3119/1445/3200 3110/1445/3200 3134/1445/3200 3117/1445/3200
f 3123/1445/3201 3142/1445/3201 3122/1445/3201 3115/1445/3201
f 3137/1445/3202 3136/1445/3202 3135/1445/3202 3144/1445/3202
f 3132/1445/3203 3086/1445/3203 3109/1445/3203 3131/1445/3203
f 3127/1445/3204 3125/1445/3204 3113/1445/3204 3126/1445/3204
f 3140/1445/3205 3138/1445/3205 3106/1445/3205 3107/1445/3205
f 3105/1445/3206 3128/1445/3206 3129/1445/3206 3106/1445/3206
f 3141/1445/3207 3140/1445/3207 3107/1445/3207 3108/1445/3207
f 3133/1445/3208 3142/1445/3208 3123/1445/3208 3110/1445/3208
f 3110/1445/3209 3123/1445/3209 3143/1445/3209 3134/1445/3209
f 3145/1445/3210 3146/1445/3210 3141/1445/3210 3108/1445/3210
f 3129/1445/3211 3098/1445/3211 3111/1445/3211 3130/1445/3211
f 3146/1445/3212 3148/1445/3212 3149/1445/3212 3141/1445/3212
f 3117/1445/3213 3136/1445/3213 3147/1445/3213 3150/1445/3213
f 3150/1445/3214 3147/1445/3214 3139/1445/3214
f 3093/1420/3163 3121/1421/3165 3124/1450/3215 3097/1429/3215
f 3085/1451/3216 3088/1452/3216 3152/1423/3216 3154/1443/3216
f 3086/1453/3217 3132/1427/3217 3153/1426/3217 3087/1454/3217
f 3088/1452/3218 3087/1454/3218 3153/1426/3218 3152/1423/3218
f 3111/1428/3219 3098/1455/3219 3099/1425/3219 3153/1426/3219
f 3156/1422/3220 3160/1441/3220 3158/1418/3220 3096/1417/3220
f 3156/1422/3221 3093/1420/3221 3094/1442/3221 3155/1440/3221
f 3160/1441/3222 3100/1424/3222 3099/1425/3222 3158/1418/3222
f 3104/1444/3223 3100/1424/3223 3160/1441/3223 3157/1439/3223
f 3099/1425/3224 3098/1455/3224 3112/1419/3224 3158/1418/3224
f 3121/1421/3225 3159/1414/3225 3114/1415/3225 3124/1450/3225
f 3156/1422/3226 3096/1417/3226 3159/1414/3226
f 3116/1445/3227 3133/1445/3227 3118/1445/3227 3097/1445/3227
f 3142/1445/3228 3133/1445/3228 3116/1445/3228 3122/1445/3228
f 3165/1456/3229 3167/1459/3229 3163/1458/3229 3103/1457/3229
f 3097/1429/3230 3118/1461/3230 3162/1460/3230 3101/1431/3230
f 3103/1457/3231 3163/1458/3231 3172/1463/3231 3170/1462/3231
f 3166/1434/3232 3168/1465/3232 3164/1464/3232 3091/1432/3232
f 3167/1459/3233 3162/1460/3233 3171/1466/3233
f 3104/1444/3234 3117/1467/3234 3150/1448/3234 3154/1443/3234
f 3154/1443/3235 3150/1448/3235 3151/1449/3235 3085/1451/3235
f 3157/1439/3236 3119/1468/3236 3117/1467/3236 3104/1444/3236
f 3119/1468/3237 3157/1439/3237 3155/1440/3237 3118/1461/3237
f 3094/1442/3238 3162/1460/3238 3118/1461/3238 3155/1440/3238
f 3090/1438/3239 3164/1464/3239 3162/1460/3239 3094/1442/3239
f 3091/1432/3240 3164/1464/3240 3090/1438/3240 3102/1433/3240
f 3163/1458/3241 3167/1459/3241 3171/1466/3241 3172/1463/3241
f 3089/1435/3242 3161/1469/3242 3168/1465/3242 3166/1434/3242
f 3101/1431/3243 3162/1460/3243 3167/1459/3243 3165/1456/3243
f 3091/1432/3244 3176/1437/3244 3166/1434/3244
f 3169/1470/3245 3171/1466/3245 3173/1471/3245 3176/1437/3245
f 3171/1466/3246 3169/1470/3246 3170/1462/3246 3172/1463/3246
f 3169/1470/3247 3165/1456/3247 3103/1457/3247 3170/1462/3247
f 3173/1471/3248 3168/1465/3248 3161/1469/3248 3175/1472/3248
f 3173/1471/3249 3175/1472/3249 3174/1436/3249 3176/1437/3249
f 3175/1472/3250 3161/1469/3250 3089/1435/3250 3174/1436/3250
f 3176/1437/3251 3091/1432/3251 3101/1431/3251 3169/1470/3251
f 3101/1431/3252 3165/1456/3252 3169/1470/3252
f 3162/1460/3253 3164/1464/3253 3173/1471/3253 3171/1466/3253
f 3164/1464/3254 3168/1465/3254 3173/1471/3254
