# Blender 5.0.0
# www.blender.org
mtllib sword3obj.mtl
o Cube
v 1.000000 1.000000 -1.000000
v 1.000000 -1.000000 -1.000000
v 1.000000 1.000000 1.000000
v 1.000000 -1.000000 1.000000
v -1.000000 1.000000 -1.000000
v -1.000000 -1.000000 -1.000000
v -1.000000 1.000000 1.000000
v -1.000000 -1.000000 1.000000
vn -0.0000 1.0000 -0.0000
vn -0.0000 -0.0000 1.0000
vn -1.0000 -0.0000 -0.0000
vn -0.0000 -1.0000 -0.0000
vn 1.0000 -0.0000 -0.0000
vn -0.0000 -0.0000 -1.0000
vt 0.875000 0.500000
vt 0.625000 0.750000
vt 0.625000 0.500000
vt 0.375000 1.000000
vt 0.375000 0.750000
vt 0.625000 0.000000
vt 0.375000 0.250000
vt 0.375000 0.000000
vt 0.375000 0.500000
vt 0.125000 0.750000
vt 0.125000 0.500000
vt 0.625000 0.250000
vt 0.875000 0.750000
vt 0.625000 1.000000
s 0
usemtl Material
f 5/1/1 3/2/1 1/3/1
f 3/2/2 8/4/2 4/5/2
f 7/6/3 6/7/3 8/8/3
f 2/9/4 8/10/4 6/11/4
f 1/3/5 4/5/5 2/9/5
f 5/12/6 2/9/6 6/7/6
f 5/1/1 7/13/1 3/2/1
f 3/2/2 7/14/2 8/4/2
f 7/6/3 5/12/3 6/7/3
f 2/9/4 4/5/4 8/10/4
f 1/3/5 3/2/5 4/5/5
f 5/12/6 1/3/6 2/9/6
o SaberSword_13_-_Default_0
v -0.071302 80.008354 7.826977
v -0.292673 80.084816 8.307655
v -0.512376 79.703056 8.785318
v -0.526743 80.377365 8.793120
v -0.762669 80.396240 9.212042
v 0.909979 108.443237 4.659884
v 0.801561 80.448326 4.481955
v 1.050751 108.459785 3.320368
v 0.496166 80.429512 6.069854
v 0.279993 80.397552 6.866928
v 0.304079 79.723579 6.828776
v 0.300407 81.061310 6.715471
v 0.590992 107.694550 6.424180
v 0.382838 107.687584 7.054785
v 0.636658 108.424873 6.196853
v 0.440747 108.418282 6.792588
v 1.054675 115.453064 2.738413
v 1.138599 116.541458 1.825023
v 1.062066 116.089165 2.626651
v 1.066727 116.550507 2.498438
v -0.660613 91.081009 9.155457
v -0.661745 92.547379 9.196735
v -1.309938 91.556084 10.132643
v -0.422336 90.858383 8.673807
v -0.429624 92.222725 8.723307
v -0.469766 93.038101 8.849449
v -0.679751 93.407928 9.278904
v -1.302069 93.257690 10.158904
v 1.116201 110.065575 1.740864
v 1.121179 112.283508 1.769698
v 1.041491 110.230270 3.456279
v 1.019794 113.671066 3.265981
v 0.992082 112.768044 3.591083
v 1.128660 113.705765 1.788172
v 1.102545 112.184685 2.588656
v 1.110882 108.442787 1.719774
v 0.792785 110.164642 5.059297
v 0.609152 109.268951 5.988567
v 0.768658 109.274406 5.497439
v 0.870917 110.167381 4.814271
v -1.336986 81.986237 9.997195
v -1.343427 80.389854 9.972918
v -0.596121 81.038193 8.910117
v -0.592071 81.995705 8.923088
v -0.757252 81.992630 9.236322
v -0.734017 85.816689 9.260674
v -0.694123 88.573090 9.201157
v -1.323090 85.870735 10.054739
v -0.555406 85.791061 8.917549
v -0.482583 88.461182 8.782866
v -1.316614 88.808525 10.094818
v 1.029049 80.487556 1.356421
v 0.958839 80.465103 3.117470
v -0.523363 76.085167 8.735159
v -0.053414 75.946091 7.788709
v -0.771504 76.141144 9.142719
v -1.355575 76.268379 9.905348
v 1.019234 75.368790 1.289869
v 0.949999 75.598732 3.054198
v 0.294721 75.838043 6.778265
v 0.485241 75.772095 6.009308
v 1.072583 116.872688 2.220858
v 1.075326 116.990501 1.831101
v 1.040621 114.606544 2.966640
v 1.134144 115.254860 1.808303
v 0.952677 111.890244 3.967641
v 0.896749 111.030434 4.421350
v -0.751761 83.604843 9.260845
v -0.585240 83.607941 8.944928
v -1.330468 83.598442 10.021715
v -0.479239 80.214966 8.199421
v -0.670937 80.484924 8.612616
v -0.260306 80.143326 7.720909
v 0.382838 107.687584 7.054785
v 0.174351 108.419495 6.820434
v 0.105729 107.688782 7.089355
v 1.054675 115.453064 2.738413
v 0.226679 116.102051 2.711195
v 0.223332 115.470428 2.820720
v 1.062066 116.089165 2.626651
v 0.228864 116.562294 2.564764
v -0.621911 94.246300 9.118196
v -0.665236 93.715401 8.758663
v -0.804797 94.321556 8.995991
v -0.508299 93.788406 8.970327
v -0.604542 92.957642 8.650210
v -0.773400 94.569603 9.424793
v -1.070766 94.825768 9.455511
v -1.352494 95.107437 10.220592
v -1.828480 93.535767 10.530711
v -1.839303 91.735001 10.507326
v -1.822266 94.569756 10.544139
v 0.952677 111.890244 3.967641
v 0.210301 112.772354 3.620673
v 0.206483 111.894409 3.991454
v 0.992082 112.768044 3.591083
v 0.214501 113.677605 3.307065
v 0.440747 108.418282 6.792588
v 0.210018 109.271042 6.011034
v 0.609152 109.268951 5.988567
v 0.200332 110.167961 5.076870
v -0.746799 81.041565 8.719575
v -0.742369 81.999092 8.732113
v -1.907496 80.388214 10.359975
v 0.090891 81.061676 6.783525
v 0.053260 80.534531 6.906716
v 0.105729 107.688782 7.089355
v -0.624406 88.435028 8.565247
v -0.561433 90.803177 8.438517
v -0.702767 85.787148 8.718964
v -1.856369 88.895432 10.470450
v -1.874423 85.891296 10.431438
v -1.931908 76.326263 10.307225
v 1.066727 116.550507 2.498438
v 0.229650 116.898956 2.244893
v 1.072583 116.872688 2.220858
v 0.228919 117.038574 1.834889
v 1.019794 113.671066 3.265981
v 0.219058 114.619621 3.029874
v 1.040621 114.606544 2.966640
v 0.792785 110.164642 5.059297
v 0.203068 111.034340 4.440186
v 0.896749 111.030434 4.421350
v -0.734900 83.611336 8.753224
v -1.888212 83.596855 10.401643
v -1.897902 81.984619 10.380706
v -0.696968 94.098404 9.355880
v -1.288279 94.810089 10.188401
v -0.550818 92.154587 8.525753
v -1.294399 94.235107 10.176517
v -1.819026 95.109039 10.551142
v -1.818179 95.291122 10.488465
v -1.819021 95.306313 10.244060
v 0.107006 80.094574 7.372353
v -0.043372 79.509140 7.835021
v -0.091712 80.219528 7.296523
v -0.119663 80.176727 -5.116010
v -0.091842 79.677887 -5.137245
v -0.567914 79.896416 -6.078647
v -0.344612 80.265640 -5.592870
v -0.582273 80.570702 -6.068797
v -0.821321 80.600449 -6.485311
v 1.038796 108.501404 0.120657
v 0.945681 80.510910 -0.404043
v 0.778211 80.529625 -1.767290
v 0.460959 80.552094 -3.352815
v 0.263138 79.866119 -4.128387
v 0.238833 80.540848 -4.148813
v 0.260443 81.200447 -3.980298
v 0.555785 107.817123 -2.998487
v 0.603219 108.541290 -2.752588
v 0.888017 108.519691 -1.217747
v 0.342924 107.826546 -3.627488
v 1.047748 115.477188 0.884283
v 1.061698 116.568008 1.152627
v 1.056035 116.110161 1.012495
v -1.374369 91.780403 -7.111191
v -1.366530 93.482117 -7.093238
v -0.719105 92.747086 -6.154683
v -0.717807 91.280136 -6.151572
v -0.483485 92.410240 -5.691607
v -0.524489 93.228622 -5.796194
v -0.737641 93.609474 -6.214303
v -1.358897 94.459663 -7.085477
v 1.028692 110.274834 0.030921
v 1.096417 112.206024 0.948608
v 1.008752 113.709518 0.310814
v 0.978525 112.815247 -0.037451
v 0.936221 111.947540 -0.436411
v 0.768010 110.250900 -1.571360
v 0.847970 110.247269 -1.326936
v 0.740524 109.372353 -2.032319
v 0.577352 109.379669 -2.522217
v -1.401334 82.210266 -7.224526
v -0.815931 82.196930 -6.468097
v -0.652460 81.234337 -6.168043
v -0.648414 82.191864 -6.156132
v -1.387490 86.094955 -7.181107
v -1.381029 89.032791 -7.144800
v -0.751901 88.774246 -6.262243
v -0.792507 86.020325 -6.393140
v -0.537252 88.651512 -5.848596
v -0.475960 91.045074 -5.677670
v -0.101884 76.114838 -5.183558
v -0.830052 76.344986 -6.526634
v -1.407749 80.613792 -7.241735
v -0.578878 76.278442 -6.122532
v 0.936841 75.644547 -0.467314
v 0.768676 75.738190 -1.829585
v 0.450033 75.894676 -3.413361
v 1.069660 116.882866 1.438442
v 1.031906 114.636887 0.634224
v 0.876821 111.099808 -0.911903
v -1.394843 83.822563 -7.207148
v -0.810467 83.809227 -6.450714
v -0.641590 83.804131 -6.136077
v -0.611339 85.985794 -6.052142
v -0.530351 80.392914 -5.479895
v -0.307856 80.308876 -5.005057
v 0.342924 107.826546 -3.627488
v 0.136265 108.552094 -3.372627
v 0.402862 108.550186 -3.346813
v 1.047748 115.477188 0.884283
v 0.220041 116.125168 0.934559
v 1.056035 116.110161 1.012495
v 0.223364 116.581436 1.092891
v 1.061698 116.568008 1.152627
v -0.678520 94.443390 -6.032277
v -0.719209 93.903313 -5.686362
v -0.563851 93.981812 -5.897223
v -0.657780 93.142990 -5.598114
v -1.417235 95.332840 -7.106410
v -1.883905 95.532211 -7.121211
v -1.129826 95.031387 -6.351041
v -0.832264 94.774544 -6.329220
v -0.860480 94.515419 -5.906793
v -1.895678 93.769722 -7.453742
v -1.889464 94.803711 -7.440314
v 0.936221 111.947540 -0.436411
v 0.196545 112.820244 -0.061077
v 0.978525 112.815247 -0.037451
v 0.203175 113.717041 0.275932
v 1.008752 113.709518 0.310814
v 0.178061 109.382301 -2.541639
v 0.577352 109.379669 -2.522217
v 0.175443 110.254616 -1.584414
v 0.768010 110.250900 -1.571360
v -0.801710 81.232735 -5.976357
v -0.725105 80.673515 -5.884484
v -1.974694 80.622169 -7.624478
v -1.965099 82.218575 -7.603747
v 0.050425 81.202568 -4.046752
v 0.065565 107.828613 -3.659945
v -0.677448 88.619698 -5.630677
v -0.757213 85.976700 -5.852631
v -1.923566 89.129387 -7.514003
v -1.906501 91.968956 -7.477127
v -1.419792 76.491951 -7.281309
v -1.999105 76.560211 -7.677228
v 0.226573 116.909668 1.421398
v 1.069660 116.882866 1.438442
v 1.075326 116.990501 1.831101
v 0.209895 114.651520 0.577492
v 1.031906 114.636887 0.634224
v 0.215814 115.496597 0.808668
v 0.183019 111.104141 -0.925446
v 0.876821 111.099808 -0.911903
v 0.189871 111.952240 -0.454531
v -0.789813 83.802513 -5.943238
v -0.797280 82.190269 -5.964017
v -1.955410 83.830811 -7.582810
v -1.941621 86.125252 -7.553015
v -0.755365 94.301720 -6.273160
v -1.352811 95.034760 -7.082446
v -0.603206 92.336975 -5.494993
v -0.613300 90.983757 -5.442862
v -1.886223 95.342995 -7.433311
v -1.884891 95.523384 -7.365928
v 0.062045 80.251099 -4.660641
v 0.253781 75.980583 -4.178898
v -0.136088 80.374023 -4.580105
v 0.011823 80.678802 -4.183329
v -3.767354 80.030380 7.841074
v -3.801170 79.531532 7.849354
v -3.322654 79.719810 8.796038
v -3.541426 80.104179 8.320047
v -3.300191 80.393898 8.803699
v -3.060868 80.409943 9.220807
v -4.584526 108.493370 3.341862
v -4.827869 80.499596 3.139541
v -4.660399 80.480881 4.502788
v -4.343147 80.458359 6.088312
v -4.153706 79.750153 6.845778
v -4.121296 80.423782 6.883715
v -4.134953 81.087746 6.732388
v -4.110259 107.722572 6.442111
v -4.148949 108.453392 6.215106
v -4.433747 108.475082 4.680266
v -3.897398 107.713089 7.071110
v -4.509528 115.486229 2.759636
v -4.587435 116.575592 1.846863
v -4.598445 115.289024 1.830167
v -4.510326 116.583748 2.519709
v -4.510187 116.122375 2.647904
v -2.373605 91.562424 10.136700
v -2.360990 93.264000 10.162943
v -3.017055 92.561417 9.205719
v -3.035982 91.095169 9.164516
v -3.256634 92.239571 8.734089
v -3.205815 93.054405 8.859884
v -2.988166 93.421692 9.287708
v -2.356874 94.241440 10.180569
v -4.553124 110.263618 3.477617
v -4.597494 112.218658 2.610397
v -4.621194 112.317734 1.791600
v -4.491867 113.703918 3.287004
v -4.611581 113.739983 1.810065
v -4.472443 112.800613 3.611925
v -4.440632 111.922394 3.988212
v -4.657061 108.477165 1.741773
v -4.642875 110.099899 1.762830
v -4.292998 110.194954 5.078695
v -4.372959 110.198631 4.834271
v -4.276145 109.304474 5.516681
v -4.112972 109.297096 6.006578
v -2.461666 81.992935 10.001485
v -3.047070 82.006279 9.245056
v -3.222051 81.053841 8.920133
v -3.214587 82.011337 8.933090
v -2.428819 85.877327 10.058956
v -2.399969 88.814987 10.098949
v -3.032021 88.587021 9.210073
v -3.024533 85.830338 9.269410
v -3.248065 88.477661 8.793413
v -3.280562 90.875420 8.684709
v -3.833955 75.968620 7.803128
v -3.103283 76.155045 9.151613
v -2.474440 80.396591 9.977231
v -3.355175 76.102043 8.745960
v -4.962947 75.404442 1.312686
v -4.877521 75.633469 3.076424
v -4.708455 75.689682 4.440640
v -4.388201 75.801147 6.027896
v -4.514459 116.905991 2.242168
v -4.503824 114.639595 2.987787
v -4.391498 111.061951 4.441521
v -2.448779 83.605103 10.025980
v -3.033155 83.618439 9.269547
v -3.202032 83.623543 8.954908
v -3.206049 85.806862 8.927659
v -3.354155 80.232101 8.210386
v -3.577569 80.163101 7.733561
v -3.897398 107.713089 7.071110
v -3.681996 108.442482 6.835143
v -3.948593 108.444443 6.809330
v -4.509528 115.486229 2.759636
v -3.674085 116.125305 2.726073
v -4.510187 116.122375 2.647904
v -3.671900 116.585541 2.579642
v -4.510326 116.583748 2.519709
v -3.037233 94.260696 9.127409
v -3.002984 93.729340 8.767579
v -3.157419 93.804192 8.980432
v -3.073532 92.972359 8.659628
v -2.288050 95.113014 10.224160
v -1.819021 95.306313 10.244060
v -2.578943 94.834755 9.461264
v -2.879567 94.582161 9.432825
v -2.854400 94.333771 9.003808
v -1.828480 93.535767 10.530711
v -1.822266 94.569756 10.544139
v -4.440632 111.922394 3.988212
v -3.690462 112.795601 3.635551
v -4.472443 112.800613 3.611925
v -3.686263 113.700851 3.321943
v -4.491867 113.703918 3.287004
v -3.713683 109.294434 6.026000
v -4.112972 109.297096 6.006578
v -3.700431 110.191208 5.091748
v -4.292998 110.194954 5.078695
v -3.072800 81.055428 8.728447
v -3.156106 80.499741 8.622095
v -1.907496 80.388214 10.359975
v -1.897902 81.984619 10.380706
v -3.924934 81.085617 6.798842
v -3.620040 107.710991 7.103566
v -3.108227 88.449837 8.574719
v -3.060264 85.801201 8.727955
v -1.856369 88.895432 10.470450
v -1.839303 91.735001 10.507326
v -2.511937 76.275269 9.909759
v -1.931908 76.326263 10.307225
v -3.671113 116.922211 2.259771
v -4.514459 116.905991 2.242168
v -3.671845 117.061829 1.849767
v -4.518770 117.023842 1.852437
v -3.681705 114.642868 3.044752
v -4.503824 114.639595 2.987787
v -3.677432 115.493683 2.835598
v -3.697696 111.057587 4.455063
v -4.391498 111.061951 4.441521
v -3.694281 111.917656 4.006332
v -3.053809 83.625153 8.762070
v -3.065720 82.012939 8.740974
v -1.888212 83.596855 10.401643
v -1.874423 85.891296 10.431438
v -2.962134 94.111908 9.364519
v -2.356048 94.816460 10.192474
v -3.137771 92.170006 8.535620
v -3.143932 90.818573 8.448366
v -1.819026 95.109039 10.551142
v -1.818179 95.291122 10.488465
v -3.948083 80.118736 7.387819
v -4.191050 75.864784 6.795375
v -3.748476 80.241318 7.310471
v -3.892650 80.558052 6.921766
v -3.815714 80.198753 -5.101912
v -3.593365 80.285004 -5.580479
v -3.378192 79.913170 -6.067928
v -3.355721 80.587234 -6.058219
v -3.119520 80.614143 -6.476545
v -4.455708 108.551544 -1.197366
v -4.683749 80.562180 -1.746457
v -4.596481 108.534996 0.142151
v -4.378355 80.580933 -3.334357
v -4.162456 80.567078 -4.132026
v -4.194647 79.892693 -4.111385
v -4.174916 81.226883 -3.963381
v -4.145467 107.845146 -2.980556
v -3.936247 107.855515 -3.609965
v -4.182387 108.569817 -2.734335
v -3.984941 108.572868 -3.331568
v -4.516455 115.510345 0.905505
v -4.516218 116.143372 1.033748
v -4.515355 116.601250 1.173898
v -3.093175 91.294289 -6.142512
v -3.074415 92.761124 -6.145700
v -2.438035 91.786743 -7.107134
v -3.334185 91.062111 -5.666769
v -3.310495 92.427094 -5.680825
v -3.260538 93.244926 -5.785758
v -3.046056 93.623238 -6.205498
v -2.425452 93.488426 -7.089199
v -4.565923 110.308182 0.052259
v -4.502908 113.742371 0.331836
v -4.486001 112.847816 -0.016609
v -4.603622 112.239998 0.970349
v -4.317774 110.281212 -1.551962
v -4.144773 109.407814 -2.504206
v -4.304279 109.402420 -2.013077
v -4.395905 110.278526 -1.306935
v -2.526014 82.216972 -7.220237
v -2.538762 80.620537 -7.237422
v -3.278389 81.249985 -6.158028
v -3.270930 82.207497 -6.146130
v -3.105749 82.210571 -6.459364
v -3.083023 86.033974 -6.384404
v -3.089800 88.788177 -6.253326
v -2.493220 86.101540 -7.176889
v -3.261983 86.001595 -6.042033
v -3.302734 88.667999 -5.838048
v -2.464384 89.039246 -7.140669
v -4.911237 80.522964 1.379077
v -4.841027 80.545403 -0.381972
v -3.410691 76.295319 -6.111732
v -3.882425 76.137375 -5.169139
v -3.161831 76.358879 -6.517741
v -2.576154 76.498848 -7.276898
v -4.890678 75.679276 -0.445088
v -4.231991 76.007324 -4.161788
v -4.423409 75.923721 -3.394773
v -4.517382 116.916168 1.459751
v -4.518770 117.023842 1.852437
v -4.512539 114.669937 0.655371
v -4.457088 111.979683 -0.415840
v -4.411425 111.131332 -0.891733
v -3.091861 83.822823 -6.442013
v -3.258382 83.819725 -6.126097
v -2.513154 83.829231 -7.202883
v -3.405267 80.410049 -5.468930
v -3.210273 80.688324 -5.875005
v -3.625119 80.328644 -4.992404
v -3.936247 107.855515 -3.609965
v -3.721097 108.571617 -3.359148
v -3.661794 107.854301 -3.644206
v -4.516455 115.510345 0.905505
v -3.680723 116.148415 0.949437
v -3.684950 115.519852 0.823546
v -4.516218 116.143372 1.033748
v -3.677400 116.604691 1.107769
v -3.093842 94.457787 -6.023065
v -3.056957 93.917244 -5.677445
v -2.910084 94.527634 -5.898976
v -3.212971 93.997597 -5.887119
v -3.126770 93.157707 -5.588697
v -2.938432 94.787094 -6.321187
v -2.638004 95.040375 -6.345289
v -2.352792 95.338417 -7.102841
v -1.895678 93.769722 -7.453742
v -1.906501 91.968956 -7.477127
v -1.889464 94.803711 -7.440314
v -4.457088 111.979683 -0.415840
v -3.704219 112.843491 -0.046199
v -3.710893 111.975494 -0.439654
v -4.486001 112.847816 -0.016609
v -3.697588 113.740288 0.290810
v -3.984941 108.572868 -3.331568
v -3.745639 109.405693 -2.526673
v -4.144773 109.407814 -2.504206
v -3.725321 110.277863 -1.569536
v -3.127710 81.246597 -5.967485
v -3.120631 82.204117 -5.955155
v -1.974694 80.622169 -7.624478
v -3.965401 81.226501 -4.031435
v -3.934087 80.702316 -4.168279
v -3.661794 107.854301 -3.644206
v -3.161270 88.634506 -5.621203
v -3.195799 90.999153 -5.433012
v -3.114710 85.990753 -5.843639
v -1.923566 89.129387 -7.514003
v -1.941621 86.125252 -7.553015
v -1.999105 76.560211 -7.677228
v -4.515355 116.601250 1.173898
v -3.674190 116.932922 1.436276
v -4.517382 116.916168 1.459751
v -4.502908 113.742371 0.331836
v -3.690868 114.674774 0.592370
v -4.512539 114.669937 0.655371
v -4.317774 110.281212 -1.551962
v -3.717744 111.127388 -0.910568
v -4.411425 111.131332 -0.891733
v -3.108721 83.816338 -5.934393
v -1.955410 83.830811 -7.582810
v -1.965099 82.218575 -7.603747
v -3.020531 94.315216 -6.264521
v -2.420580 95.041130 -7.078373
v -3.190159 92.352394 -5.485126
v -2.421372 94.465996 -7.081425
v -1.886223 95.342995 -7.433311
v -1.884891 95.523384 -7.365928
v -1.883905 95.532211 -7.121211
v -3.993044 80.275269 -4.645175
v -3.849640 79.700287 -5.122912
v -3.792852 80.395821 -4.566157
v -0.737210 276.256134 11.105886
v -0.023694 272.838928 10.246053
v -0.044477 276.299042 10.093250
v -0.685910 285.999512 9.329849
v -0.083996 280.509094 9.671638
v -0.135773 285.632843 8.629524
v -0.237109 292.833618 5.604421
v -0.647855 295.435852 4.560814
v -0.648497 295.064575 4.972648
v -0.024333 290.597992 2.055176
v -0.248174 292.872131 2.643085
v 0.478624 276.363403 8.218617
v 0.398063 280.460022 -0.074863
v 0.428211 280.355103 7.993676
v -0.009103 290.544952 6.131288
v 0.317189 285.131256 7.207076
v -0.713215 280.637085 10.550835
v 0.293386 285.214142 0.836519
v -0.356721 292.273041 6.415668
v -0.649187 294.798828 5.206968
v -0.651542 294.124634 5.643123
v -0.266513 290.509583 7.094726
v -0.657007 292.684998 6.460260
v 0.157823 269.856842 9.886104
v -0.587808 79.924301 8.503107
v 0.432371 269.869995 8.897280
v -0.203718 269.847656 10.687962
v -0.756862 272.815887 11.329491
v -0.774333 269.841431 11.396968
v 0.625967 269.871887 7.875339
v 0.510956 272.846130 8.326562
v 0.171294 79.944229 6.616941
v -0.176940 79.933876 7.575597
v -1.122337 79.916313 9.365730
v -0.090693 276.459930 -2.275644
v -0.071388 273.004974 -2.518551
v -0.790976 276.443329 -3.283850
v -0.170143 285.752502 -0.568977
v -0.126651 280.657593 -1.744377
v -0.725461 286.137207 -1.255398
v -0.654613 295.085876 3.335733
v -0.650858 295.446350 3.757071
v 0.595679 269.977325 -0.230741
v 0.131961 80.081169 -3.909897
v -0.762409 280.808350 -2.615221
v -0.662759 294.163696 2.641078
v -0.657080 294.826294 3.094592
v -0.373898 292.332855 1.818448
v -0.288938 290.587646 1.093094
v -0.223427 80.095718 -4.865870
v -0.641214 80.110237 -5.790219
v 0.394453 270.002014 -1.250910
v 0.446406 276.475586 -0.403930
v -0.674469 292.745789 1.786831
v -0.690004 290.811493 0.736290
v -0.255000 270.026184 -3.036765
v -1.976992 80.140121 -7.473613
v -0.830897 270.038361 -3.741409
v 0.112523 270.014557 -2.237662
v -1.182174 80.124634 -6.648740
v -0.812633 273.010071 -3.596712
v 0.477589 272.962311 -0.603571
v -1.910968 79.910263 10.196644
v -0.648639 295.560455 4.160492
v -0.737210 276.256134 11.105886
v -1.497946 272.847717 10.251676
v -0.756862 272.815887 11.329491
v -0.685910 285.999512 9.329849
v -1.350602 280.516663 9.676469
v -0.713215 280.637085 10.550835
v -1.081618 292.838623 5.607642
v -0.648497 295.064575 4.972648
v -0.647855 295.435852 4.560814
v -1.348094 290.605896 2.060225
v -1.332864 290.552856 6.136337
v -1.973665 276.378052 8.227970
v -1.907540 280.473785 -0.066069
v -2.005883 276.490234 -0.394577
v -1.739253 285.226257 0.844272
v -1.715449 285.143372 7.214829
v -1.437085 276.307343 10.098561
v -1.877393 280.368835 8.002470
v -0.962512 292.276672 6.417979
v -0.649187 294.798828 5.206968
v -0.664881 290.724030 7.460216
v -1.068553 290.514343 7.097785
v -0.651542 294.124634 5.643123
v -0.657007 292.684998 6.460260
v -1.999643 269.884491 8.906556
v -3.664532 79.954666 7.588899
v -3.246746 79.940147 8.513248
v -1.350226 269.854492 10.692335
v -2.200992 269.888733 7.886121
v -2.047098 272.861389 8.336319
v -1.717737 269.868042 9.893257
v -1.245703 285.639465 8.633758
v -4.019920 79.969215 6.632927
v -0.790976 276.443329 -3.283850
v -0.812633 273.010071 -3.596712
v -1.545640 273.013763 -2.512928
v -0.725461 286.137207 -1.255398
v -0.762409 280.808350 -2.615221
v -1.393258 280.665161 -1.739546
v -0.654613 295.085876 3.335733
v -1.092683 292.877136 2.646306
v -0.650858 295.446350 3.757071
v -2.231280 269.994171 -0.219959
v -1.483301 276.468231 -2.270332
v -0.979689 292.336487 1.820759
v -0.657080 294.826294 3.094592
v -1.090977 290.592407 1.096153
v -0.690004 290.811493 0.736290
v -2.037561 270.016510 -1.241634
v -3.711019 80.116508 -4.852568
v -1.763037 270.025757 -2.230508
v -3.300152 80.126083 -5.780077
v -1.280073 285.759125 -0.564744
v -0.662759 294.163696 2.641078
v -0.674469 292.745789 1.786831
v -1.401508 270.033020 -3.032393
v -1.976992 80.140121 -7.473613
v -2.765623 80.134071 -6.642700
v -2.080465 272.977539 -0.593815
v -2.705786 79.925751 9.371770
v -0.774333 269.841431 11.396968
v -0.648639 295.560455 4.160492
v 2.962250 66.372421 22.096289
v 3.131829 65.854950 18.945869
v 3.103537 66.799561 21.949076
v 3.154403 77.731094 18.202429
v 3.065226 67.896057 24.900288
v 2.983457 63.042534 3.928400
v 3.078933 63.472187 1.655064
v 3.128524 63.493862 3.913318
v 3.000515 63.188179 6.605350
v 3.157028 63.954990 9.702884
v 3.012041 63.507042 9.760385
v 3.014019 63.986351 12.895105
v 3.158533 64.430817 12.814805
v 3.218561 75.805542 10.777550
v 3.150147 65.064682 15.898474
v 3.006407 64.624847 16.001362
v 2.989165 65.420898 19.071083
v 2.745788 83.287132 28.652128
v 2.932066 81.920670 27.330679
v 2.802082 82.331635 27.090519
v 2.894961 71.953339 33.178741
v 2.839560 73.139999 35.118210
v 2.866782 81.187920 25.027235
v 2.998878 80.766006 25.247654
v 2.926843 80.067604 22.753151
v 3.112763 78.622444 20.601366
v 2.976971 79.064682 20.424980
v 3.016849 69.141602 27.791834
v 2.708630 72.759239 35.361862
v 2.319432 72.634384 35.444393
v 2.761999 71.563911 33.408188
v 2.823012 70.133125 30.826883
v 2.421192 70.001984 30.898474
v 2.879220 68.731606 27.981838
v 2.470933 68.597092 28.046553
v 2.925617 67.476952 25.069115
v 3.056297 75.520088 3.527216
v 2.600470 75.624054 1.711066
v 2.629940 75.681076 3.523752
v 3.071132 75.636505 5.666882
v 2.644237 75.797119 5.656597
v 3.079861 75.891365 8.188683
v 3.078866 76.274475 10.694254
v 2.653195 76.433060 10.667933
v 3.068114 76.784866 13.177083
v 2.644383 76.941803 13.142839
v 3.047568 77.421181 15.630717
v 2.962250 66.372421 22.096289
v 2.543697 66.232254 22.146774
v 3.017200 78.181778 18.048779
v 2.600009 78.334221 17.998976
v 3.012041 63.507042 9.760385
v 2.583635 63.359989 9.781002
v 3.000515 63.188179 6.605350
v 3.014019 63.986351 12.895105
v 3.006407 64.624847 16.001362
v 2.586741 63.840450 12.923317
v 2.989165 65.420898 19.071083
v 2.566814 65.278458 19.114250
v 2.315796 84.048294 29.809914
v 2.603537 83.887505 29.792326
v 2.713239 83.826088 29.478100
v 2.745788 83.287132 28.652128
v 2.328256 83.960350 29.391737
v 2.866782 81.187920 25.027235
v 2.926843 80.067604 22.753151
v 2.466046 81.330681 24.955124
v 2.976971 79.064682 20.424980
v 2.564379 79.214287 20.367584
v 2.280874 73.710365 36.809181
v 2.569121 73.734604 36.635365
v 2.666372 74.082932 36.554371
v 2.713239 83.826088 29.478100
v 2.840363 83.429436 29.741108
v 2.603537 83.887505 29.792326
v 2.698694 83.651978 30.074749
v 2.807445 73.809334 36.144043
v 2.873955 82.885315 28.907228
v 2.677677 73.433472 36.395203
v 2.291813 73.310234 36.480232
v 2.569121 73.734604 36.635365
v 2.280874 73.710365 36.809181
v 2.802082 82.331635 27.090519
v 2.408058 82.470711 27.011805
v 3.017200 78.181778 18.048779
v 3.079861 75.891365 8.188683
v 3.211039 75.161453 5.702088
v 3.071132 75.636505 5.666882
v 3.145671 63.638451 6.570796
v 3.078866 76.274475 10.694254
v 3.207267 76.320801 13.284128
v 3.047568 77.421181 15.630717
v 3.068114 76.784866 13.177083
v 2.698694 83.651978 30.074749
v 2.310468 83.728203 30.187265
v 2.603537 83.887505 29.792326
v 2.315796 84.048294 29.809914
v 2.761999 71.563911 33.408188
v 2.708630 72.759239 35.361862
v 2.823012 70.133125 30.826883
v 2.958362 70.532944 30.616199
v 2.925617 67.476952 25.069115
v 2.879220 68.731606 27.981838
v 2.666372 74.082932 36.554371
v 2.569121 73.734604 36.635365
v 2.677677 73.433472 36.395203
v 2.804145 63.169033 1.563964
v 2.777425 63.196133 1.124950
v 2.900223 63.547413 1.565838
v 2.876929 75.334282 1.635752
v 2.508762 75.420372 1.284974
v 2.524798 75.446640 1.637746
v 2.941070 63.031055 1.653627
v 2.555294 62.894356 3.934876
v 2.524353 62.889622 1.654580
v 3.015421 75.469940 1.708814
v 3.056297 75.520088 3.527216
v 3.147862 75.004051 1.706241
v 2.968333 74.931641 1.633026
v 2.876929 75.334282 1.635752
v 2.450741 63.068584 1.564711
v 2.804145 63.169033 1.563964
v 2.983457 63.042534 3.928400
v 3.195950 75.043930 3.541956
v 2.777425 63.196133 1.124950
v 2.850258 75.314987 1.282327
v 2.934772 74.922897 1.276911
v 3.060933 79.634964 22.951809
v 3.185892 76.963211 15.761235
v 3.219807 75.418747 8.248011
v -6.781834 67.534805 25.106140
v -6.991609 66.859726 21.987581
v -6.854303 66.430939 22.133730
v -6.940742 77.791267 18.240934
v -7.054066 65.915657 18.984720
v -7.048682 63.248077 6.643678
v -7.193567 63.555393 3.952688
v -7.053780 63.102356 3.966683
v -7.126143 75.105453 3.581327
v -7.161465 63.533222 1.694122
v -7.032341 63.566910 9.798695
v -7.188719 63.700047 6.610213
v -7.109632 75.480316 8.287407
v -7.123351 75.223053 5.741504
v -6.965778 64.684288 16.039398
v -7.144508 64.492218 12.854102
v -7.004694 64.046066 12.933318
v -7.084481 75.866943 10.816846
v -7.172412 64.016556 9.742281
v -6.915634 65.479935 19.108862
v -7.105046 65.125801 15.937588
v -7.000002 77.023926 15.800085
v -7.047926 76.381927 13.323244
v -6.465823 82.386871 27.125868
v -6.517233 82.941292 28.943048
v -6.386234 83.341560 28.686958
v -6.635966 72.010147 33.215096
v -6.551630 73.195969 35.154030
v -6.650644 80.124687 22.789680
v -6.695319 80.823784 25.284628
v -6.559888 81.244102 25.063190
v -6.735837 70.590729 30.653173
v -6.598861 81.977478 27.367031
v -6.730480 79.122543 20.462006
v -6.788363 79.693672 22.989376
v -6.917719 67.955559 24.938364
v -6.832447 69.200310 27.829399
v -6.505907 71.619148 33.443535
v -6.035095 72.684181 35.476257
v -6.423394 72.813667 35.396690
v -6.698269 68.788689 28.018368
v -6.202897 70.053383 30.931366
v -6.603660 70.189308 30.862837
v -6.111859 71.486725 33.518356
v -6.781834 67.534805 25.106140
v -6.291133 68.649323 28.079973
v -6.978065 75.696396 5.705211
v -6.552732 75.735809 3.558776
v -6.980940 75.579910 3.565501
v -6.537773 75.678513 1.745921
v -6.964520 75.951233 8.226992
v -6.549376 75.851913 5.691663
v -6.904071 76.844307 13.215118
v -6.512528 76.487686 10.702893
v -6.939847 76.334198 10.732467
v -6.536072 76.105942 8.205404
v -6.857228 77.480217 15.668495
v -6.478774 76.996178 13.177635
v -6.915634 65.479935 19.108862
v -6.437079 66.285782 22.181026
v -6.854303 66.430939 22.133730
v -6.369209 67.392365 25.160662
v -6.730480 79.122543 20.462006
v -6.380767 78.387749 18.033230
v -6.799353 78.240295 18.086220
v -6.434843 77.630081 15.623201
v -7.048682 63.248077 6.643678
v -6.605573 63.414761 9.816051
v -7.032341 63.566910 9.798695
v -6.578983 63.895081 12.958277
v -7.004694 64.046066 12.933318
v -6.542009 64.534866 16.071896
v -6.965778 64.684288 16.039398
v -6.494694 65.332466 19.148811
v -5.973305 73.759567 36.840664
v -5.991521 73.359604 36.511826
v -6.340965 83.880051 29.512634
v -5.955078 84.009720 29.423330
v -6.386234 83.341560 28.686958
v -6.228144 83.940140 29.826012
v -5.938381 84.097496 29.841394
v -6.465823 82.386871 27.125868
v -6.158041 81.382080 24.988016
v -6.559888 81.244102 25.063190
v -6.242328 80.266197 22.721731
v -6.650644 80.124687 22.789680
v -6.316583 79.267220 20.401457
v -6.356266 74.136703 36.588787
v -6.262560 73.787239 36.669048
v -5.973305 73.759567 36.840664
v 2.571871 63.040359 6.618319
v -6.621743 63.095154 6.653384
v 2.581148 64.480492 16.037098
v 2.519738 80.213974 22.688313
v -6.470798 83.484932 29.776621
v -6.340965 83.880051 29.512634
v -6.323945 83.705757 30.109161
v -6.228144 83.940140 29.826012
v -6.376526 73.487442 36.429737
v -6.262560 73.787239 36.669048
v -6.070782 82.521240 27.044144
v 2.357512 83.423134 28.568411
v -5.997014 83.472931 28.600275
v -6.857228 77.480217 15.668495
v -6.799353 78.240295 18.086220
v -6.870183 78.681946 20.639442
v -6.978065 75.696396 5.705211
v -6.964520 75.951233 8.226992
v -6.939847 76.334198 10.732467
v -6.904071 76.844307 13.215118
v -5.966115 74.225296 36.723900
v -6.323945 83.705757 30.109161
v -5.938381 84.097496 29.841394
v -6.228144 83.940140 29.826012
v -5.933991 83.777344 30.218710
v -6.423394 72.813667 35.396690
v -6.505907 71.619148 33.443535
v -6.603660 70.189308 30.862837
v -6.698269 68.788689 28.018368
v -6.503716 73.864830 36.179554
v -6.356266 74.136703 36.588787
v -6.376526 73.487442 36.429737
v -6.262560 73.787239 36.669048
v -6.891013 63.226818 1.600943
v -6.951974 63.622559 1.166852
v -6.867321 63.253620 1.161736
v -6.818231 75.392067 1.672731
v -6.451750 75.473785 1.319151
v -6.794488 75.372467 1.319113
v -6.464780 75.500229 1.672033
v -6.954536 75.529366 1.746840
v -6.914446 74.990540 1.670720
v -7.092535 75.065086 1.745299
v -6.982556 63.606316 1.603532
v -7.028885 63.090481 1.691654
v -6.538836 63.122166 1.598998
v -6.613889 62.944088 1.689435
v -6.627377 62.949089 3.969900
v -7.053780 63.102356 3.966683
v -6.980940 75.579910 3.565501
v -6.867321 63.253620 1.161736
v -6.891013 63.226818 1.600943
v 2.434734 63.102535 1.125013
v -6.794488 75.372467 1.319113
v -6.818231 75.392067 1.672731
v -6.883709 74.981415 1.314360
v 2.366982 71.436188 33.486015
v 2.653136 76.051163 8.170356
v 2.511752 67.339432 25.126789
v 2.626665 77.576073 15.588640
v 2.278346 74.176163 36.692455
v 2.805865 66.916885 -19.757465
v 2.998928 66.317650 -16.622929
v 2.855290 65.886993 -16.758320
v 3.028211 78.170441 -15.571001
v 2.888036 68.512947 -22.521574
v 2.968734 79.123886 -17.945562
v 2.962490 63.115532 -1.683008
v 3.074991 63.485912 0.599958
v 2.937099 63.044880 0.590950
v 2.959561 63.330765 -4.355316
v 3.093001 64.177902 -7.432939
v 3.105015 63.779999 -4.310147
v 2.926148 64.292274 -10.622106
v 2.947545 63.731590 -7.500987
v 3.147654 76.052399 -8.199409
v 3.039938 65.448380 -13.597341
v 3.117683 76.632698 -10.691582
v 2.895390 65.011368 -13.710558
v 2.542071 83.996384 -25.869293
v 2.738084 82.596024 -24.585266
v 2.668290 83.601349 -26.135706
v 2.586543 74.020889 -32.597656
v 2.689941 81.803596 -22.301239
v 2.609939 83.000587 -24.333530
v 2.766883 80.624512 -20.057577
v 2.899443 80.197205 -20.268415
v 2.818177 69.833290 -25.379299
v 2.521607 72.400848 -30.928680
v 2.126007 72.275146 -31.006851
v 2.063944 73.523880 -32.932987
v 2.199410 70.774124 -28.457968
v 2.747129 68.098366 -22.700193
v 2.332832 67.962349 -22.758335
v 2.270321 69.295532 -25.644012
v 3.039539 75.578430 -0.957943
v 2.597303 75.635071 0.863651
v 3.012245 75.481003 0.858794
v 3.028310 76.070847 -5.608220
v 2.601749 76.230072 -5.582555
v 2.611607 75.910721 -3.076260
v 2.583185 76.676804 -8.069285
v 2.940563 77.793724 -13.007493
v 2.520001 77.947433 -12.958256
v 2.555931 77.249756 -10.529984
v 2.386934 66.778038 -19.808449
v 2.475411 78.768021 -15.347790
v 2.959561 63.330765 -4.355316
v 2.530818 63.183289 -4.368922
v 2.518982 63.585079 -7.522221
v 2.498657 64.147118 -10.650909
v 2.469862 64.867935 -13.746863
v 2.895390 65.011368 -13.710558
v 2.432615 65.745674 -16.802021
v 2.103515 84.787361 -27.003639
v 2.119091 84.688568 -26.587999
v 2.503405 84.556641 -26.680696
v 2.542071 83.996384 -25.869293
v 2.154444 84.130119 -25.779167
v 2.289769 81.944397 -22.222441
v 2.360288 80.769104 -19.985910
v 2.766883 80.624512 -20.057577
v 2.422170 79.709396 -17.692371
v 2.015294 74.634995 -34.269001
v 2.013683 75.097595 -34.140179
v 2.402721 75.000839 -34.007473
v 2.628521 84.166969 -26.954874
v 2.503405 84.556641 -26.680696
v 2.484385 84.398109 -27.281551
v 2.546829 74.716682 -33.605465
v 2.453759 73.646584 -32.850143
v 2.028652 74.226448 -33.950661
v 2.415152 74.347473 -33.865341
v 2.015294 74.634995 -34.269001
v 2.216527 83.137535 -24.248281
v 2.892203 78.616959 -15.404654
v 2.834307 79.561378 -17.756720
v 3.028310 76.070847 -5.608220
v 3.177992 75.276505 -3.142503
v 3.167763 75.599945 -5.680865
v 3.008632 76.519005 -8.102901
v 2.979378 77.093803 -10.571464
v 2.940563 77.793724 -13.007493
v 3.077863 77.339317 -13.150908
v 2.095337 84.477196 -27.389141
v 2.484385 84.398109 -27.281551
v 2.103515 84.787361 -27.003639
v 2.521607 72.400848 -30.928680
v 2.656318 72.784187 -30.690182
v 2.601766 70.903404 -28.385998
v 2.679093 69.428360 -25.578871
v 2.820345 81.387573 -22.533537
v 2.747129 68.098366 -22.700193
v 2.402721 75.000839 -34.007473
v 2.415152 74.347473 -33.865341
v 2.453759 73.646584 -32.850143
v 2.896960 63.558773 0.692443
v 2.866506 63.564041 1.129403
v 2.874289 75.343475 0.929335
v 2.850258 75.314987 1.282327
v 2.937099 63.044880 0.590950
v 2.534276 62.967529 -1.690137
v 2.962490 63.115532 -1.683008
v 3.144656 75.015213 0.848257
v 3.179032 75.102829 -0.986107
v 3.039539 75.578430 -0.957943
v 3.012245 75.481003 0.858794
v 2.965672 74.940903 0.920903
v 2.800861 63.180462 0.685192
v 2.447452 63.080036 0.684473
v 2.520373 62.903477 0.589431
v 3.038398 75.750473 -3.093908
v 2.948290 67.340057 -19.600250
v 3.107710 63.566334 -1.657276
v 3.071302 64.734512 -10.531354
v 2.601766 70.903404 -28.385998
v 2.613235 75.739235 -0.947107
v 3.008632 76.519005 -8.102901
v 2.805865 66.916885 -19.757465
v 2.892203 78.616959 -15.404654
v 2.926148 64.292274 -10.622106
v 2.689941 81.803596 -22.301239
v 2.738726 71.297623 -28.166000
v -6.960322 68.156219 -22.663168
v -7.146855 67.400230 -19.561745
v -7.094909 68.572449 -22.483498
v -7.186967 66.378357 -16.584078
v -7.108030 77.400024 -13.112059
v -7.066935 78.230614 -15.532495
v -7.010689 66.975395 -19.720024
v -7.049509 65.946030 -16.720541
v -7.089635 63.390663 -4.316988
v -7.214383 63.627857 -1.617906
v -7.229376 63.841595 -4.270730
v -7.165407 63.546947 0.639016
v -7.095742 75.076248 0.887315
v -7.143062 75.164352 -0.946740
v -7.074746 63.175354 -1.644725
v -7.032856 63.104305 0.628976
v -7.096837 63.791458 -7.462677
v -7.236440 64.239471 -7.393541
v -7.161677 75.661514 -5.641467
v -7.076795 65.070801 -13.672523
v -7.231740 64.795929 -10.492057
v -7.215256 65.509506 -13.558227
v -7.155387 76.113815 -8.160112
v -7.092565 64.351990 -10.583893
v -6.657966 83.055824 -24.298182
v -6.722898 83.657326 -26.099886
v -6.792842 82.652832 -24.548914
v -6.874609 72.840996 -30.653831
v -6.810604 80.681595 -20.021048
v -6.873851 81.445358 -22.496563
v -6.949853 80.255905 -20.230848
v -6.955474 71.355400 -28.129026
v -6.736729 81.859779 -22.265284
v -6.873144 79.619232 -17.719694
v -7.014212 79.183388 -17.907486
v -6.746299 72.456085 -30.893333
v -6.290584 73.573677 -32.901123
v -6.352833 72.325684 -30.974510
v -6.898396 69.485443 -25.542341
v -6.424679 70.825531 -28.425076
v -6.491745 69.347763 -25.610592
v -6.824905 70.959587 -28.350044
v -6.960322 68.156219 -22.663168
v -6.548130 68.015282 -22.724463
v -7.010799 75.810364 -3.055579
v -6.569437 75.793968 -0.912084
v -6.582006 75.965515 -3.041194
v -6.540938 75.689545 0.898506
v -6.997699 75.638260 -0.919662
v -6.957712 75.540428 0.896820
v -7.016072 76.130707 -5.569910
v -6.587459 76.284843 -5.547506
v -6.992807 77.153244 -10.533428
v -6.582539 76.731438 -8.034326
v -6.567226 77.304131 -10.495188
v -7.010081 76.578720 -8.064689
v -6.964234 77.852760 -12.969715
v -6.541506 78.001442 -12.923695
v -7.049509 65.946030 -16.720541
v -6.593843 66.831566 -19.774197
v -6.628893 65.799683 -16.767460
v -7.010689 66.975395 -19.720024
v -6.873144 79.619232 -17.719694
v -6.505365 78.821548 -15.313536
v -6.458792 79.762329 -17.658499
v -6.924351 78.675476 -15.367212
v -7.089635 63.390663 -4.316988
v -6.670225 63.639851 -7.487172
v -6.662796 63.238083 -4.333857
v -7.096837 63.791458 -7.462677
v -6.667067 64.201752 -10.615951
v -6.653296 64.922318 -13.712067
v -7.092565 64.351990 -10.583893
v -7.076795 65.070801 -13.672523
v -6.238886 74.684196 -34.237518
v -6.254683 74.275818 -33.919067
v -6.589951 84.050812 -25.834463
v -6.200081 84.179916 -25.747303
v -6.164243 84.737938 -26.556406
v -6.550799 84.610603 -26.646162
v -6.150662 84.836563 -26.972158
v -6.657966 83.055824 -24.298182
v -6.334317 81.995796 -22.189548
v -6.262313 83.188065 -24.215942
v -6.401779 80.821327 -19.952492
v -6.736729 81.859779 -22.265284
v -6.810604 80.681595 -20.021048
v -6.619917 75.054619 -33.973057
v -6.230778 75.146736 -34.108734
v -6.238886 74.684196 -34.237518
v -6.589951 84.050812 -25.834463
v -6.682639 84.222473 -26.919361
v -6.538253 84.451889 -27.247139
v -6.550799 84.610603 -26.646162
v -6.678265 73.701012 -32.815315
v -6.639051 74.401436 -33.830807
v -6.964234 77.852760 -12.969715
v -6.924351 78.675476 -15.367212
v -7.010799 75.810364 -3.055579
v -7.156398 75.338104 -3.103087
v -7.016072 76.130707 -5.569910
v -7.137511 76.693817 -10.652467
v -7.010081 76.578720 -8.064689
v -6.992807 77.153244 -10.533428
v -6.538253 84.451889 -27.247139
v -6.149123 84.526337 -27.357697
v -6.150662 84.836563 -26.972158
v -6.678265 73.701012 -32.815315
v -6.804647 74.076859 -32.561836
v -6.746299 72.456085 -30.893333
v -7.031118 69.891991 -25.341734
v -6.824905 70.959587 -28.350044
v -6.898396 69.485443 -25.542341
v -6.764332 74.772179 -33.569954
v -6.639051 74.401436 -33.830807
v -6.619917 75.054619 -33.973057
v -6.894296 63.238247 0.722170
v -6.985820 63.617676 0.730137
v -6.820870 75.401260 0.966313
v -6.467414 75.509399 0.967183
v -6.957712 75.540428 0.896820
v -6.917108 74.999802 0.958597
v -6.820870 75.401260 0.966313
v -7.032856 63.104305 0.628976
v -6.542125 63.133617 0.718761
v -6.894296 63.238247 0.722170
v -6.617868 62.957943 0.624285
v -6.648395 63.022263 -1.655113
v -7.074746 63.175354 -1.644725
v -6.997699 75.638260 -0.919662
v -6.525778 63.155941 1.159189
v 2.522165 75.455811 0.932896
v -5.535439 30.501480 -0.459194
v -5.784500 17.560745 0.563288
v -5.801997 30.487625 0.731514
v -5.525265 17.574921 -0.647941
v -5.916901 7.727112 0.435860
v -4.767458 30.510002 -1.470695
v -4.777980 17.583794 -1.676782
v -5.652502 7.742691 -0.886456
v -3.614971 30.511887 -2.148996
v -3.656415 17.586006 -2.366606
v -4.889680 7.752693 -2.009517
v -2.253433 30.506866 -2.390833
v -2.331318 17.581253 -2.612391
v -3.744570 7.755585 -2.762345
v -0.890127 30.495659 -2.159389
v -1.004421 17.570221 -2.376720
v -2.391503 7.750938 -3.030331
v 0.267396 30.480011 -1.489898
v 0.122266 17.554596 -1.695472
v -1.036472 7.739449 -2.772674
v 1.042914 30.462288 -0.484285
v 0.877217 17.536781 -0.672360
v 0.114230 7.722870 -2.028602
v 1.318362 30.445198 0.704356
v 1.145496 17.519463 0.536856
v 0.885423 7.703728 -0.911393
v 1.051805 30.431343 1.895063
v 0.886261 17.505287 1.748083
v 1.159697 7.684929 0.408869
v 0.283824 30.422821 2.906564
v 0.138978 17.496414 2.776925
v 0.895297 7.669350 1.731185
v -0.868664 30.420937 3.584866
v -0.982587 17.494202 3.466749
v 0.132476 7.659348 2.854246
v -2.230202 30.425980 3.826703
v -2.307686 17.498962 3.712535
v -1.012635 7.656456 3.607075
v -3.593509 30.437180 3.595259
v -2.307686 17.498962 3.712535
v -2.230202 30.425980 3.826703
v -3.634583 17.509987 3.476864
v -2.365702 7.661110 3.875060
v -4.751031 30.452812 2.925767
v -4.761271 17.525612 2.795615
v -3.720732 7.672592 3.617404
v -5.526550 30.470535 1.920153
v -5.516222 17.543427 1.772503
v -4.871437 7.689171 2.873331
v -5.642629 7.708313 1.756121
v -6.480402 56.800358 -0.725996
v -6.658350 52.900116 1.026269
v -6.835356 56.779072 1.077391
v -5.456114 56.814095 -2.257592
v -6.318242 52.920090 -0.669160
v -3.918430 56.818184 -3.284227
v -5.337033 52.932892 -2.109119
v -2.101450 56.812008 -3.649604
v -3.864105 52.936573 -3.074385
v -0.281790 56.796509 -3.298098
v -2.123700 52.930576 -3.418008
v 1.263521 56.774059 -2.283222
v -0.380776 52.915813 -3.087671
v 2.299225 56.748043 -0.759482
v 1.099322 52.894531 -2.133668
v 2.667645 56.722446 1.041145
v 2.091261 52.869965 -0.701235
v 2.312692 56.701160 2.844531
v 2.444031 52.845863 0.991551
v 1.288405 56.687428 4.376128
v 2.103922 52.825890 2.686981
v -0.249279 56.683319 5.402763
v 1.122716 52.813087 4.126940
v -2.066261 56.689495 5.768141
v -0.350212 52.809406 5.092207
v -3.885921 56.704994 5.416634
v -2.090618 52.815403 5.435830
v -2.066261 56.689495 5.768141
v -5.431233 56.727463 4.401757
v -3.833543 52.830166 5.105493
v -6.466938 56.753475 2.878017
v -5.313641 52.851448 4.151488
v -6.305582 52.876015 2.719054
v -6.206218 43.268711 0.899289
v -5.903915 43.285381 -0.524094
v -5.032399 43.295845 -1.733128
v -3.724351 43.298508 -2.543745
v -2.178910 43.292969 -2.832539
v -0.631354 43.280075 -2.555542
v 0.682713 43.261780 -1.754925
v 1.563239 43.240875 -0.552575
v 1.876171 43.220539 0.868461
v 1.573868 43.203873 2.291844
v 0.702353 43.193405 3.500877
v -0.605695 43.190742 4.311495
v -2.090618 52.815403 5.435830
v -2.151138 43.196281 4.600289
v -2.151138 43.196281 4.600289
v -3.698694 43.209175 4.323292
v -5.012762 43.227470 3.522675
v -5.893288 43.248379 2.320324
v -5.964397 3.890350 0.386127
v -5.698294 3.906471 -0.978216
v -4.930310 3.916901 -2.136919
v -3.777361 3.920059 -2.913579
v -2.414976 3.915459 -3.189958
v -1.050564 3.903801 -2.923980
v 0.108155 3.886864 -2.156136
v 0.884777 3.867233 -1.003325
v 1.161068 3.847878 0.358949
v 0.894965 3.831757 1.723291
v 0.126981 3.821327 2.881994
v -2.365702 7.661110 3.875060
v -1.025968 3.818169 3.658655
v -2.388354 3.822777 3.935034
v -3.752766 3.834427 3.669055
v -4.911486 3.851364 2.901211
v -5.688107 3.870995 1.748399
v -5.775201 63.986977 1.167194
v -5.777069 63.036407 -0.387425
v -6.083370 62.998516 1.155487
v 1.404572 63.962742 -0.289324
v 1.990465 62.950394 1.124692
v 1.672878 62.992004 -0.415840
v 1.694200 63.942459 1.138705
v 1.684402 62.951889 2.668116
v -5.485574 63.966690 2.595222
v -5.765546 62.996292 2.696530
v -6.956656 58.972286 -0.913803
v -6.907832 56.956123 -0.898671
v -7.351042 58.948399 1.107538
v -5.818450 58.987740 -2.630479
v -5.783753 56.971203 -2.580083
v -4.109704 58.992413 -3.781143
v -4.096262 56.975700 -3.707136
v -2.090558 58.985596 -4.190613
v -2.102264 56.968925 -4.108250
v -0.068410 58.968327 -3.796556
v -0.105323 56.951912 -3.722357
v 1.648886 58.943230 -2.658961
v 1.590540 56.927250 -2.608209
v 2.799887 58.914135 -0.951016
v 2.727148 56.898697 -0.935421
v 3.209367 58.885464 1.067259
v 3.131464 56.870598 1.041339
v 2.814983 58.861584 3.088599
v 2.741933 56.847229 3.021127
v 1.676777 58.846130 4.805276
v 1.617859 56.832150 4.702537
v -0.031970 58.841457 5.955939
v -0.069632 56.827652 5.829592
v -2.051116 58.848274 6.365411
v -2.063633 56.834427 6.230707
v -4.073265 58.865543 5.971353
v -4.060574 56.851440 5.844813
v -2.051116 58.848274 6.365411
v -5.790561 58.890640 4.833756
v -5.756439 56.876102 4.730663
v -6.941564 58.919735 3.125811
v -6.893050 56.904655 3.057874
v -7.297367 56.932739 1.081116
v -6.119070 3.820229 -1.151579
v -6.454729 2.912704 0.375241
v -6.419092 3.802071 0.386677
v -5.253189 3.831993 -2.457983
v -6.152442 2.931023 -1.174615
v -3.953273 3.835541 -3.333645
v -5.280033 2.942863 -2.490870
v -2.417223 3.830368 -3.645255
v -3.970315 2.946449 -3.373135
v -0.878889 3.817223 -3.345371
v -2.422682 2.941231 -3.687094
v 0.427532 3.798134 -2.479650
v -0.872748 2.927994 -3.384950
v 1.303150 3.775986 -1.179889
v 0.443525 2.908752 -2.512700
v 1.614662 3.754166 0.356035
v 1.325746 2.886444 -1.203138
v 1.314638 3.735992 1.894291
v 1.639606 2.864464 0.344368
v 0.448758 3.724236 3.200694
v 1.337320 2.846146 1.894223
v -0.851158 3.720680 4.076357
v 0.464910 2.834305 3.210478
v -2.387208 3.725861 4.387967
v -0.844807 2.830719 4.092744
v -3.925543 3.738998 4.088083
v -2.392440 2.835945 4.406703
v -2.387208 3.725861 4.387967
v -5.231966 3.758095 3.222361
v -3.942375 2.849174 4.104558
v -6.107584 3.780235 1.922600
v -5.258649 2.868416 3.232308
v -6.140870 2.890724 1.922745
v -6.302071 2.444107 -1.241065
v -6.648463 -0.989021 0.325209
v -6.616197 2.425079 0.369501
v -5.395488 2.456421 -2.608879
v -6.333460 -0.969933 -1.289855
v -4.034466 2.460152 -3.525704
v -5.424344 -0.957596 -2.661489
v -2.426211 2.454727 -3.851962
v -4.059521 -0.953857 -3.580875
v -0.815563 2.440964 -3.537982
v -2.446774 -0.959290 -3.908043
v 0.552270 2.420967 -2.631565
v -0.831627 -0.973091 -3.593186
v 1.469049 2.397789 -1.270705
v 0.540026 -0.993141 -2.684238
v 1.795203 2.374947 0.337419
v 1.459365 -1.016380 -1.319578
v 1.481076 2.355919 1.947984
v 1.786429 -1.039291 0.293037
v 0.574493 2.343605 3.315798
v 1.471426 -1.058372 1.908100
v -0.786528 2.339874 4.232624
v 0.562311 -1.070717 3.279735
v -2.394784 2.345306 4.558881
v -0.802511 -1.074455 4.199121
v -4.005433 2.359062 4.244901
v -2.415259 -1.069016 4.526289
v -2.394784 2.345306 4.558881
v -5.373267 2.379059 3.338483
v -4.030406 -1.055222 4.211432
v -6.290046 2.402237 1.977623
v -5.402061 -1.035172 3.302484
v -6.321401 -1.011925 1.937823
v -2.392440 2.835945 4.406703
v -6.153522 -1.847229 0.312195
v -5.875869 -1.830414 -1.111363
v -5.074551 -1.819527 -2.320357
v -3.871562 -1.816238 -3.130726
v -2.450045 -1.821030 -3.419101
v -1.026414 -1.833199 -3.141578
v 0.182596 -1.850861 -2.340408
v 0.992925 -1.871353 -1.137562
v 1.281208 -1.891548 0.283838
v 1.003555 -1.908356 1.707396
v 0.202239 -1.919250 2.916390
v -2.415259 -1.069016 4.526289
v -1.000750 -1.922539 3.726760
v -2.422267 -1.917740 4.015135
v -3.845900 -1.905579 3.737611
v -5.054910 -1.887917 2.936441
v -5.865240 -1.867416 1.733594
v -5.964397 3.890350 0.386127
v -5.698294 3.906471 -0.978216
v -4.930310 3.916901 -2.136919
v -3.777361 3.920059 -2.913579
v -2.414976 3.915459 -3.189958
v -1.050564 3.903801 -2.923980
v 0.108155 3.886864 -2.156136
v 0.884777 3.867233 -1.003325
v 1.161068 3.847878 0.358949
v 0.894965 3.831757 1.723291
v 0.126981 3.821327 2.881994
v -1.025968 3.818169 3.658655
v -2.388354 3.822777 3.935034
v -3.752766 3.834427 3.669055
v -4.911486 3.851364 2.901211
v -5.688107 3.870995 1.748399
v -6.480402 56.800358 -0.725996
v -6.835356 56.779072 1.077391
v -6.466938 56.753475 2.878017
v -5.431233 56.727463 4.401757
v -3.885921 56.704994 5.416634
v -2.063633 56.834427 6.230707
v -2.066261 56.689495 5.768141
v -0.249279 56.683319 5.402763
v 1.288405 56.687428 4.376128
v 2.312692 56.701160 2.844531
v 2.667645 56.722446 1.041145
v 2.299225 56.748043 -0.759482
v 1.263521 56.774059 -2.283222
v -0.281790 56.796509 -3.298098
v -2.101450 56.812008 -3.649604
v -3.918430 56.818184 -3.284227
v -5.456114 56.814095 -2.257592
v -5.991458 62.787167 -0.477758
v -6.315897 62.744591 1.153053
v -5.065398 62.838669 -1.855984
v -3.686422 62.872826 -2.775123
v -2.063128 62.888847 -3.098364
v -0.437720 62.853462 -2.787513
v 0.947721 62.802826 -1.878919
v 1.883585 62.740231 -0.507795
v 2.219925 62.693718 1.120496
v 1.895766 62.697826 2.751913
v 0.970178 62.724640 4.131157
v -0.408432 62.751495 5.051089
v -2.031468 62.778625 5.374889
v -3.657135 62.770859 5.063480
v -2.031468 62.778625 5.374889
v -5.042943 62.760483 4.154091
v -5.979279 62.744762 2.781948
v -4.901752 63.081127 -1.692061
v -3.597188 63.110332 -2.562603
v -2.060856 63.123283 -2.869152
v -0.522494 63.092007 -2.574330
v 0.788231 63.047215 -1.713763
v 0.809483 62.973232 3.973610
v -0.494772 62.995495 4.844822
v -2.030886 63.018944 5.151843
v -3.569467 63.013821 4.856549
v -2.030886 63.018944 5.151843
v -4.880502 63.007145 3.995312
v -5.054910 -1.887917 2.936441
v -5.865240 -1.867416 1.733594
v -5.074551 -1.819527 -2.320357
v -3.845900 -1.905579 3.737611
v -3.871562 -1.816238 -3.130726
v -2.422267 -1.917740 4.015135
v -2.450045 -1.821030 -3.419101
v -1.000750 -1.922539 3.726760
v -1.026414 -1.833199 -3.141578
v 0.202239 -1.919250 2.916390
v 0.182596 -1.850861 -2.340408
v 1.003555 -1.908356 1.707396
v 0.992925 -1.871353 -1.137562
v -5.875869 -1.830414 -1.111363
v -6.153522 -1.847229 0.312195
v 1.281208 -1.891548 0.283838
v 0.792026 75.656891 4.419661
v 0.402862 108.550186 -3.346813
v 0.065565 107.828613 -3.659945
v -3.948593 108.444443 6.809330
v -3.620040 107.710991 7.103566
v -4.731804 75.770973 -1.808605
v -0.664881 290.724030 7.460216
v -4.059254 80.106155 -3.893911
v -0.830897 270.038361 -3.741409
v -1.910968 79.910263 10.196644
v 2.941070 63.031055 1.653627
v 3.015421 75.469940 1.708814
v -7.028885 63.090481 1.691654
v -6.954536 75.529366 1.746840
v 2.679093 69.428360 -25.578871
v 3.038398 75.750473 -3.093908
v 2.979378 77.093803 -10.571464
v 2.947545 63.731590 -7.500987
v 2.855290 65.886993 -16.758320
v 2.391363 84.626198 -26.992390
v 2.834307 79.561378 -17.756720
v 2.304834 74.654724 -34.096767
v 2.391363 84.626198 -26.992390
v 2.304834 74.654724 -34.096767
v 2.609939 83.000587 -24.333530
v 2.391363 84.626198 -26.992390
v 2.304834 74.654724 -34.096767
v 2.874289 75.343475 0.929335
v 2.800861 63.180462 0.685192
v -6.440318 84.678833 -26.958706
v -6.526847 74.707367 -34.063084
v -6.440318 84.678833 -26.958706
v -6.526847 74.707367 -34.063084
v -6.440318 84.678833 -26.958706
v -6.526847 74.707367 -34.063084
v -2.388354 3.822777 3.935034
v -5.496253 64.003876 -0.263003
v 1.415253 63.925560 2.568902
v -2.422267 -1.917740 4.015135
v -2.388354 3.822777 3.935034
v -2.066261 56.689495 5.768141
vn 0.8097 0.4673 0.3549
vn 0.8675 0.4270 0.2553
vn 0.8804 0.0017 0.4742
vn 0.9574 0.2257 0.1804
vn 0.8347 -0.0051 0.5506
vn 0.9902 0.0011 0.1398
vn 0.9884 -0.0043 0.1518
vn 0.9975 -0.0029 0.0712
vn 0.9738 0.0019 0.2272
vn 0.8312 0.2177 0.5116
vn 0.9579 0.0039 0.2872
vn 0.7348 0.0524 0.6763
vn 0.9677 0.0070 0.2521
vn 0.7588 0.0038 0.6513
vn 0.9666 0.0432 0.2527
vn 0.9482 0.0576 0.3125
vn 0.9962 0.0024 0.0869
vn 0.9983 0.0578 -0.0030
vn 0.9949 0.0092 0.1002
vn 0.9937 0.0365 0.1056
vn 0.8641 -0.0095 0.5032
vn 0.8611 -0.0213 0.5080
vn 0.7139 -0.0131 0.7001
vn 0.9988 -0.0086 -0.0477
vn 0.9965 0.0429 -0.0712
vn 0.9946 0.0661 -0.0796
vn 0.8536 -0.0304 0.5201
vn 0.7071 -0.0181 0.7069
vn 1.0000 -0.0011 -0.0038
vn 1.0000 -0.0086 -0.0038
vn 0.9959 0.0081 0.0897
vn 0.9973 -0.0020 0.0734
vn 0.9954 0.0096 0.0950
vn 1.0000 0.0045 -0.0037
vn 0.9980 0.0014 0.0631
vn 1.0000 -0.0031 -0.0038
vn 0.9453 0.1198 0.3034
vn 0.9446 0.1116 0.3087
vn 0.9709 0.0607 0.2316
vn 0.9767 0.0510 0.2084
vn 0.6887 -0.0134 0.7249
vn 0.6890 -0.0134 0.7247
vn 0.9969 0.0565 -0.0542
vn 0.9959 -0.0031 -0.0907
vn 0.8429 -0.0110 0.5380
vn 0.8471 -0.0043 0.5315
vn 0.8575 -0.0035 0.5145
vn 0.6944 -0.0101 0.7196
vn 0.9971 -0.0237 -0.0726
vn 0.9981 -0.0307 -0.0529
vn 0.7071 -0.0096 0.7071
vn 1.0000 -0.0024 -0.0038
vn 0.9970 -0.0033 0.0772
vn 0.8769 -0.0093 0.4806
vn 0.9242 -0.0078 0.3818
vn 0.8272 -0.0109 0.5618
vn 0.6981 -0.0138 0.7158
vn 1.0000 -0.0018 -0.0038
vn 0.9972 -0.0029 0.0750
vn 0.9597 -0.0061 0.2810
vn 0.9769 -0.0049 0.2139
vn 0.9917 0.0980 0.0834
vn 0.9902 0.1396 -0.0019
vn 0.9970 0.0004 0.0777
vn 1.0000 -0.0010 -0.0037
vn 0.9943 -0.0055 0.1069
vn 0.9905 0.0266 0.1353
vn 0.8430 -0.0088 0.5379
vn 0.9964 -0.0090 -0.0846
vn 0.6890 -0.0124 0.7247
vn 0.5935 0.8044 -0.0281
vn 0.8027 0.4577 -0.3824
vn 0.4782 0.8491 0.2245
vn 0.1144 0.3323 0.9362
vn 0.0941 0.5063 0.8572
vn 0.1181 0.3332 0.9354
vn 0.1010 0.2137 0.9717
vn 0.1011 0.2356 0.9666
vn 0.0953 0.2090 0.9733
vn 0.0943 0.2254 0.9697
vn 0.0828 0.4979 0.8633
vn 0.8915 0.4081 -0.1967
vn 0.7335 0.2405 -0.6357
vn 0.6010 0.5800 -0.5499
vn 0.9747 0.1781 -0.1350
vn 0.7901 0.1430 -0.5960
vn 0.8683 0.4889 0.0837
vn 0.6087 0.7793 -0.1491
vn 0.6732 0.5989 0.4338
vn 0.5720 -0.0144 0.8201
vn 0.5743 -0.0136 0.8186
vn 0.5659 -0.0152 0.8243
vn 0.0325 0.4266 0.9038
vn 0.0361 0.3594 0.9325
vn 0.0304 0.4270 0.9038
vn 0.0403 0.3613 0.9316
vn 0.0481 0.3075 0.9503
vn 0.0865 0.5356 0.8400
vn 0.0462 0.7012 0.7115
vn 0.0410 0.7032 0.7098
vn 0.0278 0.6578 0.7527
vn 0.7803 0.1150 -0.6148
vn 0.7860 0.0047 -0.6182
vn 0.5656 -0.0144 0.8246
vn 0.3055 0.1004 0.9469
vn 0.3687 0.4346 0.8217
vn 0.1247 -0.0130 0.9921
vn 0.8404 -0.0514 -0.5395
vn 0.8621 -0.0181 -0.5065
vn 0.8041 -0.0367 -0.5934
vn 0.5693 -0.0135 0.8220
vn 0.5637 -0.0140 0.8259
vn 0.5704 -0.0150 0.8212
vn 0.0662 0.4816 0.8739
vn 0.0507 0.8365 0.5456
vn 0.0481 0.8359 0.5467
vn 0.0445 0.9989 0.0128
vn 0.0570 0.3135 0.9479
vn 0.0723 0.2657 0.9613
vn 0.0836 0.2744 0.9580
vn 0.0258 0.6513 0.7584
vn 0.0263 0.5289 0.8483
vn 0.0270 0.5251 0.8506
vn 0.7887 -0.0072 -0.6147
vn 0.5631 -0.0144 0.8262
vn 0.5644 -0.0141 0.8254
vn 0.8681 0.0232 0.4959
vn 0.7268 0.0509 0.6849
vn 0.8379 0.0668 -0.5418
vn 0.7004 -0.0197 0.7135
vn 0.6145 0.1468 0.7751
vn 0.6019 0.5956 0.5319
vn 0.3912 0.9201 -0.0207
vn 0.7787 0.4322 0.4548
vn 0.9211 0.0169 0.3889
vn 0.3039 0.7969 0.5220
vn 0.8071 0.4765 -0.3487
vn 0.9182 0.0271 -0.3952
vn 0.8769 0.0141 -0.4805
vn 0.8656 0.4335 -0.2506
vn 0.9560 0.2304 -0.1816
vn 0.8306 0.0093 -0.5568
vn 0.9969 -0.0010 -0.0787
vn 0.9964 -0.0012 -0.0847
vn 0.9872 -0.0002 -0.1593
vn 0.9721 0.0079 -0.2343
vn 0.9557 0.0114 -0.2941
vn 0.8273 0.2311 -0.5120
vn 0.7297 0.0701 -0.6802
vn 0.9658 0.0137 -0.2590
vn 0.9647 0.0499 -0.2587
vn 0.9891 0.0048 -0.1471
vn 0.7539 0.0208 -0.6566
vn 0.9955 0.0048 -0.0943
vn 0.9929 0.0394 -0.1120
vn 0.9941 0.0119 -0.1074
vn 0.7086 0.0052 -0.7055
vn 0.7018 0.0004 -0.7124
vn 0.8573 -0.0080 -0.5148
vn 0.8603 0.0036 -0.5097
vn 0.9970 0.0412 0.0649
vn 0.9952 0.0641 0.0739
vn 0.8497 -0.0168 -0.5271
vn 0.6950 -0.0011 -0.7190
vn 0.9952 0.0106 -0.0969
vn 0.9975 0.0031 -0.0705
vn 0.9967 -0.0000 -0.0809
vn 0.9947 0.0122 -0.1022
vn 0.9934 -0.0026 -0.1144
vn 0.9430 0.1278 -0.3072
vn 0.9751 0.0565 -0.2143
vn 0.9692 0.0668 -0.2372
vn 0.9423 0.1197 -0.3127
vn 0.6833 0.0056 -0.7302
vn 0.8388 0.0030 -0.5444
vn 0.9973 0.0552 0.0482
vn 0.9965 -0.0054 0.0832
vn 0.6890 0.0087 -0.7247
vn 0.7018 0.0088 -0.7123
vn 0.8536 0.0100 -0.5208
vn 0.8431 0.0096 -0.5377
vn 0.9985 -0.0319 0.0446
vn 0.9992 -0.0098 0.0400
vn 0.9213 0.0022 -0.3888
vn 0.8230 0.0038 -0.5680
vn 0.6835 0.0055 -0.7299
vn 0.8733 0.0033 -0.4872
vn 0.9966 -0.0008 -0.0825
vn 0.9874 0.0001 -0.1583
vn 0.9752 0.0007 -0.2212
vn 0.9910 0.1002 -0.0882
vn 0.9964 0.0025 -0.0851
vn 0.9894 0.0302 -0.1419
vn 0.6835 0.0065 -0.7299
vn 0.8389 0.0053 -0.5442
vn 0.9970 -0.0111 0.0769
vn 0.9976 -0.0255 0.0645
vn 0.5937 0.8034 0.0446
vn 0.4766 0.8547 -0.2059
vn 0.1074 0.3566 -0.9281
vn 0.0877 0.5284 -0.8445
vn 0.0803 0.5573 -0.8264
vn 0.0938 0.2389 -0.9665
vn 0.0939 0.2607 -0.9608
vn 0.0871 0.2505 -0.9642
vn 0.0764 0.5202 -0.8506
vn 0.0597 0.5042 -0.8615
vn 0.8930 0.4030 0.2006
vn 0.7383 0.2240 0.6362
vn 0.9757 0.1746 0.1323
vn 0.7946 0.1276 0.5936
vn 0.6700 0.6100 -0.4231
vn 0.3914 0.9193 0.0418
vn 0.6098 0.7752 0.1648
vn 0.8677 0.4910 -0.0775
vn 0.6051 0.5656 0.5603
vn 0.5659 0.0070 -0.8245
vn 0.5597 0.0064 -0.8287
vn 0.0257 0.4500 -0.8927
vn 0.0292 0.3836 -0.9231
vn 0.0334 0.3854 -0.9221
vn 0.0410 0.3321 -0.9424
vn 0.0500 0.3380 -0.9398
vn 0.0410 0.7194 -0.6933
vn 0.0358 0.7214 -0.6916
vn 0.0222 0.6772 -0.7355
vn 0.0201 0.6708 -0.7414
vn 0.7849 0.0991 0.6117
vn 0.8056 0.4477 0.3882
vn 0.5594 0.0071 -0.8289
vn 0.5582 0.0074 -0.8297
vn 0.2984 0.1250 -0.9462
vn 0.1173 0.0128 -0.9930
vn 0.8444 -0.0653 0.5316
vn 0.8085 -0.0520 0.5862
vn 0.5631 0.0080 -0.8263
vn 0.5681 0.0078 -0.8229
vn 0.6928 0.0049 -0.7211
vn 0.5642 0.0064 -0.8256
vn 0.0467 0.8504 -0.5240
vn 0.0441 0.8499 -0.5251
vn 0.0568 0.9983 0.0128
vn 0.0651 0.2907 -0.9546
vn 0.0765 0.2993 -0.9511
vn 0.0880 0.2343 -0.9682
vn 0.0200 0.5508 -0.8344
vn 0.0207 0.5471 -0.8368
vn 0.0237 0.4503 -0.8925
vn 0.7933 -0.0231 0.6084
vn 0.7906 -0.0113 0.6123
vn 0.5569 0.0072 -0.8305
vn 0.5575 0.0075 -0.8302
vn 0.8644 0.0362 -0.5016
vn 0.7217 0.0688 -0.6888
vn 0.8419 0.0528 0.5370
vn 0.8658 -0.0312 0.4994
vn 0.6087 0.1669 -0.7756
vn 0.5980 0.6093 -0.5207
vn 0.7753 0.4439 -0.4492
vn 0.9576 0.0013 -0.2882
vn 0.3001 0.8103 -0.5034
vn 0.3626 0.4558 -0.8129
vn -0.8013 0.4769 0.3611
vn -0.9179 0.0278 0.3959
vn -0.8767 0.0122 0.4809
vn -0.8604 0.4373 0.2619
vn -0.9532 0.2371 0.1877
vn -0.8305 0.0049 0.5570
vn -0.9969 0.0090 0.0788
vn -0.9964 0.0086 0.0848
vn -0.9872 0.0075 0.1594
vn -0.9720 0.0135 0.2346
vn -0.9555 0.0153 0.2945
vn -0.8246 0.2276 0.5179
vn -0.7289 0.0612 0.6819
vn -0.9656 0.0186 0.2594
vn -0.9640 0.0547 0.2601
vn -0.9890 0.0129 0.1473
vn -0.7537 0.0128 0.6570
vn -0.9954 0.0143 0.0945
vn -0.9976 0.0697 0.0046
vn -0.9999 0.0109 0.0039
vn -0.9924 0.0484 0.1131
vn -0.9940 0.0211 0.1078
vn -0.7086 -0.0046 0.7056
vn -0.7018 -0.0097 0.7123
vn -0.8574 -0.0110 0.5145
vn -0.8603 0.0007 0.5098
vn -0.9965 0.0548 -0.0636
vn -0.9944 0.0780 -0.0720
vn -0.8499 -0.0203 0.5266
vn -0.6951 -0.0114 0.7188
vn -0.9951 0.0200 0.0973
vn -0.9974 0.0133 0.0707
vn -1.0000 0.0033 0.0038
vn -0.9967 0.0098 0.0810
vn -0.9999 0.0164 0.0039
vn -0.9945 0.0215 0.1026
vn -0.9934 0.0063 0.1145
vn -1.0000 0.0088 0.0039
vn -0.9999 0.0108 0.0039
vn -0.9415 0.1311 0.3106
vn -0.9744 0.0627 0.2158
vn -0.9683 0.0723 0.2390
vn -0.9408 0.1229 0.3159
vn -0.6833 -0.0052 0.7302
vn -0.8388 -0.0010 0.5444
vn -0.9966 0.0684 -0.0466
vn -0.9965 0.0087 -0.0831
vn -0.6889 -0.0019 0.7248
vn -0.7017 -0.0012 0.7124
vn -0.8535 0.0067 0.5210
vn -0.8430 0.0058 0.5379
vn -0.9988 -0.0188 -0.0452
vn -0.9992 0.0033 -0.0401
vn -0.9213 0.0032 0.3889
vn -0.8230 -0.0011 0.5681
vn -0.6835 -0.0053 0.7299
vn -0.8732 0.0011 0.4873
vn -0.9999 0.0101 0.0039
vn -0.9965 0.0090 0.0826
vn -0.9873 0.0078 0.1584
vn -0.9752 0.0067 0.2213
vn -0.9898 0.1098 0.0909
vn -0.9963 0.0123 0.0853
vn -0.9890 0.0384 0.1428
vn -0.6835 -0.0042 0.7299
vn -0.8389 0.0012 0.5443
vn -0.9970 0.0029 -0.0770
vn -0.9978 -0.0118 -0.0650
vn -0.5840 0.8114 -0.0236
vn -0.4663 0.8547 0.2281
vn -0.1033 0.3336 0.9370
vn -0.0815 0.5073 0.8579
vn -0.0737 0.5366 0.8406
vn -0.0911 0.2148 0.9724
vn -0.0909 0.2368 0.9673
vn -0.0842 0.2264 0.9704
vn -0.0703 0.4988 0.8639
vn -0.0538 0.4823 0.8743
vn -0.8880 0.4188 -0.1899
vn -0.7354 0.2493 -0.6301
vn -0.9735 0.1897 -0.1276
vn -0.7929 0.1525 -0.5900
vn -0.6626 0.6068 0.4389
vn -0.3803 0.9247 -0.0178
vn -0.6004 0.7865 -0.1445
vn -0.8617 0.4992 0.0903
vn -0.5982 0.5872 -0.5453
vn -0.5659 -0.0076 0.8244
vn -0.5597 -0.0084 0.8286
vn -0.0205 0.4270 0.9040
vn -0.0247 0.3598 0.9327
vn -0.0289 0.3617 0.9318
vn -0.0371 0.3080 0.9507
vn -0.0461 0.3141 0.9483
vn -0.0324 0.7016 0.7118
vn -0.0272 0.7036 0.7101
vn -0.0142 0.6580 0.7528
vn -0.0122 0.6515 0.7586
vn -0.7835 0.1243 -0.6088
vn -0.8001 0.4672 -0.3763
vn -0.5594 -0.0077 0.8289
vn -0.5582 -0.0074 0.8297
vn -0.2971 0.1040 0.9492
vn -0.1173 -0.0116 0.9930
vn -0.8451 -0.0413 -0.5330
vn -0.8089 -0.0271 -0.5873
vn -0.5631 -0.0067 0.8263
vn -0.5681 -0.0068 0.8229
vn -0.6928 -0.0055 0.7211
vn -0.5642 -0.0083 0.8256
vn -0.0365 0.8370 0.5460
vn -0.0340 0.8364 0.5470
vn -0.0324 0.9994 0.0131
vn -0.0448 0.9989 0.0132
vn -0.0618 0.2665 0.9618
vn -0.0730 0.2754 0.9586
vn -0.0854 0.2101 0.9740
vn -0.0136 0.5291 0.8485
vn -0.0142 0.5254 0.8507
vn -0.0184 0.4273 0.9039
vn -0.7934 0.0022 -0.6087
vn -0.7906 0.0141 -0.6122
vn -0.5569 -0.0077 0.8305
vn -0.5575 -0.0073 0.8302
vn -0.8639 0.0335 0.5025
vn -0.7209 0.0596 0.6905
vn -0.8411 0.0768 -0.5354
vn -0.8660 -0.0078 -0.4999
vn -0.6068 0.1541 0.7798
vn -0.5907 0.6027 0.5364
vn -0.7700 0.4414 0.4607
vn -0.9575 0.0053 0.2883
vn -0.2904 0.8005 0.5243
vn -0.3572 0.4389 0.8245
vn -0.8040 0.4861 -0.3425
vn -0.8623 0.4438 -0.2440
vn -0.8803 0.0246 -0.4738
vn -0.9545 0.2418 -0.1743
vn -0.8347 0.0193 -0.5504
vn -0.9901 0.0166 -0.1396
vn -0.9884 0.0115 -0.1517
vn -0.9974 0.0109 -0.0711
vn -0.9737 0.0195 -0.2269
vn -0.8284 0.2409 -0.5056
vn -0.9577 0.0228 -0.2868
vn -0.7340 0.0788 -0.6746
vn -0.9672 0.0254 -0.2526
vn -0.7578 0.0301 -0.6518
vn -0.9657 0.0617 -0.2524
vn -0.9467 0.0777 -0.3126
vn -0.9961 0.0167 -0.0867
vn -0.9947 0.0238 -0.0998
vn -0.9932 0.0512 -0.1044
vn -0.8641 0.0139 -0.5032
vn -0.8612 0.0023 -0.5082
vn -0.7139 0.0137 -0.7001
vn -0.9989 0.0021 0.0476
vn -0.9960 0.0531 0.0725
vn -0.9938 0.0760 0.0814
vn -0.8538 -0.0066 -0.5206
vn -0.7071 0.0088 -0.7070
vn -0.9958 0.0224 -0.0893
vn -0.9972 0.0118 -0.0733
vn -0.9952 0.0241 -0.0946
vn -0.9979 0.0150 -0.0629
vn -0.9438 0.1390 -0.3000
vn -0.9430 0.1311 -0.3059
vn -0.9701 0.0784 -0.2298
vn -0.9760 0.0682 -0.2068
vn -0.6887 0.0137 -0.7249
vn -0.6890 0.0137 -0.7247
vn -0.9962 0.0671 0.0558
vn -0.9959 0.0065 0.0908
vn -0.8429 0.0131 -0.5380
vn -0.8470 0.0197 -0.5313
vn -0.8574 0.0202 -0.5142
vn -0.6943 0.0169 -0.7195
vn -0.9973 -0.0136 0.0721
vn -0.9984 -0.0200 0.0522
vn -0.7071 0.0172 -0.7070
vn -0.9999 0.0095 0.0039
vn -0.9970 0.0107 -0.0771
vn -0.8769 0.0137 -0.4806
vn -0.9242 0.0132 -0.3818
vn -0.8272 0.0136 -0.5617
vn -0.6981 0.0132 -0.7158
vn -0.9971 0.0111 -0.0749
vn -0.9597 0.0127 -0.2809
vn -0.9768 0.0123 -0.2138
vn -0.9904 0.1120 -0.0807
vn -0.9885 0.1513 0.0057
vn -0.9969 0.0144 -0.0775
vn -0.9942 0.0092 -0.1068
vn -0.9900 0.0420 -0.1344
vn -0.8429 0.0153 -0.5378
vn -0.9964 0.0008 0.0845
vn -0.6889 0.0147 -0.7247
vn -0.5838 0.8104 0.0491
vn -0.7972 0.4572 0.3943
vn -0.4679 0.8603 -0.2023
vn -0.1103 0.3579 -0.9272
vn -0.0879 0.5290 -0.8441
vn -0.1140 0.3587 -0.9264
vn -0.0983 0.2401 -0.9658
vn -0.0981 0.2618 -0.9601
vn -0.0926 0.2353 -0.9675
vn -0.0914 0.2516 -0.9635
vn -0.0767 0.5211 -0.8501
vn -0.8865 0.4136 0.2074
vn -0.7307 0.2327 0.6418
vn -0.5941 0.5727 0.5649
vn -0.9725 0.1862 0.1398
vn -0.7884 0.1370 0.5997
vn -0.8624 0.5013 -0.0709
vn -0.5993 0.7824 0.1694
vn -0.6658 0.6180 -0.4180
vn -0.5720 0.0138 -0.8201
vn -0.5743 0.0146 -0.8185
vn -0.5659 0.0131 -0.8244
vn -0.0272 0.4503 -0.8925
vn -0.0316 0.3839 -0.9228
vn -0.0251 0.4506 -0.8924
vn -0.0358 0.3858 -0.9219
vn -0.0442 0.3326 -0.9420
vn -0.0800 0.5577 -0.8262
vn -0.0377 0.7195 -0.6935
vn -0.0325 0.7215 -0.6917
vn -0.0197 0.6774 -0.7353
vn -0.7789 0.1084 0.6177
vn -0.7860 -0.0019 0.6183
vn -0.5656 0.0138 -0.8246
vn -0.3041 0.1286 -0.9439
vn -0.3633 0.4601 -0.8101
vn -0.1247 0.0143 -0.9921
vn -0.8411 -0.0552 0.5381
vn -0.8623 -0.0209 0.5060
vn -0.8045 -0.0424 0.5924
vn -0.5693 0.0147 -0.8220
vn -0.5637 0.0142 -0.8259
vn -0.5704 0.0131 -0.8213
vn -0.0603 0.5049 -0.8611
vn -0.0405 0.8509 -0.5237
vn -0.0380 0.8504 -0.5248
vn -0.0531 0.3387 -0.9394
vn -0.0689 0.2915 -0.9541
vn -0.0802 0.3002 -0.9505
vn -0.0178 0.6710 -0.7412
vn -0.0198 0.5510 -0.8343
vn -0.0205 0.5473 -0.8367
vn -0.7888 -0.0137 0.6145
vn -0.5631 0.0138 -0.8262
vn -0.5644 0.0141 -0.8254
vn -0.8677 0.0465 -0.4950
vn -0.7261 0.0774 -0.6833
vn -0.8371 0.0628 0.5434
vn -0.7005 0.0072 -0.7136
vn -0.6126 0.1742 -0.7709
vn -0.5946 0.6164 -0.5162
vn -0.3801 0.9239 0.0447
vn -0.7734 0.4532 -0.4433
vn -0.9208 0.0380 -0.3882
vn -0.2942 0.8138 -0.5011
vn 0.8239 0.0473 0.5648
vn 0.9067 0.0264 0.4210
vn 0.9036 0.0371 0.4269
vn 0.8125 0.1642 0.5594
vn 0.8957 0.0754 0.4382
vn 0.8962 0.1245 0.4258
vn 0.9716 0.1790 0.1550
vn 0.9790 0.1871 0.0813
vn 0.9447 0.2381 0.2256
vn 0.9846 0.1105 -0.1356
vn 0.9704 0.1831 -0.1575
vn 0.9907 0.0168 0.1353
vn 0.9874 0.0396 -0.1532
vn 0.9885 0.0357 0.1468
vn 0.9856 0.1071 0.1310
vn 0.9884 0.0634 0.1384
vn 0.8166 0.0946 0.5694
vn 0.9873 0.0671 -0.1440
vn 0.8066 0.2645 0.5286
vn 0.9166 0.2583 0.3053
vn 0.7573 0.3505 0.5510
vn 0.8632 0.2071 0.4604
vn 0.6230 0.3666 0.6910
vn 0.9413 0.0053 0.3375
vn 0.8844 -0.0068 0.4667
vn 0.9732 0.0071 0.2299
vn 0.8517 0.0019 0.5240
vn 0.8230 0.0302 0.5672
vn 0.7789 0.0007 0.6271
vn 0.9961 0.0114 0.0873
vn 0.9903 0.0221 0.1371
vn 0.9851 -0.0039 0.1718
vn 0.9276 -0.0056 0.3735
vn 0.7917 -0.0083 0.6108
vn 0.9003 0.0484 -0.4326
vn 0.9035 0.0373 -0.4270
vn 0.8196 0.0621 -0.5695
vn 0.8930 0.1356 -0.4291
vn 0.8924 0.0869 -0.4428
vn 0.8083 0.1788 -0.5610
vn 0.9430 0.2440 -0.2264
vn 0.9783 0.1893 -0.0837
vn 0.9954 0.0136 -0.0946
vn 0.9838 0.0011 -0.1795
vn 0.8123 0.1094 -0.5729
vn 0.7532 0.3648 -0.5474
vn 0.9143 0.2662 -0.3054
vn 0.8026 0.2783 -0.5276
vn 0.8598 0.2191 -0.4613
vn 0.9249 0.0047 -0.3802
vn 0.8808 0.0058 -0.4735
vn 0.9715 0.0131 -0.2368
vn 0.9896 0.0205 -0.1421
vn 0.6179 0.3845 -0.6858
vn 0.7219 0.2979 -0.6246
vn 0.8478 0.0153 -0.5301
vn 0.7203 0.0097 -0.6936
vn 0.7743 0.0168 -0.6326
vn 0.9388 0.0141 -0.3443
vn 0.7872 0.0082 -0.6167
vn 0.8188 0.0450 -0.5723
vn 0.9893 0.0256 -0.1438
vn 0.7253 -0.0087 0.6884
vn 0.9861 0.1662 -0.0015
vn -0.8189 0.0571 0.5711
vn -0.9030 0.0371 0.4279
vn -0.8183 0.0399 0.5734
vn -0.8062 0.1738 0.5656
vn -0.8914 0.0861 0.4451
vn -0.8110 0.1043 0.5756
vn -0.9681 0.1906 0.1624
vn -0.9400 0.2493 0.2328
vn -0.9760 0.1988 0.0888
vn -0.9842 0.1223 -0.1281
vn -0.9832 0.1188 0.1386
vn -0.9893 0.0286 0.1428
vn -0.9880 0.0513 -0.1457
vn -0.9904 0.0323 -0.1346
vn -0.9875 0.0788 -0.1365
vn -0.9864 0.0752 0.1459
vn -0.8998 0.0478 0.4337
vn -0.9869 0.0474 0.1543
vn -0.7993 0.2741 0.5348
vn -0.9111 0.2692 0.3123
vn -0.7184 0.2902 0.6322
vn -0.8572 0.2174 0.4669
vn -0.7489 0.3595 0.5567
vn -0.6133 0.3740 0.6957
vn -0.9713 0.0187 0.2373
vn -0.9247 0.0055 0.3805
vn -0.8808 0.0037 0.4734
vn -0.8476 0.0120 0.5305
vn -0.9952 0.0233 0.0949
vn -0.9889 0.0338 0.1447
vn -0.9386 0.0165 0.3446
vn -0.8914 0.1351 0.4326
vn -0.9838 0.0078 0.1793
vn -0.8232 0.0719 -0.5632
vn -0.8225 0.0548 -0.5661
vn -0.9062 0.0481 -0.4201
vn -0.8104 0.1884 -0.5548
vn -0.8153 0.1191 -0.5667
vn -0.8946 0.0975 -0.4360
vn -0.9417 0.2552 -0.2192
vn -0.9693 0.1947 -0.1501
vn -0.9766 0.2009 -0.0763
vn -0.9959 0.0254 -0.0870
vn -0.9029 0.0591 -0.4257
vn -0.8033 0.2878 -0.5215
vn -0.9133 0.2771 -0.2984
vn -0.8606 0.2293 -0.4547
vn -0.7230 0.3065 -0.6191
vn -0.9730 0.0247 -0.2294
vn -0.9277 0.0157 -0.3731
vn -0.9411 0.0253 -0.3371
vn -0.8842 0.0163 -0.4667
vn -0.8946 0.1462 -0.4223
vn -0.7530 0.3738 -0.5416
vn -0.6185 0.3919 -0.6811
vn -0.8516 0.0255 -0.5236
vn -0.7254 0.0183 -0.6880
vn -0.7917 0.0176 -0.6106
vn -0.9900 0.0374 -0.1363
vn -0.7871 0.0011 0.6168
vn -0.7741 0.0099 0.6330
vn -0.9840 0.1779 0.0060
vn 0.9544 -0.2790 0.1063
vn 0.9876 -0.1490 0.0502
vn 0.9878 -0.1438 0.0604
vn 0.9907 0.1328 -0.0307
vn 0.9880 -0.1378 0.0699
vn 0.9522 -0.3056 -0.0036
vn 0.8454 -0.1307 -0.5179
vn 0.9871 -0.1600 -0.0089
vn 0.9520 -0.3054 0.0190
vn 0.9872 -0.1587 0.0181
vn 0.9521 -0.3035 0.0365
vn 0.9524 -0.2998 0.0547
vn 0.9872 -0.1565 0.0292
vn 0.9905 0.1356 -0.0219
vn 0.9874 -0.1533 0.0399
vn 0.9529 -0.2944 0.0724
vn 0.9536 -0.2876 0.0894
vn 0.9651 0.2365 -0.1124
vn 0.9911 0.1267 -0.0403
vn 0.9643 0.2417 -0.1084
vn 0.9890 -0.1150 0.0933
vn 0.9893 -0.1080 0.0977
vn 0.9633 0.2485 -0.1016
vn 0.9910 0.1283 -0.0382
vn 0.9623 0.2551 -0.0944
vn 0.9908 0.1313 -0.0336
vn 0.9615 0.2609 -0.0861
vn 0.9883 -0.1307 0.0786
vn 0.3592 -0.7846 0.5054
vn 0.1807 -0.8292 0.5289
vn 0.3541 -0.8047 0.4766
vn 0.3483 -0.8278 0.4398
vn 0.1751 -0.8709 0.4591
vn 0.3433 -0.8506 0.3982
vn 0.1722 -0.8933 0.4151
vn 0.3390 -0.8719 0.3534
vn 0.3528 0.9347 -0.0441
vn 0.1486 0.8230 -0.5483
vn 0.1831 0.9821 -0.0443
vn 0.3527 0.9328 -0.0743
vn 0.1827 0.9801 -0.0771
vn 0.3527 0.9282 -0.1184
vn 0.3533 0.9210 -0.1641
vn 0.1828 0.9678 -0.1730
vn 0.3544 0.9114 -0.2093
vn 0.1833 0.9578 -0.2213
vn 0.3563 0.8991 -0.2543
vn 0.3352 -0.8903 0.3083
vn 0.1677 -0.9321 0.3211
vn 0.3590 0.8845 -0.2979
vn 0.1853 0.9304 -0.3164
vn 0.3275 -0.9374 0.1182
vn 0.1631 -0.9788 0.1239
vn 0.3271 -0.9423 0.0716
vn 0.3284 -0.9297 0.1667
vn 0.3301 -0.9193 0.2145
vn 0.1637 -0.9710 0.1740
vn 0.3324 -0.9060 0.2620
vn 0.1660 -0.9476 0.2729
vn 0.2002 0.9659 -0.1640
vn 0.4878 0.8730 -0.0003
vn 0.4054 0.8557 -0.3215
vn 0.3804 0.7878 -0.4844
vn 0.1899 0.9077 -0.3742
vn 0.3710 0.8272 -0.4220
vn 0.3660 0.8482 -0.3829
vn 0.1911 0.8719 -0.4509
vn 0.3620 0.8677 -0.3405
vn 0.1869 0.9131 -0.3624
vn 0.2135 0.2063 0.9549
vn 0.5121 0.0563 0.8571
vn 0.4174 0.3532 0.8373
vn 0.9408 0.3389 0.0074
vn 0.9753 0.2051 0.0819
vn 0.8187 0.5456 0.1792
vn 0.9255 0.3083 0.2200
vn 0.9792 -0.0332 0.2000
vn 0.9912 0.1260 -0.0415
vn 0.3848 -0.6731 0.6316
vn 0.1783 -0.7319 0.6577
vn 0.4930 -0.4269 0.7581
vn 0.1890 -0.5976 0.7792
vn 0.3758 0.8063 -0.4568
vn 0.1937 0.8504 -0.4891
vn 0.9608 0.2663 -0.0768
vn 0.9594 0.2795 -0.0369
vn 0.9905 0.1366 -0.0158
vn 0.9595 0.2806 -0.0268
vn 0.9871 -0.1597 0.0074
vn 0.9596 0.2774 -0.0473
vn 0.9905 0.1349 -0.0250
vn 0.9602 0.2709 -0.0675
vn 0.9599 0.2745 -0.0577
vn 0.3515 0.6339 0.6889
vn 0.1674 0.6568 0.7353
vn 0.4507 0.7544 0.4773
vn 0.1797 0.7658 0.6175
vn 0.9592 -0.2326 0.1605
vn 0.9604 -0.2221 0.1684
vn 0.9578 -0.2452 0.1499
vn 0.9886 -0.1228 0.0869
vn 0.9554 -0.2690 0.1217
vn 0.9565 -0.2580 0.1361
vn 0.9437 0.0411 0.3283
vn 0.8440 -0.1138 0.5241
vn 0.9426 -0.1591 0.2935
vn 0.7575 -0.2026 -0.6206
vn 0.9706 -0.2405 -0.0068
vn 0.8066 -0.0944 -0.5835
vn 0.2319 0.7168 -0.6576
vn 0.1520 0.9883 0.0123
vn 0.1159 0.7754 -0.6207
vn 0.2810 -0.8516 -0.4425
vn 0.1628 -0.9863 0.0265
vn 0.1400 -0.8485 -0.5103
vn 0.8518 0.2381 -0.4666
vn 0.9596 0.2800 -0.0264
vn 0.8238 0.1184 -0.5544
vn 0.7810 0.0874 -0.6183
vn 0.7366 0.1717 -0.6541
vn 0.1060 -0.8048 -0.5840
vn 0.2153 -0.7621 -0.6106
vn 0.3273 -0.9446 0.0241
vn 0.9903 0.1371 -0.0215
vn 0.2678 -0.9634 -0.0135
vn 0.9763 0.2162 -0.0008
vn 0.9949 0.1007 -0.0024
vn 0.9909 0.1298 -0.0360
vn 0.9906 0.1339 -0.0280
vn 0.9905 0.1361 -0.0188
vn -0.9575 -0.2580 0.1291
vn -0.9890 -0.1316 0.0677
vn -0.9568 -0.2679 0.1134
vn -0.9893 0.1442 -0.0231
vn -0.9889 -0.1369 0.0578
vn -0.9554 -0.2941 0.0262
vn -0.9889 -0.1483 -0.0014
vn -0.9557 -0.2942 0.0037
vn -0.9888 0.1487 -0.0136
vn -0.8508 -0.1206 -0.5114
vn -0.9554 -0.2921 0.0438
vn -0.9889 -0.1479 0.0150
vn -0.9889 0.1479 -0.0112
vn -0.9889 0.1484 -0.0082
vn -0.9557 -0.2832 0.0797
vn -0.9888 -0.1446 0.0366
vn -0.9555 -0.2885 0.0619
vn -0.9890 0.1473 -0.0143
vn -0.9888 -0.1469 0.0256
vn -0.9562 -0.2763 0.0969
vn -0.9888 -0.1412 0.0474
vn -0.9892 0.1454 -0.0203
vn -0.9891 0.1465 -0.0173
vn -0.9622 0.2531 -0.1007
vn -0.9899 0.1373 -0.0340
vn -0.9631 0.2476 -0.1052
vn -0.9897 -0.1025 0.1004
vn -0.9899 -0.0956 0.1051
vn -0.9600 0.2663 -0.0869
vn -0.9897 0.1396 -0.0304
vn -0.9611 0.2597 -0.0944
vn -0.9894 -0.1105 0.0939
vn -0.9899 0.1381 -0.0324
vn -0.9590 0.2723 -0.0786
vn -0.9896 0.1412 -0.0282
vn -0.9891 -0.1254 0.0772
vn -0.9892 -0.1183 0.0860
vn -0.3603 -0.8001 0.4796
vn -0.1865 -0.8271 0.5303
vn -0.3646 -0.7803 0.5081
vn -0.3506 -0.8466 0.4005
vn -0.1817 -0.8689 0.4605
vn -0.3552 -0.8235 0.4424
vn -0.1843 -0.8462 0.5000
vn -0.3468 -0.8677 0.3562
vn -0.1795 -0.8913 0.4163
vn -0.3422 0.9369 -0.0716
vn -0.1717 0.9842 -0.0429
vn -0.3420 0.9388 -0.0415
vn -0.1429 0.8247 -0.5472
vn -0.3425 0.9324 -0.1157
vn -0.1716 0.9823 -0.0757
vn -0.3451 0.9155 -0.2067
vn -0.1726 0.9699 -0.1716
vn -0.3435 0.9252 -0.1615
vn -0.1719 0.9774 -0.1227
vn -0.3474 0.9034 -0.2514
vn -0.1736 0.9599 -0.2200
vn -0.3412 -0.9020 0.2644
vn -0.1762 -0.9300 0.3224
vn -0.3437 -0.8862 0.3108
vn -0.1777 -0.9119 0.3699
vn -0.3540 0.8720 -0.3381
vn -0.1768 0.9325 -0.3149
vn -0.3503 0.8889 -0.2952
vn -0.1750 0.9474 -0.2679
vn -0.3378 -0.9383 0.0741
vn -0.1738 -0.9768 0.1251
vn -0.3377 -0.9335 0.1207
vn -0.1739 -0.9690 0.1753
vn -0.3383 -0.9257 0.1692
vn -0.1744 -0.9586 0.2250
vn -0.3395 -0.9152 0.2171
vn -0.1751 -0.9456 0.2741
vn -0.1902 -0.5953 0.7807
vn -0.1820 -0.7297 0.6591
vn -0.3976 0.8605 -0.3185
vn -0.1819 0.9099 -0.3728
vn -0.3747 0.7923 -0.4815
vn -0.4774 0.8787 0.0034
vn -0.1900 0.9683 -0.1625
vn -0.3694 0.8106 -0.4544
vn -0.1844 0.8741 -0.4494
vn -0.3637 0.8318 -0.4193
vn -0.1814 0.8955 -0.4064
vn -0.3585 0.8528 -0.3799
vn -0.1789 0.9152 -0.3612
vn -0.4074 0.3568 0.8407
vn -0.5048 0.0624 0.8610
vn -0.2037 0.2088 0.9565
vn 0.1628 -0.9838 0.0756
vn -0.1739 -0.9817 0.0769
vn 0.1647 -0.9607 0.2237
vn 0.1889 0.8932 -0.4080
vn -0.9722 0.2162 0.0901
vn -0.9366 0.3501 0.0145
vn -0.9206 0.3177 0.2272
vn -0.8107 0.5553 0.1854
vn -0.3879 -0.6685 0.6345
vn -0.4923 -0.4210 0.7619
vn -0.1875 0.8526 -0.4878
vn 0.1958 0.8320 -0.5191
vn -0.1898 0.8343 -0.5176
vn -0.9575 0.2821 -0.0601
vn -0.9582 0.2776 -0.0696
vn -0.9894 0.1428 -0.0257
vn -0.9562 0.2920 -0.0195
vn -0.9563 0.2909 -0.0296
vn -0.9565 0.2888 -0.0400
vn -0.9569 0.2859 -0.0503
vn -0.1852 0.4060 0.8949
vn -0.3394 0.6388 0.6905
vn -0.1658 0.7678 0.6188
vn -0.4381 0.7597 0.4806
vn -0.1535 0.6592 0.7362
vn -0.9615 -0.2107 0.1762
vn -0.9605 -0.2217 0.1681
vn -0.9594 -0.2342 0.1570
vn -0.9584 -0.2467 0.1438
vn -0.9781 -0.0208 0.2073
vn -0.9410 0.0529 0.3342
vn -0.9422 -0.1479 0.3007
vn -0.8413 -0.1037 0.5306
vn -0.7639 -0.1908 -0.6165
vn -0.9938 -0.1113 0.0023
vn -0.9747 -0.2236 0.0007
vn -0.2284 0.7195 -0.6558
vn -0.1401 0.9900 0.0134
vn -0.2835 0.9589 0.0135
vn -0.1114 0.7767 -0.6199
vn -0.8518 0.2489 -0.4610
vn -0.7847 0.0969 -0.6123
vn -0.8264 0.1278 -0.5484
vn -0.8112 -0.0862 -0.5784
vn -0.2945 -0.8482 -0.4403
vn -0.1200 -0.8034 -0.5832
vn -0.1540 -0.8468 -0.5092
vn -0.1744 -0.9843 0.0278
vn -0.3383 -0.9407 0.0267
vn -0.9562 0.2920 -0.0183
vn -0.2793 -0.9601 -0.0114
vn -0.2290 -0.7595 -0.6089
vn 0.1279 -0.9917 -0.0134
vn -0.9737 0.2279 0.0066
vn -0.7395 0.1805 -0.6485
vn -0.9936 0.1129 0.0052
vn 0.1781 -0.8485 0.4984
vn 0.1826 0.9753 -0.1241
vn 0.1697 -0.9140 0.3685
vn 0.1842 0.9453 -0.2693
vn 0.1972 0.4042 0.8931
vn 0.9535 -0.2761 -0.1206
vn 0.9871 -0.1476 -0.0614
vn 0.9528 -0.2851 -0.1040
vn 0.9909 0.1320 0.0268
vn 0.9874 -0.1358 -0.0808
vn 0.9910 0.1305 0.0296
vn 0.9521 -0.3055 -0.0114
vn 0.8492 -0.1440 0.5080
vn 0.8593 -0.2774 0.4298
vn 0.9518 -0.3048 -0.0340
vn 0.9870 -0.1581 -0.0296
vn 0.9870 -0.1594 -0.0190
vn 0.9520 -0.2981 -0.0696
vn 0.9518 -0.3024 -0.0515
vn 0.9907 0.1351 0.0180
vn 0.9870 -0.1521 -0.0513
vn 0.9907 0.1342 0.0211
vn 0.9523 -0.2923 -0.0871
vn 0.9660 0.2336 0.1113
vn 0.9914 0.1257 0.0362
vn 0.9915 0.1249 0.0374
vn 0.9886 -0.1053 -0.1079
vn 0.9640 0.2458 0.1009
vn 0.9651 0.2389 0.1074
vn 0.9630 0.2526 0.0938
vn 0.9911 0.1289 0.0319
vn 0.9877 -0.1286 -0.0893
vn 0.3504 -0.7920 -0.5000
vn 0.1743 -0.8352 -0.5216
vn 0.1767 -0.8152 -0.5516
vn 0.1716 -0.8587 -0.4829
vn 0.3363 -0.8624 -0.3785
vn 0.1669 -0.9041 -0.3934
vn 0.1690 -0.8822 -0.4395
vn 0.3532 0.9332 0.0658
vn 0.1528 0.8085 0.5684
vn 0.3057 0.8074 0.5046
vn 0.3537 0.9249 0.1398
vn 0.1836 0.9718 0.1481
vn 0.1834 0.9778 0.1012
vn 0.1842 0.9630 0.1967
vn 0.3583 0.8922 0.2749
vn 0.1863 0.9380 0.2925
vn 0.1851 0.9517 0.2448
vn 0.1652 -0.9234 -0.3465
vn 0.1877 0.9218 0.3391
vn 0.3265 -0.9400 -0.0985
vn 0.1621 -0.9814 -0.1024
vn 0.1621 -0.9752 -0.1505
vn 0.1623 -0.9662 -0.2004
vn 0.1629 -0.9545 -0.2498
vn 0.3284 -0.9133 -0.2408
vn 0.1639 -0.9402 -0.2987
vn 0.2015 0.9614 0.1876
vn 0.1928 0.8977 0.3962
vn 0.4079 0.8471 0.3407
vn 0.3841 0.7750 0.5018
vn 0.1998 0.8182 0.5391
vn 0.1945 0.8599 0.4719
vn 0.1920 0.8823 0.4297
vn 0.3689 0.8380 0.4021
vn 0.1897 0.9033 0.3847
vn 0.2064 0.2311 -0.9508
vn 0.1906 0.4273 -0.8838
vn 0.4111 0.3749 -0.8309
vn 0.9747 0.2073 -0.0838
vn 0.9407 0.3391 -0.0056
vn 0.9239 0.3140 -0.2189
vn 0.9777 -0.0279 -0.2081
vn 0.3553 -0.7712 -0.5283
vn 0.1733 -0.7145 -0.6778
vn 0.3800 -0.6564 -0.6517
vn 0.1831 -0.5771 -0.7959
vn 0.1975 0.8375 0.5096
vn 0.9614 0.2643 0.0765
vn 0.9622 0.2586 0.0857
vn 0.9597 0.2785 0.0370
vn 0.9906 0.1363 0.0119
vn 0.9906 0.1357 0.0149
vn 0.9599 0.2762 0.0474
vn 0.9603 0.2730 0.0576
vn 0.9608 0.2691 0.0674
vn 0.9908 0.1332 0.0240
vn 0.1619 0.6757 -0.7192
vn 0.3464 0.6516 -0.6748
vn 0.1751 0.7816 -0.5987
vn 0.9580 -0.2282 -0.1737
vn 0.9882 -0.1124 -0.1036
vn 0.9566 -0.2411 -0.1634
vn 0.9554 -0.2543 -0.1499
vn 0.9913 0.1274 0.0341
vn 0.9545 -0.2656 -0.1358
vn 0.9412 0.0497 -0.3341
vn 0.9404 -0.1514 -0.3046
vn 0.9591 -0.2175 -0.1813
vn 0.8110 -0.1095 0.5748
vn 0.9927 -0.1202 -0.0053
vn 0.2369 0.6995 0.6743
vn 0.2950 0.9554 0.0113
vn 0.2842 -0.8628 0.4180
vn 0.1625 -0.9853 -0.0533
vn 0.3270 -0.9436 -0.0511
vn 0.8279 0.1040 0.5511
vn 0.9905 0.1366 0.0176
vn 0.9598 0.2793 0.0265
vn 0.8553 0.2259 0.4662
vn 0.7856 0.0714 0.6145
vn 0.7621 -0.2186 0.6095
vn 0.1103 -0.8197 0.5621
vn 0.1437 -0.8615 0.4870
vn 0.9597 0.2799 0.0269
vn 0.9873 -0.1421 -0.0715
vn 0.9871 -0.1601 -0.0026
vn 0.9870 -0.1556 -0.0406
vn 0.3449 -0.8161 -0.4637
vn 0.1835 0.9806 0.0684
vn 0.3546 0.9164 0.1854
vn 0.3328 -0.8819 -0.3338
vn 0.3613 0.8765 0.3182
vn 0.3271 -0.9250 -0.1933
vn 0.3742 0.8160 0.4406
vn 0.9879 -0.1204 -0.0974
vn -0.9585 -0.2546 -0.1286
vn -0.9895 -0.1299 -0.0637
vn -0.9897 -0.1235 -0.0730
vn -0.9893 -0.1355 -0.0539
vn -0.9890 0.1448 0.0314
vn -0.9891 0.1435 0.0342
vn -0.9576 -0.2649 -0.1132
vn -0.9569 -0.2738 -0.0969
vn -0.9556 -0.2934 -0.0267
vn -0.9889 -0.1484 0.0049
vn -0.9890 -0.1476 -0.0114
vn -0.8470 -0.1339 0.5144
vn -0.8222 0.1134 0.5577
vn -0.9887 0.1482 0.0248
vn -0.9558 -0.2941 -0.0042
vn -0.8592 -0.2672 0.4363
vn -0.9557 -0.2910 -0.0442
vn -0.9890 -0.1463 -0.0221
vn -0.9888 0.1474 0.0224
vn -0.9563 -0.2811 -0.0799
vn -0.9891 -0.1437 -0.0330
vn -0.9892 -0.1401 -0.0436
vn -0.9888 0.1468 0.0255
vn -0.9559 -0.2869 -0.0623
vn -0.9614 0.2503 0.1144
vn -0.9897 0.1363 0.0449
vn -0.9896 0.1371 0.0433
vn -0.9904 -0.0999 -0.0956
vn -0.9593 0.2638 0.1010
vn -0.9895 0.1387 0.0414
vn -0.9893 0.1403 0.0392
vn -0.9901 -0.1081 -0.0893
vn -0.9603 0.2571 0.1083
vn -0.9584 0.2700 0.0928
vn -0.9892 0.1420 0.0368
vn -0.3639 -0.7874 -0.4975
vn -0.1906 -0.8130 -0.5502
vn -0.1881 -0.8330 -0.5204
vn -0.3537 -0.8359 -0.4197
vn -0.1853 -0.8566 -0.4815
vn -0.1827 -0.8802 -0.4380
vn -0.3586 -0.8117 -0.4610
vn -0.3495 -0.8581 -0.3761
vn -0.1805 -0.9020 -0.3921
vn -0.3415 0.9347 0.0985
vn -0.1713 0.9827 0.0698
vn -0.1709 0.9799 0.1025
vn -0.1388 0.8102 0.5695
vn -0.3415 0.9374 0.0684
vn -0.2922 0.8110 0.5069
vn -0.3415 0.9290 0.1424
vn -0.1709 0.9739 0.1494
vn -0.3434 0.9098 0.2331
vn -0.1712 0.9651 0.1981
vn -0.1719 0.9539 0.2462
vn -0.3421 0.9206 0.1880
vn -0.3454 0.8965 0.2774
vn -0.1729 0.9401 0.2937
vn -0.3433 -0.8949 -0.2852
vn -0.1787 -0.9214 -0.3452
vn -0.1773 -0.9382 -0.2973
vn -0.3461 -0.8778 -0.3312
vn -0.3514 0.8628 0.3633
vn -0.1743 0.9240 0.3404
vn -0.1761 0.9055 0.3862
vn -0.3480 0.8809 0.3209
vn -0.3384 -0.9361 -0.0960
vn -0.1748 -0.9732 -0.1492
vn -0.1746 -0.9794 -0.1011
vn -0.3387 -0.9300 -0.1424
vn -0.1753 -0.9642 -0.1991
vn -0.1761 -0.9525 -0.2486
vn -0.3397 -0.9210 -0.1907
vn -0.3412 -0.9093 -0.2383
vn -0.1961 -0.5748 -0.7944
vn -0.1870 -0.7124 -0.6764
vn -0.3710 0.7795 0.5047
vn -0.1859 0.8205 0.5406
vn -0.1790 0.8999 0.3977
vn -0.3951 0.8519 0.3437
vn -0.1886 0.9637 0.1890
vn -0.3659 0.7985 0.4781
vn -0.1809 0.8621 0.4733
vn -0.1837 0.8396 0.5112
vn -0.1783 0.8846 0.4309
vn -0.3605 0.8206 0.4435
vn -0.3556 0.8425 0.4046
vn -0.4136 0.3785 -0.8280
vn -0.1918 0.4291 -0.8826
vn -0.2109 0.2336 -0.9492
vn -0.9623 0.2447 0.1188
vn -0.9728 0.2184 -0.0772
vn -0.9222 0.3234 -0.2120
vn -0.9366 0.3503 0.0016
vn -0.3685 -0.7668 -0.5255
vn -0.3927 -0.6518 -0.6488
vn -0.9570 0.2804 0.0746
vn -0.9576 0.2756 0.0840
vn -0.9560 0.2913 0.0342
vn -0.9888 0.1481 0.0194
vn -0.9560 0.2899 0.0443
vn -0.9889 0.1459 0.0285
vn -0.9562 0.2876 0.0547
vn -0.9565 0.2844 0.0648
vn -0.3445 0.6565 -0.6711
vn -0.1589 0.6781 -0.7176
vn -0.1704 0.7837 -0.5974
vn -0.9629 -0.2061 -0.1745
vn -0.9906 -0.0929 -0.1002
vn -0.9618 -0.2173 -0.1666
vn -0.9899 -0.1162 -0.0817
vn -0.9606 -0.2301 -0.1559
vn -0.9594 -0.2429 -0.1430
vn -0.9796 -0.0155 -0.2004
vn -0.9444 -0.1401 -0.2974
vn -0.9435 0.0615 -0.3257
vn -0.7593 -0.2068 0.6170
vn -0.8068 -0.1013 0.5820
vn -0.2234 0.7022 0.6760
vn -0.1067 0.7604 0.6407
vn -0.8483 0.2367 0.4737
vn -0.7801 0.0809 0.6204
vn -0.7346 0.1635 0.6585
vn -0.2913 -0.8594 0.4202
vn -0.1158 -0.8184 0.5629
vn -0.2246 -0.7751 0.5906
vn -0.1502 -0.8597 0.4882
vn -0.1747 -0.9833 -0.0521
vn -0.3386 -0.9397 -0.0486
vn -0.9560 0.2914 0.0331
vn -0.1398 -0.9901 -0.0124
vn 0.1207 0.7590 0.6398
vn -0.9073 -0.0124 -0.4204
vn -1.0000 0.0067 0.0034
vn -0.9999 -0.0167 0.0036
vn -0.9133 0.0135 -0.4070
vn -0.9999 0.0136 0.0034
vn -0.6653 -0.0095 -0.7465
vn -0.6798 0.0219 -0.7330
vn -0.9219 0.0214 -0.3867
vn -0.3473 -0.0083 -0.9377
vn -0.3597 0.0280 -0.9326
vn -0.7015 0.0317 -0.7119
vn -0.0038 -0.0087 -1.0000
vn -0.0040 0.0293 -0.9996
vn -0.3789 0.0397 -0.9246
vn 0.3401 -0.0108 -0.9403
vn 0.3523 0.0245 -0.9356
vn -0.0041 0.0413 -0.9991
vn 0.6595 -0.0151 -0.7516
vn 0.6744 0.0148 -0.7382
vn 0.3716 0.0351 -0.9277
vn 0.9038 -0.0215 -0.4274
vn 0.9105 0.0034 -0.4134
vn 0.6964 0.0231 -0.7173
vn 0.9996 -0.0286 -0.0042
vn 1.0000 -0.0053 -0.0034
vn 0.9195 0.0102 -0.3931
vn 0.9070 -0.0342 0.4198
vn 0.9134 -0.0080 0.4071
vn 1.0000 0.0017 -0.0032
vn 0.6650 -0.0369 0.7459
vn 0.6799 -0.0054 0.7333
vn 0.9221 0.0003 0.3870
vn 0.3470 -0.0368 0.9371
vn 0.3599 -0.0005 0.9330
vn 0.7017 0.0048 0.7124
vn 0.0036 -0.0347 0.9994
vn 0.0043 0.0033 1.0000
vn 0.3792 0.0111 0.9253
vn -0.3403 -0.0312 0.9398
vn 0.0042 0.0033 1.0000
vn 0.0035 -0.0347 0.9994
vn -0.3522 0.0044 0.9359
vn 0.0044 0.0153 0.9999
vn -0.6597 -0.0267 0.7510
vn -0.6743 0.0037 0.7385
vn -0.3713 0.0155 0.9284
vn -0.9041 -0.0217 0.4268
vn -0.9105 0.0036 0.4135
vn -0.6962 0.0128 0.7178
vn -0.9193 0.0110 0.3933
vn -0.9226 -0.0436 -0.3833
vn -0.9989 -0.0470 0.0036
vn -0.9989 -0.0462 0.0036
vn -0.7042 -0.0473 -0.7085
vn -0.9209 -0.0452 -0.3873
vn -0.3811 -0.0538 -0.9230
vn -0.6997 -0.0491 -0.7127
vn -0.0037 -0.0589 -0.9983
vn -0.3770 -0.0552 -0.9246
vn 0.3739 -0.0603 -0.9255
vn -0.0037 -0.0594 -0.9982
vn 0.6980 -0.0585 -0.7137
vn 0.3700 -0.0599 -0.9271
vn 0.9187 -0.0566 -0.3909
vn 0.6936 -0.0578 -0.7180
vn 0.9983 -0.0581 -0.0050
vn 0.9170 -0.0564 -0.3950
vn 0.9220 -0.0646 0.3818
vn 0.9983 -0.0589 -0.0050
vn 0.7034 -0.0741 0.7069
vn 0.9202 -0.0663 0.3858
vn 0.3803 -0.0823 0.9212
vn 0.6989 -0.0760 0.7111
vn 0.0029 -0.0849 0.9964
vn 0.3762 -0.0837 0.9227
vn -0.3748 -0.0798 0.9237
vn 0.0028 -0.0853 0.9963
vn 0.0028 -0.0849 0.9964
vn -0.6988 -0.0686 0.7121
vn -0.3708 -0.0795 0.9253
vn -0.9194 -0.0557 0.3894
vn -0.6944 -0.0681 0.7164
vn -0.9176 -0.0556 0.3935
vn -0.9992 -0.0401 0.0037
vn -0.9139 -0.0378 -0.4042
vn -0.6818 -0.0401 -0.7304
vn -0.3612 -0.0441 -0.9314
vn -0.0036 -0.0470 -0.9989
vn 0.3542 -0.0477 -0.9340
vn 0.6758 -0.0472 -0.7356
vn 0.9100 -0.0479 -0.4118
vn 0.9986 -0.0520 -0.0049
vn 0.9133 -0.0592 0.4030
vn 0.6812 -0.0673 0.7290
vn 0.3605 -0.0726 0.9299
vn 0.0030 -0.0730 0.9973
vn 0.0029 -0.0730 0.9973
vn -0.3549 -0.0677 0.9325
vn -0.6764 -0.0582 0.7342
vn -0.9106 -0.0477 0.4106
vn -0.9999 0.0130 0.0034
vn -0.9243 0.0218 -0.3810
vn -0.7077 0.0325 -0.7058
vn -0.3845 0.0403 -0.9223
vn -0.0041 0.0409 -0.9992
vn 0.3772 0.0335 -0.9255
vn 0.7026 0.0209 -0.7113
vn 0.9219 0.0085 -0.3874
vn 1.0000 0.0011 -0.0032
vn 0.9245 0.0007 0.3813
vn 0.7079 0.0057 0.7063
vn 0.0045 0.0153 0.9999
vn 0.3848 0.0117 0.9229
vn 0.0044 0.0149 0.9999
vn -0.3769 0.0140 0.9261
vn -0.7024 0.0109 0.7117
vn -0.9218 0.0095 0.3876
vn -0.9546 0.2977 0.0076
vn -0.7804 0.5756 -0.2442
vn -0.8589 0.5121 0.0099
vn 0.9405 0.2840 -0.1864
vn 0.8650 0.5017 0.0034
vn 0.7853 0.5666 -0.2496
vn 0.9581 0.2863 -0.0000
vn 0.7874 0.5595 0.2587
vn -0.9371 0.2903 0.1939
vn -0.7785 0.5693 0.2643
vn -0.9187 0.1199 -0.3764
vn -0.7636 -0.5606 -0.3204
vn -0.9931 0.1173 0.0050
vn -0.7042 0.1190 -0.6999
vn -0.5844 -0.5610 -0.5863
vn -0.3828 0.1165 -0.9165
vn -0.3184 -0.5634 -0.7624
vn -0.0033 0.1140 -0.9935
vn -0.0068 -0.5659 -0.8244
vn 0.3769 0.1126 -0.9194
vn 0.3053 -0.5676 -0.7646
vn 0.7002 0.1117 -0.7052
vn 0.5728 -0.5687 -0.5904
vn 0.9172 0.1097 -0.3831
vn 0.7542 -0.5702 -0.3257
vn 0.9944 0.1054 -0.0021
vn 0.8194 -0.5732 -0.0103
vn 0.9200 0.0990 0.3792
vn 0.7568 -0.5778 0.3056
vn 0.7055 0.0924 0.7027
vn 0.5775 -0.5831 0.5714
vn 0.3840 0.0880 0.9191
vn 0.3115 -0.5868 0.7474
vn 0.0046 0.0882 0.9961
vn -0.0001 -0.5872 0.8094
vn -0.3756 0.0932 0.9221
vn -0.3123 -0.5836 0.7496
vn 0.0045 0.0882 0.9961
vn -0.6989 0.1017 0.7080
vn -0.5796 -0.5769 0.5755
vn -0.9158 0.1107 0.3860
vn -0.7611 -0.5693 0.3109
vn -0.8262 -0.5634 -0.0045
vn -0.7287 0.6194 -0.2921
vn -0.9833 0.1819 0.0060
vn -0.7878 0.6159 0.0110
vn -0.5581 0.6218 -0.5495
vn -0.9098 0.1863 -0.3709
vn -0.3019 0.6225 -0.7221
vn -0.6976 0.1892 -0.6911
vn 0.0007 0.6214 -0.7835
vn -0.3790 0.1901 -0.9056
vn 0.3038 0.6188 -0.7244
vn -0.0026 0.1888 -0.9820
vn 0.5612 0.6151 -0.5538
vn 0.3744 0.1856 -0.9085
vn 0.7338 0.6107 -0.2977
vn 0.6945 0.1809 -0.6964
vn 0.7951 0.6064 0.0049
vn 0.9091 0.1755 -0.3779
vn 0.7360 0.6028 0.3080
vn 0.9854 0.1702 -0.0015
vn 0.5654 0.6005 0.5654
vn 0.9119 0.1657 0.3755
vn 0.3093 0.5998 0.7379
vn 0.6997 0.1628 0.6956
vn 0.0066 0.6008 0.7993
vn 0.3812 0.1619 0.9102
vn -0.2965 0.6034 0.7403
vn 0.0047 0.1632 0.9866
vn -0.5539 0.6072 0.5697
vn -0.3722 0.1664 0.9131
vn -0.7264 0.6116 0.3136
vn -0.6924 0.1711 0.7009
vn -0.9070 0.1765 0.3824
vn -0.9132 0.1654 -0.3725
vn -0.9692 -0.2462 0.0004
vn -0.9870 0.1609 0.0058
vn -0.7002 0.1682 -0.6938
vn -0.8969 -0.2418 -0.3702
vn -0.3805 0.1691 -0.9092
vn -0.6883 -0.2390 -0.6849
vn -0.0028 0.1678 -0.9858
vn -0.3752 -0.2381 -0.8958
vn 0.3756 0.1646 -0.9121
vn -0.0051 -0.2394 -0.9709
vn 0.6969 0.1599 -0.6991
vn 0.3655 -0.2425 -0.8987
vn 0.9122 0.1545 -0.3795
vn 0.6802 -0.2471 -0.6901
vn 0.9888 0.1491 -0.0018
vn 0.8912 -0.2525 -0.3770
vn 0.9150 0.1446 0.3766
vn 0.9662 -0.2577 -0.0070
vn 0.7021 0.1417 0.6978
vn 0.8939 -0.2621 0.3636
vn 0.3824 0.1409 0.9132
vn 0.6853 -0.2649 0.6783
vn 0.0046 0.1421 0.9898
vn 0.3722 -0.2658 0.8893
vn -0.3737 0.1454 0.9161
vn 0.0021 -0.2645 0.9644
vn 0.0046 0.1422 0.9898
vn -0.6950 0.1501 0.7032
vn -0.3685 -0.2614 0.8921
vn -0.9103 0.1555 0.3835
vn -0.6832 -0.2568 0.6836
vn -0.8942 -0.2514 0.3704
vn 0.0048 0.1632 0.9866
vn -0.8663 -0.4995 -0.0033
vn -0.8018 -0.4956 -0.3338
vn -0.6157 -0.4931 -0.6146
vn -0.3364 -0.4923 -0.8028
vn -0.0063 -0.4935 -0.8697
vn 0.3243 -0.4963 -0.8053
vn 0.6051 -0.5004 -0.6192
vn 0.7933 -0.5051 -0.3399
vn 0.8602 -0.5098 -0.0098
vn 0.7957 -0.5137 0.3207
vn 0.6097 -0.5163 0.6015
vn 0.3303 -0.5170 0.7897
vn 0.0002 -0.5159 0.8566
vn -0.3304 -0.5131 0.7922
vn -0.6112 -0.5090 0.6061
vn -0.7993 -0.5042 0.3268
vn -0.1906 0.9816 0.0135
vn -0.1759 0.9825 -0.0618
vn -0.1336 0.9830 -0.1257
vn -0.0700 0.9832 -0.1685
vn 0.0052 0.9830 -0.1838
vn 0.0804 0.9823 -0.1691
vn 0.1443 0.9814 -0.1267
vn 0.1872 0.9803 -0.0632
vn 0.2024 0.9792 0.0120
vn 0.1877 0.9783 0.0872
vn 0.1454 0.9778 0.1511
vn 0.0818 0.9776 0.1940
vn 0.0066 0.9778 0.2092
vn -0.0686 0.9785 0.1945
vn -0.1325 0.9794 0.1522
vn -0.1754 0.9805 0.0886
vn -0.2923 -0.9473 -0.1310
vn -0.3157 -0.9488 -0.0112
vn -0.2914 -0.9504 0.1084
vn -0.2235 -0.9520 0.2092
vn -0.1227 -0.9533 0.2760
vn -0.0002 -0.5872 0.8094
vn -0.0045 -0.9542 0.2990
vn 0.1134 -0.9547 0.2751
vn 0.2137 -0.9546 0.2076
vn 0.2809 -0.9538 0.1063
vn 0.3042 -0.9525 -0.0135
vn 0.2800 -0.9507 -0.1331
vn 0.2120 -0.9489 -0.2339
vn 0.1113 -0.9472 -0.3007
vn -0.0069 -0.9461 -0.3237
vn -0.1249 -0.9458 -0.2998
vn -0.2251 -0.9462 -0.2323
vn -0.8167 0.4763 -0.3258
vn -0.8831 0.4690 0.0094
vn -0.6261 0.4834 -0.6118
vn -0.3402 0.4869 -0.8045
vn -0.0005 0.4890 -0.8723
vn 0.3398 0.4826 -0.8072
vn 0.6273 0.4756 -0.6168
vn 0.8200 0.4663 -0.3319
vn 0.8887 0.4586 0.0028
vn 0.8223 0.4579 0.3377
vn 0.6318 0.4598 0.6240
vn 0.3459 0.4617 0.8168
vn 0.0063 0.4661 0.8847
vn -0.3341 0.4655 0.8196
vn -0.6216 0.4669 0.6290
vn -0.8144 0.4674 0.3440
vn -0.5216 0.6904 -0.5013
vn -0.2827 0.6962 -0.6598
vn 0.0011 0.6989 -0.7152
vn 0.2856 0.6932 -0.6617
vn 0.5256 0.6847 -0.5050
vn 0.5298 0.6709 0.5189
vn 0.2909 0.6754 0.6777
vn 0.0072 0.6801 0.7331
vn -0.2774 0.6792 0.6796
vn 0.0071 0.6801 0.7331
vn -0.5174 0.6776 0.5227
vn -0.0060 -0.9999 -0.0130
vn 0.9885 -0.0039 0.1509
vn 0.9458 0.0658 -0.3179
vn 0.1112 0.3574 -0.9273
vn -0.9450 0.0689 0.3197
vn -0.1070 0.3345 0.9363
vn -0.9885 0.0119 -0.1508
vn 0.7266 0.2816 0.6267
vn -0.9850 0.0128 -0.1720
vn -0.7789 0.0261 -0.6266
vn -0.7201 -0.0001 0.6939
vn 0.8560 -0.2661 -0.4432
vn 0.3020 0.8203 -0.4857
vn -0.8625 -0.2558 -0.4367
vn -0.2959 0.8239 -0.4834
vn 0.3403 -0.8400 -0.4227
vn 0.3534 0.9306 0.0959
vn 0.3561 0.9056 0.2303
vn 0.3265 -0.9340 -0.1450
vn 0.3303 -0.8989 -0.2880
vn 0.4879 0.8727 0.0194
vn 0.3646 0.8586 0.3603
vn 0.5057 0.0786 -0.8591
vn 0.8174 0.5502 -0.1710
vn 0.4873 -0.4070 -0.7726
vn 0.3793 0.7942 0.4748
vn 0.4472 0.7666 -0.4608
vn 0.8400 -0.1000 -0.5332
vn 0.7415 0.1547 0.6529
vn 0.2198 -0.7777 0.5890
vn -0.4773 0.8784 0.0231
vn -0.5113 0.0847 -0.8552
vn -0.8120 0.5599 -0.1648
vn -0.4980 -0.4011 -0.7688
vn -0.4416 0.7719 -0.4574
vn -0.8452 -0.0900 -0.5268
vn -0.9383 0.2954 -0.1795
vn 0.9418 0.2794 0.1870
vt 0.821228 0.365718
vt 0.821630 0.360906
vt 0.819978 0.356049
vt 0.823049 0.356004
vt 0.823186 0.351667
vt 0.950333 0.398826
vt 0.823078 0.397133
vt 0.950328 0.411010
vt 0.823077 0.382514
vt 0.822982 0.375074
vt 0.819892 0.375330
vt 0.826026 0.376541
vt 0.947037 0.382511
vt 0.947078 0.376495
vt 0.950342 0.384704
vt 0.950371 0.379042
vt 0.982081 0.417070
vt 0.986971 0.425508
vt 0.984970 0.418155
vt 0.987071 0.419378
vt 0.871746 0.353870
vt 0.878387 0.353657
vt 0.873987 0.343273
vt 0.870686 0.358740
vt 0.876852 0.358388
vt 0.880545 0.357542
vt 0.882242 0.353180
vt 0.881749 0.343322
vt 0.957534 0.425507
vt 0.967616 0.425507
vt 0.958384 0.409987
vt 0.974012 0.412072
vt 0.969930 0.409012
vt 0.974080 0.425507
vt 0.967214 0.418086
vt 0.950157 0.425507
vt 0.958206 0.395233
vt 0.954183 0.386562
vt 0.954162 0.391238
vt 0.958191 0.397563
vt 0.830456 0.342994
vt 0.823193 0.343001
vt 0.826109 0.354850
vt 0.830464 0.354856
vt 0.830456 0.351658
vt 0.847836 0.351995
vt 0.860356 0.353026
vt 0.848130 0.343047
vt 0.847702 0.355473
vt 0.859818 0.357282
vt 0.861491 0.343177
vt 0.823075 0.425507
vt 0.823076 0.409556
vt 0.803524 0.356097
vt 0.802807 0.365646
vt 0.803829 0.351813
vt 0.804453 0.343135
vt 0.799805 0.425507
vt 0.800953 0.409558
vt 0.802243 0.375326
vt 0.801903 0.382497
vt 0.988516 0.421954
vt 0.989023 0.425508
vt 0.978247 0.414898
vt 0.981124 0.425509
vt 0.965967 0.405468
vt 0.962087 0.401237
vt 0.837786 0.351653
vt 0.837785 0.354860
vt 0.837793 0.342998
vt 0.822712 0.361477
vt 0.823794 0.357684
vt 0.822365 0.365950
vt 0.900500 0.211954
vt 0.897021 0.213913
vt 0.900558 0.214480
vt 0.859360 0.205393
vt 0.856591 0.213156
vt 0.859485 0.212953
vt 0.856414 0.205562
vt 0.854415 0.213287
vt 0.885936 0.354790
vt 0.883799 0.358761
vt 0.886684 0.356191
vt 0.883895 0.356357
vt 0.880254 0.359792
vt 0.887443 0.351956
vt 0.889167 0.351303
vt 0.890102 0.343555
vt 0.883102 0.337561
vt 0.874848 0.337408
vt 0.887931 0.337962
vt 0.876542 0.205989
vt 0.872232 0.212691
vt 0.876549 0.212748
vt 0.872196 0.205608
vt 0.867893 0.212701
vt 0.896972 0.211490
vt 0.891695 0.213295
vt 0.891679 0.209676
vt 0.885820 0.213072
vt 0.826189 0.357027
vt 0.830473 0.357052
vt 0.823200 0.336801
vt 0.826109 0.374588
vt 0.823858 0.373461
vt 0.947101 0.373974
vt 0.859644 0.359638
vt 0.870403 0.361229
vt 0.847639 0.357691
vt 0.861919 0.337223
vt 0.848251 0.336999
vt 0.804730 0.336768
vt 0.854225 0.205687
vt 0.852324 0.213321
vt 0.852279 0.205684
vt 0.850394 0.213323
vt 0.867827 0.205402
vt 0.863448 0.212789
vt 0.863355 0.205331
vt 0.885839 0.207707
vt 0.880946 0.212869
vt 0.880960 0.206586
vt 0.837777 0.357044
vt 0.837807 0.336883
vt 0.830466 0.336835
vt 0.885312 0.352623
vt 0.888805 0.343867
vt 0.876551 0.360500
vt 0.886218 0.343596
vt 0.890577 0.338547
vt 0.891608 0.339526
vt 0.892203 0.341990
vt 0.821592 0.370178
vt 0.818988 0.365631
vt 0.822670 0.369818
vt 0.821228 0.485297
vt 0.818988 0.485384
vt 0.819978 0.494966
vt 0.821630 0.490109
vt 0.823049 0.495011
vt 0.823186 0.499349
vt 0.950328 0.440004
vt 0.823076 0.441457
vt 0.823078 0.453881
vt 0.823077 0.468500
vt 0.819892 0.475685
vt 0.822982 0.475941
vt 0.826026 0.474474
vt 0.947037 0.468503
vt 0.950342 0.466311
vt 0.950333 0.452188
vt 0.947078 0.474520
vt 0.982081 0.433947
vt 0.987071 0.431639
vt 0.984970 0.432862
vt 0.873987 0.507743
vt 0.881749 0.507694
vt 0.878387 0.497359
vt 0.871746 0.497146
vt 0.876852 0.492628
vt 0.880545 0.493474
vt 0.882242 0.497836
vt 0.886218 0.507420
vt 0.958384 0.441027
vt 0.967214 0.432928
vt 0.974012 0.438944
vt 0.969930 0.442002
vt 0.965967 0.445547
vt 0.958206 0.455781
vt 0.958191 0.453452
vt 0.954162 0.459776
vt 0.954183 0.464452
vt 0.830456 0.508022
vt 0.830456 0.499357
vt 0.826109 0.496166
vt 0.830464 0.496159
vt 0.848130 0.507968
vt 0.861491 0.507838
vt 0.860356 0.497989
vt 0.847836 0.499020
vt 0.859818 0.493734
vt 0.870686 0.492276
vt 0.802807 0.485369
vt 0.803829 0.499202
vt 0.823193 0.508015
vt 0.803524 0.494918
vt 0.800953 0.441456
vt 0.801294 0.453879
vt 0.801903 0.468517
vt 0.988516 0.429062
vt 0.978247 0.436119
vt 0.962087 0.449777
vt 0.837793 0.508018
vt 0.837786 0.499363
vt 0.837785 0.496156
vt 0.847702 0.495542
vt 0.822712 0.489539
vt 0.822365 0.485066
vt 0.800286 0.211751
vt 0.803762 0.213728
vt 0.803814 0.211305
vt 0.841432 0.205378
vt 0.844195 0.213149
vt 0.844377 0.205555
vt 0.846371 0.213285
vt 0.846564 0.205685
vt 0.885936 0.496226
vt 0.883799 0.492255
vt 0.883895 0.494660
vt 0.880254 0.491224
vt 0.890102 0.507461
vt 0.892203 0.509027
vt 0.889167 0.499713
vt 0.887443 0.499060
vt 0.886684 0.494825
vt 0.883102 0.513455
vt 0.887931 0.513054
vt 0.824251 0.205903
vt 0.828553 0.212625
vt 0.828596 0.205542
vt 0.832892 0.212654
vt 0.832965 0.205355
vt 0.809088 0.213136
vt 0.809109 0.209517
vt 0.814964 0.212942
vt 0.814951 0.207576
vt 0.826189 0.493989
vt 0.823794 0.493332
vt 0.823200 0.514214
vt 0.830466 0.514180
vt 0.826109 0.476427
vt 0.947101 0.477040
vt 0.859644 0.491378
vt 0.847639 0.493324
vt 0.861919 0.513793
vt 0.874848 0.513608
vt 0.804453 0.507880
vt 0.804730 0.514248
vt 0.848464 0.213320
vt 0.848510 0.205683
vt 0.850394 0.205649
vt 0.837337 0.212760
vt 0.837438 0.205302
vt 0.841300 0.212938
vt 0.819839 0.212762
vt 0.819832 0.206479
vt 0.824235 0.212663
vt 0.837778 0.493972
vt 0.830474 0.493963
vt 0.837807 0.514133
vt 0.848251 0.514017
vt 0.885312 0.498393
vt 0.888805 0.507149
vt 0.876551 0.490515
vt 0.870403 0.489787
vt 0.890577 0.512470
vt 0.891608 0.511490
vt 0.821592 0.480837
vt 0.802243 0.475689
vt 0.822670 0.481197
vt 0.823858 0.477554
vt 0.970361 0.213815
vt 0.972601 0.213727
vt 0.971611 0.204145
vt 0.969959 0.209002
vt 0.968540 0.204101
vt 0.968404 0.199763
vt 0.841261 0.259107
vt 0.968514 0.257654
vt 0.968512 0.245230
vt 0.968512 0.230611
vt 0.971697 0.223427
vt 0.968608 0.223171
vt 0.965564 0.224638
vt 0.844552 0.230608
vt 0.841247 0.232801
vt 0.841257 0.246923
vt 0.844511 0.224592
vt 0.809508 0.265164
vt 0.804619 0.273602
vt 0.810465 0.273602
vt 0.804519 0.267472
vt 0.806619 0.266249
vt 0.917602 0.191369
vt 0.909840 0.191416
vt 0.913202 0.201752
vt 0.919843 0.201965
vt 0.914737 0.206484
vt 0.911044 0.205636
vt 0.909347 0.201274
vt 0.905371 0.191690
vt 0.833206 0.258084
vt 0.824376 0.266183
vt 0.823974 0.273605
vt 0.817578 0.260167
vt 0.817509 0.273604
vt 0.821659 0.257109
vt 0.825622 0.253565
vt 0.841432 0.273604
vt 0.834055 0.273604
vt 0.833384 0.243330
vt 0.833399 0.245659
vt 0.837427 0.239335
vt 0.837407 0.234659
vt 0.961133 0.191090
vt 0.961133 0.199754
vt 0.965481 0.202946
vt 0.961125 0.202952
vt 0.943459 0.191143
vt 0.930098 0.191272
vt 0.931233 0.201122
vt 0.943753 0.200091
vt 0.931771 0.205377
vt 0.920903 0.206836
vt 0.988783 0.213743
vt 0.987760 0.199909
vt 0.968397 0.191097
vt 0.988065 0.204194
vt 0.991785 0.273604
vt 0.990637 0.257656
vt 0.990295 0.245233
vt 0.989687 0.230594
vt 0.803074 0.270048
vt 0.813343 0.262993
vt 0.829503 0.249334
vt 0.953797 0.191094
vt 0.953803 0.199748
vt 0.953804 0.202956
vt 0.943887 0.203569
vt 0.968877 0.209573
vt 0.969225 0.214046
vt 0.986735 0.488493
vt 0.983258 0.486520
vt 0.983207 0.488942
vt 0.945590 0.494916
vt 0.942825 0.487148
vt 0.942645 0.494742
vt 0.940649 0.487014
vt 0.940457 0.494614
vt 0.905653 0.202884
vt 0.907790 0.206855
vt 0.907694 0.204450
vt 0.911335 0.207886
vt 0.901487 0.191648
vt 0.899386 0.190082
vt 0.902422 0.199396
vt 0.904146 0.200049
vt 0.904905 0.204285
vt 0.908487 0.185655
vt 0.903659 0.186056
vt 0.962771 0.494368
vt 0.958467 0.487653
vt 0.958426 0.494735
vt 0.954128 0.487630
vt 0.954057 0.494928
vt 0.977931 0.487117
vt 0.977912 0.490736
vt 0.972056 0.487317
vt 0.972070 0.492683
vt 0.965400 0.205123
vt 0.967795 0.205780
vt 0.968389 0.184897
vt 0.961123 0.184931
vt 0.965481 0.222685
vt 0.844489 0.222071
vt 0.931945 0.207733
vt 0.943950 0.205787
vt 0.929670 0.185318
vt 0.916741 0.185503
vt 0.987136 0.191231
vt 0.986859 0.184864
vt 0.938557 0.486979
vt 0.938512 0.494616
vt 0.936627 0.486976
vt 0.936627 0.494651
vt 0.949683 0.487529
vt 0.949584 0.494987
vt 0.945719 0.487356
vt 0.967181 0.487503
vt 0.967190 0.493786
vt 0.962785 0.487609
vt 0.953812 0.205140
vt 0.961116 0.205148
vt 0.953783 0.184979
vt 0.943339 0.185094
vt 0.906277 0.200717
vt 0.902784 0.191961
vt 0.915038 0.208595
vt 0.921187 0.209324
vt 0.901012 0.186639
vt 0.899982 0.187619
vt 0.969997 0.218274
vt 0.989347 0.223423
vt 0.968919 0.217914
vt 0.967731 0.221557
vt 0.970361 0.333393
vt 0.969959 0.338206
vt 0.971611 0.343063
vt 0.968540 0.343107
vt 0.968404 0.347445
vt 0.841257 0.300284
vt 0.968512 0.301978
vt 0.841261 0.288101
vt 0.968512 0.316597
vt 0.968608 0.324037
vt 0.971697 0.323781
vt 0.965563 0.322570
vt 0.844552 0.316599
vt 0.844495 0.322609
vt 0.841247 0.314407
vt 0.841234 0.320085
vt 0.809508 0.282041
vt 0.806619 0.280956
vt 0.804519 0.279733
vt 0.919843 0.345241
vt 0.913203 0.345455
vt 0.917602 0.355838
vt 0.920903 0.340372
vt 0.914737 0.340724
vt 0.911044 0.341570
vt 0.909347 0.345932
vt 0.909840 0.355790
vt 0.833206 0.289124
vt 0.817578 0.287040
vt 0.821659 0.290099
vt 0.824376 0.281025
vt 0.833384 0.303878
vt 0.837407 0.312548
vt 0.837427 0.307873
vt 0.833399 0.301549
vt 0.961133 0.356118
vt 0.968397 0.356111
vt 0.965481 0.344262
vt 0.961125 0.344256
vt 0.961134 0.347453
vt 0.943753 0.347116
vt 0.931234 0.346085
vt 0.943460 0.356064
vt 0.943888 0.343638
vt 0.931771 0.341830
vt 0.930098 0.355935
vt 0.968515 0.273604
vt 0.968514 0.289555
vt 0.988065 0.343014
vt 0.988783 0.333465
vt 0.987760 0.347299
vt 0.987136 0.355977
vt 0.990637 0.289553
vt 0.989347 0.323785
vt 0.989687 0.316614
vt 0.803074 0.277157
vt 0.802566 0.273603
vt 0.813343 0.284213
vt 0.825622 0.293644
vt 0.829503 0.297874
vt 0.953803 0.347459
vt 0.953804 0.344252
vt 0.953797 0.356114
vt 0.968877 0.337635
vt 0.967795 0.341428
vt 0.969225 0.333162
vt 0.886539 0.488368
vt 0.889984 0.486425
vt 0.886481 0.485867
vt 0.927662 0.494908
vt 0.930430 0.487144
vt 0.927536 0.487348
vt 0.930608 0.494738
vt 0.932606 0.487013
vt 0.905653 0.344322
vt 0.907790 0.340351
vt 0.904905 0.342920
vt 0.907694 0.342756
vt 0.911335 0.339320
vt 0.904146 0.347156
vt 0.902422 0.347809
vt 0.901487 0.355556
vt 0.908487 0.361551
vt 0.916741 0.361704
vt 0.903659 0.361150
vt 0.910480 0.494321
vt 0.914789 0.487617
vt 0.910472 0.487562
vt 0.914826 0.494700
vt 0.919128 0.487605
vt 0.890033 0.488824
vt 0.895325 0.487028
vt 0.895342 0.490648
vt 0.901200 0.487245
vt 0.965401 0.342085
vt 0.961116 0.342060
vt 0.968390 0.362311
vt 0.965480 0.324524
vt 0.967731 0.325651
vt 0.844473 0.325105
vt 0.931945 0.339474
vt 0.921187 0.337883
vt 0.943951 0.341420
vt 0.929670 0.361889
vt 0.943339 0.362113
vt 0.986859 0.362344
vt 0.932796 0.494613
vt 0.934698 0.486979
vt 0.934742 0.494616
vt 0.919195 0.494903
vt 0.923573 0.487514
vt 0.923667 0.494972
vt 0.901182 0.492611
vt 0.906075 0.487445
vt 0.906062 0.493727
vt 0.953812 0.342068
vt 0.953783 0.362229
vt 0.961124 0.362276
vt 0.906277 0.346489
vt 0.902784 0.355244
vt 0.915038 0.338611
vt 0.905372 0.355516
vt 0.901012 0.360565
vt 0.899982 0.359585
vt 0.899386 0.357122
vt 0.969997 0.328934
vt 0.972601 0.333481
vt 0.968919 0.329294
vt 0.098895 0.683456
vt 0.114547 0.674387
vt 0.098899 0.672445
vt 0.054758 0.665747
vt 0.079842 0.668219
vt 0.056724 0.658002
vt 0.024502 0.629279
vt 0.012662 0.619418
vt 0.014294 0.623130
vt 0.034833 0.597579
vt 0.024503 0.602601
vt 0.098797 0.654914
vt 0.080781 0.579469
vt 0.080781 0.652413
vt 0.034833 0.634302
vt 0.059262 0.644718
vt 0.079025 0.677899
vt 0.059262 0.587164
vt 0.026839 0.636897
vt 0.015464 0.625310
vt 0.018406 0.629661
vt 0.034780 0.643261
vt 0.024635 0.638245
vt 0.128087 0.671288
vt 0.988559 0.682089
vt 0.128115 0.661991
vt 0.128060 0.679001
vt 0.114504 0.686272
vt 0.128034 0.687016
vt 0.128180 0.652554
vt 0.114692 0.656314
vt 0.988611 0.663587
vt 0.988590 0.672854
vt 0.988524 0.691770
vt 0.098899 0.559438
vt 0.114547 0.557497
vt 0.098895 0.548428
vt 0.056725 0.573879
vt 0.079843 0.563664
vt 0.054758 0.566135
vt 0.014294 0.608749
vt 0.012662 0.612461
vt 0.128180 0.579330
vt 0.988611 0.568297
vt 0.079025 0.553984
vt 0.018406 0.602218
vt 0.015464 0.606570
vt 0.026839 0.594982
vt 0.034780 0.588620
vt 0.988590 0.559029
vt 0.988558 0.549795
vt 0.128115 0.569892
vt 0.098797 0.576970
vt 0.024635 0.593635
vt 0.033475 0.584084
vt 0.128060 0.552882
vt 0.988492 0.529344
vt 0.128033 0.544867
vt 0.128087 0.560595
vt 0.988524 0.540113
vt 0.114504 0.545612
vt 0.114692 0.575569
vt 0.988492 0.702540
vt 0.012111 0.615940
vt 0.099610 0.734293
vt 0.115241 0.743380
vt 0.115148 0.731598
vt 0.055669 0.752909
vt 0.080586 0.749137
vt 0.079663 0.739149
vt 0.025424 0.788464
vt 0.015241 0.794641
vt 0.013607 0.798309
vt 0.035728 0.820017
vt 0.035728 0.783476
vt 0.099517 0.762797
vt 0.081556 0.838186
vt 0.099517 0.840695
vt 0.060105 0.830426
vt 0.060105 0.773067
vt 0.099598 0.745266
vt 0.081556 0.765307
vt 0.027718 0.780829
vt 0.016425 0.792583
vt 0.034368 0.770078
vt 0.035663 0.774609
vt 0.019344 0.788237
vt 0.025515 0.779501
vt 0.128775 0.755721
vt 0.987645 0.744866
vt 0.987610 0.735573
vt 0.128712 0.738537
vt 0.128839 0.765182
vt 0.115378 0.761419
vt 0.128744 0.746377
vt 0.057635 0.760214
vt 0.987668 0.754167
vt 0.099610 0.869199
vt 0.115148 0.871895
vt 0.115241 0.860112
vt 0.055669 0.850584
vt 0.079663 0.864343
vt 0.080586 0.854356
vt 0.015241 0.808852
vt 0.025424 0.815029
vt 0.013607 0.805184
vt 0.128839 0.838310
vt 0.099598 0.858226
vt 0.027718 0.822664
vt 0.016425 0.810910
vt 0.035662 0.828884
vt 0.034368 0.833416
vt 0.128775 0.847771
vt 0.987645 0.858626
vt 0.128744 0.857115
vt 0.987610 0.867919
vt 0.057635 0.843279
vt 0.019344 0.815256
vt 0.025515 0.823992
vt 0.128712 0.864955
vt 0.987522 0.888474
vt 0.987563 0.877677
vt 0.115378 0.842073
vt 0.987564 0.725815
vt 0.128638 0.730440
vt 0.013056 0.801747
vt 0.480383 0.249150
vt 0.494732 0.253686
vt 0.481115 0.245017
vt 0.498797 0.146349
vt 0.467779 0.234739
vt 0.562813 0.280479
vt 0.573131 0.276688
vt 0.562898 0.276235
vt 0.550665 0.278914
vt 0.536639 0.271517
vt 0.536357 0.275747
vt 0.522144 0.271161
vt 0.522530 0.266960
vt 0.532450 0.164219
vt 0.508550 0.261011
vt 0.508060 0.265175
vt 0.494136 0.257815
vt 0.451578 0.095031
vt 0.457515 0.107663
vt 0.458636 0.103807
vt 0.430360 0.197216
vt 0.421605 0.186287
vt 0.467962 0.114326
vt 0.466929 0.118293
vt 0.478245 0.124652
vt 0.487940 0.138095
vt 0.488776 0.133917
vt 0.454702 0.223180
vt 0.735704 0.505747
vt 0.735695 0.501985
vt 0.725282 0.506378
vt 0.711857 0.507104
vt 0.711852 0.503221
vt 0.697429 0.507789
vt 0.697424 0.503849
vt 0.683001 0.508376
vt 0.560302 0.400285
vt 0.568498 0.395926
vt 0.560286 0.396182
vt 0.550590 0.400380
vt 0.550586 0.396257
vt 0.539109 0.400378
vt 0.527630 0.400273
vt 0.527632 0.396152
vt 0.516151 0.400071
vt 0.516154 0.395966
vt 0.504672 0.399774
vt 0.668574 0.508868
vt 0.668570 0.504840
vt 0.493193 0.399381
vt 0.493198 0.395332
vt 0.610864 0.509889
vt 0.610864 0.505781
vt 0.596438 0.509899
vt 0.625291 0.509777
vt 0.639718 0.509569
vt 0.625290 0.505677
vt 0.654146 0.509266
vt 0.654143 0.505206
vt 0.433434 0.392131
vt 0.433743 0.395124
vt 0.435268 0.395879
vt 0.439777 0.396274
vt 0.435353 0.392152
vt 0.458754 0.397630
vt 0.470234 0.398311
vt 0.458764 0.393725
vt 0.481714 0.398894
vt 0.481720 0.394885
vt 0.371623 0.394238
vt 0.372021 0.397266
vt 0.373720 0.397857
vt 0.447826 0.090075
vt 0.446636 0.093808
vt 0.446339 0.089195
vt 0.445072 0.091584
vt 0.416997 0.180110
vt 0.450394 0.098795
vt 0.741351 0.505359
vt 0.741291 0.501647
vt 0.743159 0.504573
vt 0.743624 0.501605
vt 0.448070 0.396905
vt 0.448083 0.393063
vt 0.499531 0.142082
vt 0.544219 0.163462
vt 0.555465 0.170465
vt 0.555655 0.165998
vt 0.550843 0.274667
vt 0.532858 0.159805
vt 0.521085 0.159398
vt 0.510483 0.149119
vt 0.521603 0.155025
vt 0.426331 0.397787
vt 0.426285 0.394089
vt 0.428051 0.397099
vt 0.428518 0.394207
vt 0.429243 0.200855
vt 0.420415 0.189832
vt 0.440908 0.214065
vt 0.441936 0.210318
vt 0.466945 0.238688
vt 0.453771 0.227033
vt 0.415066 0.177555
vt 0.414539 0.180778
vt 0.415750 0.183531
vt 0.574071 0.279757
vt 0.576047 0.279506
vt 0.574049 0.276150
vt 0.569446 0.398813
vt 0.571009 0.395219
vt 0.569384 0.395391
vt 0.573847 0.509396
vt 0.584244 0.505729
vt 0.573917 0.505483
vt 0.573649 0.167985
vt 0.565361 0.167302
vt 0.573565 0.172330
vt 0.574429 0.172904
vt 0.574475 0.169095
vt 0.573004 0.504953
vt 0.572958 0.508355
vt 0.584236 0.509812
vt 0.565261 0.171761
vt 0.570991 0.508053
vt 0.576047 0.169369
vt 0.576047 0.173050
vt 0.477309 0.128727
vt 0.509856 0.153447
vt 0.543919 0.167909
vt 0.315246 0.228214
vt 0.301079 0.234544
vt 0.301811 0.238678
vt 0.283396 0.135877
vt 0.287464 0.243214
vt 0.231541 0.268440
vt 0.219311 0.265761
vt 0.219396 0.270005
vt 0.216948 0.161288
vt 0.209081 0.266215
vt 0.245847 0.265273
vt 0.231363 0.264194
vt 0.238285 0.157436
vt 0.226741 0.159992
vt 0.274138 0.254701
vt 0.259671 0.256486
vt 0.260057 0.260688
vt 0.249752 0.153746
vt 0.245565 0.261043
vt 0.288060 0.247342
vt 0.273649 0.250537
vt 0.272340 0.142975
vt 0.261114 0.148925
vt 0.323549 0.093332
vt 0.331790 0.088319
vt 0.330606 0.084556
vt 0.351825 0.186740
vt 0.360579 0.175811
vt 0.303944 0.114178
vt 0.315258 0.107818
vt 0.314224 0.103852
vt 0.340250 0.199843
vt 0.324671 0.097188
vt 0.293415 0.123444
vt 0.304879 0.118253
vt 0.314412 0.224266
vt 0.327486 0.212706
vt 0.725282 0.421938
vt 0.735695 0.426330
vt 0.735704 0.422569
vt 0.697429 0.420526
vt 0.711852 0.425094
vt 0.711857 0.421211
vt 0.725278 0.425758
vt 0.683001 0.419939
vt 0.697424 0.424467
vt 0.550590 0.308924
vt 0.560286 0.313106
vt 0.560302 0.309003
vt 0.568498 0.313346
vt 0.539109 0.308941
vt 0.550586 0.313047
vt 0.516151 0.309273
vt 0.527632 0.313180
vt 0.527630 0.309059
vt 0.539109 0.313069
vt 0.504672 0.309581
vt 0.516154 0.313378
vt 0.654146 0.419050
vt 0.668570 0.423475
vt 0.668574 0.419447
vt 0.682997 0.423927
vt 0.481714 0.310478
vt 0.493198 0.314032
vt 0.493193 0.309983
vt 0.504676 0.313662
vt 0.596438 0.418416
vt 0.610864 0.422534
vt 0.610864 0.418426
vt 0.625290 0.422638
vt 0.625291 0.418538
vt 0.639716 0.422831
vt 0.639718 0.418746
vt 0.654143 0.423110
vt 0.743624 0.426710
vt 0.741291 0.426668
vt 0.435268 0.313515
vt 0.435352 0.317243
vt 0.439776 0.313119
vt 0.433743 0.314272
vt 0.433434 0.317265
vt 0.448070 0.312485
vt 0.458764 0.315660
vt 0.458754 0.311755
vt 0.470242 0.315030
vt 0.470234 0.311068
vt 0.481720 0.314488
vt 0.373719 0.315634
vt 0.372020 0.316225
vt 0.371622 0.319253
vt 0.596437 0.505795
vt 0.596437 0.422520
vt 0.639716 0.505485
vt 0.470242 0.394349
vt 0.335548 0.083332
vt 0.334358 0.079599
vt 0.337111 0.081107
vt 0.335845 0.078719
vt 0.741351 0.422956
vt 0.743159 0.423742
vt 0.448083 0.316327
vt 0.439796 0.392491
vt 0.439796 0.316902
vt 0.271713 0.138646
vt 0.282663 0.131609
vt 0.294251 0.127622
vt 0.226551 0.155526
vt 0.237985 0.152989
vt 0.249343 0.149332
vt 0.260596 0.144552
vt 0.373779 0.319413
vt 0.426331 0.315697
vt 0.428518 0.319276
vt 0.428050 0.316385
vt 0.426285 0.319395
vt 0.361769 0.179355
vt 0.352942 0.190379
vt 0.341279 0.203589
vt 0.328417 0.216558
vt 0.365186 0.169633
vt 0.367117 0.167078
vt 0.366434 0.173054
vt 0.367645 0.170301
vt 0.208143 0.269284
vt 0.206168 0.265556
vt 0.206168 0.269033
vt 0.569443 0.310436
vt 0.571009 0.314015
vt 0.571009 0.310734
vt 0.569385 0.313860
vt 0.208563 0.157513
vt 0.207785 0.162431
vt 0.208647 0.161856
vt 0.208165 0.265677
vt 0.573847 0.418919
vt 0.573004 0.423363
vt 0.573917 0.422832
vt 0.584244 0.422586
vt 0.584236 0.418503
vt 0.216848 0.156829
vt 0.570991 0.420262
vt 0.572958 0.419960
vt 0.570991 0.504790
vt 0.206168 0.158895
vt 0.207739 0.158621
vt 0.206168 0.162576
vt 0.725278 0.502557
vt 0.539109 0.396250
vt 0.682997 0.504388
vt 0.504676 0.395693
vt 0.373780 0.394078
vt 0.671689 0.249152
vt 0.657342 0.253687
vt 0.657938 0.257816
vt 0.653274 0.146349
vt 0.684290 0.234739
vt 0.664128 0.138095
vt 0.589275 0.280480
vt 0.578960 0.276689
vt 0.578904 0.280826
vt 0.601420 0.278914
vt 0.615443 0.271517
vt 0.601242 0.274668
vt 0.629935 0.271162
vt 0.615726 0.275747
vt 0.619630 0.164220
vt 0.643527 0.261011
vt 0.630992 0.159399
vt 0.644017 0.265175
vt 0.700484 0.095029
vt 0.694548 0.107662
vt 0.701668 0.098793
vt 0.730457 0.186285
vt 0.684102 0.114325
vt 0.693427 0.103805
vt 0.673822 0.124651
vt 0.674757 0.128726
vt 0.697364 0.223179
vt 0.416717 0.506378
vt 0.416722 0.502557
vt 0.406305 0.501984
vt 0.430147 0.503222
vt 0.458995 0.508376
vt 0.459000 0.504388
vt 0.444574 0.503849
vt 0.581718 0.400231
vt 0.573520 0.395888
vt 0.573425 0.399817
vt 0.602915 0.400293
vt 0.602914 0.396165
vt 0.591435 0.396187
vt 0.614394 0.396055
vt 0.637359 0.399653
vt 0.637355 0.395572
vt 0.625875 0.395856
vt 0.473426 0.504840
vt 0.648836 0.395202
vt 0.545549 0.509899
vt 0.545550 0.505795
vt 0.531125 0.505781
vt 0.516701 0.505677
vt 0.502276 0.505485
vt 0.502274 0.509569
vt 0.487851 0.505206
vt 0.708611 0.391969
vt 0.706692 0.391992
vt 0.706777 0.395719
vt 0.702267 0.396115
vt 0.702247 0.392333
vt 0.683277 0.393574
vt 0.671797 0.394204
vt 0.671804 0.398166
vt 0.660316 0.394746
vt 0.774548 0.393149
vt 0.772473 0.393094
vt 0.772484 0.396646
vt 0.705425 0.093805
vt 0.704235 0.090073
vt 0.706989 0.091581
vt 0.735064 0.180107
vt 0.406297 0.505747
vt 0.400711 0.501647
vt 0.400650 0.505359
vt 0.398377 0.501605
vt 0.693959 0.392908
vt 0.652541 0.142082
vt 0.663293 0.133917
vt 0.607863 0.163463
vt 0.596620 0.170465
vt 0.608163 0.167910
vt 0.619221 0.159805
vt 0.630474 0.155026
vt 0.641591 0.149119
vt 0.642218 0.153448
vt 0.719753 0.393115
vt 0.719763 0.396665
vt 0.717593 0.393169
vt 0.722820 0.200853
vt 0.721703 0.197214
vt 0.711157 0.214063
vt 0.698295 0.227032
vt 0.685136 0.118292
vt 0.685124 0.238687
vt 0.736994 0.177552
vt 0.736311 0.183528
vt 0.731647 0.189829
vt 0.578043 0.276150
vt 0.576047 0.276030
vt 0.572574 0.398798
vt 0.571009 0.398500
vt 0.568136 0.509396
vt 0.557740 0.505729
vt 0.557748 0.509812
vt 0.578526 0.172330
vt 0.586827 0.171762
vt 0.586726 0.167303
vt 0.578442 0.167986
vt 0.577664 0.172904
vt 0.578022 0.279757
vt 0.568978 0.504953
vt 0.568066 0.505483
vt 0.596430 0.165999
vt 0.670957 0.245017
vt 0.589190 0.276235
vt 0.629550 0.266961
vt 0.430142 0.507104
vt 0.581734 0.396128
vt 0.614396 0.400175
vt 0.473422 0.508868
vt 0.648841 0.399251
vt 0.516700 0.509777
vt 0.683287 0.397478
vt 0.710128 0.210316
vt 0.097066 0.228215
vt 0.111235 0.234543
vt 0.097899 0.224266
vt 0.124853 0.243213
vt 0.139977 0.142974
vt 0.128918 0.135876
vt 0.110503 0.238677
vt 0.124256 0.247342
vt 0.180786 0.268440
vt 0.193019 0.265761
vt 0.180964 0.264193
vt 0.203251 0.266215
vt 0.203686 0.161856
vt 0.195382 0.161288
vt 0.192934 0.270005
vt 0.203307 0.270351
vt 0.166477 0.265272
vt 0.166760 0.261042
vt 0.174040 0.157436
vt 0.138181 0.254701
vt 0.152650 0.256486
vt 0.138670 0.250537
vt 0.162570 0.153745
vt 0.152265 0.260687
vt 0.088757 0.093334
vt 0.080515 0.088322
vt 0.087636 0.097191
vt 0.060481 0.186743
vt 0.108366 0.114180
vt 0.097050 0.107821
vt 0.107430 0.118255
vt 0.072057 0.199844
vt 0.098083 0.103854
vt 0.118896 0.123444
vt 0.118061 0.127623
vt 0.416717 0.421938
vt 0.406305 0.426330
vt 0.416722 0.425758
vt 0.444568 0.420526
vt 0.430147 0.425094
vt 0.444574 0.424467
vt 0.430142 0.421211
vt 0.458995 0.419939
vt 0.459000 0.423927
vt 0.591431 0.308854
vt 0.581733 0.313052
vt 0.591435 0.312978
vt 0.573520 0.313308
vt 0.581717 0.308949
vt 0.573422 0.309379
vt 0.602915 0.308857
vt 0.602914 0.312985
vt 0.625877 0.309164
vt 0.614394 0.313082
vt 0.625875 0.313268
vt 0.614396 0.308961
vt 0.637359 0.309460
vt 0.637355 0.313541
vt 0.487848 0.419050
vt 0.473426 0.423475
vt 0.487851 0.423110
vt 0.473422 0.419447
vt 0.660323 0.310340
vt 0.648836 0.313902
vt 0.660316 0.314350
vt 0.648841 0.309853
vt 0.545549 0.418416
vt 0.531125 0.422534
vt 0.545550 0.422520
vt 0.531125 0.418426
vt 0.516701 0.422638
vt 0.502276 0.422831
vt 0.516700 0.418538
vt 0.502274 0.418747
vt 0.398377 0.426710
vt 0.400711 0.426668
vt 0.702267 0.312961
vt 0.702247 0.316743
vt 0.706692 0.317082
vt 0.706776 0.313355
vt 0.708611 0.317103
vt 0.693972 0.312329
vt 0.683277 0.315510
vt 0.693959 0.316171
vt 0.671797 0.314885
vt 0.683287 0.311605
vt 0.671804 0.310923
vt 0.772484 0.314546
vt 0.772473 0.318075
vt 0.774548 0.318042
vt 0.081699 0.084558
vt 0.076757 0.083335
vt 0.075193 0.081111
vt 0.077947 0.079602
vt 0.406297 0.422569
vt 0.400650 0.422956
vt 0.140604 0.138646
vt 0.129651 0.131609
vt 0.185776 0.155525
vt 0.185586 0.159992
vt 0.174340 0.152989
vt 0.151206 0.148925
vt 0.162979 0.149331
vt 0.151723 0.144551
vt 0.719763 0.314565
vt 0.719753 0.318096
vt 0.717593 0.318062
vt 0.050536 0.179358
vt 0.051726 0.175814
vt 0.059364 0.190382
vt 0.084823 0.212707
vt 0.071029 0.203592
vt 0.083892 0.216560
vt 0.047118 0.169637
vt 0.045871 0.173058
vt 0.045187 0.167082
vt 0.204192 0.269283
vt 0.204170 0.265676
vt 0.572572 0.310421
vt 0.572634 0.313842
vt 0.203770 0.157512
vt 0.204550 0.162430
vt 0.204596 0.158621
vt 0.568136 0.418919
vt 0.568978 0.423363
vt 0.569025 0.419960
vt 0.568066 0.422832
vt 0.557740 0.422586
vt 0.557748 0.418503
vt 0.195482 0.156829
vt 0.570991 0.423525
vt 0.572633 0.395374
vt 0.210673 0.361390
vt 0.262144 0.348297
vt 0.210673 0.348297
vt 0.262144 0.361933
vt 0.301303 0.348297
vt 0.210673 0.375378
vt 0.262144 0.376206
vt 0.301303 0.362789
vt 0.210673 0.390847
vt 0.262144 0.391483
vt 0.301303 0.377465
vt 0.210673 0.407555
vt 0.262144 0.407555
vt 0.301303 0.392412
vt 0.210673 0.424263
vt 0.262144 0.423626
vt 0.301303 0.407555
vt 0.210673 0.439732
vt 0.262144 0.438903
vt 0.301303 0.422698
vt 0.210673 0.453719
vt 0.262144 0.453176
vt 0.301303 0.437644
vt 0.210673 0.466812
vt 0.262144 0.466812
vt 0.301303 0.452321
vt 0.210673 0.479906
vt 0.262144 0.480448
vt 0.301303 0.466812
vt 0.210673 0.493893
vt 0.262144 0.494721
vt 0.301303 0.481304
vt 0.210673 0.509362
vt 0.262144 0.509999
vt 0.301303 0.495980
vt 0.210673 0.526070
vt 0.262144 0.526070
vt 0.301303 0.510927
vt 0.210673 0.305748
vt 0.262144 0.289040
vt 0.210673 0.289040
vt 0.262144 0.305111
vt 0.301303 0.289040
vt 0.210673 0.321217
vt 0.262144 0.320388
vt 0.301303 0.304183
vt 0.210673 0.335204
vt 0.262144 0.334661
vt 0.301303 0.319129
vt 0.301303 0.333806
vt 0.106011 0.362993
vt 0.121451 0.348297
vt 0.106011 0.348297
vt 0.106011 0.377757
vt 0.121451 0.362747
vt 0.106011 0.392621
vt 0.121451 0.377405
vt 0.106011 0.407555
vt 0.121451 0.392369
vt 0.106011 0.422489
vt 0.121451 0.407555
vt 0.106011 0.437352
vt 0.121451 0.422741
vt 0.106011 0.452117
vt 0.121451 0.437705
vt 0.106011 0.466812
vt 0.121451 0.452363
vt 0.106011 0.481508
vt 0.121451 0.466812
vt 0.106011 0.496272
vt 0.121451 0.481262
vt 0.106011 0.511136
vt 0.121451 0.495920
vt 0.106011 0.526070
vt 0.121451 0.510884
vt 0.106011 0.303974
vt 0.121451 0.289040
vt 0.106011 0.289040
vt 0.106011 0.318837
vt 0.121451 0.304226
vt 0.106011 0.333602
vt 0.121451 0.319189
vt 0.121451 0.333848
vt 0.159791 0.348297
vt 0.159791 0.362028
vt 0.159791 0.376349
vt 0.159791 0.391591
vt 0.159791 0.407555
vt 0.159791 0.423519
vt 0.159791 0.438761
vt 0.159791 0.453082
vt 0.159791 0.466812
vt 0.159791 0.480543
vt 0.159791 0.494864
vt 0.159791 0.510106
vt 0.121451 0.526070
vt 0.159791 0.526070
vt 0.159791 0.289040
vt 0.159791 0.305004
vt 0.159791 0.320246
vt 0.159791 0.334566
vt 0.316581 0.348297
vt 0.316581 0.363112
vt 0.316581 0.377926
vt 0.316581 0.392740
vt 0.316581 0.407555
vt 0.316581 0.422369
vt 0.316581 0.437183
vt 0.316581 0.451998
vt 0.316581 0.466812
vt 0.316581 0.481627
vt 0.316581 0.496441
vt 0.301303 0.526070
vt 0.316581 0.511256
vt 0.316581 0.289040
vt 0.316581 0.303854
vt 0.316581 0.318668
vt 0.316581 0.333483
vt 0.026021 0.346997
vt 0.031767 0.359670
vt 0.030642 0.344975
vt 0.026289 0.449912
vt 0.029664 0.465444
vt 0.030986 0.450784
vt 0.025074 0.463174
vt 0.027404 0.479626
vt 0.024171 0.334035
vt 0.028580 0.330693
vt 0.051359 0.353739
vt 0.060477 0.350754
vt 0.049742 0.336538
vt 0.052456 0.371082
vt 0.061654 0.369124
vt 0.053046 0.388519
vt 0.062290 0.387682
vt 0.053050 0.405934
vt 0.062314 0.406276
vt 0.052690 0.423320
vt 0.061918 0.424809
vt 0.051825 0.440687
vt 0.060990 0.443243
vt 0.050474 0.457942
vt 0.059538 0.461480
vt 0.048624 0.475034
vt 0.057596 0.479493
vt 0.046220 0.491894
vt 0.055057 0.497203
vt 0.043300 0.508552
vt 0.051990 0.514596
vt 0.039869 0.525156
vt 0.048471 0.531652
vt 0.035923 0.541912
vt 0.044938 0.548808
vt 0.041678 0.285932
vt 0.050367 0.279921
vt 0.037968 0.268961
vt 0.044879 0.302722
vt 0.053650 0.297169
vt 0.047570 0.319541
vt 0.056477 0.314739
vt 0.058767 0.332609
vt 0.075120 0.363632
vt 0.079164 0.349259
vt 0.075095 0.349339
vt 0.075137 0.377937
vt 0.079193 0.363586
vt 0.075137 0.392252
vt 0.079213 0.377912
vt 0.075137 0.406575
vt 0.079211 0.392241
vt 0.075137 0.420899
vt 0.079211 0.406575
vt 0.075137 0.435213
vt 0.079211 0.420909
vt 0.075120 0.449518
vt 0.079213 0.435239
vt 0.075096 0.463812
vt 0.079193 0.449564
vt 0.075064 0.478081
vt 0.079165 0.463891
vt 0.075010 0.492310
vt 0.079125 0.478230
vt 0.075042 0.506410
vt 0.079054 0.492588
vt 0.074376 0.520493
vt 0.079079 0.507054
vt 0.075041 0.306741
vt 0.078594 0.291644
vt 0.074374 0.292658
vt 0.075009 0.320841
vt 0.079078 0.306097
vt 0.075063 0.335070
vt 0.079053 0.320563
vt 0.079124 0.334921
vt 0.081537 0.363555
vt 0.097123 0.349023
vt 0.081500 0.349209
vt 0.081560 0.377886
vt 0.097165 0.363419
vt 0.081558 0.392224
vt 0.097189 0.377817
vt 0.081558 0.406575
vt 0.097189 0.392204
vt 0.081559 0.420926
vt 0.097188 0.406575
vt 0.081560 0.435264
vt 0.097189 0.420946
vt 0.081537 0.449596
vt 0.097190 0.435333
vt 0.081501 0.463942
vt 0.097165 0.449731
vt 0.081447 0.478321
vt 0.097123 0.464127
vt 0.081373 0.492781
vt 0.097058 0.478520
vt 0.081373 0.507394
vt 0.096972 0.492916
vt 0.081179 0.522225
vt 0.096928 0.507417
vt 0.081372 0.305757
vt 0.097087 0.290931
vt 0.081178 0.290925
vt 0.081372 0.320369
vt 0.096927 0.305733
vt 0.081446 0.334830
vt 0.096971 0.320235
vt 0.097057 0.334630
vt 0.078595 0.521506
vt 0.101634 0.348959
vt 0.101677 0.363377
vt 0.101702 0.377794
vt 0.101702 0.392195
vt 0.101702 0.406575
vt 0.101702 0.420956
vt 0.101702 0.435356
vt 0.101677 0.449773
vt 0.101634 0.464191
vt 0.101566 0.478596
vt 0.101470 0.492949
vt 0.097088 0.522219
vt 0.101411 0.507137
vt 0.101702 0.292377
vt 0.101410 0.306013
vt 0.101469 0.320201
vt 0.101565 0.334553
vt 0.073015 0.349371
vt 0.073039 0.363651
vt 0.073055 0.377948
vt 0.073056 0.392256
vt 0.073056 0.406575
vt 0.073056 0.420894
vt 0.073055 0.435203
vt 0.073039 0.449499
vt 0.073015 0.463780
vt 0.072985 0.478023
vt 0.072946 0.492179
vt 0.072958 0.506021
vt 0.072287 0.294064
vt 0.072957 0.307130
vt 0.072944 0.320972
vt 0.072984 0.335128
vt 0.062618 0.350106
vt 0.060890 0.331687
vt 0.058564 0.313560
vt 0.055706 0.295808
vt 0.052432 0.278587
vt 0.047074 0.262574
vt 0.047248 0.549467
vt 0.050517 0.533101
vt 0.054026 0.516073
vt 0.057127 0.498501
vt 0.059710 0.480535
vt 0.061667 0.462252
vt 0.063142 0.443774
vt 0.064080 0.425107
vt 0.064487 0.406340
vt 0.064449 0.387520
vt 0.063812 0.368733
vt 0.033362 0.359352
vt 0.032124 0.344321
vt 0.034147 0.374563
vt 0.034529 0.389835
vt 0.034417 0.405212
vt 0.034204 0.420635
vt 0.033584 0.435967
vt 0.032577 0.451189
vt 0.031133 0.466185
vt 0.028899 0.480769
vt 0.026245 0.495107
vt 0.023237 0.509129
vt 0.019653 0.522521
vt 0.024824 0.301005
vt 0.021429 0.287419
vt 0.027637 0.315179
vt 0.030093 0.329642
vt 0.032609 0.374847
vt 0.033017 0.389974
vt 0.032909 0.405169
vt 0.032687 0.420403
vt 0.032051 0.435585
vt 0.024815 0.493974
vt 0.021886 0.507768
vt 0.018432 0.520648
vt 0.023453 0.302289
vt 0.020181 0.289223
vt 0.026191 0.316231
vt 0.369277 0.480218
vt 0.369118 0.467088
vt 0.355543 0.441282
vt 0.366903 0.492468
vt 0.348961 0.441594
vt 0.362360 0.501973
vt 0.342940 0.446906
vt 0.356340 0.507285
vt 0.338398 0.456410
vt 0.349758 0.507597
vt 0.336025 0.468659
vt 0.343616 0.502861
vt 0.336183 0.481789
vt 0.361684 0.446017
vt 0.366452 0.455079
vt 0.338849 0.493799
vt 0.801294 0.397136
vt 0.950371 0.471972
vt 0.800224 0.214276
vt 0.841219 0.227139
vt 0.986795 0.485967
vt 0.990295 0.301975
vt 0.033475 0.647796
vt 0.987668 0.849324
vt 0.128638 0.873052
vt 0.987522 0.715018
vt 0.573186 0.280825
vt 0.568596 0.399855
vt 0.209026 0.270352
vt 0.568593 0.309417
vt 0.444568 0.507790
vt 0.591432 0.400311
vt 0.625877 0.399961
vt 0.531125 0.509889
vt 0.487848 0.509266
vt 0.708302 0.394962
vt 0.660323 0.398756
vt 0.774022 0.395786
vt 0.705722 0.089193
vt 0.398843 0.504573
vt 0.693972 0.396750
vt 0.718163 0.395804
vt 0.737522 0.180775
vt 0.577618 0.169095
vt 0.569025 0.508355
vt 0.708301 0.314110
vt 0.774022 0.315423
vt 0.076459 0.078723
vt 0.398843 0.423742
vt 0.718163 0.315442
vt 0.044660 0.170305
vt 0.316581 0.526070
vt 0.027062 0.360314
vt 0.023044 0.476033
vt 0.101703 0.520773
vt 0.072289 0.519087
vt 0.049391 0.262045
s 1
usemtl Excalibur
f 9/15/7 10/16/8 11/17/9
f 10/16/8 12/18/10 11/17/9
f 12/18/10 13/19/11 11/17/9
f 14/20/12 15/21/13 16/22/14
f 17/23/15 18/24/16 19/25/17
f 20/26/18 21/27/19 22/28/20
f 23/29/21 21/27/19 14/20/12
f 23/29/21 24/30/22 22/28/20
f 25/31/23 26/32/24 27/33/25
f 28/34/26 27/33/25 26/32/24
f 29/35/27 30/36/28 31/37/29
f 29/35/27 32/38/30 33/39/31
f 34/40/32 35/41/33 30/36/28
f 35/41/33 36/42/34 30/36/28
f 37/43/35 38/44/36 39/45/37
f 40/46/38 41/47/39 42/48/40
f 41/47/39 43/49/41 42/48/40
f 44/50/42 37/43/35 16/22/14
f 39/45/37 16/22/14 37/43/35
f 45/51/43 46/52/44 47/53/45
f 46/52/44 24/30/22 23/29/21
f 14/20/12 47/53/45 23/29/21
f 39/45/37 48/54/46 47/53/45
f 13/19/11 49/55/47 50/56/48
f 13/19/11 12/18/10 51/57/49
f 52/58/50 53/59/51 13/19/11
f 18/24/16 17/23/15 20/26/18
f 17/23/15 14/20/12 21/27/19
f 54/60/52 55/61/53 56/62/54
f 54/60/52 57/63/55 58/64/56
f 32/38/30 29/35/27 55/61/53
f 29/35/27 59/65/57 55/61/53
f 60/66/58 44/50/42 61/67/59
f 62/68/60 63/69/61 11/17/9
f 64/70/62 50/56/48 65/71/63
f 64/70/62 11/17/9 13/19/11
f 61/67/59 66/72/64 60/66/58
f 61/67/59 15/21/13 67/73/65
f 68/74/66 69/75/67 19/25/17
f 69/75/67 15/21/13 17/23/15
f 70/76/68 26/32/24 71/77/69
f 38/44/36 42/48/40 43/49/41
f 25/31/23 72/78/70 73/79/71
f 72/78/70 42/48/40 73/79/71
f 74/80/72 75/81/73 43/49/41
f 75/81/73 45/51/43 48/54/46
f 39/45/37 75/81/73 48/54/46
f 53/59/51 76/82/74 49/55/47
f 53/59/51 52/58/50 77/83/75
f 57/63/55 54/60/52 76/82/74
f 54/60/52 78/84/76 76/82/74
f 12/18/10 79/85/77 80/86/78
f 10/16/8 81/87/79 79/85/77
f 82/88/80 83/89/81 84/90/82
f 85/91/83 86/92/84 87/93/85
f 88/94/86 89/95/87 86/92/84
f 90/96/88 91/97/89 92/98/90
f 93/99/91 94/100/92 91/97/89
f 95/101/93 96/102/94 97/103/95
f 95/101/93 92/98/90 96/102/94
f 31/37/29 98/104/96 99/105/97
f 36/42/34 100/106/98 98/104/96
f 101/107/99 102/108/100 103/109/101
f 104/110/102 105/111/103 102/108/100
f 106/112/104 107/113/105 83/89/81
f 108/114/106 109/115/107 107/113/105
f 52/58/50 110/116/108 111/117/109
f 51/57/49 80/86/78 110/116/108
f 50/56/48 49/55/47 112/118/110
f 18/24/16 113/119/111 114/120/112
f 20/26/18 115/121/113 113/119/111
f 32/38/30 116/122/114 117/123/115
f 58/64/56 118/124/116 116/122/114
f 56/62/54 119/125/117 120/126/118
f 59/65/57 99/105/97 119/125/117
f 112/118/110 121/127/119 50/56/48
f 122/128/120 123/129/121 89/95/87
f 124/130/122 125/131/123 123/129/121
f 126/132/124 127/133/125 105/111/103
f 128/134/126 87/93/85 127/133/125
f 129/135/127 130/136/128 109/115/107
f 131/137/129 103/109/101 130/136/128
f 57/63/55 132/138/130 118/124/116
f 77/83/75 111/117/109 132/138/130
f 49/55/47 133/139/131 134/140/132
f 78/84/76 120/126/118 133/139/131
f 34/40/32 93/99/91 135/141/133
f 93/99/91 90/96/88 95/101/93
f 97/103/95 135/141/133 95/101/93
f 136/142/134 35/41/33 135/141/133
f 34/40/32 137/143/135 94/100/92
f 33/39/31 117/123/115 137/143/135
f 138/144/136 139/145/137 100/106/98
f 136/142/134 140/146/138 139/145/137
f 97/103/95 141/147/139 140/146/138
f 18/24/16 142/148/140 19/25/17
f 142/148/140 9/15/7 143/149/141
f 63/69/61 68/74/66 143/149/141
f 9/15/7 144/150/142 81/87/79
f 142/148/140 114/120/112 144/150/142
f 145/151/143 146/152/144 147/153/145
f 148/154/146 147/153/145 149/155/147
f 149/155/147 147/153/145 150/156/148
f 151/157/149 152/158/150 153/159/151
f 154/160/152 155/161/153 156/162/154
f 157/163/155 158/164/156 154/160/152
f 159/165/157 160/166/158 158/164/156
f 159/165/157 158/164/156 161/167/159
f 162/168/160 26/32/24 73/79/71
f 163/169/161 26/32/24 164/170/162
f 165/171/163 166/172/164 167/173/165
f 168/174/166 167/173/165 169/175/167
f 170/176/168 169/175/167 167/173/165
f 171/177/169 166/172/164 172/178/170
f 173/179/171 174/180/172 38/44/36
f 175/181/173 42/48/40 176/182/174
f 176/182/174 174/180/172 177/183/175
f 44/50/42 151/157/149 37/43/35
f 173/179/171 151/157/149 160/166/158
f 178/184/176 179/185/177 180/186/178
f 181/187/179 180/186/178 159/165/157
f 160/166/158 180/186/178 173/179/171
f 173/179/171 180/186/178 179/185/177
f 150/156/148 182/188/180 183/189/181
f 150/156/148 184/190/182 149/155/147
f 185/191/183 184/190/182 150/156/148
f 156/162/154 157/163/155 154/160/152
f 154/160/152 160/166/158 153/159/151
f 186/192/184 187/193/185 188/194/186
f 189/195/187 188/194/186 190/196/188
f 191/197/189 190/196/188 188/194/186
f 168/174/166 187/193/185 165/171/163
f 152/158/150 151/157/149 44/50/42
f 147/153/145 146/152/144 192/198/190
f 193/199/191 194/200/192 150/156/148
f 193/199/191 147/153/145 195/201/193
f 152/158/150 66/72/64 196/202/194
f 196/202/194 197/203/195 153/159/151
f 155/161/153 154/160/152 198/204/196
f 198/204/196 153/159/151 197/203/195
f 199/205/197 26/32/24 163/169/161
f 38/44/36 174/180/172 42/48/40
f 162/168/160 73/79/71 200/206/198
f 200/206/198 42/48/40 175/181/173
f 177/183/175 174/180/172 201/207/199
f 201/207/199 179/185/177 178/184/176
f 173/179/171 201/207/199 174/180/172
f 182/188/180 202/208/200 203/209/201
f 183/189/181 203/209/201 204/210/202
f 205/211/203 204/210/202 203/209/201
f 189/195/187 202/208/200 186/192/184
f 149/155/147 206/212/204 148/154/146
f 148/154/146 207/213/205 145/151/143
f 208/214/206 209/215/207 210/216/208
f 211/217/209 212/218/210 213/219/211
f 213/219/211 214/220/212 215/221/213
f 216/222/214 217/223/215 218/224/216
f 218/224/216 219/225/217 170/176/168
f 220/226/218 221/227/219 222/228/220
f 223/229/221 224/230/222 216/222/214
f 165/171/163 225/231/223 166/172/164
f 166/172/164 226/232/224 172/178/170
f 227/233/225 228/234/226 229/235/227
f 229/235/227 230/236/228 231/237/229
f 210/216/208 232/238/230 233/239/231
f 233/239/231 234/240/232 235/241/233
f 185/191/183 236/242/234 184/190/182
f 184/190/182 237/243/235 149/155/147
f 238/244/236 239/245/237 182/188/180
f 156/162/154 240/246/238 157/163/155
f 157/163/155 241/247/239 161/167/159
f 191/197/189 242/248/240 190/196/188
f 190/196/188 243/249/241 205/211/203
f 186/192/184 244/250/242 187/193/185
f 187/193/185 245/251/243 165/171/163
f 194/200/192 246/252/244 247/253/245
f 215/221/213 248/254/246 249/255/247
f 249/255/247 125/131/123 250/256/248
f 231/237/229 251/257/249 252/258/250
f 252/258/250 253/259/251 211/217/209
f 235/241/233 254/260/252 255/261/253
f 255/261/253 256/262/254 227/233/225
f 205/211/203 257/263/255 204/210/202
f 204/210/202 258/264/256 185/191/183
f 182/188/180 259/265/257 202/208/200
f 202/208/200 260/266/258 186/192/184
f 170/176/168 171/177/169 261/267/259
f 218/224/216 261/267/259 223/229/221
f 220/226/218 261/267/259 262/268/260
f 262/268/260 171/177/169 172/178/170
f 170/176/168 263/269/261 169/175/167
f 169/175/167 264/270/262 191/197/189
f 172/178/170 265/271/263 262/268/260
f 262/268/260 266/272/264 220/226/218
f 220/226/218 266/272/264 221/227/219
f 156/162/154 155/161/153 267/273/265
f 267/273/265 155/161/153 146/152/144
f 146/152/144 155/161/153 268/274/266
f 145/151/143 269/275/267 267/273/265
f 267/273/265 270/276/268 156/162/154
f 271/277/269 272/278/270 273/279/271
f 274/280/272 273/279/271 275/281/273
f 275/281/273 273/279/271 276/282/274
f 277/283/275 278/284/276 279/285/277
f 280/286/278 281/287/279 282/288/280
f 283/289/281 284/290/282 280/286/278
f 285/291/283 286/292/284 284/290/282
f 285/291/283 284/290/282 287/293/285
f 288/294/286 289/295/287 290/296/288
f 291/297/289 289/295/287 292/298/290
f 293/299/291 294/300/292 295/301/293
f 296/302/294 295/301/293 297/303/295
f 298/304/296 297/303/295 295/301/293
f 299/305/297 294/300/292 300/306/298
f 301/307/299 302/308/300 303/309/301
f 304/310/302 305/311/303 306/312/304
f 306/312/304 302/308/300 307/313/305
f 308/314/306 277/283/275 309/315/307
f 301/307/299 277/283/275 286/292/284
f 310/316/308 311/317/309 312/318/310
f 313/319/311 312/318/310 285/291/283
f 286/292/284 312/318/310 301/307/299
f 301/307/299 312/318/310 311/317/309
f 276/282/274 314/320/312 315/321/313
f 276/282/274 316/322/314 275/281/273
f 317/323/315 316/322/314 276/282/274
f 282/288/280 283/289/281 280/286/278
f 280/286/278 286/292/284 279/285/277
f 318/324/316 319/325/317 320/326/318
f 321/327/319 320/326/318 322/328/320
f 323/329/321 322/328/320 320/326/318
f 296/302/294 319/325/317 293/299/291
f 278/284/276 277/283/275 308/314/306
f 273/279/271 272/278/270 324/330/322
f 325/331/323 326/332/324 276/282/274
f 325/331/323 273/279/271 327/333/325
f 278/284/276 328/334/326 329/335/327
f 329/335/327 330/336/328 279/285/277
f 281/287/279 280/286/278 331/337/329
f 331/337/329 279/285/277 330/336/328
f 332/338/330 289/295/287 291/297/289
f 303/309/301 302/308/300 305/311/303
f 288/294/286 290/296/288 333/339/331
f 333/339/331 305/311/303 304/310/302
f 307/313/305 302/308/300 334/340/332
f 334/340/332 311/317/309 310/316/308
f 301/307/299 334/340/332 302/308/300
f 314/320/312 335/341/333 336/342/334
f 315/321/313 336/342/334 337/343/335
f 338/344/336 337/343/335 336/342/334
f 321/327/319 335/341/333 318/324/316
f 275/281/273 339/345/337 274/280/272
f 274/280/272 340/346/338 271/277/269
f 341/347/339 342/348/340 343/349/341
f 344/350/342 345/351/343 346/352/344
f 346/352/344 347/353/345 348/354/346
f 349/355/347 350/356/348 351/357/349
f 351/357/349 352/358/350 298/304/296
f 353/359/351 354/360/352 355/361/353
f 356/362/354 357/363/355 349/355/347
f 293/299/291 358/364/356 294/300/292
f 294/300/292 359/365/357 300/306/298
f 360/366/358 361/367/359 362/368/360
f 362/368/360 363/369/361 364/370/362
f 343/349/341 365/371/363 366/372/364
f 366/372/364 367/373/365 368/374/366
f 317/323/315 369/375/367 316/322/314
f 316/322/314 370/376/368 275/281/273
f 371/377/369 372/378/370 314/320/312
f 282/288/280 373/379/371 283/289/281
f 283/289/281 374/380/372 287/293/285
f 323/329/321 375/381/373 322/328/320
f 322/328/320 376/382/374 338/344/336
f 318/324/316 377/383/375 319/325/317
f 319/325/317 378/384/376 293/299/291
f 326/332/324 379/385/377 380/386/378
f 348/354/346 381/387/379 382/388/380
f 382/388/380 383/389/381 384/390/382
f 364/370/362 385/391/383 386/392/384
f 386/392/384 387/393/385 344/350/342
f 368/374/366 388/394/386 389/395/387
f 389/395/387 390/396/388 360/366/358
f 338/344/336 391/397/389 337/343/335
f 337/343/335 392/398/390 317/323/315
f 314/320/312 393/399/391 335/341/333
f 335/341/333 394/400/392 318/324/316
f 298/304/296 299/305/297 395/401/393
f 351/357/349 395/401/393 356/362/354
f 353/359/351 395/401/393 396/402/394
f 396/402/394 299/305/297 300/306/298
f 298/304/296 397/403/395 297/303/295
f 297/303/295 398/404/396 323/329/321
f 300/306/298 399/405/397 396/402/394
f 396/402/394 400/406/398 353/359/351
f 353/359/351 400/406/398 354/360/352
f 282/288/280 281/287/279 401/407/399
f 401/407/399 281/287/279 272/278/270
f 272/278/270 281/287/279 402/408/400
f 271/277/269 403/409/401 401/407/399
f 401/407/399 404/410/402 282/288/280
f 405/411/403 406/412/404 407/413/405
f 406/412/404 408/414/406 407/413/405
f 408/414/406 409/415/407 407/413/405
f 410/416/408 411/417/409 412/418/410
f 413/419/411 414/420/412 415/421/413
f 416/422/414 417/423/415 418/424/416
f 419/425/417 417/423/415 410/416/408
f 419/425/417 420/426/418 418/424/416
f 421/427/419 289/295/287 422/428/420
f 423/429/421 422/428/420 289/295/287
f 424/430/422 425/431/423 426/432/424
f 424/430/422 427/433/425 428/434/426
f 429/435/427 430/436/428 425/431/423
f 430/436/428 431/437/429 425/431/423
f 309/315/307 303/309/301 432/438/430
f 433/439/431 434/440/432 305/311/303
f 434/440/432 435/441/433 305/311/303
f 308/314/306 309/315/307 412/418/410
f 432/438/430 412/418/410 309/315/307
f 436/442/434 437/443/435 438/444/436
f 437/443/435 420/426/418 419/425/417
f 410/416/408 438/444/436 419/425/417
f 432/438/430 439/445/437 438/444/436
f 409/415/407 440/446/438 441/447/439
f 409/415/407 408/414/406 442/448/440
f 443/449/441 444/450/442 409/415/407
f 414/420/412 413/419/411 416/422/414
f 413/419/411 410/416/408 417/423/415
f 445/451/443 446/452/444 447/453/445
f 445/451/443 448/454/446 449/455/447
f 427/433/425 424/430/422 446/452/444
f 424/430/422 450/456/448 446/452/444
f 451/457/449 308/314/306 452/458/450
f 453/459/451 454/460/452 407/413/405
f 455/461/453 441/447/439 456/462/454
f 455/461/453 407/413/405 409/415/407
f 452/458/450 328/334/326 451/457/449
f 452/458/450 411/417/409 457/463/455
f 458/464/456 459/465/457 415/421/413
f 459/465/457 411/417/409 413/419/411
f 460/466/458 289/295/287 461/467/459
f 303/309/301 305/311/303 435/441/433
f 421/427/419 462/468/460 290/296/288
f 462/468/460 305/311/303 290/296/288
f 463/469/461 464/470/462 435/441/433
f 464/470/462 436/442/434 439/445/437
f 432/438/430 464/470/462 439/445/437
f 444/450/442 465/471/463 440/446/438
f 444/450/442 443/449/441 466/472/464
f 448/454/446 445/451/443 465/471/463
f 445/451/443 467/473/465 465/471/463
f 408/414/406 468/474/466 469/475/467
f 406/412/404 470/476/468 468/474/466
f 471/477/469 472/478/470 473/479/471
f 474/480/472 475/481/473 476/482/474
f 477/483/475 478/484/476 475/481/473
f 479/485/477 480/486/478 481/487/479
f 482/488/480 483/489/481 480/486/478
f 484/490/482 485/491/483 486/492/484
f 484/490/482 481/487/479 485/491/483
f 426/432/424 487/493/485 488/494/486
f 431/437/429 489/495/487 487/493/485
f 490/496/488 491/497/489 492/498/490
f 493/499/491 494/500/492 491/497/489
f 495/501/493 496/502/494 472/478/470
f 497/503/495 498/504/496 496/502/494
f 443/449/441 499/505/497 500/506/498
f 442/448/440 469/475/467 499/505/497
f 441/447/439 440/446/438 501/507/499
f 414/420/412 502/508/500 503/509/501
f 416/422/414 504/510/502 502/508/500
f 427/433/425 505/511/503 506/512/504
f 449/455/447 507/513/505 505/511/503
f 447/453/445 508/514/506 509/515/507
f 450/456/448 488/494/486 508/514/506
f 501/507/499 510/516/508 441/447/439
f 511/517/509 512/518/510 478/484/476
f 513/519/511 383/389/381 512/518/510
f 514/520/512 515/521/513 494/500/492
f 516/522/514 476/482/474 515/521/513
f 517/523/515 518/524/516 498/504/496
f 519/525/517 492/498/490 518/524/516
f 448/454/446 520/526/518 507/513/505
f 466/472/464 500/506/498 520/526/518
f 440/446/438 521/527/519 522/528/520
f 467/473/465 509/515/507 521/527/519
f 429/435/427 482/488/480 523/529/521
f 482/488/480 479/485/477 484/490/482
f 486/492/484 523/529/521 484/490/482
f 524/530/522 430/436/428 523/529/521
f 429/435/427 525/531/523 483/489/481
f 428/434/426 506/512/504 525/531/523
f 526/532/524 527/533/525 489/495/487
f 524/530/522 528/534/526 527/533/525
f 486/492/484 529/535/527 528/534/526
f 414/420/412 530/536/528 415/421/413
f 530/536/528 405/411/403 531/537/529
f 454/460/452 458/464/456 531/537/529
f 405/411/403 532/538/530 470/476/468
f 530/536/528 503/509/501 532/538/530
f 533/539/531 534/540/532 535/541/533
f 536/542/534 537/543/535 538/544/536
f 539/545/537 540/546/538 541/547/539
f 539/545/537 542/548/540 543/549/541
f 544/550/542 545/551/543 546/552/544
f 547/553/545 548/554/546 542/548/540
f 549/555/547 535/541/533 537/543/535
f 545/551/543 550/556/548 546/552/544
f 551/557/549 552/558/550 553/559/551
f 539/545/537 541/547/539 552/558/550
f 538/544/536 554/560/552 536/542/534
f 537/543/535 548/554/546 538/544/536
f 535/541/533 546/552/544 537/543/535
f 553/559/551 555/561/553 551/557/549
f 555/561/553 554/560/552 551/557/549
f 556/562/554 557/563/555 558/564/556
f 559/565/557 560/566/558 561/567/559
f 562/568/560 563/569/561 558/564/556
f 534/540/532 556/562/554 563/569/561
f 554/560/552 547/553/545 539/545/537
f 554/560/552 548/554/546 547/553/545
f 564/570/562 558/564/556 565/571/563
f 557/563/555 559/565/557 566/572/564
f 556/562/554 534/540/532 559/565/557
f 535/541/533 563/569/561 544/550/542
f 567/573/565 568/574/566 569/575/567
f 570/576/568 571/577/569 572/578/570
f 573/579/571 574/580/572 543/549/541
f 575/581/573 564/570/562 576/582/574
f 571/577/569 567/573/565 577/583/575
f 578/584/576 579/585/577 580/586/578
f 573/579/571 543/549/541 579/585/577
f 572/578/570 581/587/579 570/576/568
f 576/582/574 582/588/580 575/581/573
f 582/588/580 583/589/581 584/590/582
f 571/577/569 550/556/548 545/551/543
f 567/573/565 545/551/543 585/591/583
f 580/586/578 586/592/584 578/584/576
f 587/593/585 586/592/584 581/587/579
f 588/594/586 589/595/587 590/596/588
f 588/594/586 591/597/589 592/598/590
f 590/596/588 593/599/591 588/594/586
f 575/581/573 584/590/582 594/600/592
f 584/590/582 568/574/566 594/600/592
f 581/587/579 580/586/578 543/549/541
f 581/587/579 550/556/548 570/576/568
f 594/600/592 585/591/583 563/569/561
f 568/574/566 591/597/589 588/594/586
f 594/600/592 568/574/566 585/591/583
f 594/600/592 562/568/560 575/581/573
f 566/572/564 561/567/559 595/601/593
f 574/580/572 596/602/594 543/549/541
f 596/602/594 539/545/537 543/549/541
f 596/602/594 540/546/538 539/545/537
f 597/603/595 598/604/596 599/605/597
f 600/606/598 601/607/599 602/608/600
f 603/609/601 604/610/602 605/611/603
f 603/609/601 606/612/604 607/613/605
f 608/614/606 609/615/607 610/616/608
f 606/612/604 611/617/609 612/618/610
f 602/608/600 613/619/611 597/603/595
f 614/620/612 612/618/610 611/617/609
f 615/621/613 616/622/614 603/609/601
f 603/609/601 616/622/614 604/610/602
f 600/606/598 617/623/615 618/624/616
f 601/607/599 612/618/610 614/620/612
f 613/619/611 614/620/612 608/614/606
f 619/625/617 615/621/613 620/626/618
f 620/626/618 618/624/616 617/623/615
f 621/627/619 622/628/620 623/629/621
f 624/630/622 599/605/597 598/604/596
f 625/631/623 621/627/619 626/632/624
f 626/632/624 621/627/619 627/633/625
f 618/624/616 615/621/613 603/609/601
f 618/624/616 612/618/610 628/634/626
f 629/635/627 621/627/619 625/631/623
f 623/629/621 624/630/622 627/633/625
f 627/633/625 624/630/622 598/604/596
f 613/619/611 626/632/624 598/604/596
f 630/636/628 631/637/629 632/638/630
f 633/639/631 634/640/632 635/641/633
f 636/642/634 637/643/635 638/644/636
f 639/645/637 629/635/627 625/631/623
f 634/640/632 630/636/628 640/646/638
f 641/647/639 637/643/635 642/648/640
f 636/642/634 642/648/640 637/643/635
f 633/639/631 643/649/641 644/650/642
f 639/645/637 645/651/643 646/652/644
f 645/651/643 647/653/645 648/654/646
f 635/641/633 611/617/609 649/655/647
f 640/646/638 609/615/607 635/641/633
f 641/647/639 650/656/648 651/657/649
f 643/649/641 641/647/639 651/657/649
f 652/658/650 653/659/651 654/660/652
f 654/660/652 648/654/646 647/653/645
f 652/658/650 632/638/630 631/637/629
f 639/645/637 655/661/653 645/651/643
f 645/651/643 632/638/630 647/653/645
f 643/649/641 606/612/604 637/643/635
f 643/649/641 611/617/609 606/612/604
f 626/632/624 608/614/606 610/616/608
f 632/638/630 652/658/650 647/653/645
f 610/616/608 640/646/638 632/638/630
f 655/661/653 625/631/623 626/632/624
f 656/662/654 657/663/655 624/630/622
f 638/644/636 637/643/635 658/664/656
f 658/664/656 637/643/635 603/609/601
f 658/664/656 603/609/601 605/611/603
f 659/665/657 660/666/658 661/667/659
f 662/668/660 663/669/661 661/667/659
f 664/670/662 665/671/663 666/672/664
f 667/673/665 668/674/666 669/675/667
f 670/676/668 668/674/666 671/677/669
f 672/678/670 673/679/671 671/677/669
f 674/680/672 660/666/658 675/681/673
f 676/682/674 677/683/675 678/684/676
f 679/685/677 677/683/675 680/686/678
f 681/687/679 677/683/675 682/688/680
f 683/689/681 684/690/682 685/691/683
f 663/669/661 684/690/682 686/692/684
f 687/693/685 688/694/686 689/695/687
f 690/696/688 689/695/687 691/697/689
f 692/698/690 693/699/691 694/700/692
f 695/701/693 696/702/694 697/703/695
f 698/704/696 699/705/697 700/706/698
f 701/707/699 700/706/698 702/708/700
f 703/709/701 704/710/702 705/711/703
f 706/712/704 694/700/692 707/713/705
f 708/714/706 705/711/703 709/715/707
f 710/716/708 711/717/709 712/718/710
f 713/719/711 714/720/712 715/721/713
f 716/722/714 717/723/715 714/720/712
f 718/724/716 719/725/717 720/726/718
f 721/727/719 722/728/720 720/726/718
f 723/729/721 724/730/722 725/731/723
f 726/732/724 727/733/725 724/730/722
f 728/734/726 729/735/727 730/736/728
f 731/737/729 732/738/730 676/682/674
f 731/737/729 733/739/731 734/740/732
f 735/741/733 736/742/734 732/738/730
f 737/743/735 738/744/736 687/693/685
f 737/743/735 739/745/737 740/746/738
f 741/747/739 742/748/740 721/727/719
f 743/749/741 684/690/682 662/668/660
f 744/750/742 745/751/743 746/752/744
f 747/753/745 745/751/743 668/674/666
f 748/754/746 749/755/747 672/678/670
f 750/756/748 749/755/747 751/757/749
f 673/679/671 749/755/747 660/666/658
f 752/758/750 753/759/751 730/736/728
f 752/758/750 754/760/752 755/761/753
f 756/762/754 680/686/678 757/763/755
f 758/764/756 686/692/684 759/765/757
f 682/688/680 679/685/677 759/765/757
f 760/766/758 686/692/684 761/767/759
f 762/768/760 732/738/730 734/740/732
f 762/768/760 763/769/761 764/770/762
f 757/763/755 735/741/733 764/770/762
f 765/771/763 766/772/764 767/773/765
f 768/774/766 769/775/767 770/776/768
f 771/777/769 772/778/770 773/779/771
f 774/780/772 775/781/773 776/782/774
f 696/702/694 768/774/766 770/776/768
f 774/780/772 777/783/775 778/784/776
f 665/671/663 767/773/765 776/782/774
f 665/671/663 765/771/763 767/773/765
f 771/777/769 779/785/777 780/786/778
f 781/787/779 712/718/710 772/778/770
f 775/781/773 745/751/743 782/788/780
f 666/672/664 665/671/663 782/788/780
f 780/786/778 779/785/777 783/789/781
f 778/784/776 777/783/775 784/790/782
f 767/773/765 785/791/783 777/783/775
f 659/665/657 663/669/661 760/766/758
f 664/670/662 747/753/745 667/673/665
f 670/676/668 673/679/671 674/680/672
f 681/687/679 786/792/784 683/689/681
f 690/696/688 693/699/691 692/698/690
f 695/701/693 699/705/697 698/704/696
f 701/707/699 704/710/702 703/709/701
f 706/712/704 717/723/715 716/722/714
f 708/714/706 727/733/725 726/732/724
f 710/716/708 713/719/711 711/717/709
f 723/729/721 742/748/740 741/747/739
f 660/666/658 787/793/785 661/667/659
f 743/749/741 787/793/785 750/756/748
f 744/750/742 748/754/746 788/794/786
f 788/794/786 671/677/669 668/674/666
f 747/753/745 782/788/780 745/751/743
f 756/762/754 758/764/756 679/685/677
f 686/692/684 786/792/784 759/765/757
f 789/795/787 790/796/788 791/797/789
f 790/796/788 792/798/790 793/799/791
f 793/799/791 791/797/789 790/796/788
f 794/800/792 795/801/793 796/802/794
f 795/801/793 797/803/795 798/804/796
f 798/804/796 796/802/794 795/801/793
f 799/805/797 800/806/798 794/800/792
f 800/806/798 801/807/799 802/808/800
f 803/809/801 804/810/802 805/811/803
f 804/810/802 806/812/804 807/813/805
f 807/813/805 805/811/803 804/810/802
f 808/814/806 809/815/807 803/809/801
f 809/815/807 810/816/808 811/817/809
f 812/818/810 813/819/811 814/820/812
f 813/819/811 815/821/813 816/822/814
f 817/823/815 818/824/816 819/825/817
f 818/824/816 820/826/818 821/827/819
f 821/827/819 819/825/817 818/824/816
f 822/828/820 823/829/821 817/823/815
f 823/829/821 824/830/822 825/831/823
f 826/832/824 827/833/825 828/834/826
f 829/835/827 830/836/828 831/837/829
f 832/838/830 831/837/829 830/836/828
f 833/839/831 834/840/832 829/835/827
f 835/841/833 836/842/834 837/843/835
f 838/844/836 837/843/835 836/842/834
f 839/845/837 840/846/838 835/841/833
f 841/847/839 842/848/840 843/849/841
f 844/850/842 843/849/841 842/848/840
f 845/851/843 846/852/844 841/847/839
f 847/853/845 848/854/846 849/855/847
f 850/856/848 849/855/847 848/854/846
f 851/857/849 852/858/850 853/859/851
f 854/860/852 853/859/851 852/858/850
f 855/861/853 856/862/854 857/863/855
f 857/863/855 858/864/856 859/865/857
f 860/866/858 859/865/857 858/864/856
f 861/867/859 862/868/860 847/853/845
f 863/869/861 738/744/736 740/746/738
f 864/870/862 688/694/686 738/744/736
f 865/871/863 866/872/864 867/873/865
f 865/871/863 868/874/866 869/875/867
f 870/876/868 871/877/869 872/878/870
f 873/879/871 872/878/870 871/877/869
f 874/880/872 875/881/873 851/857/849
f 876/882/874 877/883/875 878/884/876
f 879/885/877 711/717/709 880/886/878
f 881/887/879 717/723/715 860/866/858
f 882/888/880 727/733/725 873/879/871
f 814/820/812 883/889/881 884/890/882
f 885/891/883 886/892/884 884/890/882
f 828/834/826 864/870/862 887/893/885
f 863/869/861 888/894/886 887/893/885
f 867/873/865 889/895/887 870/876/868
f 890/896/888 742/748/740 891/897/889
f 892/898/890 792/798/790 893/899/891
f 792/798/790 790/796/788 894/900/892
f 894/900/892 893/899/891 792/798/790
f 895/901/893 801/807/799 896/902/894
f 896/902/894 806/812/804 897/903/895
f 806/812/804 804/810/802 811/817/809
f 811/817/809 897/903/895 806/812/804
f 898/904/896 810/816/808 892/898/890
f 876/882/874 899/905/897 900/906/898
f 901/907/899 902/908/900 900/906/898
f 901/907/899 903/909/901 755/761/753
f 903/909/901 899/905/897 753/759/751
f 904/910/902 815/821/813 905/911/903
f 905/911/903 820/826/818 906/912/904
f 820/826/818 818/824/816 825/831/823
f 825/831/823 906/912/904 820/826/818
f 907/913/905 824/830/822 789/795/787
f 885/891/883 908/914/906 909/915/907
f 883/889/881 816/822/814 908/914/906
f 910/916/908 908/914/906 904/910/902
f 910/916/908 911/917/909 909/915/907
f 912/918/910 913/919/911 914/920/912
f 915/921/913 916/922/914 917/923/915
f 915/921/913 838/844/836 918/924/916
f 919/925/917 920/926/918 921/927/919
f 921/927/919 922/928/920 798/804/796
f 912/918/910 798/804/796 922/928/920
f 923/929/921 924/930/922 925/931/923
f 925/931/923 779/785/777 773/779/771
f 923/929/921 926/932/924 927/933/925
f 880/886/878 927/933/925 926/932/924
f 926/932/924 773/779/771 772/778/770
f 919/925/917 797/803/795 928/934/926
f 797/803/795 795/801/793 802/808/800
f 802/808/800 928/934/926 797/803/795
f 929/935/927 924/930/922 930/936/928
f 924/930/922 931/937/929 779/785/777
f 932/938/930 920/926/918 933/939/931
f 934/940/932 913/919/911 920/926/918
f 691/697/689 935/941/933 830/836/828
f 702/708/700 936/942/934 842/848/840
f 707/713/705 937/943/935 848/854/846
f 709/715/707 938/944/936 852/858/850
f 711/717/709 715/721/713 856/862/854
f 715/721/713 881/887/879 858/864/856
f 717/723/715 707/713/705 862/868/860
f 725/731/723 882/888/880 871/877/869
f 727/733/725 709/715/707 875/881/873
f 742/748/740 725/731/723 889/895/887
f 697/703/695 696/702/694 836/842/834
f 772/778/770 879/885/877 926/932/924
f 830/836/828 834/840/832 691/697/689
f 937/943/935 693/699/691 850/856/848
f 936/942/934 699/705/697 844/850/842
f 842/848/840 846/852/844 702/708/700
f 938/944/936 704/710/702 854/860/852
f 718/724/716 866/872/864 869/875/867
f 722/728/720 890/896/888 866/872/864
f 728/734/726 939/945/937 878/884/876
f 935/941/933 688/694/686 832/838/830
f 696/702/694 918/924/916 838/844/836
f 836/842/834 840/846/838 697/703/695
f 770/776/768 916/922/914 918/924/916
f 940/946/938 941/947/939 942/948/940
f 943/949/941 944/950/942 945/951/943
f 946/952/944 947/953/945 948/954/946
f 949/955/947 950/956/948 951/957/949
f 952/958/950 950/956/948 953/959/951
f 954/960/952 955/961/953 956/962/954
f 957/963/955 941/947/939 955/961/953
f 958/964/956 959/965/957 960/966/958
f 961/967/959 960/966/958 959/965/957
f 962/968/960 959/965/957 963/969/961
f 964/970/962 945/951/943 965/971/963
f 966/972/964 965/971/963 945/951/943
f 967/973/965 968/974/966 969/975/967
f 970/976/968 968/974/966 967/973/965
f 971/977/969 972/978/970 973/979/971
f 974/980/972 975/981/973 976/982/974
f 977/983/975 978/984/976 979/985/977
f 980/986/978 978/984/976 977/983/975
f 981/987/979 982/988/980 983/989/981
f 984/990/982 972/978/970 971/977/969
f 985/991/983 982/988/980 981/987/979
f 986/992/984 987/993/985 988/994/986
f 989/995/987 990/996/988 991/997/989
f 991/997/989 990/996/988 992/998/990
f 993/999/991 994/1000/992 995/1001/993
f 996/1002/994 994/1000/992 997/1003/995
f 998/1004/996 999/1005/997 1000/1006/998
f 1000/1006/998 999/1005/997 1001/1007/999
f 1002/1008/1000 1003/1009/1001 1004/1010/1002
f 958/964/956 960/966/958 1005/1011/1003
f 1006/1012/1004 1005/1011/1003 1007/1013/1005
f 1008/1014/1006 960/966/958 961/967/959
f 1009/1015/1007 969/975/967 1010/1016/1008
f 1011/1017/1009 1010/1016/1008 1012/1018/1010
f 996/1002/994 997/1003/995 1013/1019/1011
f 1014/1020/1012 945/951/943 1015/1021/1013
f 1016/1022/1014 1017/1023/1015 1018/1024/1016
f 950/956/948 1018/1024/1016 1017/1023/1015
f 1019/1025/1017 956/962/954 1020/1026/1018
f 1021/1027/1019 956/962/954 1022/1028/1020
f 941/947/939 1022/1028/1020 956/962/954
f 1004/1010/1002 1003/1009/1001 1023/1029/1021
f 1024/1030/1022 1023/1029/1021 1025/1031/1023
f 1026/1032/1024 961/967/959 1027/1033/1025
f 1028/1034/1026 966/972/964 1029/1035/1027
f 1030/1036/1028 1027/1033/1025 959/965/957
f 1031/1037/1029 966/972/964 944/950/942
f 1032/1038/1030 1005/1011/1003 1008/1014/1006
f 1032/1038/1030 1008/1014/1006 1033/1039/1031
f 1034/1040/1032 1008/1014/1006 961/967/959
f 1035/1041/1033 1036/1042/1034 766/772/764
f 1037/1043/1035 769/775/767 1038/1044/1036
f 1039/1045/1037 1040/1046/1038 1041/1047/1039
f 1042/1048/1040 1043/1049/1041 1044/1050/1042
f 975/981/973 1037/1043/1035 976/982/974
f 1045/1051/1043 1046/1052/1044 1042/1048/1040
f 1042/1048/1040 1046/1052/1044 1035/1041/1033
f 947/953/945 1047/1053/1045 948/954/946
f 1039/1045/1037 1048/1054/1046 1049/1055/1047
f 1040/1046/1038 987/993/985 986/992/984
f 1044/1050/1042 1017/1023/1015 1050/1056/1048
f 1043/1049/1041 1042/1048/1040 947/953/945
f 783/789/781 931/937/929 1048/1054/1046
f 784/790/782 785/791/783 1046/1052/1044
f 1035/1041/1033 785/791/783 1036/1042/1034
f 940/946/938 944/950/942 1051/1057/1049
f 946/952/944 951/957/949 1052/1058/1050
f 952/958/950 955/961/953 1053/1059/1051
f 962/968/960 965/971/963 1030/1036/1028
f 1054/1060/1052 973/979/971 970/976/968
f 974/980/972 979/985/977 1055/1061/1053
f 1056/1062/1054 983/989/981 980/986/978
f 1057/1063/1055 992/998/990 984/990/982
f 1058/1064/1056 1001/1007/999 985/991/983
f 988/994/986 989/995/987 1059/1065/1057
f 1060/1066/1058 1013/1019/1011 998/1004/996
f 1051/1057/1049 943/949/941 1022/1028/1020
f 1014/1020/1012 1022/1028/1020 943/949/941
f 1018/1024/1016 954/960/952 1019/1025/1017
f 1018/1024/1016 1053/1059/1051 954/960/952
f 951/957/949 1043/1049/1041 1052/1058/1050
f 1027/1033/1025 1061/1067/1059 1028/1034/1026
f 1061/1067/1059 1030/1036/1028 965/971/963
f 1062/1068/1060 1063/1069/1061 1064/1070/1062
f 1065/1071/1063 1066/1072/1064 1067/1073/1065
f 1065/1071/1063 1068/1074/1066 1069/1075/1067
f 1070/1076/1068 1071/1077/1069 1072/1078/1070
f 1073/1079/1071 1074/1080/1072 1075/1081/1073
f 1073/1079/1071 1076/1082/1074 1077/1083/1075
f 1078/1084/1076 1072/1078/1070 1079/1085/1077
f 1072/1078/1070 1080/1086/1078 1079/1085/1077
f 1081/1087/1079 1082/1088/1080 1083/1089/1081
f 1079/1085/1077 1080/1086/1078 1084/1090/1082
f 1079/1085/1077 1085/1091/1083 1078/1084/1076
f 1069/1075/1067 1083/1089/1081 1065/1071/1063
f 1083/1089/1081 1066/1072/1064 1065/1071/1063
f 1086/1092/1084 1087/1093/1085 1088/1094/1086
f 1087/1093/1085 1089/1095/1087 1088/1094/1086
f 1090/1096/1088 1091/1097/1089 1092/1098/1090
f 1088/1094/1086 1089/1095/1087 1093/1099/1091
f 1088/1094/1086 1094/1100/1092 1086/1092/1084
f 1095/1101/1093 1092/1098/1090 1096/1102/1094
f 1092/1098/1090 1064/1070/1062 1096/1102/1094
f 1097/1103/1095 1098/1104/1096 1099/1105/1097
f 1100/1106/1098 1101/1107/1099 1102/1108/1100
f 1099/1105/1097 1103/1109/1101 1097/1103/1095
f 1104/1110/1102 1102/1108/1100 1105/1111/1103
f 1106/1112/1104 1107/1113/1105 1108/1114/1106
f 1109/1115/1107 1110/1116/1108 1111/1117/1109
f 1112/1118/1110 1108/1114/1106 1113/1119/1111
f 1114/1120/1112 1115/1121/1113 1116/1122/1114
f 1113/1119/1111 1117/1123/1115 1112/1118/1110
f 1118/1124/1116 1116/1122/1114 1119/1125/1117
f 1120/1126/1118 1121/1127/1119 1122/1128/1120
f 1105/1111/1103 1123/1129/1121 1104/1110/1102
f 1124/1130/1122 1125/1131/1123 1126/1132/1124
f 1119/1125/1117 1127/1133/1125 1118/1124/1116
f 1128/1134/1126 1129/1135/1127 1130/1136/1128
f 1131/1137/1129 1132/1138/1130 1129/1135/1127
f 1133/1139/1131 1134/1140/1132 1135/1141/1133
f 1135/1141/1133 1122/1128/1120 1133/1139/1131
f 1136/1142/1134 1010/1016/1008 1137/1143/1135
f 1137/1143/1135 969/975/967 1098/1104/1096
f 1138/1144/1136 1139/1145/1137 1140/1146/1138
f 1141/1147/1139 1140/1146/1138 1142/1148/1140
f 1143/1149/1141 1144/1150/1142 1145/1151/1143
f 1146/1152/1144 1147/1153/1145 1148/1154/1146
f 1148/1154/1146 1126/1132/1124 1146/1152/1144
f 1149/1155/1147 1150/1156/1148 1151/1157/1149
f 1130/1136/1128 1129/1135/1127 988/994/986
f 1133/1139/1131 1122/1128/1120 992/998/990
f 1146/1152/1144 1126/1132/1124 1001/1007/999
f 1152/1158/1150 1153/1159/1151 1087/1093/1085
f 1154/1160/1152 1153/1159/1151 1155/1161/1153
f 1156/1162/1154 1137/1143/1135 1098/1104/1096
f 1136/1142/1134 1137/1143/1135 1157/1163/1155
f 1138/1144/1136 1145/1151/1143 1139/1145/1137
f 1139/1145/1137 1145/1151/1143 1013/1019/1011
f 1158/1164/1156 1067/1073/1065 1066/1072/1064
f 1096/1102/1094 1064/1070/1062 1063/1069/1061
f 1096/1102/1094 1159/1165/1157 1095/1101/1093
f 1160/1166/1158 1080/1086/1078 1161/1167/1159
f 1162/1168/1160 1084/1090/1082 1080/1086/1078
f 1163/1169/1161 1083/1089/1081 1082/1088/1080
f 1163/1169/1161 1164/1170/1162 1165/1171/1163
f 1165/1171/1163 1066/1072/1064 1163/1169/1161
f 1166/1172/1164 1167/1173/1165 1150/1156/1148
f 1168/1174/1166 1167/1173/1165 1166/1172/1164
f 1025/1031/1023 1023/1029/1021 1167/1173/1165
f 1023/1029/1021 1003/1009/1001 1150/1156/1148
f 1169/1175/1167 1089/1095/1087 1170/1176/1168
f 1171/1177/1169 1093/1099/1091 1089/1095/1087
f 1172/1178/1170 1092/1098/1090 1091/1097/1089
f 1172/1178/1170 1173/1179/1171 1174/1180/1172
f 1174/1180/1172 1064/1070/1062 1172/1178/1170
f 1154/1160/1152 1175/1181/1173 1153/1159/1151
f 1153/1159/1151 1170/1176/1168 1087/1093/1085
f 1169/1175/1167 1170/1176/1168 1175/1181/1173
f 1176/1182/1174 1175/1181/1173 1177/1183/1175
f 1178/1184/1176 913/919/911 1179/1185/1177
f 1180/1186/1178 916/922/914 1181/1187/1179
f 1180/1186/1178 1109/1115/1107 1111/1117/1109
f 1182/1188/1180 1183/1189/1181 1184/1190/1182
f 1074/1080/1072 1179/1185/1177 1183/1189/1181
f 1178/1184/1176 1073/1079/1071 1077/1083/1075
f 1185/1191/1183 1186/1192/1184 1187/1193/1185
f 1188/1194/1186 1048/1054/1046 1186/1192/1184
f 1185/1191/1183 1189/1195/1187 1188/1194/1186
f 1130/1136/1128 1190/1196/1188 1128/1134/1126
f 1189/1195/1187 1049/1055/1047 1188/1194/1186
f 1182/1188/1180 1075/1081/1073 1074/1080/1072
f 1161/1167/1159 1072/1078/1070 1071/1077/1069
f 1161/1167/1159 1191/1197/1189 1160/1166/1158
f 929/935/927 1186/1192/1184 1192/1198/1190
f 1186/1192/1184 931/937/929 1192/1198/1190
f 932/938/930 1183/1189/1181 934/940/932
f 1183/1189/1181 1179/1185/1177 913/919/911
f 1101/1107/1099 1099/1105/1097 968/974/966
f 1115/1121/1113 1113/1119/1111 978/984/976
f 1121/1127/1119 1105/1111/1103 972/978/970
f 1125/1131/1123 1119/1125/1117 982/988/980
f 1129/1135/1127 1132/1138/1130 989/995/987
f 1132/1138/1130 1133/1139/1131 990/996/988
f 1122/1128/1120 1121/1127/1119 984/990/982
f 1144/1150/1142 1146/1152/1144 999/1005/997
f 1126/1132/1124 1125/1131/1123 985/991/983
f 1145/1151/1143 1144/1150/1142 998/1004/996
f 1107/1113/1105 1109/1115/1107 975/981/973
f 1189/1195/1187 1130/1136/1128 987/993/985
f 970/976/968 973/979/971 1102/1108/1100
f 1105/1111/1103 1102/1108/1100 973/979/971
f 1113/1119/1111 1108/1114/1106 979/985/977
f 980/986/978 983/989/981 1116/1122/1114
f 1119/1125/1117 1116/1122/1114 983/989/981
f 993/999/991 1140/1146/1138 994/1000/992
f 1140/1146/1138 1139/1145/1137 997/1003/995
f 1151/1157/1149 1150/1156/1148 1003/1009/1001
f 1099/1105/1097 1098/1104/1096 969/975/967
f 975/981/973 1181/1187/1179 1193/1199/1191
f 1055/1061/1053 979/985/977 1108/1114/1106
f 1193/1199/1191 916/922/914 769/775/767
f 1194/1200/1192 1195/1201/1193 1196/1202/1194
f 1197/1203/1195 1198/1204/1196 1195/1201/1193
f 1199/1205/1197 1197/1203/1195 1194/1200/1192
f 1200/1206/1198 1201/1207/1199 1197/1203/1195
f 1202/1208/1200 1200/1206/1198 1199/1205/1197
f 1203/1209/1201 1204/1210/1202 1200/1206/1198
f 1205/1211/1203 1203/1209/1201 1202/1208/1200
f 1206/1212/1204 1207/1213/1205 1203/1209/1201
f 1208/1214/1206 1206/1212/1204 1205/1211/1203
f 1209/1215/1207 1210/1216/1208 1206/1212/1204
f 1211/1217/1209 1209/1215/1207 1208/1214/1206
f 1212/1218/1210 1213/1219/1211 1209/1215/1207
f 1214/1220/1212 1212/1218/1210 1211/1217/1209
f 1215/1221/1213 1216/1222/1214 1212/1218/1210
f 1217/1223/1215 1215/1221/1213 1214/1220/1212
f 1218/1224/1216 1219/1225/1217 1215/1221/1213
f 1220/1226/1218 1218/1224/1216 1217/1223/1215
f 1221/1227/1219 1222/1228/1220 1218/1224/1216
f 1223/1229/1221 1221/1227/1219 1220/1226/1218
f 1224/1230/1222 1225/1231/1223 1221/1227/1219
f 1226/1232/1224 1224/1230/1222 1223/1229/1221
f 1227/1233/1225 1228/1234/1226 1224/1230/1222
f 1229/1235/1227 1227/1233/1225 1226/1232/1224
f 1230/1236/1228 1231/1237/1229 1227/1233/1225
f 1232/1238/1230 1233/1239/1231 1234/1240/1232
f 1235/1241/1233 1236/1242/1234 1233/1239/1231
f 1237/1243/1235 1235/1241/1233 1232/1238/1230
f 1238/1244/1236 1239/1245/1237 1235/1241/1233
f 1240/1246/1238 1238/1244/1236 1237/1243/1235
f 1241/1247/1239 1242/1248/1240 1238/1244/1236
f 1196/1202/1194 1241/1247/1239 1240/1246/1238
f 1195/1201/1193 1243/1249/1241 1241/1247/1239
f 1244/1250/1242 1245/1251/1243 1246/1252/1244
f 1247/1253/1245 1248/1254/1246 1244/1250/1242
f 1249/1255/1247 1250/1256/1248 1247/1253/1245
f 1251/1257/1249 1252/1258/1250 1249/1255/1247
f 1253/1259/1251 1254/1260/1252 1251/1257/1249
f 1255/1261/1253 1256/1262/1254 1253/1259/1251
f 1257/1263/1255 1258/1264/1256 1255/1261/1253
f 1259/1265/1257 1260/1266/1258 1257/1263/1255
f 1261/1267/1259 1262/1268/1260 1259/1265/1257
f 1263/1269/1261 1264/1270/1262 1261/1267/1259
f 1265/1271/1263 1266/1272/1264 1263/1269/1261
f 1267/1273/1265 1268/1274/1266 1265/1271/1263
f 1269/1275/1267 1270/1276/1268 1271/1277/1269
f 1272/1278/1270 1273/1279/1271 1269/1275/1267
f 1274/1280/1272 1275/1281/1273 1272/1278/1270
f 1246/1252/1244 1276/1282/1274 1274/1280/1272
f 1248/1254/1246 1277/1283/1275 1245/1251/1243
f 1278/1284/1276 1196/1202/1194 1277/1283/1275
f 1250/1256/1248 1278/1284/1276 1248/1254/1246
f 1279/1285/1277 1194/1200/1192 1278/1284/1276
f 1252/1258/1250 1279/1285/1277 1250/1256/1248
f 1280/1286/1278 1199/1205/1197 1279/1285/1277
f 1254/1260/1252 1280/1286/1278 1252/1258/1250
f 1281/1287/1279 1202/1208/1200 1280/1286/1278
f 1256/1262/1254 1281/1287/1279 1254/1260/1252
f 1282/1288/1280 1205/1211/1203 1281/1287/1279
f 1258/1264/1256 1282/1288/1280 1256/1262/1254
f 1283/1289/1281 1208/1214/1206 1282/1288/1280
f 1260/1266/1258 1283/1289/1281 1258/1264/1256
f 1284/1290/1282 1211/1217/1209 1283/1289/1281
f 1262/1268/1260 1284/1290/1282 1260/1266/1258
f 1285/1291/1283 1214/1220/1212 1284/1290/1282
f 1264/1270/1262 1285/1291/1283 1262/1268/1260
f 1286/1292/1284 1217/1223/1215 1285/1291/1283
f 1266/1272/1264 1286/1292/1284 1264/1270/1262
f 1287/1293/1285 1220/1226/1218 1286/1292/1284
f 1268/1274/1266 1287/1293/1285 1266/1272/1264
f 1288/1294/1286 1223/1229/1221 1287/1293/1285
f 1289/1295/1268 1288/1294/1286 1268/1274/1266
f 1290/1296/1287 1226/1232/1224 1288/1294/1286
f 1273/1279/1271 1291/1297/1288 1270/1276/1268
f 1292/1298/1289 1234/1240/1232 1291/1297/1288
f 1275/1281/1273 1292/1298/1289 1273/1279/1271
f 1293/1299/1290 1232/1238/1230 1292/1298/1289
f 1276/1282/1274 1293/1299/1290 1275/1281/1273
f 1294/1300/1291 1237/1243/1235 1293/1299/1290
f 1245/1251/1243 1294/1300/1291 1276/1282/1274
f 1277/1283/1275 1240/1246/1238 1294/1300/1291
f 1201/1207/1199 1295/1301/1292 1198/1204/1196
f 1204/1210/1202 1296/1302/1293 1201/1207/1199
f 1207/1213/1205 1297/1303/1294 1204/1210/1202
f 1210/1216/1208 1298/1304/1295 1207/1213/1205
f 1213/1219/1211 1299/1305/1296 1210/1216/1208
f 1216/1222/1214 1300/1306/1297 1213/1219/1211
f 1219/1225/1217 1301/1307/1298 1216/1222/1214
f 1222/1228/1220 1302/1308/1299 1219/1225/1217
f 1225/1231/1223 1303/1309/1300 1222/1228/1220
f 1228/1234/1226 1304/1310/1301 1225/1231/1223
f 1231/1237/1229 1305/1311/1302 1228/1234/1226
f 1306/1312/1303 1307/1313/1304 1231/1237/1229
f 1239/1245/1237 1308/1314/1305 1236/1242/1234
f 1242/1248/1240 1309/1315/1306 1239/1245/1237
f 1243/1249/1241 1310/1316/1307 1242/1248/1240
f 1198/1204/1196 1311/1317/1308 1243/1249/1241
f 1312/1318/1309 1313/1319/1310 1314/1320/1311
f 1315/1321/1312 1316/1322/1313 1317/1323/1314
f 1318/1324/1315 1319/1325/1316 1316/1322/1313
f 1320/1326/1317 1314/1320/1311 1321/1327/1318
f 1322/1328/1319 1323/1329/1320 1324/1330/1321
f 1325/1331/1322 1326/1332/1323 1322/1328/1319
f 1327/1333/1324 1328/1334/1325 1325/1331/1322
f 1329/1335/1326 1330/1336/1327 1327/1333/1324
f 1331/1337/1328 1332/1338/1329 1329/1335/1326
f 1333/1339/1330 1334/1340/1331 1331/1337/1328
f 1335/1341/1332 1336/1342/1333 1333/1339/1330
f 1337/1343/1334 1338/1344/1335 1335/1341/1332
f 1339/1345/1336 1340/1346/1337 1337/1343/1334
f 1341/1347/1338 1342/1348/1339 1339/1345/1336
f 1343/1349/1340 1344/1350/1341 1341/1347/1338
f 1345/1351/1342 1346/1352/1343 1343/1349/1340
f 1347/1353/1344 1348/1354/1345 1349/1355/1346
f 1350/1356/1347 1351/1357/1348 1347/1353/1344
f 1352/1358/1349 1353/1359/1350 1350/1356/1347
f 1324/1330/1321 1354/1360/1351 1352/1358/1349
f 1355/1361/1352 1356/1362/1353 1357/1363/1354
f 1358/1364/1355 1359/1365/1356 1355/1361/1352
f 1360/1366/1357 1361/1367/1358 1358/1364/1355
f 1362/1368/1359 1363/1369/1360 1360/1366/1357
f 1364/1370/1361 1365/1371/1362 1362/1368/1359
f 1366/1372/1363 1367/1373/1364 1364/1370/1361
f 1368/1374/1365 1369/1375/1366 1366/1372/1363
f 1370/1376/1367 1371/1377/1368 1368/1374/1365
f 1372/1378/1369 1373/1379/1370 1370/1376/1367
f 1374/1380/1371 1375/1381/1372 1372/1378/1369
f 1376/1382/1373 1377/1383/1374 1374/1380/1371
f 1378/1384/1375 1379/1385/1376 1376/1382/1373
f 1380/1386/1377 1381/1387/1378 1382/1388/1375
f 1383/1389/1379 1384/1390/1380 1380/1386/1377
f 1385/1391/1381 1386/1392/1382 1383/1389/1379
f 1357/1363/1354 1387/1393/1383 1385/1391/1381
f 1388/1394/1384 1389/1395/1385 1390/1396/1386
f 1391/1397/1387 1392/1398/1388 1388/1394/1384
f 1393/1399/1389 1394/1400/1390 1391/1397/1387
f 1395/1401/1391 1396/1402/1392 1393/1399/1389
f 1397/1403/1393 1398/1404/1394 1395/1401/1391
f 1399/1405/1395 1400/1406/1396 1397/1403/1393
f 1401/1407/1397 1402/1408/1398 1399/1405/1395
f 1403/1409/1399 1404/1410/1400 1401/1407/1397
f 1405/1411/1401 1406/1412/1402 1403/1409/1399
f 1407/1413/1403 1408/1414/1404 1405/1411/1401
f 1409/1415/1405 1410/1416/1406 1407/1413/1403
f 1411/1417/1407 1412/1418/1408 1409/1415/1405
f 1413/1419/1409 1414/1420/1410 1415/1421/1411
f 1416/1422/1412 1417/1423/1413 1413/1419/1409
f 1418/1424/1414 1419/1425/1415 1416/1422/1412
f 1390/1396/1386 1420/1426/1416 1418/1424/1414
f 1359/1365/1356 1390/1396/1386 1356/1362/1353
f 1361/1367/1358 1388/1394/1384 1359/1365/1356
f 1363/1369/1360 1391/1397/1387 1361/1367/1358
f 1365/1371/1362 1393/1399/1389 1363/1369/1360
f 1367/1373/1364 1395/1401/1391 1365/1371/1362
f 1369/1375/1366 1397/1403/1393 1367/1373/1364
f 1371/1377/1368 1399/1405/1395 1369/1375/1366
f 1373/1379/1370 1401/1407/1397 1371/1377/1368
f 1375/1381/1372 1403/1409/1399 1373/1379/1370
f 1377/1383/1374 1405/1411/1401 1375/1381/1372
f 1379/1385/1376 1407/1413/1403 1377/1383/1374
f 1421/1427/1417 1409/1415/1405 1379/1385/1376
f 1384/1390/1380 1415/1421/1411 1381/1387/1378
f 1386/1392/1382 1413/1419/1409 1384/1390/1380
f 1387/1393/1383 1416/1422/1412 1386/1392/1382
f 1356/1362/1353 1418/1424/1414 1387/1393/1383
f 1392/1398/1388 1422/1428/1418 1389/1395/1385
f 1394/1400/1390 1423/1429/1419 1392/1398/1388
f 1396/1402/1392 1424/1430/1420 1394/1400/1390
f 1398/1404/1394 1425/1431/1421 1396/1402/1392
f 1400/1406/1396 1426/1432/1422 1398/1404/1394
f 1402/1408/1398 1427/1433/1423 1400/1406/1396
f 1404/1410/1400 1428/1434/1424 1402/1408/1398
f 1406/1412/1402 1429/1435/1425 1404/1410/1400
f 1408/1414/1404 1430/1436/1426 1406/1412/1402
f 1410/1416/1406 1431/1437/1427 1408/1414/1404
f 1412/1418/1408 1432/1438/1428 1410/1416/1406
f 1433/1439/1410 1434/1440/1429 1412/1418/1408
f 1417/1423/1413 1435/1441/1430 1414/1420/1410
f 1419/1425/1415 1436/1442/1431 1417/1423/1413
f 1420/1426/1416 1437/1443/1432 1419/1425/1415
f 1389/1395/1385 1438/1444/1433 1420/1426/1416
f 1439/1445/1434 1355/1361/1352 1357/1363/1354
f 1440/1446/1435 1358/1364/1355 1355/1361/1352
f 1441/1447/1436 1360/1366/1357 1358/1364/1355
f 1442/1448/1437 1362/1368/1359 1360/1366/1357
f 1443/1449/1438 1364/1370/1361 1362/1368/1359
f 1444/1450/1439 1366/1372/1363 1364/1370/1361
f 1445/1451/1440 1368/1374/1365 1366/1372/1363
f 1446/1452/1441 1370/1376/1367 1368/1374/1365
f 1447/1453/1442 1372/1378/1369 1370/1376/1367
f 1448/1454/1443 1374/1380/1371 1372/1378/1369
f 1449/1455/1444 1376/1382/1373 1374/1380/1371
f 1450/1456/1445 1378/1384/1375 1376/1382/1373
f 1451/1457/1446 1380/1386/1377 1382/1388/1375
f 1452/1458/1447 1383/1389/1379 1380/1386/1377
f 1453/1459/1448 1385/1391/1381 1383/1389/1379
f 1454/1460/1449 1357/1363/1354 1385/1391/1381
f 1455/1461/1450 1354/1360/1351 1323/1329/1320
f 1456/1462/1451 1353/1359/1350 1354/1360/1351
f 1457/1463/1452 1351/1357/1348 1353/1359/1350
f 1458/1464/1453 1348/1354/1345 1351/1357/1348
f 1459/1465/1454 1460/1466/1455 1348/1354/1345
f 1461/1467/1456 1344/1350/1341 1346/1352/1343
f 1462/1468/1457 1342/1348/1339 1344/1350/1341
f 1463/1469/1458 1340/1346/1337 1342/1348/1339
f 1464/1470/1459 1338/1344/1335 1340/1346/1337
f 1465/1471/1460 1336/1342/1333 1338/1344/1335
f 1466/1472/1461 1334/1340/1331 1336/1342/1333
f 1467/1473/1462 1332/1338/1329 1334/1340/1331
f 1468/1474/1463 1330/1336/1327 1332/1338/1329
f 1469/1475/1464 1328/1334/1325 1330/1336/1327
f 1470/1476/1465 1326/1332/1323 1328/1334/1325
f 1471/1477/1466 1323/1329/1320 1326/1332/1323
f 1472/1478/1467 1322/1328/1319 1473/1479/1468
f 1474/1480/1469 1322/1328/1319 1472/1478/1467
f 1475/1481/1470 1325/1331/1322 1474/1480/1469
f 1476/1482/1471 1327/1333/1324 1475/1481/1470
f 1477/1483/1472 1329/1335/1326 1476/1482/1471
f 1478/1484/1473 1331/1337/1328 1477/1483/1472
f 1479/1485/1474 1333/1339/1330 1478/1484/1473
f 1480/1486/1475 1335/1341/1332 1479/1485/1474
f 1481/1487/1476 1337/1343/1334 1480/1486/1475
f 1482/1488/1477 1339/1345/1336 1481/1487/1476
f 1483/1489/1478 1341/1347/1338 1482/1488/1477
f 1484/1490/1479 1343/1349/1340 1483/1489/1478
f 1485/1491/1480 1349/1355/1346 1486/1492/1479
f 1487/1493/1481 1347/1353/1344 1485/1491/1480
f 1488/1494/1482 1350/1356/1347 1487/1493/1481
f 1473/1479/1468 1352/1358/1349 1488/1494/1482
f 1313/1319/1310 1472/1478/1467 1314/1320/1311
f 1489/1495/1483 1472/1478/1467 1313/1319/1310
f 1490/1496/1484 1474/1480/1469 1489/1495/1483
f 1491/1497/1485 1475/1481/1470 1490/1496/1484
f 1492/1498/1486 1476/1482/1471 1491/1497/1485
f 1493/1499/1487 1477/1483/1472 1492/1498/1486
f 1317/1323/1314 1478/1484/1473 1493/1499/1487
f 1316/1322/1313 1479/1485/1474 1317/1323/1314
f 1319/1325/1316 1480/1486/1475 1316/1322/1313
f 1494/1500/1488 1481/1487/1476 1319/1325/1316
f 1495/1501/1489 1482/1488/1477 1494/1500/1488
f 1496/1502/1490 1483/1489/1478 1495/1501/1489
f 1497/1503/1491 1486/1492/1479 1498/1504/1492
f 1499/1505/1493 1485/1491/1480 1497/1503/1491
f 1321/1327/1318 1487/1493/1481 1499/1505/1493
f 1314/1320/1311 1488/1494/1482 1321/1327/1318
s 0
f 1500/1506/1494 1501/1507/1494 1502/1508/1494
f 1503/1509/1494 1500/1506/1494 1504/1510/1494
f 1505/1511/1494 1503/1509/1494 1506/1512/1494
f 1507/1513/1494 1505/1511/1494 1508/1514/1494
f 1509/1515/1494 1507/1513/1494 1510/1516/1494
f 1511/1517/1494 1509/1515/1494 1512/1518/1494
f 1513/1519/1494 1501/1507/1494 1514/1520/1494
f 1515/1521/1494 1511/1517/1494 1512/1518/1494
s 1
f 11/17/9 143/149/141 9/15/7
f 15/21/13 61/67/59 16/22/14
f 20/26/18 17/23/15 21/27/19
f 22/28/20 21/27/19 23/29/21
f 25/31/23 73/79/71 26/32/24
f 30/36/28 36/42/34 31/37/29
f 33/39/31 30/36/28 29/35/27
f 30/36/28 33/39/31 34/40/32
f 35/41/33 138/144/136 36/42/34
f 38/44/36 43/49/41 39/45/37
f 41/47/39 74/80/72 43/49/41
f 39/45/37 14/20/12 16/22/14
f 47/53/45 48/54/46 45/51/43
f 23/29/21 47/53/45 46/52/44
f 14/20/12 39/45/37 47/53/45
f 13/19/11 53/59/51 49/55/47
f 13/19/11 51/57/49 52/58/50
f 17/23/15 15/21/13 14/20/12
f 55/61/53 59/65/57 56/62/54
f 58/64/56 55/61/53 54/60/52
f 55/61/53 58/64/56 32/38/30
f 29/35/27 31/37/29 59/65/57
f 44/50/42 16/22/14 61/67/59
f 63/69/61 143/149/141 11/17/9
f 64/70/62 13/19/11 50/56/48
f 64/70/62 62/68/60 11/17/9
f 61/67/59 67/73/65 66/72/64
f 15/21/13 1516/1522/1495 67/73/65
f 69/75/67 17/23/15 19/25/17
f 69/75/67 1516/1522/1495 15/21/13
f 70/76/68 28/34/26 26/32/24
f 72/78/70 40/46/38 42/48/40
f 39/45/37 43/49/41 75/81/73
f 76/82/74 78/84/76 49/55/47
f 77/83/75 76/82/74 53/59/51
f 76/82/74 77/83/75 57/63/55
f 54/60/52 56/62/54 78/84/76
f 12/18/10 10/16/8 79/85/77
f 10/16/8 9/15/7 81/87/79
f 82/88/80 106/112/104 83/89/81
f 85/91/83 88/94/86 86/92/84
f 88/94/86 122/128/120 89/95/87
f 90/96/88 93/99/91 91/97/89
f 93/99/91 34/40/32 94/100/92
f 96/102/94 141/147/139 97/103/95
f 95/101/93 90/96/88 92/98/90
f 31/37/29 36/42/34 98/104/96
f 36/42/34 138/144/136 100/106/98
f 101/107/99 104/110/102 102/108/100
f 104/110/102 126/132/124 105/111/103
f 106/112/104 108/114/106 107/113/105
f 108/114/106 129/135/127 109/115/107
f 52/58/50 51/57/49 110/116/108
f 51/57/49 12/18/10 80/86/78
f 49/55/47 134/140/132 112/118/110
f 18/24/16 20/26/18 113/119/111
f 20/26/18 22/28/20 115/121/113
f 32/38/30 58/64/56 116/122/114
f 58/64/56 57/63/55 118/124/116
f 56/62/54 59/65/57 119/125/117
f 59/65/57 31/37/29 99/105/97
f 121/127/119 65/71/63 50/56/48
f 122/128/120 124/130/122 123/129/121
f 124/130/122 250/256/248 125/131/123
f 126/132/124 128/134/126 127/133/125
f 128/134/126 85/91/83 87/93/85
f 129/135/127 131/137/129 130/136/128
f 131/137/129 101/107/99 103/109/101
f 57/63/55 77/83/75 132/138/130
f 77/83/75 52/58/50 111/117/109
f 49/55/47 78/84/76 133/139/131
f 78/84/76 56/62/54 120/126/118
f 135/141/133 35/41/33 34/40/32
f 95/101/93 135/141/133 93/99/91
f 97/103/95 136/142/134 135/141/133
f 136/142/134 138/144/136 35/41/33
f 34/40/32 33/39/31 137/143/135
f 33/39/31 32/38/30 117/123/115
f 138/144/136 136/142/134 139/145/137
f 136/142/134 97/103/95 140/146/138
f 143/149/141 19/25/17 142/148/140
f 68/74/66 19/25/17 143/149/141
f 9/15/7 142/148/140 144/150/142
f 142/148/140 18/24/16 114/120/112
f 147/153/145 148/154/146 145/151/143
f 153/159/151 160/166/158 151/157/149
f 157/163/155 161/167/159 158/164/156
f 161/167/159 1517/1523/1496 159/165/157
f 162/168/160 164/170/162 26/32/24
f 167/173/165 168/174/166 165/171/163
f 169/175/167 191/197/189 168/174/166
f 167/173/165 171/177/169 170/176/168
f 171/177/169 167/173/165 166/172/164
f 38/44/36 37/43/35 173/179/171
f 176/182/174 42/48/40 174/180/172
f 173/179/171 37/43/35 151/157/149
f 180/186/178 181/187/179 178/184/176
f 159/165/157 1517/1523/1496 181/187/179
f 160/166/158 159/165/157 180/186/178
f 150/156/148 194/200/192 182/188/180
f 150/156/148 183/189/181 185/191/183
f 154/160/152 158/164/156 160/166/158
f 188/194/186 189/195/187 186/192/184
f 190/196/188 205/211/203 189/195/187
f 188/194/186 168/174/166 191/197/189
f 168/174/166 188/194/186 187/193/185
f 44/50/42 60/66/58 152/158/150
f 192/198/190 195/201/193 147/153/145
f 193/199/191 246/252/244 194/200/192
f 193/199/191 150/156/148 147/153/145
f 152/158/150 60/66/58 66/72/64
f 153/159/151 152/158/150 196/202/194
f 198/204/196 268/274/266 155/161/153
f 198/204/196 154/160/152 153/159/151
f 199/205/197 71/77/69 26/32/24
f 200/206/198 73/79/71 42/48/40
f 173/179/171 179/185/177 201/207/199
f 203/209/201 183/189/181 182/188/180
f 204/210/202 185/191/183 183/189/181
f 203/209/201 189/195/187 205/211/203
f 189/195/187 203/209/201 202/208/200
f 149/155/147 237/243/235 206/212/204
f 148/154/146 206/212/204 207/213/205
f 208/214/206 1518/1524/1497 209/215/207
f 211/217/209 253/259/251 212/218/210
f 213/219/211 212/218/210 214/220/212
f 216/222/214 224/230/222 217/223/215
f 218/224/216 217/223/215 219/225/217
f 222/228/220 223/229/221 220/226/218
f 223/229/221 222/228/220 224/230/222
f 165/171/163 245/251/243 225/231/223
f 166/172/164 225/231/223 226/232/224
f 227/233/225 256/262/254 228/234/226
f 229/235/227 228/234/226 230/236/228
f 210/216/208 209/215/207 232/238/230
f 233/239/231 232/238/230 234/240/232
f 185/191/183 258/264/256 236/242/234
f 184/190/182 236/242/234 237/243/235
f 182/188/180 194/200/192 238/244/236
f 156/162/154 270/276/268 240/246/238
f 157/163/155 240/246/238 241/247/239
f 191/197/189 264/270/262 242/248/240
f 190/196/188 242/248/240 243/249/241
f 186/192/184 260/266/258 244/250/242
f 187/193/185 244/250/242 245/251/243
f 247/253/245 238/244/236 194/200/192
f 215/221/213 214/220/212 248/254/246
f 249/255/247 248/254/246 125/131/123
f 231/237/229 230/236/228 251/257/249
f 252/258/250 251/257/249 253/259/251
f 235/241/233 234/240/232 254/260/252
f 255/261/253 254/260/252 256/262/254
f 205/211/203 243/249/241 257/263/255
f 204/210/202 257/263/255 258/264/256
f 182/188/180 239/245/237 259/265/257
f 202/208/200 259/265/257 260/266/258
f 261/267/259 218/224/216 170/176/168
f 223/229/221 216/222/214 218/224/216
f 220/226/218 223/229/221 261/267/259
f 262/268/260 261/267/259 171/177/169
f 170/176/168 219/225/217 263/269/261
f 169/175/167 263/269/261 264/270/262
f 172/178/170 226/232/224 265/271/263
f 262/268/260 265/271/263 266/272/264
f 146/152/144 145/151/143 267/273/265
f 268/274/266 192/198/190 146/152/144
f 145/151/143 207/213/205 269/275/267
f 267/273/265 269/275/267 270/276/268
f 273/279/271 274/280/272 271/277/269
f 279/285/277 286/292/284 277/283/275
f 283/289/281 287/293/285 284/290/282
f 287/293/285 1519/1525/1498 285/291/283
f 288/294/286 292/298/290 289/295/287
f 295/301/293 296/302/294 293/299/291
f 297/303/295 323/329/321 296/302/294
f 295/301/293 299/305/297 298/304/296
f 299/305/297 295/301/293 294/300/292
f 303/309/301 309/315/307 301/307/299
f 306/312/304 305/311/303 302/308/300
f 301/307/299 309/315/307 277/283/275
f 312/318/310 313/319/311 310/316/308
f 285/291/283 1519/1525/1498 313/319/311
f 286/292/284 285/291/283 312/318/310
f 276/282/274 326/332/324 314/320/312
f 276/282/274 315/321/313 317/323/315
f 280/286/278 284/290/282 286/292/284
f 320/326/318 321/327/319 318/324/316
f 322/328/320 338/344/336 321/327/319
f 320/326/318 296/302/294 323/329/321
f 296/302/294 320/326/318 319/325/317
f 308/314/306 451/457/449 278/284/276
f 324/330/322 327/333/325 273/279/271
f 325/331/323 379/385/377 326/332/324
f 325/331/323 276/282/274 273/279/271
f 278/284/276 451/457/449 328/334/326
f 279/285/277 278/284/276 329/335/327
f 331/337/329 402/408/400 281/287/279
f 331/337/329 280/286/278 279/285/277
f 332/338/330 461/467/459 289/295/287
f 333/339/331 290/296/288 305/311/303
f 301/307/299 311/317/309 334/340/332
f 336/342/334 315/321/313 314/320/312
f 337/343/335 317/323/315 315/321/313
f 336/342/334 321/327/319 338/344/336
f 321/327/319 336/342/334 335/341/333
f 275/281/273 370/376/368 339/345/337
f 274/280/272 339/345/337 340/346/338
f 341/347/339 1520/1526/1499 342/348/340
f 344/350/342 387/393/385 345/351/343
f 346/352/344 345/351/343 347/353/345
f 349/355/347 357/363/355 350/356/348
f 351/357/349 350/356/348 352/358/350
f 355/361/353 356/362/354 353/359/351
f 356/362/354 355/361/353 357/363/355
f 293/299/291 378/384/376 358/364/356
f 294/300/292 358/364/356 359/365/357
f 360/366/358 390/396/388 361/367/359
f 362/368/360 361/367/359 363/369/361
f 343/349/341 342/348/340 365/371/363
f 366/372/364 365/371/363 367/373/365
f 317/323/315 392/398/390 369/375/367
f 316/322/314 369/375/367 370/376/368
f 314/320/312 326/332/324 371/377/369
f 282/288/280 404/410/402 373/379/371
f 283/289/281 373/379/371 374/380/372
f 323/329/321 398/404/396 375/381/373
f 322/328/320 375/381/373 376/382/374
f 318/324/316 394/400/392 377/383/375
f 319/325/317 377/383/375 378/384/376
f 380/386/378 371/377/369 326/332/324
f 348/354/346 347/353/345 381/387/379
f 382/388/380 381/387/379 383/389/381
f 364/370/362 363/369/361 385/391/383
f 386/392/384 385/391/383 387/393/385
f 368/374/366 367/373/365 388/394/386
f 389/395/387 388/394/386 390/396/388
f 338/344/336 376/382/374 391/397/389
f 337/343/335 391/397/389 392/398/390
f 314/320/312 372/378/370 393/399/391
f 335/341/333 393/399/391 394/400/392
f 395/401/393 351/357/349 298/304/296
f 356/362/354 349/355/347 351/357/349
f 353/359/351 356/362/354 395/401/393
f 396/402/394 395/401/393 299/305/297
f 298/304/296 352/358/350 397/403/395
f 297/303/295 397/403/395 398/404/396
f 300/306/298 359/365/357 399/405/397
f 396/402/394 399/405/397 400/406/398
f 272/278/270 271/277/269 401/407/399
f 402/408/400 324/330/322 272/278/270
f 271/277/269 340/346/338 403/409/401
f 401/407/399 403/409/401 404/410/402
f 407/413/405 531/537/529 405/411/403
f 411/417/409 452/458/450 412/418/410
f 416/422/414 413/419/411 417/423/415
f 418/424/416 417/423/415 419/425/417
f 421/427/419 290/296/288 289/295/287
f 425/431/423 431/437/429 426/432/424
f 428/434/426 425/431/423 424/430/422
f 425/431/423 428/434/426 429/435/427
f 430/436/428 526/532/524 431/437/429
f 303/309/301 435/441/433 432/438/430
f 434/440/432 463/469/461 435/441/433
f 432/438/430 410/416/408 412/418/410
f 438/444/436 439/445/437 436/442/434
f 419/425/417 438/444/436 437/443/435
f 410/416/408 432/438/430 438/444/436
f 409/415/407 444/450/442 440/446/438
f 409/415/407 442/448/440 443/449/441
f 413/419/411 411/417/409 410/416/408
f 446/452/444 450/456/448 447/453/445
f 449/455/447 446/452/444 445/451/443
f 446/452/444 449/455/447 427/433/425
f 424/430/422 426/432/424 450/456/448
f 308/314/306 412/418/410 452/458/450
f 454/460/452 531/537/529 407/413/405
f 455/461/453 409/415/407 441/447/439
f 455/461/453 453/459/451 407/413/405
f 452/458/450 457/463/455 328/334/326
f 411/417/409 1521/1527/1500 457/463/455
f 459/465/457 413/419/411 415/421/413
f 459/465/457 1521/1527/1500 411/417/409
f 460/466/458 423/429/421 289/295/287
f 462/468/460 433/439/431 305/311/303
f 432/438/430 435/441/433 464/470/462
f 465/471/463 467/473/465 440/446/438
f 466/472/464 465/471/463 444/450/442
f 465/471/463 466/472/464 448/454/446
f 445/451/443 447/453/445 467/473/465
f 408/414/406 406/412/404 468/474/466
f 406/412/404 405/411/403 470/476/468
f 471/477/469 495/501/493 472/478/470
f 474/480/472 477/483/475 475/481/473
f 477/483/475 511/517/509 478/484/476
f 479/485/477 482/488/480 480/486/478
f 482/488/480 429/435/427 483/489/481
f 485/491/483 529/535/527 486/492/484
f 484/490/482 479/485/477 481/487/479
f 426/432/424 431/437/429 487/493/485
f 431/437/429 526/532/524 489/495/487
f 490/496/488 493/499/491 491/497/489
f 493/499/491 514/520/512 494/500/492
f 495/501/493 497/503/495 496/502/494
f 497/503/495 517/523/515 498/504/496
f 443/449/441 442/448/440 499/505/497
f 442/448/440 408/414/406 469/475/467
f 440/446/438 522/528/520 501/507/499
f 414/420/412 416/422/414 502/508/500
f 416/422/414 418/424/416 504/510/502
f 427/433/425 449/455/447 505/511/503
f 449/455/447 448/454/446 507/513/505
f 447/453/445 450/456/448 508/514/506
f 450/456/448 426/432/424 488/494/486
f 510/516/508 456/462/454 441/447/439
f 511/517/509 513/519/511 512/518/510
f 513/519/511 384/390/382 383/389/381
f 514/520/512 516/522/514 515/521/513
f 516/522/514 474/480/472 476/482/474
f 517/523/515 519/525/517 518/524/516
f 519/525/517 490/496/488 492/498/490
f 448/454/446 466/472/464 520/526/518
f 466/472/464 443/449/441 500/506/498
f 440/446/438 467/473/465 521/527/519
f 467/473/465 447/453/445 509/515/507
f 523/529/521 430/436/428 429/435/427
f 484/490/482 523/529/521 482/488/480
f 486/492/484 524/530/522 523/529/521
f 524/530/522 526/532/524 430/436/428
f 429/435/427 428/434/426 525/531/523
f 428/434/426 427/433/425 506/512/504
f 526/532/524 524/530/522 527/533/525
f 524/530/522 486/492/484 528/534/526
f 531/537/529 415/421/413 530/536/528
f 458/464/456 415/421/413 531/537/529
f 405/411/403 530/536/528 532/538/530
f 530/536/528 414/420/412 503/509/501
f 533/539/531 560/566/558 534/540/532
f 536/542/534 549/555/547 537/543/535
f 539/545/537 547/553/545 542/548/540
f 544/550/542 585/591/583 545/551/543
f 548/554/546 550/556/548 542/548/540
f 549/555/547 533/539/531 535/541/533
f 550/556/548 548/554/546 546/552/544
f 551/557/549 539/545/537 552/558/550
f 554/560/552 1522/1528/1501 536/542/534
f 537/543/535 546/552/544 548/554/546
f 535/541/533 544/550/542 546/552/544
f 555/561/553 1522/1528/1501 554/560/552
f 557/563/555 565/571/563 558/564/556
f 559/565/557 534/540/532 560/566/558
f 556/562/554 558/564/556 563/569/561
f 539/545/537 551/557/549 554/560/552
f 554/560/552 538/544/536 548/554/546
f 564/570/562 562/568/560 558/564/556
f 557/563/555 556/562/554 559/565/557
f 535/541/533 534/540/532 563/569/561
f 568/574/566 593/599/591 569/575/567
f 571/577/569 577/583/575 572/578/570
f 575/581/573 562/568/560 564/570/562
f 567/573/565 569/575/567 577/583/575
f 579/585/577 543/549/541 580/586/578
f 572/578/570 587/593/585 581/587/579
f 582/588/580 584/590/582 575/581/573
f 583/589/581 591/597/589 584/590/582
f 571/577/569 570/576/568 550/556/548
f 567/573/565 571/577/569 545/551/543
f 586/592/584 580/586/578 581/587/579
f 588/594/586 592/598/590 589/595/587
f 591/597/589 583/589/581 592/598/590
f 593/599/591 568/574/566 588/594/586
f 584/590/582 591/597/589 568/574/566
f 543/549/541 542/548/540 581/587/579
f 581/587/579 542/548/540 550/556/548
f 585/591/583 544/550/542 563/569/561
f 568/574/566 567/573/565 585/591/583
f 594/600/592 563/569/561 562/568/560
f 566/572/564 559/565/557 561/567/559
f 597/603/595 613/619/611 598/604/596
f 600/606/598 628/634/626 601/607/599
f 603/609/601 637/643/635 606/612/604
f 608/614/606 614/620/612 609/615/607
f 612/618/610 607/613/605 606/612/604
f 602/608/600 601/607/599 613/619/611
f 611/617/609 609/615/607 614/620/612
f 615/621/613 619/625/617 616/622/614
f 618/624/616 628/634/626 600/606/598
f 601/607/599 628/634/626 612/618/610
f 613/619/611 601/607/599 614/620/612
f 620/626/618 615/621/613 618/624/616
f 623/629/621 627/633/625 621/627/619
f 624/630/622 657/663/655 599/605/597
f 627/633/625 598/604/596 626/632/624
f 603/609/601 607/613/605 618/624/616
f 618/624/616 607/613/605 612/618/610
f 629/635/627 622/628/620 621/627/619
f 623/629/621 656/662/654 624/630/622
f 613/619/611 608/614/606 626/632/624
f 632/638/630 640/646/638 630/636/628
f 635/641/633 649/655/647 633/639/631
f 639/645/637 1523/1529/1502 629/635/627
f 640/646/638 635/641/633 634/640/632
f 642/648/640 650/656/648 641/647/639
f 633/639/631 649/655/647 643/649/641
f 646/652/644 1523/1529/1502 639/645/637
f 648/654/646 646/652/644 645/651/643
f 635/641/633 609/615/607 611/617/609
f 640/646/638 610/616/608 609/615/607
f 651/657/649 644/650/642 643/649/641
f 652/658/650 1524/1530/1503 653/659/651
f 647/653/645 652/658/650 654/660/652
f 631/637/629 1524/1530/1503 652/658/650
f 645/651/643 655/661/653 632/638/630
f 637/643/635 641/647/639 643/649/641
f 643/649/641 649/655/647 611/617/609
f 610/616/608 655/661/653 626/632/624
f 632/638/630 655/661/653 610/616/608
f 655/661/653 639/645/637 625/631/623
f 656/662/654 1525/1531/1504 657/663/655
f 659/665/657 675/681/673 660/666/658
f 662/668/660 684/690/682 663/669/661
f 664/670/662 1526/1532/1505 665/671/663
f 667/673/665 747/753/745 668/674/666
f 670/676/668 669/675/667 668/674/666
f 672/678/670 749/755/747 673/679/671
f 674/680/672 673/679/671 660/666/658
f 676/682/674 736/742/734 677/683/675
f 677/683/675 736/742/734 680/686/678
f 681/687/679 678/684/676 677/683/675
f 683/689/681 786/792/784 684/690/682
f 684/690/682 786/792/784 686/692/684
f 688/694/686 935/941/933 689/695/687
f 689/695/687 935/941/933 691/697/689
f 693/699/691 937/943/935 694/700/692
f 695/701/693 1527/1533/1506 696/702/694
f 699/705/697 936/942/934 700/706/698
f 700/706/698 936/942/934 702/708/700
f 704/710/702 938/944/936 705/711/703
f 694/700/692 937/943/935 707/713/705
f 705/711/703 938/944/936 709/715/707
f 711/717/709 879/885/877 712/718/710
f 714/720/712 881/887/879 715/721/713
f 717/723/715 881/887/879 714/720/712
f 720/726/718 722/728/720 718/724/716
f 721/727/719 890/896/888 722/728/720
f 724/730/722 882/888/880 725/731/723
f 727/733/725 882/888/880 724/730/722
f 730/736/728 939/945/937 728/734/726
f 732/738/730 736/742/734 676/682/674
f 734/740/732 732/738/730 731/737/729
f 735/741/733 680/686/678 736/742/734
f 738/744/736 688/694/686 687/693/685
f 740/746/738 738/744/736 737/743/735
f 742/748/740 890/896/888 721/727/719
f 743/749/741 685/691/683 684/690/682
f 744/750/742 788/794/786 745/751/743
f 745/751/743 788/794/786 668/674/666
f 748/754/746 751/757/749 749/755/747
f 750/756/748 787/793/785 749/755/747
f 749/755/747 787/793/785 660/666/658
f 753/759/751 939/945/937 730/736/728
f 755/761/753 753/759/751 752/758/750
f 756/762/754 679/685/677 680/686/678
f 758/764/756 761/767/759 686/692/684
f 682/688/680 677/683/675 679/685/677
f 760/766/758 663/669/661 686/692/684
f 762/768/760 735/741/733 732/738/730
f 764/770/762 735/741/733 762/768/760
f 757/763/755 680/686/678 735/741/733
f 766/772/764 1036/1042/1034 767/773/765
f 768/774/766 1038/1044/1036 769/775/767
f 771/777/769 781/787/779 772/778/770
f 775/781/773 782/788/780 776/782/774
f 696/702/694 1527/1533/1506 768/774/766
f 774/780/772 776/782/774 777/783/775
f 767/773/765 777/783/775 776/782/774
f 665/671/663 1526/1532/1505 765/771/763
f 771/777/769 773/779/771 779/785/777
f 712/718/710 879/885/877 772/778/770
f 775/781/773 746/752/744 745/751/743
f 665/671/663 776/782/774 782/788/780
f 779/785/777 931/937/929 783/789/781
f 777/783/775 785/791/783 784/790/782
f 767/773/765 1036/1042/1034 785/791/783
f 659/665/657 661/667/659 663/669/661
f 664/670/662 666/672/664 747/753/745
f 670/676/668 671/677/669 673/679/671
f 681/687/679 682/688/680 786/792/784
f 690/696/688 691/697/689 693/699/691
f 695/701/693 697/703/695 699/705/697
f 701/707/699 702/708/700 704/710/702
f 706/712/704 707/713/705 717/723/715
f 708/714/706 709/715/707 727/733/725
f 713/719/711 715/721/713 711/717/709
f 723/729/721 725/731/723 742/748/740
f 787/793/785 662/668/660 661/667/659
f 743/749/741 662/668/660 787/793/785
f 748/754/746 672/678/670 788/794/786
f 788/794/786 672/678/670 671/677/669
f 747/753/745 666/672/664 782/788/780
f 758/764/756 759/765/757 679/685/677
f 786/792/784 682/688/680 759/765/757
f 789/795/787 824/830/822 790/796/788
f 792/798/790 810/816/808 793/799/791
f 793/799/791 808/814/806 791/797/789
f 794/800/792 800/806/798 795/801/793
f 797/803/795 921/927/919 798/804/796
f 798/804/796 1528/1534/1507 796/802/794
f 799/805/797 807/813/805 800/806/798
f 800/806/798 807/813/805 801/807/799
f 803/809/801 809/815/807 804/810/802
f 806/812/804 801/807/799 807/813/805
f 807/813/805 799/805/797 805/811/803
f 808/814/806 793/799/791 809/815/807
f 809/815/807 793/799/791 810/816/808
f 812/818/810 821/827/819 813/819/811
f 813/819/811 821/827/819 815/821/813
f 817/823/815 823/829/821 818/824/816
f 820/826/818 815/821/813 821/827/819
f 821/827/819 812/818/810 819/825/817
f 822/828/820 894/900/892 823/829/821
f 823/829/821 894/900/892 824/830/822
f 826/832/824 832/838/830 827/833/825
f 829/835/827 834/840/832 830/836/828
f 832/838/830 826/832/824 831/837/829
f 833/839/831 850/856/848 834/840/832
f 835/841/833 840/846/838 836/842/834
f 838/844/836 1529/1535/1508 837/843/835
f 839/845/837 844/850/842 840/846/838
f 841/847/839 846/852/844 842/848/840
f 844/850/842 839/845/837 843/849/841
f 845/851/843 854/860/852 846/852/844
f 847/853/845 862/868/860 848/854/846
f 850/856/848 833/839/831 849/855/847
f 851/857/849 875/881/873 852/858/850
f 854/860/852 845/851/843 853/859/851
f 855/861/853 880/886/878 856/862/854
f 857/863/855 856/862/854 858/864/856
f 860/866/858 861/867/859 859/865/857
f 861/867/859 860/866/858 862/868/860
f 863/869/861 864/870/862 738/744/736
f 864/870/862 827/833/825 688/694/686
f 866/872/864 891/897/889 867/873/865
f 869/875/867 866/872/864 865/871/863
f 870/876/868 889/895/887 871/877/869
f 873/879/871 874/880/872 872/878/870
f 874/880/872 873/879/871 875/881/873
f 878/884/876 899/905/897 876/882/874
f 711/717/709 856/862/854 880/886/878
f 717/723/715 862/868/860 860/866/858
f 727/733/725 875/881/873 873/879/871
f 814/820/812 813/819/811 883/889/881
f 884/890/882 883/889/881 885/891/883
f 828/834/826 827/833/825 864/870/862
f 887/893/885 864/870/862 863/869/861
f 867/873/865 891/897/889 889/895/887
f 742/748/740 889/895/887 891/897/889
f 892/898/890 810/816/808 792/798/790
f 790/796/788 824/830/822 894/900/892
f 894/900/892 822/828/820 893/899/891
f 895/901/893 802/808/800 801/807/799
f 896/902/894 801/807/799 806/812/804
f 804/810/802 809/815/807 811/817/809
f 811/817/809 898/904/896 897/903/895
f 898/904/896 811/817/809 810/816/808
f 899/905/897 903/909/901 900/906/898
f 900/906/898 903/909/901 901/907/899
f 903/909/901 753/759/751 755/761/753
f 899/905/897 939/945/937 753/759/751
f 904/910/902 816/822/814 815/821/813
f 905/911/903 815/821/813 820/826/818
f 818/824/816 823/829/821 825/831/823
f 825/831/823 907/913/905 906/912/904
f 907/913/905 825/831/823 824/830/822
f 885/891/883 883/889/881 908/914/906
f 883/889/881 813/819/811 816/822/814
f 908/914/906 816/822/814 904/910/902
f 909/915/907 908/914/906 910/916/908
f 912/918/910 922/928/920 913/919/911
f 915/921/913 918/924/916 916/922/914
f 915/921/913 1529/1535/1508 838/844/836
f 919/925/917 933/939/931 920/926/918
f 921/927/919 920/926/918 922/928/920
f 912/918/910 1528/1534/1507 798/804/796
f 923/929/921 930/936/928 924/930/922
f 925/931/923 924/930/922 779/785/777
f 923/929/921 925/931/923 926/932/924
f 880/886/878 855/861/853 927/933/925
f 926/932/924 925/931/923 773/779/771
f 919/925/917 921/927/919 797/803/795
f 795/801/793 800/806/798 802/808/800
f 802/808/800 895/901/893 928/934/926
f 929/935/927 1192/1198/1190 924/930/922
f 924/930/922 1192/1198/1190 931/937/929
f 932/938/930 934/940/932 920/926/918
f 913/919/911 922/928/920 920/926/918
f 935/941/933 832/838/830 830/836/828
f 936/942/934 844/850/842 842/848/840
f 937/943/935 850/856/848 848/854/846
f 938/944/936 854/860/852 852/858/850
f 715/721/713 858/864/856 856/862/854
f 881/887/879 860/866/858 858/864/856
f 707/713/705 848/854/846 862/868/860
f 882/888/880 873/879/871 871/877/869
f 709/715/707 852/858/850 875/881/873
f 725/731/723 871/877/869 889/895/887
f 696/702/694 838/844/836 836/842/834
f 879/885/877 880/886/878 926/932/924
f 834/840/832 693/699/691 691/697/689
f 693/699/691 834/840/832 850/856/848
f 699/705/697 840/846/838 844/850/842
f 846/852/844 704/710/702 702/708/700
f 704/710/702 846/852/844 854/860/852
f 718/724/716 722/728/720 866/872/864
f 890/896/888 891/897/889 866/872/864
f 939/945/937 899/905/897 878/884/876
f 688/694/686 827/833/825 832/838/830
f 696/702/694 770/776/768 918/924/916
f 840/846/838 699/705/697 697/703/695
f 770/776/768 769/775/767 916/922/914
f 940/946/938 1051/1057/1049 941/947/939
f 943/949/941 1051/1057/1049 944/950/942
f 946/952/944 1052/1058/1050 947/953/945
f 949/955/947 953/959/951 950/956/948
f 952/958/950 1053/1059/1051 950/956/948
f 954/960/952 1053/1059/1051 955/961/953
f 957/963/955 942/948/940 941/947/939
f 958/964/956 963/969/961 959/965/957
f 959/965/957 1027/1033/1025 961/967/959
f 962/968/960 1030/1036/1028 959/965/957
f 964/970/962 1015/1021/1013 945/951/943
f 945/951/943 944/950/942 966/972/964
f 969/975/967 1009/1015/1007 967/973/965
f 967/973/965 1054/1060/1052 970/976/968
f 973/979/971 1530/1536/1509 971/977/969
f 974/980/972 1055/1061/1053 975/981/973
f 979/985/977 1531/1537/1510 977/983/975
f 977/983/975 1056/1062/1054 980/986/978
f 983/989/981 1532/1538/1511 981/987/979
f 971/977/969 1057/1063/1055 984/990/982
f 981/987/979 1058/1064/1056 985/991/983
f 988/994/986 1533/1539/1512 986/992/984
f 991/997/989 1059/1065/1057 989/995/987
f 992/998/990 1534/1540/1513 991/997/989
f 995/1001/993 1535/1541/1514 993/999/991
f 996/1002/994 995/1001/993 994/1000/992
f 1000/1006/998 1060/1066/1058 998/1004/996
f 1001/1007/999 1536/1542/1515 1000/1006/998
f 1004/1010/1002 1537/1543/1516 1002/1008/1000
f 1005/1011/1003 1006/1012/1004 958/964/956
f 1007/1013/1005 1538/1544/1517 1006/1012/1004
f 1008/1014/1006 1005/1011/1003 960/966/958
f 1010/1016/1008 1011/1017/1009 1009/1015/1007
f 1012/1018/1010 1539/1545/1518 1011/1017/1009
f 1013/1019/1011 1540/1546/1519 996/1002/994
f 1014/1020/1012 943/949/941 945/951/943
f 1016/1022/1014 1050/1056/1048 1017/1023/1015
f 1017/1023/1015 951/957/949 950/956/948
f 1019/1025/1017 954/960/952 956/962/954
f 1021/1027/1019 1020/1026/1018 956/962/954
f 956/962/954 955/961/953 941/947/939
f 1023/1029/1021 1024/1030/1022 1004/1010/1002
f 1025/1031/1023 1541/1547/1520 1024/1030/1022
f 1026/1032/1024 1034/1040/1032 961/967/959
f 1028/1034/1026 1061/1067/1059 966/972/964
f 1030/1036/1028 1061/1067/1059 1027/1033/1025
f 1031/1037/1029 1029/1035/1027 966/972/964
f 1032/1038/1030 1007/1013/1005 1005/1011/1003
f 1033/1039/1031 1542/1548/1521 1032/1038/1030
f 1034/1040/1032 1033/1039/1031 1008/1014/1006
f 766/772/764 1047/1053/1045 1035/1041/1033
f 1037/1043/1035 1193/1199/1191 769/775/767
f 1039/1045/1037 1049/1055/1047 1040/1046/1038
f 1044/1050/1042 1045/1051/1043 1042/1048/1040
f 975/981/973 1193/1199/1191 1037/1043/1035
f 1045/1051/1043 1543/1549/1522 1046/1052/1044
f 1035/1041/1033 947/953/945 1042/1048/1040
f 947/953/945 1035/1041/1033 1047/1053/1045
f 1039/1045/1037 1544/1550/1523 1048/1054/1046
f 986/992/984 1041/1047/1039 1040/1046/1038
f 1044/1050/1042 1043/1049/1041 1017/1023/1015
f 947/953/945 1052/1058/1050 1043/1049/1041
f 1048/1054/1046 1544/1550/1523 783/789/781
f 1046/1052/1044 1543/1549/1522 784/790/782
f 1035/1041/1033 1046/1052/1044 785/791/783
f 940/946/938 1031/1037/1029 944/950/942
f 946/952/944 949/955/947 951/957/949
f 952/958/950 957/963/955 955/961/953
f 962/968/960 964/970/962 965/971/963
f 1054/1060/1052 1530/1536/1509 973/979/971
f 974/980/972 1531/1537/1510 979/985/977
f 1056/1062/1054 1532/1538/1511 983/989/981
f 1057/1063/1055 1534/1540/1513 992/998/990
f 1058/1064/1056 1536/1542/1515 1001/1007/999
f 1059/1065/1057 1533/1539/1512 988/994/986
f 1060/1066/1058 1540/1546/1519 1013/1019/1011
f 1022/1028/1020 941/947/939 1051/1057/1049
f 1014/1020/1012 1021/1027/1019 1022/1028/1020
f 1019/1025/1017 1016/1022/1014 1018/1024/1016
f 1018/1024/1016 950/956/948 1053/1059/1051
f 951/957/949 1017/1023/1015 1043/1049/1041
f 1028/1034/1026 1026/1032/1024 1027/1033/1025
f 965/971/963 966/972/964 1061/1067/1059
f 1062/1068/1060 1068/1074/1066 1063/1069/1061
f 1067/1073/1065 1063/1069/1061 1065/1071/1063
f 1065/1071/1063 1063/1069/1061 1068/1074/1066
f 1070/1076/1068 1076/1082/1074 1071/1077/1069
f 1075/1081/1073 1071/1077/1069 1073/1079/1071
f 1073/1079/1071 1071/1077/1069 1076/1082/1074
f 1078/1084/1076 1070/1076/1068 1072/1078/1070
f 1072/1078/1070 1161/1167/1159 1080/1086/1078
f 1081/1087/1079 1085/1091/1083 1082/1088/1080
f 1084/1090/1082 1082/1088/1080 1079/1085/1077
f 1079/1085/1077 1082/1088/1080 1085/1091/1083
f 1069/1075/1067 1081/1087/1079 1083/1089/1081
f 1083/1089/1081 1163/1169/1161 1066/1072/1064
f 1086/1092/1084 1152/1158/1150 1087/1093/1085
f 1087/1093/1085 1170/1176/1168 1089/1095/1087
f 1090/1096/1088 1094/1100/1092 1091/1097/1089
f 1093/1099/1091 1091/1097/1089 1088/1094/1086
f 1088/1094/1086 1091/1097/1089 1094/1100/1092
f 1095/1101/1093 1090/1096/1088 1092/1098/1090
f 1092/1098/1090 1172/1178/1170 1064/1070/1062
f 1097/1103/1095 1156/1162/1154 1098/1104/1096
f 1100/1106/1098 1103/1109/1101 1101/1107/1099
f 1099/1105/1097 1101/1107/1099 1103/1109/1101
f 1104/1110/1102 1100/1106/1098 1102/1108/1100
f 1106/1112/1104 1110/1116/1108 1107/1113/1105
f 1109/1115/1107 1107/1113/1105 1110/1116/1108
f 1112/1118/1110 1106/1112/1104 1108/1114/1106
f 1114/1120/1112 1117/1123/1115 1115/1121/1113
f 1113/1119/1111 1115/1121/1113 1117/1123/1115
f 1118/1124/1116 1114/1120/1112 1116/1122/1114
f 1120/1126/1118 1123/1129/1121 1121/1127/1119
f 1105/1111/1103 1121/1127/1119 1123/1129/1121
f 1124/1130/1122 1127/1133/1125 1125/1131/1123
f 1119/1125/1117 1125/1131/1123 1127/1133/1125
f 1128/1134/1126 1131/1137/1129 1129/1135/1127
f 1131/1137/1129 1134/1140/1132 1132/1138/1130
f 1133/1139/1131 1132/1138/1130 1134/1140/1132
f 1135/1141/1133 1120/1126/1118 1122/1128/1120
f 1136/1142/1134 1012/1018/1010 1010/1016/1008
f 1137/1143/1135 1010/1016/1008 969/975/967
f 1140/1146/1138 1141/1147/1139 1138/1144/1136
f 1142/1148/1140 1545/1551/1524 1141/1147/1139
f 1143/1149/1141 1147/1153/1145 1144/1150/1142
f 1146/1152/1144 1144/1150/1142 1147/1153/1145
f 1148/1154/1146 1124/1130/1122 1126/1132/1124
f 1151/1157/1149 1546/1552/1525 1149/1155/1147
f 988/994/986 987/993/985 1130/1136/1128
f 992/998/990 990/996/988 1133/1139/1131
f 1001/1007/999 999/1005/997 1146/1152/1144
f 1152/1158/1150 1155/1161/1153 1153/1159/1151
f 1155/1161/1153 1547/1553/1526 1154/1160/1152
f 1156/1162/1154 1157/1163/1155 1137/1143/1135
f 1157/1163/1155 1548/1554/1527 1136/1142/1134
f 1138/1144/1136 1143/1149/1141 1145/1151/1143
f 1013/1019/1011 997/1003/995 1139/1145/1137
f 1158/1164/1156 1159/1165/1157 1067/1073/1065
f 1063/1069/1061 1067/1073/1065 1096/1102/1094
f 1096/1102/1094 1067/1073/1065 1159/1165/1157
f 1160/1166/1158 1162/1168/1160 1080/1086/1078
f 1162/1168/1160 1164/1170/1162 1084/1090/1082
f 1082/1088/1080 1084/1090/1082 1163/1169/1161
f 1163/1169/1161 1084/1090/1082 1164/1170/1162
f 1165/1171/1163 1158/1164/1156 1066/1072/1064
f 1150/1156/1148 1149/1155/1147 1166/1172/1164
f 1166/1172/1164 1549/1555/1528 1168/1174/1166
f 1167/1173/1165 1168/1174/1166 1025/1031/1023
f 1150/1156/1148 1167/1173/1165 1023/1029/1021
f 1169/1175/1167 1171/1177/1169 1089/1095/1087
f 1171/1177/1169 1173/1179/1171 1093/1099/1091
f 1091/1097/1089 1093/1099/1091 1172/1178/1170
f 1172/1178/1170 1093/1099/1091 1173/1179/1171
f 1174/1180/1172 1062/1068/1060 1064/1070/1062
f 1154/1160/1152 1177/1183/1175 1175/1181/1173
f 1153/1159/1151 1175/1181/1173 1170/1176/1168
f 1175/1181/1173 1176/1182/1174 1169/1175/1167
f 1177/1183/1175 1550/1556/1529 1176/1182/1174
f 1178/1184/1176 914/920/912 913/919/911
f 1180/1186/1178 917/923/915 916/922/914
f 1180/1186/1178 1181/1187/1179 1109/1115/1107
f 1182/1188/1180 1074/1080/1072 1183/1189/1181
f 1074/1080/1072 1073/1079/1071 1179/1185/1177
f 1178/1184/1176 1179/1185/1177 1073/1079/1071
f 1185/1191/1183 1188/1194/1186 1186/1192/1184
f 1188/1194/1186 1049/1055/1047 1048/1054/1046
f 1185/1191/1183 1190/1196/1188 1189/1195/1187
f 1130/1136/1128 1189/1195/1187 1190/1196/1188
f 1189/1195/1187 1040/1046/1038 1049/1055/1047
f 1182/1188/1180 1191/1197/1189 1075/1081/1073
f 1071/1077/1069 1075/1081/1073 1161/1167/1159
f 1161/1167/1159 1075/1081/1073 1191/1197/1189
f 929/935/927 1187/1193/1185 1186/1192/1184
f 1186/1192/1184 1048/1054/1046 931/937/929
f 932/938/930 1184/1190/1182 1183/1189/1181
f 913/919/911 934/940/932 1183/1189/1181
f 968/974/966 970/976/968 1101/1107/1099
f 978/984/976 980/986/978 1115/1121/1113
f 972/978/970 984/990/982 1121/1127/1119
f 982/988/980 985/991/983 1125/1131/1123
f 989/995/987 988/994/986 1129/1135/1127
f 990/996/988 989/995/987 1132/1138/1130
f 984/990/982 992/998/990 1122/1128/1120
f 999/1005/997 998/1004/996 1144/1150/1142
f 985/991/983 1001/1007/999 1126/1132/1124
f 998/1004/996 1013/1019/1011 1145/1151/1143
f 975/981/973 1055/1061/1053 1107/1113/1105
f 987/993/985 1040/1046/1038 1189/1195/1187
f 1102/1108/1100 1101/1107/1099 970/976/968
f 973/979/971 972/978/970 1105/1111/1103
f 979/985/977 978/984/976 1113/1119/1111
f 1116/1122/1114 1115/1121/1113 980/986/978
f 983/989/981 982/988/980 1119/1125/1117
f 993/999/991 1142/1148/1140 1140/1146/1138
f 997/1003/995 994/1000/992 1140/1146/1138
f 1003/1009/1001 1002/1008/1000 1151/1157/1149
f 969/975/967 968/974/966 1099/1105/1097
f 975/981/973 1109/1115/1107 1181/1187/1179
f 1108/1114/1106 1107/1113/1105 1055/1061/1053
f 1193/1199/1191 1181/1187/1179 916/922/914
f 1194/1200/1192 1197/1203/1195 1195/1201/1193
f 1197/1203/1195 1201/1207/1199 1198/1204/1196
f 1199/1205/1197 1200/1206/1198 1197/1203/1195
f 1200/1206/1198 1204/1210/1202 1201/1207/1199
f 1202/1208/1200 1203/1209/1201 1200/1206/1198
f 1203/1209/1201 1207/1213/1205 1204/1210/1202
f 1205/1211/1203 1206/1212/1204 1203/1209/1201
f 1206/1212/1204 1210/1216/1208 1207/1213/1205
f 1208/1214/1206 1209/1215/1207 1206/1212/1204
f 1209/1215/1207 1213/1219/1211 1210/1216/1208
f 1211/1217/1209 1212/1218/1210 1209/1215/1207
f 1212/1218/1210 1216/1222/1214 1213/1219/1211
f 1214/1220/1212 1215/1221/1213 1212/1218/1210
f 1215/1221/1213 1219/1225/1217 1216/1222/1214
f 1217/1223/1215 1218/1224/1216 1215/1221/1213
f 1218/1224/1216 1222/1228/1220 1219/1225/1217
f 1220/1226/1218 1221/1227/1219 1218/1224/1216
f 1221/1227/1219 1225/1231/1223 1222/1228/1220
f 1223/1229/1221 1224/1230/1222 1221/1227/1219
f 1224/1230/1222 1228/1234/1226 1225/1231/1223
f 1226/1232/1224 1227/1233/1225 1224/1230/1222
f 1227/1233/1225 1231/1237/1229 1228/1234/1226
f 1229/1235/1227 1230/1236/1228 1227/1233/1225
f 1230/1236/1228 1306/1312/1303 1231/1237/1229
f 1232/1238/1230 1235/1241/1233 1233/1239/1231
f 1235/1241/1233 1239/1245/1237 1236/1242/1234
f 1237/1243/1235 1238/1244/1236 1235/1241/1233
f 1238/1244/1236 1242/1248/1240 1239/1245/1237
f 1240/1246/1238 1241/1247/1239 1238/1244/1236
f 1241/1247/1239 1243/1249/1241 1242/1248/1240
f 1196/1202/1194 1195/1201/1193 1241/1247/1239
f 1195/1201/1193 1198/1204/1196 1243/1249/1241
f 1244/1250/1242 1248/1254/1246 1245/1251/1243
f 1247/1253/1245 1250/1256/1248 1248/1254/1246
f 1249/1255/1247 1252/1258/1250 1250/1256/1248
f 1251/1257/1249 1254/1260/1252 1252/1258/1250
f 1253/1259/1251 1256/1262/1254 1254/1260/1252
f 1255/1261/1253 1258/1264/1256 1256/1262/1254
f 1257/1263/1255 1260/1266/1258 1258/1264/1256
f 1259/1265/1257 1262/1268/1260 1260/1266/1258
f 1261/1267/1259 1264/1270/1262 1262/1268/1260
f 1263/1269/1261 1266/1272/1264 1264/1270/1262
f 1265/1271/1263 1268/1274/1266 1266/1272/1264
f 1267/1273/1265 1289/1295/1268 1268/1274/1266
f 1269/1275/1267 1273/1279/1271 1270/1276/1268
f 1272/1278/1270 1275/1281/1273 1273/1279/1271
f 1274/1280/1272 1276/1282/1274 1275/1281/1273
f 1246/1252/1244 1245/1251/1243 1276/1282/1274
f 1248/1254/1246 1278/1284/1276 1277/1283/1275
f 1278/1284/1276 1194/1200/1192 1196/1202/1194
f 1250/1256/1248 1279/1285/1277 1278/1284/1276
f 1279/1285/1277 1199/1205/1197 1194/1200/1192
f 1252/1258/1250 1280/1286/1278 1279/1285/1277
f 1280/1286/1278 1202/1208/1200 1199/1205/1197
f 1254/1260/1252 1281/1287/1279 1280/1286/1278
f 1281/1287/1279 1205/1211/1203 1202/1208/1200
f 1256/1262/1254 1282/1288/1280 1281/1287/1279
f 1282/1288/1280 1208/1214/1206 1205/1211/1203
f 1258/1264/1256 1283/1289/1281 1282/1288/1280
f 1283/1289/1281 1211/1217/1209 1208/1214/1206
f 1260/1266/1258 1284/1290/1282 1283/1289/1281
f 1284/1290/1282 1214/1220/1212 1211/1217/1209
f 1262/1268/1260 1285/1291/1283 1284/1290/1282
f 1285/1291/1283 1217/1223/1215 1214/1220/1212
f 1264/1270/1262 1286/1292/1284 1285/1291/1283
f 1286/1292/1284 1220/1226/1218 1217/1223/1215
f 1266/1272/1264 1287/1293/1285 1286/1292/1284
f 1287/1293/1285 1223/1229/1221 1220/1226/1218
f 1268/1274/1266 1288/1294/1286 1287/1293/1285
f 1288/1294/1286 1226/1232/1224 1223/1229/1221
f 1289/1295/1268 1290/1296/1287 1288/1294/1286
f 1290/1296/1287 1229/1235/1227 1226/1232/1224
f 1273/1279/1271 1292/1298/1289 1291/1297/1288
f 1292/1298/1289 1232/1238/1230 1234/1240/1232
f 1275/1281/1273 1293/1299/1290 1292/1298/1289
f 1293/1299/1290 1237/1243/1235 1232/1238/1230
f 1276/1282/1274 1294/1300/1291 1293/1299/1290
f 1294/1300/1291 1240/1246/1238 1237/1243/1235
f 1245/1251/1243 1277/1283/1275 1294/1300/1291
f 1277/1283/1275 1196/1202/1194 1240/1246/1238
f 1201/1207/1199 1296/1302/1293 1295/1301/1292
f 1204/1210/1202 1297/1303/1294 1296/1302/1293
f 1207/1213/1205 1298/1304/1295 1297/1303/1294
f 1210/1216/1208 1299/1305/1296 1298/1304/1295
f 1213/1219/1211 1300/1306/1297 1299/1305/1296
f 1216/1222/1214 1301/1307/1298 1300/1306/1297
f 1219/1225/1217 1302/1308/1299 1301/1307/1298
f 1222/1228/1220 1303/1309/1300 1302/1308/1299
f 1225/1231/1223 1304/1310/1301 1303/1309/1300
f 1228/1234/1226 1305/1311/1302 1304/1310/1301
f 1231/1237/1229 1307/1313/1304 1305/1311/1302
f 1306/1312/1303 1551/1557/1305 1307/1313/1304
f 1239/1245/1237 1309/1315/1306 1308/1314/1305
f 1242/1248/1240 1310/1316/1307 1309/1315/1306
f 1243/1249/1241 1311/1317/1308 1310/1316/1307
f 1198/1204/1196 1295/1301/1292 1311/1317/1308
f 1312/1318/1309 1552/1558/1530 1313/1319/1310
f 1315/1321/1312 1318/1324/1315 1316/1322/1313
f 1318/1324/1315 1553/1559/1531 1319/1325/1316
f 1320/1326/1317 1312/1318/1309 1314/1320/1311
f 1323/1329/1320 1354/1360/1351 1324/1330/1321
f 1326/1332/1323 1323/1329/1320 1322/1328/1319
f 1328/1334/1325 1326/1332/1323 1325/1331/1322
f 1330/1336/1327 1328/1334/1325 1327/1333/1324
f 1332/1338/1329 1330/1336/1327 1329/1335/1326
f 1334/1340/1331 1332/1338/1329 1331/1337/1328
f 1336/1342/1333 1334/1340/1331 1333/1339/1330
f 1338/1344/1335 1336/1342/1333 1335/1341/1332
f 1340/1346/1337 1338/1344/1335 1337/1343/1334
f 1342/1348/1339 1340/1346/1337 1339/1345/1336
f 1344/1350/1341 1342/1348/1339 1341/1347/1338
f 1346/1352/1343 1344/1350/1341 1343/1349/1340
f 1348/1354/1345 1460/1466/1455 1349/1355/1346
f 1351/1357/1348 1348/1354/1345 1347/1353/1344
f 1353/1359/1350 1351/1357/1348 1350/1356/1347
f 1354/1360/1351 1353/1359/1350 1352/1358/1349
f 1355/1361/1352 1359/1365/1356 1356/1362/1353
f 1358/1364/1355 1361/1367/1358 1359/1365/1356
f 1360/1366/1357 1363/1369/1360 1361/1367/1358
f 1362/1368/1359 1365/1371/1362 1363/1369/1360
f 1364/1370/1361 1367/1373/1364 1365/1371/1362
f 1366/1372/1363 1369/1375/1366 1367/1373/1364
f 1368/1374/1365 1371/1377/1368 1369/1375/1366
f 1370/1376/1367 1373/1379/1370 1371/1377/1368
f 1372/1378/1369 1375/1381/1372 1373/1379/1370
f 1374/1380/1371 1377/1383/1374 1375/1381/1372
f 1376/1382/1373 1379/1385/1376 1377/1383/1374
f 1378/1384/1375 1421/1427/1417 1379/1385/1376
f 1380/1386/1377 1384/1390/1380 1381/1387/1378
f 1383/1389/1379 1386/1392/1382 1384/1390/1380
f 1385/1391/1381 1387/1393/1383 1386/1392/1382
f 1357/1363/1354 1356/1362/1353 1387/1393/1383
f 1388/1394/1384 1392/1398/1388 1389/1395/1385
f 1391/1397/1387 1394/1400/1390 1392/1398/1388
f 1393/1399/1389 1396/1402/1392 1394/1400/1390
f 1395/1401/1391 1398/1404/1394 1396/1402/1392
f 1397/1403/1393 1400/1406/1396 1398/1404/1394
f 1399/1405/1395 1402/1408/1398 1400/1406/1396
f 1401/1407/1397 1404/1410/1400 1402/1408/1398
f 1403/1409/1399 1406/1412/1402 1404/1410/1400
f 1405/1411/1401 1408/1414/1404 1406/1412/1402
f 1407/1413/1403 1410/1416/1406 1408/1414/1404
f 1409/1415/1405 1412/1418/1408 1410/1416/1406
f 1411/1417/1407 1433/1439/1410 1412/1418/1408
f 1413/1419/1409 1417/1423/1413 1414/1420/1410
f 1416/1422/1412 1419/1425/1415 1417/1423/1413
f 1418/1424/1414 1420/1426/1416 1419/1425/1415
f 1390/1396/1386 1389/1395/1385 1420/1426/1416
f 1359/1365/1356 1388/1394/1384 1390/1396/1386
f 1361/1367/1358 1391/1397/1387 1388/1394/1384
f 1363/1369/1360 1393/1399/1389 1391/1397/1387
f 1365/1371/1362 1395/1401/1391 1393/1399/1389
f 1367/1373/1364 1397/1403/1393 1395/1401/1391
f 1369/1375/1366 1399/1405/1395 1397/1403/1393
f 1371/1377/1368 1401/1407/1397 1399/1405/1395
f 1373/1379/1370 1403/1409/1399 1401/1407/1397
f 1375/1381/1372 1405/1411/1401 1403/1409/1399
f 1377/1383/1374 1407/1413/1403 1405/1411/1401
f 1379/1385/1376 1409/1415/1405 1407/1413/1403
f 1421/1427/1417 1411/1417/1407 1409/1415/1405
f 1384/1390/1380 1413/1419/1409 1415/1421/1411
f 1386/1392/1382 1416/1422/1412 1413/1419/1409
f 1387/1393/1383 1418/1424/1414 1416/1422/1412
f 1356/1362/1353 1390/1396/1386 1418/1424/1414
f 1392/1398/1388 1423/1429/1419 1422/1428/1418
f 1394/1400/1390 1424/1430/1420 1423/1429/1419
f 1396/1402/1392 1425/1431/1421 1424/1430/1420
f 1398/1404/1394 1426/1432/1422 1425/1431/1421
f 1400/1406/1396 1427/1433/1423 1426/1432/1422
f 1402/1408/1398 1428/1434/1424 1427/1433/1423
f 1404/1410/1400 1429/1435/1425 1428/1434/1424
f 1406/1412/1402 1430/1436/1426 1429/1435/1425
f 1408/1414/1404 1431/1437/1427 1430/1436/1426
f 1410/1416/1406 1432/1438/1428 1431/1437/1427
f 1412/1418/1408 1434/1440/1429 1432/1438/1428
f 1433/1439/1410 1554/1560/1430 1434/1440/1429
f 1417/1423/1413 1436/1442/1431 1435/1441/1430
f 1419/1425/1415 1437/1443/1432 1436/1442/1431
f 1420/1426/1416 1438/1444/1433 1437/1443/1432
f 1389/1395/1385 1422/1428/1418 1438/1444/1433
f 1439/1445/1434 1440/1446/1435 1355/1361/1352
f 1440/1446/1435 1441/1447/1436 1358/1364/1355
f 1441/1447/1436 1442/1448/1437 1360/1366/1357
f 1442/1448/1437 1443/1449/1438 1362/1368/1359
f 1443/1449/1438 1444/1450/1439 1364/1370/1361
f 1444/1450/1439 1445/1451/1440 1366/1372/1363
f 1445/1451/1440 1446/1452/1441 1368/1374/1365
f 1446/1452/1441 1447/1453/1442 1370/1376/1367
f 1447/1453/1442 1448/1454/1443 1372/1378/1369
f 1448/1454/1443 1449/1455/1444 1374/1380/1371
f 1449/1455/1444 1450/1456/1445 1376/1382/1373
f 1450/1456/1445 1555/1561/1446 1378/1384/1375
f 1451/1457/1446 1452/1458/1447 1380/1386/1377
f 1452/1458/1447 1453/1459/1448 1383/1389/1379
f 1453/1459/1448 1454/1460/1449 1385/1391/1381
f 1454/1460/1449 1439/1445/1434 1357/1363/1354
f 1455/1461/1450 1456/1462/1451 1354/1360/1351
f 1456/1462/1451 1457/1463/1452 1353/1359/1350
f 1457/1463/1452 1458/1464/1453 1351/1357/1348
f 1458/1464/1453 1459/1465/1454 1348/1354/1345
f 1459/1465/1454 1556/1562/1456 1460/1466/1455
f 1461/1467/1456 1462/1468/1457 1344/1350/1341
f 1462/1468/1457 1463/1469/1458 1342/1348/1339
f 1463/1469/1458 1464/1470/1459 1340/1346/1337
f 1464/1470/1459 1465/1471/1460 1338/1344/1335
f 1465/1471/1460 1466/1472/1461 1336/1342/1333
f 1466/1472/1461 1467/1473/1462 1334/1340/1331
f 1467/1473/1462 1468/1474/1463 1332/1338/1329
f 1468/1474/1463 1469/1475/1464 1330/1336/1327
f 1469/1475/1464 1470/1476/1465 1328/1334/1325
f 1470/1476/1465 1471/1477/1466 1326/1332/1323
f 1471/1477/1466 1455/1461/1450 1323/1329/1320
f 1322/1328/1319 1324/1330/1321 1473/1479/1468
f 1474/1480/1469 1325/1331/1322 1322/1328/1319
f 1475/1481/1470 1327/1333/1324 1325/1331/1322
f 1476/1482/1471 1329/1335/1326 1327/1333/1324
f 1477/1483/1472 1331/1337/1328 1329/1335/1326
f 1478/1484/1473 1333/1339/1330 1331/1337/1328
f 1479/1485/1474 1335/1341/1332 1333/1339/1330
f 1480/1486/1475 1337/1343/1334 1335/1341/1332
f 1481/1487/1476 1339/1345/1336 1337/1343/1334
f 1482/1488/1477 1341/1347/1338 1339/1345/1336
f 1483/1489/1478 1343/1349/1340 1341/1347/1338
f 1484/1490/1479 1345/1351/1342 1343/1349/1340
f 1485/1491/1480 1347/1353/1344 1349/1355/1346
f 1487/1493/1481 1350/1356/1347 1347/1353/1344
f 1488/1494/1482 1352/1358/1349 1350/1356/1347
f 1473/1479/1468 1324/1330/1321 1352/1358/1349
f 1472/1478/1467 1473/1479/1468 1314/1320/1311
f 1489/1495/1483 1474/1480/1469 1472/1478/1467
f 1490/1496/1484 1475/1481/1470 1474/1480/1469
f 1491/1497/1485 1476/1482/1471 1475/1481/1470
f 1492/1498/1486 1477/1483/1472 1476/1482/1471
f 1493/1499/1487 1478/1484/1473 1477/1483/1472
f 1317/1323/1314 1479/1485/1474 1478/1484/1473
f 1316/1322/1313 1480/1486/1475 1479/1485/1474
f 1319/1325/1316 1481/1487/1476 1480/1486/1475
f 1494/1500/1488 1482/1488/1477 1481/1487/1476
f 1495/1501/1489 1483/1489/1478 1482/1488/1477
f 1496/1502/1490 1484/1490/1479 1483/1489/1478
f 1497/1503/1491 1485/1491/1480 1486/1492/1479
f 1499/1505/1493 1487/1493/1481 1485/1491/1480
f 1321/1327/1318 1488/1494/1482 1487/1493/1481
f 1314/1320/1311 1473/1479/1468 1488/1494/1482
s 0
f 1501/1507/1494 1513/1519/1494 1502/1508/1494
f 1500/1506/1494 1502/1508/1494 1504/1510/1494
f 1503/1509/1494 1504/1510/1494 1506/1512/1494
f 1505/1511/1494 1506/1512/1494 1508/1514/1494
f 1507/1513/1494 1508/1514/1494 1510/1516/1494
f 1509/1515/1494 1510/1516/1494 1512/1518/1494
