# Blender 5.0.0
# www.blender.org
mtllib torchobj.mtl
o Torch
v 1.344194 -4.810184 1.283238
v 0.012602 -4.791407 1.296399
v -0.013386 -4.791407 -1.332991
v 1.318206 -4.810184 -1.346152
v 0.158620 6.486033 -0.019868
v -0.000392 -4.791407 -0.018296
v 1.490212 6.467256 -0.033029
v 1.192458 -4.419489 -0.030086
v 1.352892 -1.428621 -2.661319
v 1.483447 6.159812 -0.278883
v 1.362807 -0.742451 -2.637154
v 1.373855 -0.009583 -2.564968
v 1.385811 0.755064 -2.446231
v 1.398432 1.535922 -2.283361
v 1.411461 2.317096 -2.079671
v 1.424632 3.082685 -1.839310
v 1.437678 3.817101 -1.567170
v 1.450333 4.505396 -1.268791
v 1.462340 5.133558 -0.950247
v 1.473453 5.688797 -0.618023
v 0.151855 6.178590 -0.265722
v 0.021300 -1.409844 -2.648158
v 0.141861 5.707574 -0.604863
v 0.130748 5.152335 -0.937086
v 0.118741 4.524173 -1.255630
v 0.106086 3.835878 -1.554009
v 0.093040 3.101462 -1.826149
v 0.079869 2.335873 -2.066511
v 0.066840 1.554699 -2.270200
v 0.054219 0.773841 -2.433071
v 0.042263 0.009194 -2.551807
v 0.031215 -0.723674 -2.623993
v 1.488307 6.159812 0.212911
v 1.404868 -1.428621 2.597463
v 1.485018 5.688797 0.552183
v 1.480474 5.133558 0.884562
v 1.474766 4.505396 1.203281
v 1.468011 3.817101 1.501852
v 1.460347 3.082685 1.774196
v 1.451929 2.317096 2.014771
v 1.442928 1.535922 2.218678
v 1.433529 0.755064 2.381767
v 1.423922 -0.009583 2.500717
v 1.414303 -0.742451 2.573107
v 0.073276 -1.409844 2.610623
v 0.156715 6.178590 0.226072
v 0.082711 -0.723674 2.586267
v 0.092330 0.009194 2.513877
v 0.101937 0.773841 2.394928
v 0.111336 1.554699 2.231839
v 0.120337 2.335873 2.027932
v 0.128755 3.101462 1.787357
v 0.136419 3.835878 1.515013
v 0.143174 4.524173 1.216442
v 0.148882 5.152335 0.897723
v 0.153427 5.707574 0.565344
v -0.010073 -5.477992 -0.018200
v 1.321519 -5.496769 -0.031361
v 1.311022 -4.810184 -2.073015
v 1.317436 -3.943261 -2.660968
v 1.310036 -4.788448 -2.203823
v 1.309712 -4.724331 -2.328078
v 1.310067 -4.621048 -2.439549
v 1.311082 -4.483779 -2.532647
v 1.312708 -4.319405 -2.602702
v 1.314862 -4.136168 -2.646204
v -0.014156 -3.924484 -2.647808
v -0.020570 -4.791407 -2.059854
v -0.016730 -4.117391 -2.633043
v -0.018884 -4.300627 -2.589541
v -0.020510 -4.465002 -2.519486
v -0.021525 -4.602271 -2.426388
v -0.021880 -4.705554 -2.314917
v -0.021556 -4.769671 -2.190662
v 1.369411 -3.943261 2.597813
v 1.351378 -4.810184 2.010101
v 1.366546 -4.136168 2.583102
v 1.363532 -4.319405 2.539652
v 1.360523 -4.483779 2.469642
v 1.357667 -4.621048 2.376583
v 1.355109 -4.724331 2.265141
v 1.352977 -4.788448 2.140903
v 0.019786 -4.791407 2.023262
v 0.037820 -3.924484 2.610974
v 0.021385 -4.769671 2.154064
v 0.023517 -4.705554 2.278301
v 0.026075 -4.602271 2.389743
v 0.028931 -4.465002 2.482802
v 0.031941 -4.300627 2.552813
v 0.034954 -4.117391 2.596262
v -0.000932 -5.477992 0.906684
v 0.006377 -5.168616 1.204728
v 0.000300 -5.454443 0.997692
v 0.002121 -5.387378 1.086290
v 0.004255 -5.287009 1.158992
v 1.337969 -5.187394 1.191567
v 1.330660 -5.496769 0.893523
v 1.335847 -5.305786 1.145831
v 1.333713 -5.406155 1.073130
v 1.331892 -5.473220 0.984531
v -0.017798 -5.168616 -1.241215
v -0.019214 -5.477992 -0.943085
v -0.019015 -5.287009 -1.195446
v -0.019711 -5.387378 -1.122717
v -0.019781 -5.454443 -1.034099
v 1.312378 -5.496769 -0.956246
v 1.313794 -5.187394 -1.254376
v 1.311811 -5.473220 -1.047260
v 1.311880 -5.406155 -1.135877
v 1.312577 -5.305786 -1.208607
v 1.324736 -4.421523 -1.240006
v 1.348624 -4.421523 1.176983
v 1.327781 -5.052646 -0.031423
v 1.482847 5.944926 -0.032956
v 1.476628 5.662317 -0.258950
v 1.467442 5.229351 -0.570695
v 1.457226 4.718963 -0.876082
v 1.446190 4.141545 -1.168894
v 1.434557 3.508851 -1.443169
v 1.422565 2.833760 -1.693326
v 1.410457 2.130017 -1.914271
v 1.398481 1.411945 -2.101506
v 1.386880 0.694164 -2.251221
v 1.375889 -0.008714 -2.360365
v 1.365734 -0.682381 -2.426720
v 1.356620 -1.313123 -2.448933
v 1.478073 5.229351 0.504983
v 1.481096 5.662317 0.193117
v 1.473896 4.718963 0.810512
v 1.468649 4.141545 1.103485
v 1.462440 3.508851 1.377937
v 1.455394 2.833760 1.628281
v 1.447656 2.130017 1.849423
v 1.439383 1.411945 2.036858
v 1.430743 0.694164 2.186772
v 1.421912 -0.008714 2.296113
v 1.413070 -0.682381 2.362656
v 1.404397 -1.313123 2.385045
v 1.317226 -4.401543 -2.028394
v 1.318132 -4.421523 -1.908152
v 1.316928 -4.342605 -2.142612
v 1.317254 -4.247666 -2.245078
v 1.318187 -4.121484 -2.330655
v 1.319682 -3.970388 -2.395051
v 1.321661 -3.801955 -2.435039
v 1.324028 -3.624630 -2.448611
v 1.355228 -4.421523 1.845130
v 1.356698 -4.401543 1.965366
v 1.358658 -4.342605 2.079567
v 1.361009 -4.247666 2.182007
v 1.363634 -4.121484 2.267549
v 1.366401 -3.970388 2.331903
v 1.369171 -3.801955 2.371843
v 1.371805 -3.624630 2.385367
v 1.320680 -4.768262 -1.155643
v 1.319561 -4.877091 -1.113571
v 1.318921 -4.969352 -1.046717
v 1.318857 -5.030999 -0.965258
v 1.319379 -5.052646 -0.881596
v 1.336184 -5.052646 0.818749
v 1.337316 -5.030999 0.902405
v 1.338990 -4.969352 0.983847
v 1.340952 -4.877091 1.050676
v 1.342902 -4.768262 1.092718
v 1.180514 -4.419489 -1.238580
v 1.204402 -4.419489 1.178409
v 1.183559 -5.050612 -0.029998
v 1.338625 5.946960 -0.031530
v 1.332406 5.664351 -0.257524
v 1.323219 5.231384 -0.569269
v 1.313004 4.720997 -0.874656
v 1.301967 4.143579 -1.167468
v 1.290335 3.510884 -1.441744
v 1.278343 2.835794 -1.691901
v 1.266235 2.132050 -1.912846
v 1.254259 1.413978 -2.100080
v 1.242657 0.696198 -2.249795
v 1.231667 -0.006680 -2.358940
v 1.221512 -0.680347 -2.425295
v 1.212398 -1.311089 -2.447508
v 1.333851 5.231384 0.506408
v 1.336874 5.664351 0.194542
v 1.329673 4.720997 0.811937
v 1.324427 4.143579 1.104910
v 1.318217 3.510884 1.379362
v 1.311172 2.835794 1.629707
v 1.303434 2.132050 1.850848
v 1.295161 1.413978 2.038283
v 1.286521 0.696198 2.188198
v 1.277690 -0.006680 2.297538
v 1.268848 -0.680347 2.364081
v 1.260175 -1.311089 2.386470
v 1.173003 -4.399509 -2.026968
v 1.173910 -4.419489 -1.906727
v 1.172705 -4.340571 -2.141186
v 1.173032 -4.245632 -2.243652
v 1.173965 -4.119451 -2.329229
v 1.175459 -3.968354 -2.393626
v 1.177439 -3.799921 -2.433613
v 1.179806 -3.622596 -2.447186
v 1.211006 -4.419489 1.846556
v 1.212476 -4.399509 1.966791
v 1.214436 -4.340571 2.080992
v 1.216787 -4.245632 2.183433
v 1.219412 -4.119451 2.268974
v 1.222178 -3.968354 2.333329
v 1.224948 -3.799921 2.373269
v 1.227582 -3.622596 2.386792
v 1.176458 -4.766228 -1.154218
v 1.175339 -4.875058 -1.112145
v 1.174699 -4.967319 -1.045291
v 1.174635 -5.028965 -0.963832
v 1.175156 -5.050612 -0.880170
v 1.191962 -5.050612 0.820175
v 1.193094 -5.028965 0.903831
v 1.194768 -4.967319 0.985273
v 1.196730 -4.875058 1.052101
v 1.198680 -4.766228 1.094143
v 2.701017 0.150205 0.082931
v 4.821115 0.120309 0.061977
v 2.701047 0.172559 0.054068
v 4.821145 0.142662 0.033114
v 2.700954 0.188852 0.021399
v 4.821052 0.158956 0.000445
v 2.700742 0.198460 -0.013820
v 4.820839 0.168564 -0.034774
v 2.700418 0.201013 -0.050236
v 4.820515 0.171117 -0.071190
v 2.699995 0.196414 -0.086450
v 4.820093 0.166517 -0.107404
v 2.699490 0.184837 -0.121069
v 4.819587 0.154941 -0.142023
v 2.698921 0.166730 -0.152763
v 4.819018 0.136834 -0.173717
v 2.698311 0.142787 -0.180315
v 4.818408 0.112890 -0.201269
v 2.697683 0.113928 -0.202666
v 4.817781 0.084032 -0.223620
v 2.697062 0.081263 -0.218956
v 4.817159 0.051367 -0.239910
v 2.696470 0.046047 -0.228559
v 4.816568 0.016151 -0.249513
v 2.695931 0.009633 -0.231107
v 4.816029 -0.020263 -0.252062
v 2.695466 -0.026579 -0.226502
v 4.815564 -0.056475 -0.247456
v 2.695092 -0.061198 -0.214921
v 4.815190 -0.091094 -0.235875
v 2.694825 -0.092894 -0.196808
v 4.814922 -0.122790 -0.217762
v 2.694673 -0.120447 -0.172860
v 4.814770 -0.150344 -0.193814
v 2.694643 -0.142801 -0.143996
v 4.814740 -0.172697 -0.164951
v 2.694736 -0.159094 -0.111328
v 4.814834 -0.188991 -0.132282
v 2.694949 -0.168702 -0.076108
v 4.815046 -0.198599 -0.097063
v 2.695272 -0.171255 -0.039692
v 4.815370 -0.201152 -0.060646
v 2.695695 -0.166656 -0.003479
v 4.815793 -0.196552 -0.024433
v 2.696201 -0.155079 0.031140
v 4.816298 -0.184976 0.010186
v 2.696769 -0.136972 0.062835
v 4.816867 -0.166868 0.041881
v 2.697379 -0.113029 0.090387
v 4.817477 -0.142925 0.069433
v 2.698007 -0.084170 0.112737
v 4.818104 -0.114067 0.091783
v 2.698629 -0.051505 0.129027
v 4.818726 -0.081401 0.108073
v 2.699220 -0.016289 0.138631
v 4.819317 -0.046186 0.117677
v 2.699759 0.020125 0.141179
v 4.819856 -0.009772 0.120225
v 2.700224 0.056337 0.136574
v 4.820322 0.026440 0.115620
v 2.700598 0.090956 0.124992
v 4.820695 0.061059 0.104038
v 2.700866 0.122651 0.106879
v 4.820963 0.092755 0.085925
v 5.594123 0.213996 1.199716
v 5.621490 0.089722 1.165327
v 5.640851 -0.001252 1.071923
v 5.647017 -0.034551 0.944532
v 5.638334 -0.001252 0.817287
v 5.617131 0.089722 0.724284
v 5.589089 0.213996 0.690443
v 5.561721 0.338269 0.724832
v 5.542361 0.429244 0.818236
v 5.536195 0.462543 0.945627
v 5.544878 0.429244 1.072872
v 5.566080 0.338269 1.165875
v 5.431814 0.177831 1.190427
v 5.463531 0.054527 1.156287
v 5.494773 -0.033800 1.063563
v 5.517169 -0.063482 0.937101
v 5.524718 -0.026567 0.810785
v 5.515398 0.067055 0.718462
v 5.491704 0.192297 0.684870
v 5.459987 0.315601 0.719010
v 5.428745 0.403928 0.811733
v 5.406349 0.433611 0.938196
v 5.398799 0.396695 1.064512
v 5.408121 0.303074 1.156835
v 5.272067 0.142286 1.159512
v 5.308064 0.019934 1.126201
v 5.351001 -0.065790 1.035740
v 5.389372 -0.091919 0.912369
v 5.412895 -0.051449 0.789145
v 5.415268 0.044775 0.699085
v 5.395855 0.170970 0.666321
v 5.359858 0.293321 0.699632
v 5.316921 0.379046 0.790093
v 5.278550 0.405174 0.913464
v 5.255027 0.364704 1.036689
v 5.252654 0.268481 1.126748
v 5.117616 0.107967 1.107501
v 5.157751 -0.013465 1.075583
v 5.211995 -0.096677 0.988930
v 5.265811 -0.119374 0.870760
v 5.304779 -0.075472 0.752737
v 5.318459 0.023264 0.666484
v 5.303185 0.150379 0.635114
v 5.263049 0.271811 0.667032
v 5.208805 0.355023 0.753685
v 5.154989 0.377720 0.871855
v 5.116021 0.333818 0.989878
v 5.102341 0.235082 1.076131
v 4.971101 0.075463 1.035283
v 5.015163 -0.045098 1.005300
v 5.080132 -0.125931 0.923934
v 5.148599 -0.145377 0.812986
v 5.202219 -0.098225 0.702184
v 5.226625 0.002891 0.621219
v 5.215276 0.130876 0.591784
v 5.171214 0.251437 0.621766
v 5.106246 0.332270 0.703133
v 5.037778 0.351716 0.814081
v 4.984158 0.304564 0.924882
v 4.959753 0.203448 1.005848
v 4.835032 0.045329 0.944094
v 4.882740 -0.074425 0.916555
v 4.957670 -0.153052 0.841864
v 5.039743 -0.169484 0.740035
v 5.106971 -0.119318 0.638352
v 5.141337 -0.015997 0.564062
v 5.133635 0.112795 0.537070
v 5.085927 0.232549 0.564610
v 5.010997 0.311177 0.639301
v 4.928923 0.327609 0.741130
v 4.861696 0.277443 0.842813
v 4.827329 0.174121 0.917103
v 4.711735 0.018081 0.835494
v 4.762747 -0.100943 0.810865
v 4.846703 -0.177575 0.744124
v 4.941107 -0.191282 0.653155
v 5.020663 -0.138392 0.562332
v 5.064056 -0.033076 0.495992
v 5.059657 0.096447 0.471911
v 5.008645 0.215470 0.496540
v 4.924689 0.292103 0.563281
v 4.830286 0.305810 0.654250
v 4.750729 0.252919 0.745073
v 4.707337 0.147603 0.811413
v 4.603323 -0.005815 0.711342
v 4.657239 -0.124198 0.690040
v 4.749130 -0.199082 0.632387
v 4.854376 -0.210399 0.553833
v 4.944775 -0.155119 0.475426
v 4.996102 -0.048054 0.418174
v 4.994608 0.082109 0.397419
v 4.940692 0.200492 0.418722
v 4.848801 0.275375 0.476374
v 4.743555 0.286693 0.554928
v 4.653157 0.231413 0.633336
v 4.601828 0.124348 0.690587
v 4.511646 -0.025950 0.573762
v 4.568019 -0.143794 0.556146
v 4.666622 -0.217203 0.508565
v 4.781034 -0.226507 0.443769
v 4.880601 -0.169214 0.379119
v 4.938641 -0.060674 0.331939
v 4.939603 0.070028 0.314871
v 4.883230 0.187872 0.332487
v 4.784627 0.261281 0.380068
v 4.670214 0.270585 0.444864
v 4.570648 0.213292 0.509513
v 4.512608 0.104753 0.556693
v 4.438276 -0.041980 0.425107
v 4.496614 -0.159394 0.411474
v 4.600589 -0.231629 0.374776
v 4.722339 -0.239331 0.324845
v 4.829242 -0.180434 0.275061
v 4.892653 -0.070721 0.238764
v 4.895581 0.060410 0.225678
v 4.837242 0.177825 0.239311
v 4.733268 0.250061 0.276010
v 4.611518 0.257762 0.325940
v 4.504615 0.198865 0.375724
v 4.441204 0.089153 0.412022
v 4.384467 -0.053629 0.267922
v 4.444248 -0.170731 0.258500
v 4.552161 -0.242114 0.233309
v 4.679292 -0.248651 0.199097
v 4.791576 -0.188589 0.165031
v 4.858926 -0.078023 0.140240
v 4.863296 0.053421 0.131367
v 4.803516 0.170523 0.140788
v 4.695602 0.241906 0.165980
v 4.568471 0.248442 0.200192
v 4.456188 0.188381 0.234257
v 4.388837 0.077815 0.259048
v 4.351141 -0.060700 0.104895
v 4.411814 -0.177612 0.099842
v 4.522168 -0.248477 0.086585
v 4.652631 -0.254307 0.068675
v 4.768247 -0.193538 0.050912
v 4.838037 -0.082455 0.038056
v 4.843300 0.049178 0.033551
v 4.782627 0.166091 0.038604
v 4.672274 0.236957 0.051861
v 4.541810 0.242786 0.069770
v 4.426194 0.182017 0.087533
v 4.356404 0.070934 0.100389
v 4.338868 -0.063070 -0.061183
v 4.399870 -0.179919 -0.061786
v 4.511121 -0.250611 -0.062886
v 4.642812 -0.256203 -0.064187
v 4.759656 -0.195198 -0.065342
v 4.830344 -0.083941 -0.066041
v 4.835936 0.047756 -0.066096
v 4.774934 0.164606 -0.065493
v 4.663682 0.235297 -0.064394
v 4.531991 0.240890 -0.063092
v 4.415148 0.179884 -0.061937
v 4.344459 0.068627 -0.061239
v 4.347856 -0.060700 -0.227472
v 4.408617 -0.177612 -0.223619
v 4.519212 -0.248477 -0.212546
v 4.650003 -0.254307 -0.197218
v 4.765948 -0.193538 -0.181744
v 4.835978 -0.082455 -0.170270
v 4.841330 0.049178 -0.165869
v 4.780568 0.166091 -0.169722
v 4.669974 0.236957 -0.180796
v 4.539183 0.242786 -0.196123
v 4.423238 0.182018 -0.211597
v 4.353208 0.070934 -0.223072
v 4.377953 -0.053629 -0.391125
v 4.437909 -0.170731 -0.382887
v 4.546299 -0.242114 -0.359834
v 4.674081 -0.248651 -0.328141
v 4.787016 -0.188589 -0.296302
v 4.854843 -0.078023 -0.272847
v 4.859387 0.053421 -0.264061
v 4.799433 0.170523 -0.272299
v 4.691043 0.241906 -0.295353
v 4.563260 0.248442 -0.327046
v 4.450325 0.188381 -0.358885
v 4.382498 0.077815 -0.382340
v 4.428644 -0.041980 -0.549344
v 4.487241 -0.159394 -0.536866
v 4.591921 -0.231629 -0.502230
v 4.714634 -0.239331 -0.454716
v 4.822500 -0.180434 -0.407055
v 4.886616 -0.070721 -0.372017
v 4.889802 0.060410 -0.358992
v 4.831205 0.177825 -0.371470
v 4.726526 0.250061 -0.406106
v 4.603813 0.257762 -0.453620
v 4.495947 0.198865 -0.501282
v 4.431831 0.089153 -0.536319
v 4.499062 -0.025950 -0.699419
v 4.555772 -0.143794 -0.682921
v 4.655297 -0.217203 -0.637298
v 4.770967 -0.226507 -0.574776
v 4.871793 -0.169214 -0.512107
v 4.930754 -0.060674 -0.466084
v 4.932053 0.070028 -0.449038
v 4.875343 0.187872 -0.465536
v 4.775818 0.261281 -0.511159
v 4.660147 0.270585 -0.573681
v 4.559323 0.213292 -0.636350
v 4.500361 0.104753 -0.682373
v 4.588001 -0.005815 -0.838785
v 4.642328 -0.124199 -0.818552
v 4.735342 -0.199082 -0.762727
v 4.842119 -0.210399 -0.686269
v 4.934050 -0.155119 -0.609663
v 4.986500 -0.048054 -0.553438
v 4.985416 0.082109 -0.532657
v 4.931089 0.200492 -0.552890
v 4.838076 0.275375 -0.608715
v 4.731298 0.286693 -0.685173
v 4.639368 0.231413 -0.761779
v 4.586918 0.124348 -0.818005
v 4.693940 0.018081 -0.965056
v 4.745428 -0.100943 -0.941440
v 4.830687 -0.177575 -0.876371
v 4.926870 -0.191282 -0.787286
v 5.008206 -0.138392 -0.698053
v 5.052902 -0.033076 -0.632584
v 5.048980 0.096447 -0.608420
v 4.997491 0.215470 -0.632036
v 4.912233 0.292103 -0.697105
v 4.816049 0.305810 -0.786190
v 4.734713 0.252920 -0.875423
v 4.690018 0.147603 -0.940892
v 4.815066 0.045329 -1.076071
v 4.863308 -0.074425 -1.049480
v 4.939700 -0.153052 -0.976285
v 5.023770 -0.169484 -0.876098
v 5.092994 -0.119319 -0.775764
v 5.128822 -0.015997 -0.702167
v 5.121655 0.112795 -0.675029
v 5.073412 0.232549 -0.701620
v 4.997021 0.311176 -0.774815
v 4.912950 0.327609 -0.875002
v 4.843726 0.277443 -0.975336
v 4.807898 0.174121 -1.048933
v 4.949305 0.075463 -1.169932
v 4.993951 -0.045099 -1.140826
v 5.060516 -0.125931 -1.060759
v 5.131163 -0.145377 -0.951186
v 5.186962 -0.098225 -0.841466
v 5.212964 0.002891 -0.760999
v 5.202199 0.130876 -0.731345
v 5.157553 0.251437 -0.760451
v 5.090989 0.332270 -0.840517
v 5.020342 0.351716 -0.950091
v 4.964542 0.304564 -1.059811
v 4.938540 0.203448 -1.140278
v 5.094364 0.107967 -1.245031
v 5.135122 -0.013465 -1.213913
v 5.191068 -0.096677 -1.128349
v 5.247210 -0.119374 -1.011266
v 5.288503 -0.075472 -0.894036
v 5.303885 0.023264 -0.808071
v 5.289234 0.150379 -0.776405
v 5.248475 0.271811 -0.807523
v 5.192529 0.355023 -0.893087
v 5.136388 0.377720 -1.010170
v 5.095095 0.333818 -1.127400
v 5.079712 0.235082 -1.213365
v 5.247758 0.142286 -1.300085
v 5.284407 0.019934 -1.267492
v 5.329123 -0.065790 -1.177898
v 5.369925 -0.091919 -1.055309
v 5.395878 -0.051449 -0.932574
v 5.400031 0.044775 -0.842578
v 5.381270 0.170970 -0.809437
v 5.344621 0.293321 -0.842031
v 5.299905 0.379046 -0.931625
v 5.259103 0.405174 -1.054214
v 5.233150 0.364704 -1.176949
v 5.228996 0.268481 -1.266945
v 5.406861 0.177831 -1.334151
v 5.439247 0.054527 -1.300645
v 5.472317 -0.033800 -1.208557
v 5.497208 -0.063482 -1.082562
v 5.507251 -0.026567 -0.956420
v 5.499758 0.067055 -0.863931
v 5.476733 0.192297 -0.829877
v 5.444347 0.315601 -0.863383
v 5.411278 0.403928 -0.955471
v 5.386387 0.433611 -1.081466
v 5.376343 0.396695 -1.207608
v 5.383837 0.303073 -1.300097
v 5.568955 0.213996 -1.346647
v 5.596997 0.089722 -1.312806
v 5.618200 -0.001252 -1.219803
v 5.626883 -0.034551 -1.092558
v 5.620717 -0.001252 -0.965167
v 5.601357 0.089722 -0.871763
v 5.573989 0.213996 -0.837374
v 5.545946 0.338269 -0.871215
v 5.524744 0.429244 -0.964218
v 5.516061 0.462543 -1.091463
v 5.522227 0.429244 -1.218854
v 5.541587 0.338269 -1.312258
v 5.731265 0.250160 -1.337358
v 5.754958 0.124918 -1.303766
v 5.764279 0.031296 -1.211443
v 5.756730 -0.005619 -1.085127
v 5.734334 0.024063 -0.958664
v 5.703092 0.112390 -0.865940
v 5.671375 0.235694 -0.831801
v 5.647682 0.360937 -0.865393
v 5.638360 0.454558 -0.957716
v 5.645909 0.491473 -1.084031
v 5.668305 0.461791 -1.210494
v 5.699547 0.373464 -1.303218
v 5.891012 0.285705 -1.306443
v 5.910424 0.159511 -1.273679
v 5.908051 0.063287 -1.183619
v 5.884527 0.022817 -1.060395
v 5.846157 0.048945 -0.937024
v 5.803220 0.134670 -0.846563
v 5.767222 0.257021 -0.813252
v 5.747810 0.383216 -0.846016
v 5.750183 0.479440 -0.936075
v 5.773707 0.519910 -1.059300
v 5.812078 0.493782 -1.182671
v 5.855014 0.408057 -1.273132
v 6.045463 0.320024 -1.254432
v 6.060737 0.192910 -1.223062
v 6.047058 0.094174 -1.136810
v 6.008088 0.050272 -1.018786
v 5.954272 0.072968 -0.900616
v 5.900030 0.156180 -0.813963
v 5.859893 0.277613 -0.782045
v 5.844619 0.404727 -0.813415
v 5.858299 0.503463 -0.899668
v 5.897268 0.547365 -1.017691
v 5.951084 0.524668 -1.135861
v 6.005327 0.441456 -1.222514
v 6.191978 0.352528 -1.182214
v 6.203326 0.224543 -1.152779
v 6.178920 0.123428 -1.071813
v 6.125300 0.076276 -0.961012
v 6.056832 0.095721 -0.850064
v 5.991864 0.176554 -0.768697
v 5.947803 0.297115 -0.738714
v 5.936454 0.425101 -0.768149
v 5.960859 0.526216 -0.849115
v 6.014479 0.573368 -0.959917
v 6.082947 0.553922 -1.070865
v 6.147915 0.473090 -1.152231
v 6.328048 0.382663 -1.091025
v 6.335749 0.253870 -1.064033
v 6.301383 0.150548 -0.989743
v 6.234155 0.100383 -0.888061
v 6.152081 0.116815 -0.786231
v 6.077151 0.195442 -0.711540
v 6.029444 0.315196 -0.684001
v 6.021740 0.443988 -0.710993
v 6.056108 0.547310 -0.785283
v 6.123334 0.597475 -0.886965
v 6.205409 0.581043 -0.988795
v 6.280338 0.502416 -1.063486
v 6.451343 0.409911 -0.982425
v 6.455741 0.280388 -0.958344
v 6.412349 0.175072 -0.892004
v 6.332792 0.122181 -0.801181
v 6.238389 0.135889 -0.710212
v 6.154433 0.212521 -0.643471
v 6.103422 0.331545 -0.618841
v 6.099022 0.461067 -0.642923
v 6.142415 0.566384 -0.709263
v 6.221971 0.619274 -0.800086
v 6.316375 0.605567 -0.891055
v 6.400331 0.528935 -0.957796
v 6.559756 0.433806 -0.858274
v 6.561250 0.303643 -0.837519
v 6.509921 0.196578 -0.780267
v 6.419522 0.141298 -0.701860
v 6.314277 0.152616 -0.623305
v 6.222386 0.227499 -0.565653
v 6.168469 0.345882 -0.544350
v 6.166975 0.476045 -0.565105
v 6.218304 0.583110 -0.622357
v 6.308702 0.638391 -0.700764
v 6.413948 0.627073 -0.779318
v 6.505839 0.552190 -0.836971
v 6.651432 0.453942 -0.720692
v 6.650470 0.323239 -0.703624
v 6.592430 0.214700 -0.656444
v 6.492864 0.157406 -0.591795
v 6.378452 0.166711 -0.526999
v 6.279849 0.240119 -0.479418
v 6.223475 0.357963 -0.461802
v 6.224438 0.488666 -0.478870
v 6.282479 0.597205 -0.526050
v 6.382043 0.654498 -0.590699
v 6.496457 0.645194 -0.655495
v 6.595060 0.571786 -0.703076
v 6.724802 0.469971 -0.572038
v 6.721875 0.338839 -0.558953
v 6.658463 0.229126 -0.522655
v 6.551561 0.170230 -0.472871
v 6.429811 0.177931 -0.422941
v 6.325836 0.250166 -0.386242
v 6.267498 0.367581 -0.372609
v 6.270425 0.498713 -0.385694
v 6.333837 0.608426 -0.421992
v 6.440740 0.667322 -0.471776
v 6.562489 0.659621 -0.521706
v 6.666464 0.587386 -0.558405
v 6.778611 0.481621 -0.414853
v 6.774240 0.350176 -0.405979
v 6.706891 0.239610 -0.381188
v 6.594607 0.179549 -0.347123
v 6.467476 0.186085 -0.312911
v 6.359562 0.257468 -0.287719
v 6.299782 0.374570 -0.278298
v 6.304152 0.506015 -0.287172
v 6.371502 0.616581 -0.311962
v 6.483786 0.676643 -0.346028
v 6.610917 0.670105 -0.380240
v 6.718830 0.598723 -0.405432
v 6.811936 0.488691 -0.251827
v 6.806674 0.357057 -0.247321
v 6.736885 0.245974 -0.234465
v 6.621268 0.185206 -0.216702
v 6.490804 0.191035 -0.198793
v 6.380452 0.261900 -0.185535
v 6.319778 0.378813 -0.180482
v 6.325041 0.510446 -0.184988
v 6.394831 0.621530 -0.197844
v 6.510447 0.682298 -0.215607
v 6.640911 0.676469 -0.233516
v 6.751264 0.605603 -0.246774
v 6.824211 0.491061 -0.085747
v 6.818618 0.359365 -0.085692
v 6.747931 0.248108 -0.084993
v 6.631087 0.187102 -0.083839
v 6.499397 0.192694 -0.082537
v 6.388144 0.263386 -0.081437
v 6.327142 0.380235 -0.080835
v 6.332734 0.511932 -0.080890
v 6.403423 0.623190 -0.081588
v 6.520266 0.684195 -0.082743
v 6.651957 0.678603 -0.084045
v 6.763208 0.607910 -0.085144
v 6.815221 0.488691 0.080541
v 6.809871 0.357057 0.076140
v 6.739841 0.245974 0.064666
v 6.623896 0.185206 0.049192
v 6.493104 0.191035 0.033865
v 6.382511 0.261900 0.022791
v 6.321750 0.378813 0.018938
v 6.327100 0.510446 0.023339
v 6.397130 0.621530 0.034813
v 6.513075 0.682298 0.050287
v 6.643867 0.676469 0.065615
v 6.754460 0.605603 0.076688
v 6.785124 0.481621 0.244194
v 6.780580 0.350176 0.235409
v 6.712753 0.239610 0.211954
v 6.599818 0.179549 0.180114
v 6.472035 0.186085 0.148422
v 6.363645 0.257468 0.125368
v 6.303691 0.374571 0.117130
v 6.308234 0.506015 0.125916
v 6.376062 0.616581 0.149371
v 6.488997 0.676643 0.181210
v 6.616779 0.670105 0.212902
v 6.725169 0.598723 0.235956
v 6.734433 0.469971 0.402413
v 6.731247 0.338839 0.389388
v 6.667131 0.229126 0.354351
v 6.559266 0.170230 0.306690
v 6.436552 0.177931 0.259175
v 6.331872 0.250166 0.224539
v 6.273276 0.367581 0.212062
v 6.276462 0.498713 0.225087
v 6.340579 0.608426 0.260124
v 6.448445 0.667322 0.307785
v 6.571157 0.659621 0.355300
v 6.675837 0.587386 0.389936
v 6.664016 0.453942 0.552489
v 6.662716 0.323239 0.535443
v 6.603755 0.214700 0.489419
v 6.502931 0.157406 0.426750
v 6.387260 0.166711 0.364228
v 6.287735 0.240119 0.318606
v 6.231026 0.357963 0.302107
v 6.232325 0.488666 0.319153
v 6.291287 0.597205 0.365177
v 6.392110 0.654498 0.427845
v 6.507782 0.645194 0.490368
v 6.607306 0.571786 0.535990
v 6.575078 0.433807 0.691854
v 6.576161 0.303644 0.671073
v 6.523711 0.196578 0.614848
v 6.431780 0.141298 0.538242
v 6.325002 0.152616 0.461784
v 6.231988 0.227499 0.405959
v 6.177662 0.345882 0.385726
v 6.176578 0.476045 0.406507
v 6.229028 0.583110 0.462732
v 6.320959 0.638391 0.539338
v 6.427737 0.627073 0.615796
v 6.520751 0.552190 0.671621
v 6.469139 0.409911 0.818125
v 6.473061 0.280388 0.793961
v 6.428366 0.175072 0.728491
v 6.347029 0.122181 0.639259
v 6.250845 0.135889 0.550173
v 6.165588 0.212521 0.485105
v 6.114100 0.331545 0.461489
v 6.110178 0.461067 0.485652
v 6.154871 0.566384 0.551122
v 6.236208 0.619274 0.640354
v 6.332392 0.605567 0.729440
v 6.417651 0.528935 0.794508
v 6.348013 0.382663 0.929141
v 6.355180 0.253870 0.902002
v 6.319353 0.150548 0.828406
v 6.250128 0.100383 0.728072
v 6.166057 0.116815 0.627884
v 6.089666 0.195442 0.554689
v 6.041424 0.315196 0.528098
v 6.034255 0.443988 0.555237
v 6.070083 0.547310 0.628833
v 6.139307 0.597475 0.729167
v 6.223379 0.581043 0.829354
v 6.299769 0.502416 0.902550
v 6.213773 0.352528 1.023001
v 6.224538 0.224543 0.993347
v 6.198536 0.123428 0.912880
v 6.142737 0.076276 0.803160
v 6.072090 0.095721 0.693587
v 6.005525 0.176554 0.613520
v 5.960880 0.297116 0.584414
v 5.950115 0.425101 0.614068
v 5.976116 0.526216 0.694535
v 6.031915 0.573369 0.804255
v 6.102563 0.553922 0.913828
v 6.169127 0.473090 0.993895
v 6.068716 0.320024 1.098100
v 6.083367 0.192910 1.066435
v 6.067985 0.094174 0.980469
v 6.026690 0.050272 0.863240
v 5.970549 0.072968 0.746156
v 5.914604 0.156180 0.660592
v 5.873845 0.277613 0.629474
v 5.859193 0.404727 0.661140
v 5.874576 0.503463 0.747105
v 5.915870 0.547365 0.864335
v 5.972011 0.524669 0.981418
v 6.027956 0.441456 1.066982
v 5.915321 0.285705 1.153154
v 5.934082 0.159511 1.120014
v 5.929930 0.063287 1.030018
v 5.903975 0.022817 0.907283
v 5.863173 0.048945 0.784694
v 5.818457 0.134670 0.695100
v 5.781808 0.257021 0.662507
v 5.763047 0.383216 0.695648
v 5.767199 0.479440 0.785643
v 5.793154 0.519910 0.908378
v 5.833956 0.493782 1.030967
v 5.878672 0.408057 1.120561
v 5.756217 0.250160 1.187220
v 5.779242 0.124918 1.153167
v 5.786735 0.031296 1.060678
v 5.776691 -0.005619 0.934536
v 5.751800 0.024063 0.808540
v 5.718731 0.112390 0.716452
v 5.686345 0.235694 0.682946
v 5.663321 0.360937 0.717000
v 5.655827 0.454558 0.809489
v 5.665870 0.491473 0.935631
v 5.690762 0.461791 1.061626
v 5.723831 0.373464 1.153714
v 3.262000 8.388073 -0.050540
v 4.838424 -0.226056 -0.066121
v 3.271484 8.389990 0.038841
v 4.854854 -0.222734 0.088699
v 3.297806 8.395669 0.124617
v 4.900445 -0.212897 0.237275
v 3.339952 8.404891 0.203492
v 4.973448 -0.196923 0.373897
v 3.396303 8.417303 0.272435
v 5.071056 -0.175426 0.493315
v 3.464695 8.432425 0.328796
v 5.189519 -0.149231 0.590940
v 3.542497 8.449678 0.370409
v 5.324284 -0.119346 0.663020
v 3.626722 8.468399 0.395676
v 5.470171 -0.086918 0.706784
v 3.714131 8.487869 0.403624
v 5.621576 -0.053195 0.720552
v 3.801366 8.507339 0.393950
v 5.772679 -0.019471 0.703795
v 3.885075 8.526059 0.367023
v 5.917673 0.012956 0.657155
v 3.962040 8.543313 0.323880
v 6.050988 0.042841 0.582425
v 4.029305 8.558435 0.266179
v 6.167497 0.069036 0.482478
v 4.084281 8.570848 0.196136
v 6.262726 0.090534 0.361154
v 4.124860 8.580069 0.116443
v 6.333014 0.106508 0.223116
v 4.149481 8.585748 0.030163
v 6.375660 0.116344 0.073668
v 4.157197 8.587666 -0.059388
v 6.389027 0.119666 -0.081446
v 4.147713 8.585748 -0.148769
v 6.372597 0.116344 -0.236266
v 4.121391 8.580069 -0.234545
v 6.327005 0.106508 -0.384842
v 4.079245 8.570848 -0.313420
v 6.254003 0.090534 -0.521464
v 4.022894 8.558435 -0.382363
v 6.156394 0.069036 -0.640882
v 3.954503 8.543313 -0.438724
v 6.037932 0.042841 -0.738507
v 3.876700 8.526059 -0.480337
v 5.903167 0.012956 -0.810587
v 3.792475 8.507339 -0.505604
v 5.757279 -0.019471 -0.854351
v 3.705066 8.487869 -0.513552
v 5.605875 -0.053195 -0.868119
v 3.617831 8.468399 -0.503877
v 5.454772 -0.086918 -0.851361
v 3.534122 8.449678 -0.476951
v 5.309777 -0.119346 -0.804722
v 3.457157 8.432425 -0.433808
v 5.176463 -0.149231 -0.729992
v 3.389893 8.417303 -0.376107
v 5.059953 -0.175426 -0.630045
v 3.334916 8.404891 -0.306064
v 4.964725 -0.196923 -0.508722
v 3.294337 8.395669 -0.226371
v 4.894436 -0.212897 -0.370683
v 3.269716 8.389990 -0.140091
v 4.851790 -0.222734 -0.221235
v 3.036327 8.444287 -0.048310
v 3.050114 8.447074 0.081618
v 3.088376 8.455330 0.206306
v 3.149641 8.468736 0.320962
v 3.231556 8.486776 0.421179
v 3.330972 8.508759 0.503108
v 3.444069 8.533841 0.563598
v 3.566501 8.561054 0.600327
v 3.693562 8.589355 0.611881
v 3.820371 8.617657 0.597817
v 3.942052 8.644871 0.558676
v 4.053932 8.669950 0.495962
v 4.151710 8.691934 0.412085
v 4.231627 8.709975 0.310268
v 4.290615 8.723381 0.194423
v 4.326404 8.731636 0.069004
v 4.337620 8.734424 -0.061171
v 4.323833 8.731636 -0.191099
v 4.285572 8.723381 -0.315786
v 4.224306 8.709975 -0.430442
v 4.142392 8.691934 -0.530660
v 4.042976 8.669950 -0.612588
v 3.929878 8.644871 -0.673079
v 3.807446 8.617657 -0.709807
v 3.680385 8.589355 -0.721362
v 3.553576 8.561054 -0.707298
v 3.431895 8.533841 -0.668157
v 3.320015 8.508759 -0.605443
v 3.222238 8.486776 -0.521565
v 3.142320 8.468736 -0.419748
v 3.083333 8.455330 -0.303904
v 3.047543 8.447074 -0.178484
v 2.915162 8.987780 -0.047112
v 2.928949 8.990567 0.082815
v 2.967211 8.998822 0.207503
v 3.028476 9.012227 0.322159
v 3.110391 9.030269 0.422376
v 3.209806 9.052253 0.504305
v 3.322904 9.077332 0.564795
v 3.445336 9.104546 0.601524
v 3.572397 9.132848 0.613078
v 3.699205 9.161149 0.599015
v 3.820887 9.188363 0.559874
v 3.932767 9.213444 0.497160
v 4.030544 9.235427 0.413282
v 4.110462 9.253468 0.311465
v 4.169449 9.266873 0.195621
v 4.205239 9.275127 0.070201
v 4.216455 9.277916 -0.059974
v 4.202668 9.275127 -0.189902
v 4.164407 9.266873 -0.314589
v 4.103141 9.253468 -0.429245
v 4.021226 9.235427 -0.529463
v 3.921811 9.213444 -0.611391
v 3.808713 9.188363 -0.671882
v 3.686281 9.161149 -0.708610
v 3.559220 9.132848 -0.720164
v 3.432411 9.104546 -0.706101
v 3.310730 9.077332 -0.666960
v 3.198850 9.052253 -0.604246
v 3.101073 9.030269 -0.520368
v 3.021155 9.012227 -0.418551
v 2.962168 8.998822 -0.302707
v 2.926378 8.990567 -0.177287
v 3.103947 9.136403 -0.048978
v 3.113255 9.138286 0.038733
v 3.139084 9.143859 0.122906
v 3.180443 9.152907 0.200308
v 3.235741 9.165088 0.267962
v 3.302855 9.179928 0.323270
v 3.379204 9.196859 0.364106
v 3.461855 9.215231 0.388900
v 3.547631 9.234335 0.396700
v 3.633236 9.253442 0.387206
v 3.715380 9.271812 0.360783
v 3.790907 9.288744 0.318447
v 3.856914 9.303584 0.261823
v 3.910865 9.315763 0.193089
v 3.950686 9.324813 0.114885
v 3.974847 9.330386 0.030217
v 3.982419 9.332268 -0.057661
v 3.973111 9.330386 -0.145372
v 3.947282 9.324813 -0.229545
v 3.905923 9.315763 -0.306947
v 3.850624 9.303584 -0.374601
v 3.783511 9.288744 -0.429909
v 3.707162 9.271812 -0.470745
v 3.624511 9.253442 -0.495539
v 3.538735 9.234335 -0.503339
v 3.453130 9.215231 -0.493845
v 3.370986 9.196859 -0.467422
v 3.295458 9.179928 -0.425086
v 3.229451 9.165088 -0.368462
v 3.175501 9.152907 -0.299727
v 3.135680 9.143859 -0.221524
v 3.111519 9.138286 -0.136856
v 4.757638 -0.244453 0.109514
v 4.739106 -0.248199 -0.065139
v 4.809072 -0.233356 0.277123
v 4.891425 -0.215335 0.431247
v 5.001539 -0.191084 0.565963
v 5.135176 -0.161534 0.676093
v 5.287205 -0.127820 0.757407
v 5.451782 -0.091238 0.806778
v 5.622582 -0.053195 0.822310
v 5.793042 -0.015151 0.803405
v 5.956611 0.021430 0.750791
v 6.107001 0.055144 0.666488
v 6.238437 0.084695 0.553738
v 6.345866 0.108946 0.416872
v 6.425158 0.126966 0.261150
v 6.473268 0.138063 0.092557
v 6.488345 0.141810 -0.082428
v 6.469812 0.138063 -0.257081
v 6.418379 0.126966 -0.424690
v 6.336025 0.108946 -0.578814
v 6.225912 0.084695 -0.713530
v 6.092274 0.055144 -0.823660
v 5.940246 0.021430 -0.904974
v 5.775669 -0.015151 -0.954345
v 5.604868 -0.053195 -0.969877
v 5.434409 -0.091238 -0.950972
v 5.270840 -0.127820 -0.898358
v 5.120449 -0.161534 -0.814055
v 4.989013 -0.191084 -0.701305
v 4.881584 -0.215335 -0.564439
v 4.802293 -0.233356 -0.408717
v 4.754183 -0.244453 -0.240124
v 5.086084 -1.717710 0.106268
v 5.067550 -1.721457 -0.068385
v 5.137516 -1.706613 0.273877
v 5.219871 -1.688593 0.428001
v 5.329983 -1.664342 0.562716
v 5.463621 -1.634791 0.672847
v 5.615650 -1.601077 0.754161
v 5.780227 -1.564496 0.803532
v 5.951027 -1.526452 0.819064
v 6.121487 -1.488409 0.800159
v 6.285055 -1.451827 0.747544
v 6.435447 -1.418113 0.663242
v 6.566883 -1.388563 0.550491
v 6.674311 -1.364312 0.413626
v 6.753603 -1.346291 0.257904
v 6.801713 -1.335194 0.089311
v 6.816790 -1.331447 -0.085674
v 6.798257 -1.335194 -0.260327
v 6.746824 -1.346291 -0.427936
v 6.664470 -1.364312 -0.582060
v 6.554357 -1.388563 -0.716776
v 6.420719 -1.418113 -0.826907
v 6.268690 -1.451827 -0.908220
v 6.104114 -1.488409 -0.957591
v 5.933313 -1.526452 -0.973123
v 5.762854 -1.564496 -0.954218
v 5.599285 -1.601077 -0.901604
v 5.448894 -1.634791 -0.817301
v 5.317458 -1.664342 -0.704551
v 5.210030 -1.688593 -0.567685
v 5.130738 -1.706613 -0.411963
v 5.082628 -1.717710 -0.243370
v 5.306932 -1.668371 0.058982
v 5.293180 -1.671151 -0.070615
v 5.345095 -1.660137 0.183352
v 5.406206 -1.646765 0.297716
v 5.487912 -1.628770 0.397679
v 5.587075 -1.606843 0.479399
v 5.699884 -1.581826 0.539735
v 5.822004 -1.554682 0.576370
v 5.948742 -1.526452 0.587895
v 6.075228 -1.498223 0.573867
v 6.196599 -1.471079 0.534826
v 6.308194 -1.446062 0.472271
v 6.405722 -1.424135 0.388607
v 6.485437 -1.406140 0.287049
v 6.544275 -1.392768 0.171500
v 6.579973 -1.384534 0.046400
v 6.591161 -1.381754 -0.083444
v 6.577409 -1.384534 -0.213041
v 6.539245 -1.392768 -0.337411
v 6.478135 -1.406140 -0.451775
v 6.396429 -1.424135 -0.551738
v 6.297266 -1.446062 -0.633458
v 6.184456 -1.471079 -0.693794
v 6.062337 -1.498223 -0.730429
v 5.935598 -1.526452 -0.741954
v 5.809113 -1.554682 -0.727926
v 5.687741 -1.581826 -0.688885
v 5.576147 -1.606843 -0.626330
v 5.478618 -1.628770 -0.542667
v 5.398903 -1.646765 -0.441109
v 5.340065 -1.660137 -0.325559
v 5.304368 -1.668371 -0.200459
v 5.746571 -3.640395 0.054636
v 5.732819 -3.643175 -0.074961
v 5.784735 -3.632161 0.179007
v 5.845844 -3.618789 0.293371
v 5.927550 -3.600794 0.393333
v 6.026713 -3.578867 0.475053
v 6.139523 -3.553850 0.535390
v 6.261642 -3.526706 0.572025
v 6.388381 -3.498477 0.583549
v 6.514866 -3.470247 0.569522
v 6.636239 -3.443103 0.530480
v 6.747833 -3.418087 0.467926
v 6.845361 -3.396159 0.384262
v 6.925076 -3.378164 0.282704
v 6.983913 -3.364792 0.167155
v 7.019612 -3.356558 0.042054
v 7.030800 -3.353778 -0.087789
v 7.017047 -3.356558 -0.217386
v 6.978883 -3.364792 -0.341757
v 6.917774 -3.378164 -0.456121
v 6.836068 -3.396159 -0.556083
v 6.736905 -3.418087 -0.637803
v 6.624095 -3.443103 -0.698140
v 6.501976 -3.470247 -0.734774
v 6.375237 -3.498477 -0.746299
v 6.248752 -3.526706 -0.732272
v 6.127379 -3.553850 -0.693230
v 6.015785 -3.578867 -0.630676
v 5.918257 -3.600794 -0.547012
v 5.838542 -3.618789 -0.445454
v 5.779705 -3.632161 -0.329904
v 5.744006 -3.640395 -0.204804
v 4.516071 -4.997945 0.365054
v 4.470702 -5.007118 -0.062486
v 4.641974 -4.970781 0.775351
v 4.843574 -4.926668 1.152637
v 5.113122 -4.867302 1.482414
v 5.440261 -4.794965 1.752007
v 5.812418 -4.712435 1.951057
v 6.215293 -4.622885 2.071915
v 6.633400 -4.529757 2.109936
v 7.050677 -4.436628 2.063659
v 7.451083 -4.347078 1.934862
v 7.819234 -4.264549 1.728494
v 8.140979 -4.192212 1.452488
v 8.403956 -4.132846 1.117448
v 8.598059 -4.088734 0.736251
v 8.715829 -4.061569 0.323546
v 8.752739 -4.052396 -0.104808
v 8.707370 -4.061569 -0.532348
v 8.581465 -4.088734 -0.942645
v 8.379867 -4.132846 -1.319932
v 8.110318 -4.192212 -1.649708
v 7.783180 -4.264549 -1.919302
v 7.411023 -4.347078 -2.118352
v 7.008149 -4.436628 -2.239210
v 6.590040 -4.529757 -2.277231
v 6.172766 -4.622885 -2.230954
v 5.772358 -4.712435 -2.102156
v 5.404208 -4.794965 -1.895789
v 5.082462 -4.867302 -1.619782
v 4.819484 -4.926668 -1.284742
v 4.625381 -4.970781 -0.903545
v 4.507612 -4.997945 -0.490840
v 4.577837 -5.275001 0.364444
v 4.532468 -5.284173 -0.063097
v 4.703741 -5.247836 0.774741
v 4.905340 -5.203723 1.152027
v 5.174889 -5.144357 1.481803
v 5.502028 -5.072019 1.751397
v 5.874185 -4.989491 1.950447
v 6.277059 -4.899940 2.071305
v 6.695167 -4.806812 2.109326
v 7.112442 -4.713684 2.063048
v 7.512849 -4.624135 1.934251
v 7.881000 -4.541605 1.727884
v 8.202745 -4.469267 1.451877
v 8.465722 -4.409901 1.116838
v 8.659825 -4.365788 0.735641
v 8.777595 -4.338624 0.322935
v 8.814506 -4.329451 -0.105418
v 8.769135 -4.338624 -0.532959
v 8.643231 -4.365788 -0.943256
v 8.441632 -4.409901 -1.320542
v 8.172085 -4.469267 -1.650319
v 7.844946 -4.541605 -1.919913
v 7.472789 -4.624135 -2.118963
v 7.069914 -4.713684 -2.239820
v 6.651806 -4.806812 -2.277842
v 6.234531 -4.899940 -2.231564
v 5.834125 -4.989491 -2.102767
v 5.465974 -5.072019 -1.896400
v 5.144228 -5.144357 -1.620393
v 4.881250 -5.203723 -1.285353
v 4.687147 -5.247836 -0.904155
v 4.569378 -5.275001 -0.491450
v 5.079407 -5.162945 0.257052
v 5.044897 -5.169922 -0.068161
v 5.175178 -5.142282 0.569149
v 5.328526 -5.108727 0.856136
v 5.533561 -5.063570 1.106984
v 5.782403 -5.008545 1.312053
v 6.065488 -4.945769 1.463463
v 6.371939 -4.877652 1.555395
v 6.689978 -4.806813 1.584316
v 7.007383 -4.735973 1.549115
v 7.311957 -4.667856 1.451144
v 7.591995 -4.605080 1.294168
v 7.836735 -4.550056 1.084220
v 8.036771 -4.504898 0.829369
v 8.184417 -4.471343 0.539407
v 8.274001 -4.450680 0.225478
v 8.302076 -4.443703 -0.100354
v 8.267567 -4.450680 -0.425567
v 8.171795 -4.471343 -0.737664
v 8.018447 -4.504898 -1.024651
v 7.813413 -4.550056 -1.275500
v 7.564571 -4.605080 -1.480569
v 7.281486 -4.667856 -1.631979
v 6.975034 -4.735973 -1.723911
v 6.656995 -4.806813 -1.752832
v 6.339590 -4.877652 -1.717631
v 6.035017 -4.945769 -1.619659
v 5.754979 -5.008545 -1.462684
v 5.510239 -5.063570 -1.252736
v 5.310202 -5.108727 -0.997884
v 5.162556 -5.142282 -0.707922
v 5.072973 -5.162945 -0.393993
v 5.315941 -6.223929 0.254714
v 5.281431 -6.230906 -0.070499
v 5.411711 -6.203266 0.566811
v 5.565059 -6.169711 0.853798
v 5.770094 -6.124554 1.104646
v 6.018936 -6.069530 1.309715
v 6.302022 -6.006752 1.461125
v 6.608473 -5.938635 1.553057
v 6.926512 -5.867796 1.581978
v 7.243917 -5.796957 1.546777
v 7.548491 -5.728840 1.448806
v 7.828528 -5.666063 1.291830
v 8.073268 -5.611039 1.081883
v 8.273304 -5.565881 0.827031
v 8.420951 -5.532327 0.537069
v 8.510534 -5.511664 0.223140
v 8.538610 -5.504686 -0.102692
v 8.504100 -5.511664 -0.427905
v 8.408329 -5.532327 -0.740002
v 8.254980 -5.565881 -1.026989
v 8.049946 -5.611039 -1.277837
v 7.801104 -5.666063 -1.482907
v 7.518019 -5.728840 -1.634317
v 7.211568 -5.796957 -1.726249
v 6.893529 -5.867796 -1.755170
v 6.576123 -5.938635 -1.719968
v 6.271550 -6.006752 -1.621997
v 5.991512 -6.069530 -1.465022
v 5.746772 -6.124554 -1.255074
v 5.546735 -6.169711 -1.000222
v 5.399089 -6.203266 -0.710260
v 5.309506 -6.223929 -0.396331
v 8.518351 -4.394651 -0.479263
v 8.407514 -4.418565 -0.840460
v 5.354225 -5.103963 1.294394
v 5.642215 -5.040282 1.531725
v 4.821175 -5.218973 -0.442722
v 4.788683 -5.227047 -0.065629
v 8.230040 -4.457399 -1.172597
v 5.969836 -4.967629 1.706955
v 7.992748 -4.509661 -1.462909
v 6.324499 -4.888796 1.813350
v 7.704758 -4.573342 -1.700241
v 6.692573 -4.806812 1.846821
v 7.377136 -4.645995 -1.875471
v 7.059913 -4.724828 1.806082
v 7.022475 -4.724828 -1.981866
v 7.412402 -4.645995 1.692697
v 6.654401 -4.806812 -2.015337
v 7.736496 -4.573342 1.511026
v 6.287060 -4.888796 -1.974597
v 8.019740 -4.509661 1.268049
v 5.934570 -4.967629 -1.861213
v 8.251246 -4.457399 0.973103
v 5.610476 -5.040282 -1.679542
v 8.422121 -4.418565 0.637524
v 4.828622 -5.218973 0.310748
v 5.327233 -5.103963 -1.436564
v 8.525798 -4.394651 0.274207
v 4.939459 -5.195058 0.671945
v 5.095726 -5.156225 -1.141618
v 8.558290 -4.386577 -0.102886
v 5.116933 -5.156225 1.004081
v 4.924851 -5.195058 -0.806039
v 5.656150 -10.111829 0.353786
v 5.610781 -10.121001 -0.073754
v 6.253201 -9.981186 1.471146
v 5.983652 -10.040551 1.141369
v 6.580339 -9.908849 1.740739
v 7.773479 -9.643641 2.098668
v 7.355371 -9.736770 2.060647
v 8.190754 -9.550512 2.052391
v 9.281058 -9.306095 1.441219
v 8.959311 -9.378433 1.717226
v 9.544036 -9.246730 1.106180
v 9.892817 -9.166281 -0.116076
v 9.855906 -9.175452 0.312278
v 9.847447 -9.175452 -0.543616
v 9.250398 -9.306095 -1.660976
v 9.519946 -9.246730 -1.331200
v 8.923259 -9.378433 -1.930570
v 7.730118 -9.643641 -2.288499
v 8.148227 -9.550512 -2.250478
v 7.312843 -9.736770 -2.242221
v 6.222540 -9.981186 -1.631050
v 6.544286 -9.908849 -1.907058
v 5.959562 -10.040551 -1.296010
v 5.647691 -10.111829 -0.502108
v 6.720528 -9.877110 1.521067
v 5.866995 -10.063875 -0.076287
v 9.308352 -9.294229 -1.183254
v 9.071061 -9.346489 -1.473567
v 7.402811 -9.725625 1.802693
v 8.783071 -9.410171 -1.710898
v 7.770885 -9.643641 1.836164
v 8.138225 -9.561656 1.795424
v 8.100786 -9.561656 -1.992523
v 7.732713 -9.643641 -2.025994
v 8.814809 -9.410171 1.500368
v 7.365373 -9.725625 -1.985255
v 9.098052 -9.346489 1.257391
v 9.329560 -9.294229 0.962446
v 6.688789 -9.877110 -1.690199
v 5.906935 -10.055800 0.300090
v 6.405545 -9.940792 -1.447222
v 9.604110 -9.231481 0.263549
v 6.174038 -9.993052 -1.152276
v 9.636602 -9.223406 -0.113544
v 6.195245 -9.993052 0.993424
v 9.596663 -9.231481 -0.489921
v 6.432537 -9.940792 1.283736
v 5.899487 -10.055800 -0.453379
v 4.830111 -6.589782 0.369895
v 4.783899 -6.599125 -0.065582
v 4.958352 -6.562113 0.787809
v 5.163693 -6.517182 1.172099
v 5.438246 -6.456713 1.507998
v 5.771457 -6.383033 1.782596
v 6.150523 -6.298972 1.985341
v 6.560876 -6.207759 2.108443
v 6.986746 -6.112903 2.147170
v 7.411768 -6.018045 2.100033
v 7.819608 -5.926833 1.968845
v 8.194592 -5.842772 1.758647
v 8.522312 -5.769092 1.477516
v 8.790171 -5.708623 1.136257
v 8.987877 -5.663692 0.747983
v 9.107833 -5.636022 0.327616
v 9.145428 -5.626679 -0.108689
v 9.099217 -5.636022 -0.544166
v 8.970976 -5.663692 -0.962080
v 8.765633 -5.708623 -1.346370
v 8.491082 -5.769092 -1.682269
v 8.157869 -5.842772 -1.956867
v 7.778804 -5.926833 -2.159613
v 7.368451 -6.018045 -2.282714
v 6.942581 -6.112903 -2.321441
v 6.517559 -6.207759 -2.274304
v 6.109719 -6.298972 -2.143116
v 5.734735 -6.383033 -1.932918
v 5.407016 -6.456713 -1.651787
v 5.139156 -6.517182 -1.310528
v 4.941450 -6.562113 -0.922254
v 4.821494 -6.589782 -0.501887
v 4.942852 -7.095491 0.368781
v 4.896641 -7.104834 -0.066696
v 5.071093 -7.067822 0.786695
v 5.276435 -7.022890 1.170985
v 5.550987 -6.962421 1.506883
v 5.884199 -6.888741 1.781482
v 6.263265 -6.804680 1.984227
v 6.673618 -6.713468 2.107328
v 7.099488 -6.618611 2.146055
v 7.524509 -6.523754 2.098919
v 7.932349 -6.432541 1.967730
v 8.307333 -6.348480 1.757532
v 8.635054 -6.274800 1.476402
v 8.902913 -6.214331 1.135142
v 9.100618 -6.169400 0.746869
v 9.220573 -6.141731 0.326502
v 9.258169 -6.132388 -0.109803
v 9.211958 -6.141731 -0.545281
v 9.083717 -6.169400 -0.963194
v 8.878375 -6.214331 -1.347484
v 8.603824 -6.274800 -1.683383
v 8.270611 -6.348480 -1.957982
v 7.891545 -6.432541 -2.160727
v 7.481192 -6.523754 -2.283828
v 7.055322 -6.618611 -2.322556
v 6.630301 -6.713468 -2.275419
v 6.222461 -6.804680 -2.144230
v 5.847476 -6.888741 -1.934033
v 5.519757 -6.962421 -1.652901
v 5.251898 -7.022890 -1.311642
v 5.054191 -7.067822 -0.923368
v 4.934236 -7.095491 -0.503001
v 4.963654 -6.534976 0.340219
v 4.920449 -6.543710 -0.066931
v 5.083553 -6.509106 0.730949
v 5.275538 -6.467097 1.090242
v 5.532232 -6.410562 1.404291
v 5.843769 -6.341674 1.661028
v 6.198178 -6.263081 1.850585
v 6.581838 -6.177802 1.965680
v 6.980007 -6.089115 2.001887
v 7.377382 -6.000428 1.957817
v 7.758693 -5.915149 1.835162
v 8.109285 -5.836556 1.638637
v 8.415688 -5.767668 1.375793
v 8.666124 -5.711133 1.056731
v 8.850969 -5.669124 0.693714
v 8.963123 -5.643254 0.300690
v 8.998272 -5.634520 -0.107235
v 8.955067 -5.643254 -0.514385
v 8.835167 -5.669124 -0.905115
v 8.643183 -5.711133 -1.264408
v 8.386489 -5.767668 -1.578458
v 8.074951 -5.836556 -1.835195
v 7.720543 -5.915149 -2.024752
v 7.336883 -6.000428 -2.139846
v 6.938714 -6.089115 -2.176054
v 6.541338 -6.177802 -2.131983
v 6.160028 -6.263081 -2.009328
v 5.809434 -6.341674 -1.812803
v 5.503033 -6.410562 -1.549959
v 5.252597 -6.467097 -1.230897
v 5.067750 -6.509106 -0.867880
v 4.955598 -6.534976 -0.474856
v 5.087001 -7.088259 0.339000
v 5.043796 -7.096993 -0.068150
v 5.206901 -7.062389 0.729730
v 5.398886 -7.020380 1.089023
v 5.655579 -6.963845 1.403072
v 5.967117 -6.894958 1.659809
v 6.321526 -6.816364 1.849366
v 6.705186 -6.731085 1.964460
v 7.103354 -6.642398 2.000668
v 7.500730 -6.553711 1.956598
v 7.882041 -6.468432 1.833943
v 8.232633 -6.389839 1.637417
v 8.539036 -6.320951 1.374573
v 8.789472 -6.264416 1.055512
v 8.974318 -6.222407 0.692495
v 9.086472 -6.196537 0.299471
v 9.121620 -6.187803 -0.108454
v 9.078415 -6.196537 -0.515605
v 8.958515 -6.222407 -0.906334
v 8.766530 -6.264416 -1.265628
v 8.509837 -6.320951 -1.579677
v 8.198298 -6.389839 -1.836414
v 7.843891 -6.468432 -2.025971
v 7.460230 -6.553711 -2.141065
v 7.062061 -6.642398 -2.177273
v 6.664687 -6.731085 -2.133202
v 6.283376 -6.816364 -2.010548
v 5.932783 -6.894958 -1.814022
v 5.626380 -6.963845 -1.551178
v 5.375944 -7.020380 -1.232116
v 5.191099 -7.062389 -0.869099
v 5.078946 -7.088259 -0.476076
v 5.272094 -8.572323 0.365527
v 5.225883 -8.581665 -0.069950
v 5.400335 -8.544654 0.783441
v 5.605677 -8.499722 1.167731
v 5.880229 -8.439254 1.503629
v 6.213441 -8.365573 1.778227
v 6.592507 -8.281512 1.980973
v 7.002859 -8.190299 2.104074
v 7.428730 -8.095443 2.142801
v 7.853751 -8.000586 2.095665
v 8.261591 -7.909374 1.964476
v 8.636575 -7.825313 1.754278
v 8.964294 -7.751632 1.473148
v 9.232154 -7.691164 1.131889
v 9.429860 -7.646232 0.743615
v 9.549816 -7.618563 0.323248
v 9.587411 -7.609221 -0.113058
v 9.541201 -7.618563 -0.548535
v 9.412959 -7.646232 -0.966448
v 9.207616 -7.691164 -1.350739
v 8.933065 -7.751632 -1.686637
v 8.599853 -7.825313 -1.961236
v 8.220787 -7.909374 -2.163981
v 7.810434 -8.000586 -2.287082
v 7.384564 -8.095443 -2.325809
v 6.959542 -8.190299 -2.278673
v 6.551703 -8.281512 -2.147484
v 6.176719 -8.365573 -1.937287
v 5.849000 -8.439254 -1.656156
v 5.581140 -8.499722 -1.314896
v 5.383433 -8.544654 -0.926622
v 5.263478 -8.572323 -0.506256
v 5.384836 -9.078031 0.364413
v 5.338624 -9.087374 -0.071064
v 5.513077 -9.050363 0.782327
v 5.718418 -9.005430 1.166617
v 5.992971 -8.944962 1.502515
v 6.326183 -8.871283 1.777113
v 6.705248 -8.787221 1.979859
v 7.115601 -8.696010 2.102960
v 7.541471 -8.601151 2.141687
v 7.966493 -8.506294 2.094550
v 8.374332 -8.415082 1.963362
v 8.749316 -8.331020 1.753164
v 9.077037 -8.257339 1.472033
v 9.344897 -8.196873 1.130774
v 9.542603 -8.151941 0.742501
v 9.662558 -8.124272 0.322134
v 9.700152 -8.114929 -0.114172
v 9.653942 -8.124272 -0.549649
v 9.525702 -8.151941 -0.967563
v 9.320359 -8.196873 -1.351853
v 9.045808 -8.257339 -1.687751
v 8.712594 -8.331020 -1.962350
v 8.333529 -8.415082 -2.165095
v 7.923176 -8.506294 -2.288197
v 7.497306 -8.601151 -2.326924
v 7.072284 -8.696010 -2.279787
v 6.664444 -8.787221 -2.148599
v 6.289461 -8.871283 -1.938401
v 5.961741 -8.944962 -1.657270
v 5.693881 -9.005430 -1.316010
v 5.496175 -9.050363 -0.927737
v 5.376219 -9.078031 -0.507370
v 5.405638 -8.517516 0.335851
v 5.362432 -8.526252 -0.071300
v 5.525537 -8.491648 0.726581
v 5.717521 -8.449637 1.085874
v 5.974216 -8.393104 1.399923
v 6.285752 -8.324215 1.656659
v 6.640162 -8.245622 1.846217
v 7.023822 -8.160342 1.961311
v 7.421991 -8.071655 1.997519
v 7.819366 -7.982968 1.953448
v 8.200676 -7.897690 1.830793
v 8.551270 -7.819097 1.634268
v 8.857672 -7.750208 1.371424
v 9.108108 -7.693674 1.052363
v 9.292953 -7.651665 0.689345
v 9.405106 -7.625796 0.296322
v 9.440256 -7.617061 -0.111603
v 9.397049 -7.625796 -0.518754
v 9.277150 -7.651665 -0.909483
v 9.085166 -7.693674 -1.268777
v 8.828474 -7.750208 -1.582826
v 8.516935 -7.819097 -1.839563
v 8.162526 -7.897690 -2.029120
v 7.778867 -7.982968 -2.144214
v 7.380698 -8.071655 -2.180422
v 6.983322 -8.160342 -2.136352
v 6.602012 -8.245622 -2.013697
v 6.251418 -8.324215 -1.817172
v 5.945017 -8.393104 -1.554327
v 5.694580 -8.449637 -1.235266
v 5.509735 -8.491648 -0.872248
v 5.397582 -8.517516 -0.479225
v 5.528985 -9.070799 0.334632
v 5.485779 -9.079534 -0.072519
v 5.648884 -9.044930 0.725362
v 5.840869 -9.002921 1.084655
v 6.097563 -8.946386 1.398704
v 6.409100 -8.877499 1.655440
v 6.763509 -8.798905 1.844998
v 7.147170 -8.713626 1.960092
v 7.545338 -8.624939 1.996300
v 7.942714 -8.536252 1.952229
v 8.324024 -8.450973 1.829574
v 8.674616 -8.372379 1.633049
v 8.981018 -8.303491 1.370205
v 9.231455 -8.246957 1.051144
v 9.416302 -8.204947 0.688126
v 9.528456 -8.179079 0.295103
v 9.563603 -8.170343 -0.112822
v 9.520399 -8.179079 -0.519973
v 9.400499 -8.204947 -0.910703
v 9.208513 -8.246957 -1.269996
v 8.951820 -8.303491 -1.584045
v 8.640282 -8.372379 -1.840782
v 8.285874 -8.450973 -2.030339
v 7.902214 -8.536252 -2.145433
v 7.504045 -8.624939 -2.181641
v 7.106670 -8.713626 -2.137570
v 6.725359 -8.798905 -2.014916
v 6.374766 -8.877499 -1.818391
v 6.068364 -8.946386 -1.555546
v 5.817928 -9.002921 -1.236485
v 5.633082 -9.044930 -0.873467
v 5.520929 -9.070799 -0.480444
v 3.112694 10.438749 -0.049065
v 3.115964 10.439410 -0.018251
v 3.125038 10.441368 0.011321
v 3.139568 10.444548 0.038513
v 3.158995 10.448826 0.062281
v 3.182573 10.454041 0.081711
v 3.209395 10.459989 0.096057
v 3.238431 10.466442 0.104768
v 3.268566 10.473154 0.107508
v 3.298640 10.479867 0.104173
v 3.327499 10.486320 0.094890
v 3.354032 10.492270 0.080016
v 3.377222 10.497482 0.060124
v 3.396175 10.501760 0.035977
v 3.410165 10.504940 0.008503
v 3.418653 10.506898 -0.021242
v 3.421313 10.507559 -0.052115
v 3.418043 10.506898 -0.082929
v 3.408969 10.504940 -0.112500
v 3.394439 10.501760 -0.139692
v 3.375012 10.497482 -0.163460
v 3.351434 10.492270 -0.182891
v 3.324611 10.486320 -0.197237
v 3.295575 10.479867 -0.205947
v 3.265441 10.473154 -0.208688
v 3.235366 10.466442 -0.205352
v 3.206508 10.459989 -0.196070
v 3.179975 10.454041 -0.181196
v 3.156785 10.448826 -0.161304
v 3.137832 10.444548 -0.137156
v 3.123842 10.441368 -0.109682
v 3.115354 10.439410 -0.079937
v 2.297344 0.370281 0.289515
v 2.297421 0.428034 0.214942
v 2.297180 0.470132 0.130536
v 2.296631 0.494957 0.039541
v 2.295794 0.501553 -0.054546
v 2.294702 0.489668 -0.148109
v 2.293396 0.459759 -0.237554
v 2.291927 0.412975 -0.319442
v 2.290351 0.351114 -0.390627
v 2.288729 0.276553 -0.448374
v 2.287123 0.192157 -0.490462
v 2.285594 0.101171 -0.515274
v 2.284203 0.007089 -0.521858
v 2.283001 -0.086472 -0.509960
v 2.282036 -0.175916 -0.480037
v 2.281343 -0.257807 -0.433239
v 2.280951 -0.328997 -0.371365
v 2.280874 -0.386750 -0.296792
v 2.281114 -0.428848 -0.212386
v 2.281663 -0.453672 -0.121391
v 2.282501 -0.460268 -0.027304
v 2.283593 -0.448384 0.066260
v 2.284899 -0.418475 0.155704
v 2.286368 -0.371691 0.237593
v 2.287944 -0.309830 0.308778
v 2.289566 -0.235269 0.366524
v 2.291172 -0.150873 0.408612
v 2.292700 -0.059886 0.433425
v 2.294092 0.034195 0.440008
v 2.295294 0.127756 0.428110
v 2.296259 0.217200 0.398187
v 2.296951 0.299091 0.351389
v 1.086491 0.387356 0.301482
v 1.086568 0.445109 0.226910
v 1.086328 0.487207 0.142504
v 1.085778 0.512031 0.051509
v 1.084942 0.518627 -0.042578
v 1.083849 0.506743 -0.136142
v 1.082543 0.476834 -0.225586
v 1.081074 0.430050 -0.307475
v 1.079498 0.368188 -0.378660
v 1.077876 0.293627 -0.436406
v 1.076270 0.209232 -0.478494
v 1.074742 0.118245 -0.503307
v 1.073350 0.024164 -0.509890
v 1.072148 -0.069397 -0.497992
v 1.071183 -0.158841 -0.468069
v 1.070491 -0.240732 -0.421271
v 1.070098 -0.311922 -0.359397
v 1.070021 -0.369676 -0.284824
v 1.070262 -0.411773 -0.200418
v 1.070811 -0.436597 -0.109424
v 1.071648 -0.443194 -0.015336
v 1.072740 -0.431309 0.078227
v 1.074046 -0.401400 0.167672
v 1.075515 -0.354616 0.249560
v 1.077091 -0.292755 0.320745
v 1.078713 -0.218194 0.378491
v 1.080319 -0.133798 0.420580
v 1.081847 -0.042812 0.445392
v 1.083239 0.051270 0.451976
v 1.084441 0.144831 0.440078
v 1.085406 0.234275 0.410155
v 1.086099 0.316166 0.363357
vn -0.9999 0.0141 0.0099
vn 0.9999 -0.0141 -0.0099
vn -0.0132 -0.9965 0.0824
vn -0.0141 -0.9999 0.0001
vn -0.0149 -0.9965 -0.0821
vn 0.0165 0.6245 0.7808
vn 0.0164 0.6046 0.7964
vn 0.0007 0.6046 -0.7965
vn -0.0005 0.5494 -0.8356
vn -0.0018 0.4832 -0.8755
vn -0.0029 0.4252 -0.9051
vn -0.0039 0.3728 -0.9279
vn -0.0048 0.3237 -0.9462
vn -0.0056 0.2761 -0.9611
vn -0.0064 0.2284 -0.9735
vn -0.0072 0.1790 -0.9838
vn -0.0080 0.1259 -0.9920
vn -0.0089 0.0668 -0.9977
vn -0.0096 0.0177 -0.9998
vn 0.0160 0.5494 0.8354
vn 0.0155 0.4832 0.8754
vn 0.0149 0.4252 0.9050
vn 0.0144 0.3728 0.9278
vn 0.0139 0.3237 0.9461
vn 0.0134 0.2761 0.9610
vn 0.0128 0.2284 0.9735
vn 0.0122 0.1790 0.9838
vn 0.0116 0.1259 0.9920
vn 0.0108 0.0668 0.9977
vn 0.0101 0.0177 0.9998
vn 0.0011 0.6245 -0.7810
vn 0.0093 -0.0381 0.9992
vn -0.0152 -0.9919 -0.1261
vn -0.0127 -0.9919 0.1264
vn -0.0129 -0.2362 -0.9716
vn -0.0136 -0.2990 -0.9542
vn -0.0165 -0.9490 -0.3149
vn -0.0172 -0.8185 -0.5743
vn -0.0167 -0.6515 -0.7585
vn -0.0154 -0.4788 -0.8778
vn -0.0138 -0.3125 -0.9498
vn -0.0119 -0.1540 -0.9880
vn -0.0104 -0.0381 -0.9992
vn -0.0103 -0.9490 0.3152
vn -0.0059 -0.8185 0.5745
vn -0.0017 -0.6515 0.7587
vn 0.0019 -0.4788 0.8779
vn 0.0050 -0.3125 0.9499
vn 0.0076 -0.1540 0.9880
vn -0.0154 -0.4775 -0.8785
vn -0.0169 -0.6996 -0.7143
vn -0.0170 -0.9001 -0.4353
vn -0.0084 -0.9001 0.4356
vn -0.0028 -0.6996 0.7145
vn 0.0020 -0.4775 0.8786
vn 0.0052 -0.2990 0.9543
vn 0.0063 -0.2362 0.9717
vn 0.0064 -0.2284 0.9735
vn 0.0056 -0.2761 0.9611
vn 0.0059 0.8185 -0.5745
vn 0.0103 0.9490 -0.3152
vn 0.0048 -0.3237 0.9462
vn 0.0132 0.9965 -0.0824
vn 0.0017 0.6515 -0.7587
vn 0.0072 -0.1790 0.9838
vn -0.0019 0.4788 -0.8779
vn 0.0080 -0.1259 0.9920
vn -0.0050 0.3125 -0.9499
vn 0.0089 -0.0668 0.9977
vn -0.0076 0.1540 -0.9880
vn 0.0096 -0.0177 0.9998
vn -0.0093 0.0381 -0.9992
vn -0.0164 -0.6046 -0.7964
vn -0.0160 -0.5494 -0.8354
vn 0.0104 0.0381 0.9992
vn -0.0155 -0.4832 -0.8754
vn 0.0141 0.9999 -0.0001
vn 0.0149 0.9965 0.0821
vn -0.0149 -0.4252 -0.9050
vn -0.0144 -0.3728 -0.9278
vn -0.0101 -0.0177 -0.9998
vn -0.0139 -0.3237 -0.9461
vn 0.0154 0.4775 0.8785
vn 0.0136 0.2990 0.9542
vn -0.0134 -0.2761 -0.9610
vn 0.0169 0.6996 0.7143
vn -0.0128 -0.2284 -0.9735
vn 0.0170 0.9001 0.4353
vn -0.0122 -0.1790 -0.9838
vn 0.0152 0.9919 0.1261
vn -0.0116 -0.1259 -0.9920
vn 0.0084 0.9001 -0.4356
vn 0.0127 0.9919 -0.1264
vn -0.0108 -0.0668 -0.9977
vn 0.0028 0.6996 -0.7145
vn -0.0020 0.4775 -0.8786
vn -0.0007 -0.6046 0.7965
vn -0.0011 -0.6245 0.7810
vn -0.0052 0.2990 -0.9543
vn -0.0165 -0.6245 -0.7808
vn -0.0063 0.2362 -0.9717
vn 0.0165 0.9490 0.3149
vn 0.0172 0.8185 0.5743
vn 0.0167 0.6515 0.7585
vn 0.0005 -0.5494 0.8356
vn 0.0129 0.2362 0.9716
vn 0.0154 0.4788 0.8778
vn 0.0018 -0.4832 0.8755
vn 0.0138 0.3125 0.9498
vn 0.0029 -0.4252 0.9051
vn 0.0119 0.1540 0.9880
vn 0.0039 -0.3728 0.9279
vn 0.0170 0.7267 0.6868
vn 0.0172 0.8467 0.5318
vn 0.0167 0.9342 0.3564
vn 0.0156 0.9858 0.1672
vn 0.0138 0.9995 -0.0283
vn 0.0115 0.9748 -0.2228
vn 0.0088 0.9126 -0.4087
vn 0.0058 0.8154 -0.5789
vn 0.0025 0.6868 -0.7268
vn -0.0009 0.5319 -0.8468
vn -0.0042 0.3565 -0.9343
vn -0.0074 0.1674 -0.9859
vn -0.0103 -0.0282 -0.9996
vn -0.0128 -0.2226 -0.9748
vn -0.0148 -0.4085 -0.9126
vn -0.0162 -0.5787 -0.8154
vn -0.0170 -0.7267 -0.6868
vn -0.0172 -0.8467 -0.5318
vn -0.0167 -0.9342 -0.3564
vn -0.0156 -0.9858 -0.1672
vn -0.0138 -0.9995 0.0283
vn -0.0115 -0.9748 0.2228
vn -0.0088 -0.9126 0.4087
vn -0.0058 -0.8154 0.5789
vn -0.0025 -0.6868 0.7268
vn 0.0009 -0.5319 0.8468
vn 0.0042 -0.3565 0.9343
vn 0.0074 -0.1674 0.9859
vn 0.0103 0.0282 0.9996
vn 0.0128 0.2226 0.9748
vn 0.0148 0.4085 0.9126
vn 0.0162 0.5787 0.8154
vn 0.5986 0.7493 0.2832
vn 0.5976 0.7912 0.1298
vn 0.0099 -0.0000 1.0000
vn -0.1176 -0.0284 0.9927
vn 0.0056 -0.5082 0.8612
vn 0.1164 -0.4835 0.8676
vn 0.0707 -0.7102 0.7004
vn 0.1609 -0.6902 0.7056
vn 0.2127 -0.9428 0.2567
vn 0.1797 -0.9501 0.2548
vn 0.2076 -0.9428 -0.2609
vn 0.2406 -0.9354 -0.2590
vn 0.1469 -0.6902 -0.7086
vn 0.2370 -0.6701 -0.7034
vn 0.2113 -0.4681 -0.8580
vn 0.1013 -0.4926 -0.8643
vn 0.1176 0.0284 -0.9927
vn -0.0099 -0.0000 -1.0000
vn -0.0083 0.5171 -0.8559
vn -0.1184 0.4926 -0.8622
vn -0.0707 0.7102 -0.7004
vn -0.1609 0.6902 -0.7056
vn -0.2127 0.9428 -0.2567
vn -0.1797 0.9501 -0.2548
vn -0.2076 0.9428 0.2609
vn -0.2406 0.9354 0.2590
vn -0.1469 0.6902 0.7086
vn -0.2370 0.6701 0.7034
vn -0.2099 0.4588 0.8634
vn -0.0992 0.4835 0.8697
vn -0.2431 -0.0563 0.9684
vn -0.1033 -0.5324 0.8401
vn -0.0180 -0.7300 0.6832
vn 0.1473 -0.9574 0.2486
vn 0.2731 -0.9282 -0.2527
vn 0.3257 -0.6503 -0.6863
vn 0.3197 -0.4440 -0.8371
vn 0.2431 0.0563 -0.9684
vn 0.1000 0.5412 -0.8349
vn 0.0180 0.7300 -0.6832
vn -0.1473 0.9574 -0.2486
vn -0.2731 0.9282 0.2527
vn -0.3257 0.6503 0.6863
vn -0.3189 0.4346 0.8423
vn -0.3644 -0.0833 0.9275
vn -0.2087 -0.5559 0.8046
vn -0.1038 -0.7490 0.6543
vn 0.1159 -0.9643 0.2380
vn 0.3045 -0.9212 -0.2421
vn 0.4115 -0.6313 -0.6574
vn 0.4244 -0.4207 -0.8018
vn 0.3644 0.0833 -0.9275
vn 0.2047 0.5645 -0.7996
vn 0.1038 0.7490 -0.6543
vn -0.1159 0.9643 -0.2380
vn -0.3045 0.9212 0.2421
vn -0.4115 0.6313 0.6574
vn -0.4243 0.4112 0.8068
vn -0.4794 -0.1088 0.8708
vn -0.3087 -0.5780 0.7554
vn -0.1851 -0.7671 0.6142
vn 0.0861 -0.9709 0.2233
vn 0.3343 -0.9146 -0.2275
vn 0.4929 -0.6132 -0.6173
vn 0.5237 -0.3987 -0.7528
vn 0.4794 0.1088 -0.8708
vn 0.3041 0.5866 -0.7507
vn 0.1852 0.7671 -0.6142
vn -0.0861 0.9709 -0.2233
vn -0.3343 0.9146 0.2275
vn -0.4929 0.6132 0.6173
vn -0.5243 0.3890 0.7575
vn -0.5863 -0.1325 0.7992
vn -0.4015 -0.5986 0.6932
vn -0.2607 -0.7838 0.5636
vn 0.0584 -0.9771 0.2048
vn 0.3619 -0.9085 -0.2089
vn 0.5684 -0.5965 -0.5666
vn 0.6160 -0.3783 -0.6910
vn 0.5863 0.1325 -0.7992
vn 0.3963 0.6070 -0.6888
vn 0.2607 0.7838 -0.5636
vn -0.0584 0.9771 -0.2048
vn -0.3619 0.9085 0.2089
vn -0.5684 0.5965 0.5666
vn -0.6171 0.3685 0.6953
vn -0.6831 -0.1539 0.7139
vn -0.4856 -0.6172 0.6191
vn -0.3292 -0.7990 0.5033
vn 0.0334 -0.9826 0.1827
vn 0.3870 -0.9030 -0.1868
vn 0.6369 -0.5814 -0.5063
vn 0.6996 -0.3598 -0.6174
vn 0.6831 0.1539 -0.7139
vn 0.4799 0.6255 -0.6152
vn 0.3292 0.7990 -0.5033
vn -0.0334 0.9826 -0.1827
vn -0.3870 0.9030 0.1868
vn -0.6369 0.5814 0.5063
vn -0.7012 0.3499 0.6212
vn -0.7683 -0.1726 0.6164
vn -0.5596 -0.6335 0.5344
vn -0.3894 -0.8122 0.4343
vn 0.0113 -0.9875 0.1575
vn 0.4090 -0.8981 -0.1616
vn 0.6971 -0.5681 -0.4374
vn 0.7731 -0.3436 -0.5332
vn 0.7683 0.1726 -0.6164
vn 0.5534 0.6417 -0.5310
vn 0.3894 0.8122 -0.4343
vn -0.0113 0.9875 -0.1575
vn -0.4090 0.8981 0.1616
vn -0.6971 0.5681 0.4374
vn -0.7752 0.3336 0.5365
vn -0.8403 -0.1885 0.5083
vn -0.6221 -0.6472 0.4405
vn -0.4403 -0.8234 0.3579
vn -0.0073 -0.9916 0.1295
vn 0.4277 -0.8940 -0.1336
vn 0.7480 -0.5569 -0.3610
vn 0.8352 -0.3299 -0.4399
vn 0.8403 0.1885 -0.5083
vn 0.6156 0.6553 -0.4377
vn 0.4403 0.8234 -0.3579
vn 0.0073 0.9916 -0.1295
vn -0.4277 0.8940 0.1336
vn -0.7480 0.5569 0.3610
vn -0.8377 0.3198 0.4426
vn -0.8979 -0.2010 0.3916
vn -0.6722 -0.6582 0.3391
vn -0.4811 -0.8323 0.2754
vn -0.0222 -0.9948 0.0993
vn 0.4426 -0.8907 -0.1034
vn 0.7888 -0.5480 -0.2784
vn 0.8850 -0.3191 -0.3391
vn 0.8979 0.2010 -0.3916
vn 0.6653 0.6662 -0.3370
vn 0.4811 0.8323 -0.2754
vn 0.0222 0.9948 -0.0993
vn -0.4426 0.8907 0.1034
vn -0.7888 0.5480 0.2784
vn -0.8878 0.3089 0.3412
vn -0.9402 -0.2102 0.2681
vn -0.7089 -0.6661 0.2318
vn -0.5109 -0.8388 0.1881
vn -0.0332 -0.9972 0.0673
vn 0.4535 -0.8884 -0.0715
vn 0.8187 -0.5415 -0.1911
vn 0.9215 -0.3112 -0.2326
vn 0.9402 0.2102 -0.2681
vn 0.7018 0.6741 -0.2304
vn 0.5109 0.8388 -0.1881
vn 0.0332 0.9972 -0.0673
vn -0.4535 0.8884 0.0715
vn -0.8187 0.5415 0.1911
vn -0.9245 0.3009 0.2340
vn -0.9663 -0.2157 0.1401
vn -0.7316 -0.6709 0.1206
vn -0.5294 -0.8427 0.0975
vn -0.0399 -0.9986 0.0342
vn 0.4603 -0.8869 -0.0383
vn 0.8372 -0.5376 -0.1006
vn 0.9441 -0.3064 -0.1220
vn 0.9663 0.2157 -0.1401
vn 0.7244 0.6789 -0.1198
vn 0.5294 0.8427 -0.0975
vn 0.0399 0.9986 -0.0342
vn -0.4603 0.8869 0.0383
vn -0.8372 0.5376 0.1006
vn -0.9472 0.2961 0.1228
vn -0.9760 -0.2176 0.0096
vn -0.7400 -0.6725 0.0073
vn -0.5363 -0.8440 0.0053
vn -0.0424 -0.9991 0.0004
vn 0.4628 -0.8865 -0.0046
vn 0.8440 -0.5363 -0.0083
vn 0.9524 -0.3048 -0.0094
vn 0.9760 0.2176 -0.0096
vn 0.7327 0.6805 -0.0072
vn 0.5363 0.8440 -0.0053
vn 0.0424 0.9991 -0.0004
vn -0.4628 0.8865 0.0046
vn -0.8440 0.5363 0.0083
vn -0.9556 0.2945 0.0094
vn -0.9689 -0.2157 -0.1210
vn -0.7339 -0.6709 -0.1061
vn -0.5313 -0.8427 -0.0871
vn -0.0406 -0.9986 -0.0334
vn 0.4610 -0.8869 0.0292
vn 0.8390 -0.5376 0.0840
vn 0.9463 -0.3064 0.1033
vn 0.9689 0.2157 0.1210
vn 0.7266 0.6789 0.1055
vn 0.5313 0.8427 0.0871
vn 0.0406 0.9986 0.0334
vn -0.4610 0.8869 -0.0292
vn -0.8390 0.5376 -0.0840
vn -0.9495 0.2961 -0.1040
vn -0.9453 -0.2102 -0.2495
vn -0.7133 -0.6661 -0.2178
vn -0.5146 -0.8388 -0.1779
vn -0.0345 -0.9972 -0.0667
vn 0.4548 -0.8884 0.0625
vn 0.8223 -0.5415 0.1749
vn 0.9259 -0.3112 0.2143
vn 0.9453 0.2102 0.2495
vn 0.7062 0.6741 0.2165
vn 0.5146 0.8388 0.1779
vn 0.0345 0.9972 0.0667
vn -0.4548 0.8884 -0.0625
vn -0.8223 0.5415 -0.1749
vn -0.9289 0.3009 -0.2157
vn -0.9055 -0.2010 -0.3738
vn -0.6788 -0.6582 -0.3257
vn -0.4864 -0.8323 -0.2658
vn -0.0242 -0.9948 -0.0988
vn 0.4445 -0.8907 0.0947
vn 0.7941 -0.5480 0.2628
vn 0.8915 -0.3191 0.3216
vn 0.9055 0.2010 0.3738
vn 0.6719 0.6662 0.3237
vn 0.4864 0.8323 0.2658
vn 0.0242 0.9948 0.0988
vn -0.4445 0.8907 -0.0947
vn -0.7941 0.5480 -0.2628
vn -0.8944 0.3089 -0.3236
vn -0.8502 -0.1885 -0.4916
vn -0.6307 -0.6472 -0.4281
vn -0.4473 -0.8234 -0.3491
vn -0.0099 -0.9916 -0.1293
vn 0.4302 -0.8940 0.1252
vn 0.7550 -0.5569 0.3461
vn 0.8438 -0.3299 0.4233
vn 0.8502 0.1885 0.4916
vn 0.6241 0.6553 0.4255
vn 0.4473 0.8234 0.3491
vn 0.0099 0.9916 0.1293
vn -0.4302 0.8940 -0.1252
vn -0.7550 0.5569 -0.3461
vn -0.8463 0.3198 -0.4260
vn -0.7803 -0.1726 -0.6011
vn -0.5700 -0.6335 -0.5232
vn -0.3979 -0.8122 -0.4265
vn 0.0082 -0.9875 -0.1576
vn 0.4121 -0.8981 0.1535
vn 0.7056 -0.5681 0.4235
vn 0.7835 -0.3436 0.5178
vn 0.7803 0.1726 0.6011
vn 0.5638 0.6417 0.5200
vn 0.3979 0.8122 0.4265
vn -0.0082 0.9875 0.1576
vn -0.4121 0.8981 -0.1535
vn -0.7056 0.5681 -0.4235
vn -0.7856 0.3336 -0.5211
vn -0.6971 -0.1539 -0.7003
vn -0.4978 -0.6172 -0.6094
vn -0.3391 -0.7990 -0.4967
vn 0.0298 -0.9826 -0.1833
vn 0.3906 -0.9030 0.1792
vn 0.6468 -0.5814 0.4936
vn 0.7116 -0.3598 0.6034
vn 0.6971 0.1539 0.7003
vn 0.4920 0.6255 0.6056
vn 0.3391 0.7990 0.4967
vn -0.0298 0.9826 0.1833
vn -0.3906 0.9030 -0.1792
vn -0.6468 0.5814 -0.4936
vn -0.7134 0.3499 -0.6072
vn -0.6020 -0.1325 -0.7874
vn -0.4151 -0.5986 -0.6851
vn -0.2718 -0.7838 -0.5583
vn 0.0544 -0.9771 -0.2059
vn 0.3660 -0.9085 0.2017
vn 0.5795 -0.5965 0.5553
vn 0.6295 -0.3783 0.6787
vn 0.6020 0.1325 0.7874
vn 0.4099 0.6070 0.6809
vn 0.2718 0.7838 0.5583
vn -0.0544 0.9771 0.2059
vn -0.3660 0.9085 -0.2017
vn -0.5795 0.5965 -0.5553
vn -0.6307 0.3684 -0.6830
vn -0.4966 -0.1088 -0.8612
vn -0.3235 -0.5780 -0.7491
vn -0.1973 -0.7671 -0.6105
vn 0.0817 -0.9709 -0.2250
vn 0.3387 -0.9146 0.2208
vn 0.5050 -0.6132 0.6074
vn 0.5385 -0.3987 0.7423
vn 0.4966 0.1088 0.8612
vn 0.3188 0.5866 0.7445
vn 0.1973 0.7671 0.6105
vn -0.0817 0.9709 0.2250
vn -0.3387 0.9146 -0.2208
vn -0.5050 0.6132 -0.6074
vn -0.5391 0.3890 -0.7470
vn -0.3826 -0.0833 -0.9201
vn -0.2246 -0.5559 -0.8004
vn -0.1167 -0.7490 -0.6522
vn 0.1111 -0.9643 -0.2402
vn 0.3092 -0.9212 0.2361
vn 0.4244 -0.6313 0.6491
vn 0.4401 -0.4207 0.7933
vn 0.3826 0.0833 0.9201
vn 0.2205 0.5645 0.7954
vn 0.1167 0.7490 0.6522
vn -0.1111 0.9643 0.2402
vn -0.3092 0.9212 -0.2361
vn -0.4244 0.6313 -0.6491
vn -0.4402 0.4112 -0.7982
vn -0.2622 -0.0563 -0.9634
vn -0.1199 -0.5324 -0.8379
vn -0.0315 -0.7300 -0.6827
vn 0.1423 -0.9574 -0.2514
vn 0.2780 -0.9282 0.2473
vn 0.3392 -0.6503 0.6797
vn 0.3361 -0.4440 0.8306
vn 0.2622 0.0563 0.9634
vn 0.1165 0.5412 0.8328
vn 0.0315 0.7300 0.6827
vn -0.1423 0.9574 0.2514
vn -0.2780 0.9282 -0.2473
vn -0.3392 0.6503 -0.6797
vn -0.3355 0.4346 -0.8358
vn -0.1372 -0.0284 -0.9901
vn -0.0114 -0.5082 -0.8612
vn 0.0569 -0.7102 -0.7017
vn 0.1747 -0.9501 -0.2583
vn 0.2457 -0.9354 0.2542
vn 0.2509 -0.6701 0.6986
vn 0.2283 -0.4681 0.8537
vn 0.1372 0.0284 0.9901
vn 0.0086 0.5171 0.8559
vn -0.0569 0.7102 0.7017
vn -0.1747 0.9501 0.2583
vn -0.2457 0.9354 -0.2542
vn -0.2509 0.6701 -0.6986
vn -0.2270 0.4588 -0.8590
vn 0.0992 -0.4835 -0.8697
vn 0.1184 -0.4926 0.8622
vn -0.1013 0.4926 0.8643
vn -0.1164 0.4835 -0.8676
vn 0.2099 -0.4588 -0.8634
vn 0.0083 -0.5171 0.8559
vn -0.2113 0.4681 0.8580
vn -0.0056 0.5082 -0.8612
vn 0.3189 -0.4346 -0.8423
vn -0.1000 -0.5412 0.8349
vn -0.3197 0.4440 0.8371
vn 0.1033 0.5324 -0.8401
vn 0.4243 -0.4112 -0.8068
vn -0.2047 -0.5645 0.7996
vn -0.4244 0.4207 0.8018
vn 0.2087 0.5559 -0.8046
vn 0.5243 -0.3890 -0.7575
vn -0.3041 -0.5866 0.7507
vn -0.5237 0.3987 0.7528
vn 0.1851 0.7671 -0.6142
vn 0.3087 0.5780 -0.7554
vn 0.6171 -0.3685 -0.6953
vn -0.3963 -0.6070 0.6888
vn -0.6160 0.3783 0.6910
vn 0.4015 0.5986 -0.6932
vn 0.7012 -0.3499 -0.6212
vn -0.4799 -0.6255 0.6152
vn -0.6996 0.3598 0.6174
vn 0.4856 0.6172 -0.6191
vn 0.7752 -0.3336 -0.5365
vn -0.5534 -0.6417 0.5310
vn -0.7731 0.3436 0.5332
vn 0.5596 0.6335 -0.5344
vn 0.8377 -0.3198 -0.4426
vn -0.6156 -0.6553 0.4377
vn -0.8352 0.3299 0.4399
vn 0.6221 0.6472 -0.4405
vn 0.8878 -0.3089 -0.3412
vn -0.6653 -0.6662 0.3370
vn -0.8850 0.3191 0.3391
vn 0.6722 0.6582 -0.3391
vn 0.9245 -0.3009 -0.2340
vn -0.7018 -0.6741 0.2304
vn -0.9215 0.3112 0.2326
vn 0.7089 0.6661 -0.2318
vn 0.9472 -0.2961 -0.1228
vn -0.7244 -0.6789 0.1198
vn -0.9441 0.3064 0.1220
vn 0.5295 0.8427 -0.0975
vn 0.7316 0.6709 -0.1206
vn 0.9556 -0.2945 -0.0094
vn -0.7327 -0.6805 0.0072
vn -0.9524 0.3048 0.0094
vn 0.7400 0.6725 -0.0073
vn 0.9495 -0.2961 0.1040
vn -0.7266 -0.6789 -0.1055
vn -0.9463 0.3064 -0.1033
vn 0.7339 0.6709 0.1061
vn 0.9289 -0.3009 0.2157
vn -0.0345 -0.9972 -0.0666
vn -0.7062 -0.6741 -0.2165
vn -0.9259 0.3112 -0.2143
vn 0.7133 0.6661 0.2178
vn 0.8944 -0.3089 0.3236
vn -0.6719 -0.6662 -0.3237
vn -0.8915 0.3191 -0.3216
vn 0.6788 0.6582 0.3257
vn 0.8463 -0.3198 0.4260
vn -0.6241 -0.6553 -0.4255
vn -0.8438 0.3299 -0.4233
vn 0.4473 0.8234 0.3492
vn 0.6307 0.6472 0.4281
vn 0.7856 -0.3336 0.5211
vn 0.0082 -0.9875 -0.1577
vn -0.5638 -0.6417 -0.5200
vn -0.7835 0.3436 -0.5178
vn 0.5700 0.6335 0.5232
vn 0.7134 -0.3499 0.6072
vn -0.4920 -0.6255 -0.6056
vn -0.7116 0.3598 -0.6034
vn 0.4978 0.6172 0.6094
vn 0.6307 -0.3684 0.6830
vn -0.4099 -0.6070 -0.6809
vn -0.6295 0.3783 -0.6787
vn 0.4151 0.5986 0.6851
vn 0.5391 -0.3890 0.7470
vn -0.3188 -0.5866 -0.7445
vn -0.5385 0.3987 -0.7423
vn 0.3235 0.5780 0.7491
vn 0.4402 -0.4112 0.7982
vn 0.1112 -0.9643 -0.2402
vn -0.2205 -0.5645 -0.7954
vn -0.4401 0.4207 -0.7933
vn 0.2246 0.5559 0.8004
vn 0.3355 -0.4346 0.8358
vn -0.1165 -0.5412 -0.8328
vn -0.3361 0.4440 -0.8306
vn 0.1199 0.5324 0.8379
vn 0.2270 -0.4588 0.8590
vn -0.0086 -0.5171 -0.8559
vn -0.2283 0.4681 -0.8537
vn 0.0114 0.5082 0.8612
vn -0.9836 -0.1800 0.0097
vn -0.9629 -0.1758 0.2045
vn -0.9056 -0.1635 0.3914
vn -0.8138 -0.1434 0.5632
vn -0.6910 -0.1163 0.7134
vn -0.5420 -0.0834 0.8363
vn -0.3724 -0.0458 0.9269
vn -0.1889 -0.0050 0.9820
vn 0.0015 0.0374 0.9993
vn 0.1916 0.0798 0.9782
vn 0.3740 0.1206 0.9195
vn 0.5417 0.1582 0.8255
vn 0.6883 0.1912 0.6998
vn 0.8081 0.2182 0.5472
vn 0.8965 0.2383 0.3736
vn 0.9501 0.2507 0.1856
vn 0.9669 0.2549 -0.0096
vn 0.9463 0.2507 -0.2043
vn 0.8889 0.2383 -0.3912
vn 0.7971 0.2182 -0.5631
vn 0.6743 0.1912 -0.7133
vn 0.5253 0.1582 -0.8361
vn 0.3558 0.1206 -0.9268
vn 0.1722 0.0798 -0.9818
vn -0.0182 0.0374 -0.9991
vn -0.2083 -0.0050 -0.9781
vn -0.3907 -0.0458 -0.9194
vn -0.5584 -0.0834 -0.8254
vn -0.7049 -0.1163 -0.6997
vn -0.8247 -0.1434 -0.5470
vn -0.9132 -0.1635 -0.3734
vn -0.2176 0.9760 0.0022
vn -0.9668 -0.1758 -0.1854
vn 0.3657 -0.8358 0.4094
vn 0.4407 -0.8190 0.3674
vn -0.8060 -0.1809 0.5636
vn 0.5550 -0.7922 -0.2539
vn 0.5000 -0.8043 -0.3211
vn -0.1170 -0.9419 -0.3150
vn -0.1706 -0.9540 -0.2467
vn 0.0317 -0.9103 0.4127
vn 0.1138 -0.8920 0.4374
vn 0.6234 -0.7777 0.0811
vn 0.6310 -0.7758 -0.0062
vn 0.1902 -0.8731 -0.4490
vn 0.1052 -0.8920 -0.4395
vn -0.2068 -0.9629 0.1731
vn -0.1657 -0.9540 0.2500
vn 0.5063 -0.8043 0.3111
vn 0.4334 -0.8190 -0.3760
vn -0.2102 -0.9629 -0.1690
vn 0.1991 -0.8731 0.4451
vn 0.6217 -0.7777 -0.0934
vn 0.0236 -0.9103 -0.4133
vn -0.1108 -0.9419 0.3172
vn 0.5599 -0.7922 0.2429
vn 0.3575 -0.8358 -0.4166
vn -0.2342 -0.9685 -0.0849
vn 0.2841 -0.8541 0.4357
vn 0.5961 -0.7832 -0.1770
vn -0.0514 -0.9271 -0.3712
vn -0.0441 -0.9271 0.3722
vn 0.5994 -0.7832 0.1652
vn 0.2754 -0.8541 -0.4412
vn -0.2417 -0.9704 0.0024
vn -0.2324 -0.9685 0.0895
vn -0.4273 0.8276 0.3641
vn -0.3538 0.8439 0.4033
vn -0.8170 -0.1809 -0.5475
vn 0.9553 0.2134 -0.2045
vn -0.9592 -0.2134 -0.1856
vn -0.5340 -0.1209 0.8368
vn 0.8060 0.1809 -0.5636
vn -0.1807 -0.0425 0.9826
vn 0.5340 0.1209 -0.8368
vn 0.2001 0.0425 0.9789
vn 0.1807 0.0425 -0.9826
vn 0.5504 0.1209 0.8261
vn -0.2001 -0.0425 -0.9789
vn 0.8170 0.1809 0.5475
vn -0.5504 -0.1209 -0.8261
vn -0.9553 -0.2134 0.2045
vn 0.9592 0.2134 0.1856
vn 0.1526 0.9582 -0.2419
vn 0.0995 0.9465 -0.3070
vn -0.2744 0.8615 0.4272
vn 0.0349 0.9322 -0.3602
vn -0.1919 0.8799 0.4347
vn -0.0385 0.9159 -0.3995
vn -0.1096 0.8983 0.4255
vn -0.1180 0.8983 -0.4233
vn -0.0306 0.9159 0.4001
vn -0.2004 0.8799 -0.4308
vn 0.0420 0.9322 0.3594
vn -0.2828 0.8615 -0.4217
vn 0.1055 0.9465 0.3050
vn -0.3617 0.8439 -0.3963
vn 0.1574 0.9582 0.2389
vn -0.4344 0.8276 -0.3555
vn 0.1957 0.9669 0.1637
vn -0.6185 0.7857 0.0061
vn -0.6096 0.7876 0.0905
vn -0.4978 0.8133 -0.3011
vn 0.2189 0.9723 0.0823
vn -0.5847 0.7929 0.1714
vn -0.5497 0.8016 -0.2350
vn 0.2262 0.9741 -0.0022
vn -0.5450 0.8016 0.2458
vn -0.5880 0.7929 -0.1598
vn 0.2172 0.9723 -0.0866
vn -0.4918 0.8133 0.3109
vn -0.6112 0.7876 -0.0784
vn 0.1924 0.9669 -0.1675
vn -0.2176 0.9760 0.0021
vn 0.2176 -0.9760 -0.0022
vn 0.2176 -0.9760 -0.0021
vn 0.2094 0.8904 -0.4041
vn 0.2793 0.9058 -0.3187
vn 0.1491 0.0354 -0.9882
vn -0.2817 0.7788 0.5605
vn -0.3862 0.7556 0.5291
vn 0.1246 0.8717 -0.4740
vn -0.1734 0.8029 0.5703
vn 0.0282 0.8503 -0.5256
vn -0.0652 0.8271 0.5583
vn -0.0763 0.8271 -0.5569
vn 0.0385 0.8503 0.5249
vn -0.1846 0.8029 -0.5668
vn 0.1340 0.8717 0.4714
vn -0.2928 0.7788 -0.5548
vn 0.2174 0.8904 0.3999
vn -0.3966 0.7556 -0.5214
vn 0.2855 0.9058 0.3131
vn -0.4920 0.7342 -0.4679
vn 0.3358 0.9172 0.2143
vn -0.7222 0.6816 0.1181
vn -0.7339 0.6792 0.0073
vn -0.5754 0.7154 -0.3964
vn 0.3664 0.9243 0.1073
vn -0.6895 0.6886 0.2244
vn -0.6435 0.7000 -0.3095
vn 0.3759 0.9266 -0.0037
vn -0.6373 0.7000 0.3222
vn -0.6938 0.6886 -0.2107
vn 0.3642 0.9243 -0.1145
vn -0.5674 0.7154 0.4077
vn -0.7244 0.6816 -0.1038
vn 0.3315 0.9172 -0.2209
vn -0.4826 0.7342 0.4775
vn 0.1686 0.0354 0.9850
vn 0.5766 0.1268 0.8071
vn -0.1686 -0.0354 -0.9850
vn 0.7990 0.1769 0.5747
vn -0.5766 -0.1268 -0.8071
vn -0.9614 -0.2147 0.1723
vn 0.9646 0.2147 0.1533
vn -0.7990 -0.1769 -0.5747
vn -0.7875 -0.1769 0.5904
vn 0.9614 0.2147 -0.1723
vn -0.9646 -0.2147 -0.1533
vn -0.5605 -0.1268 0.8184
vn 0.7875 0.1769 -0.5904
vn -0.1491 -0.0354 0.9882
vn 0.5605 0.1268 -0.8184
vn -0.7482 -0.1682 0.6418
vn 0.9703 0.2166 -0.1076
vn 0.7607 0.1682 0.6269
vn 0.9723 0.2166 0.0884
vn -0.7607 -0.1682 -0.6269
vn -0.9723 -0.2166 -0.0884
vn -0.0858 -0.0213 0.9961
vn -0.6268 -0.1380 -0.7669
vn -0.9703 -0.2166 0.1076
vn 0.6115 0.1380 -0.7791
vn 0.1055 0.0213 0.9942
vn -0.1055 -0.0213 -0.9942
vn -0.6115 -0.1380 0.7791
vn 0.6268 0.1380 0.7669
vn 0.7482 0.1682 -0.6418
vn 0.0858 0.0213 -0.9961
vn 0.2477 -0.9556 0.1598
vn 0.2162 -0.9626 0.1632
vn -0.0649 0.9958 0.0639
vn -0.0560 0.9979 0.0328
vn 0.2779 -0.9488 0.1500
vn -0.0532 0.9986 0.0005
vn 0.3056 -0.9426 0.1345
vn -0.0566 0.9979 -0.0317
vn 0.3299 -0.9372 0.1137
vn -0.0661 0.9958 -0.0626
vn 0.3497 -0.9327 0.0884
vn -0.0813 0.9925 -0.0911
vn 0.3643 -0.9294 0.0597
vn -0.1016 0.9880 -0.1159
vn 0.3732 -0.9273 0.0286
vn -0.1263 0.9826 -0.1363
vn 0.3760 -0.9266 -0.0037
vn -0.1543 0.9764 -0.1513
vn 0.3726 -0.9273 -0.0359
vn -0.1847 0.9696 -0.1604
vn 0.3631 -0.9294 -0.0669
vn -0.2162 0.9626 -0.1632
vn 0.3479 -0.9327 -0.0953
vn -0.2477 0.9556 -0.1598
vn 0.3276 -0.9372 -0.1202
vn -0.2779 0.9488 -0.1500
vn 0.3029 -0.9426 -0.1405
vn -0.3056 0.9426 -0.1345
vn -0.3760 0.9266 0.0037
vn -0.3726 0.9273 0.0359
vn 0.2749 -0.9488 -0.1555
vn -0.3299 0.9372 -0.1137
vn -0.3631 0.9293 0.0669
vn 0.2445 -0.9556 -0.1646
vn -0.3497 0.9327 -0.0884
vn -0.3479 0.9327 0.0953
vn 0.2130 -0.9626 -0.1675
vn -0.3643 0.9293 -0.0597
vn -0.3276 0.9372 0.1202
vn 0.1815 -0.9696 -0.1640
vn -0.3732 0.9273 -0.0286
vn -0.3029 0.9426 0.1405
vn 0.1513 -0.9764 -0.1543
vn -0.2749 0.9488 0.1555
vn 0.1236 -0.9826 -0.1387
vn 0.0566 -0.9979 0.0317
vn 0.0532 -0.9986 -0.0005
vn -0.2445 0.9556 0.1646
vn 0.0993 -0.9880 -0.1179
vn 0.0661 -0.9958 0.0626
vn -0.2130 0.9626 0.1675
vn 0.0795 -0.9925 -0.0927
vn 0.0813 -0.9925 0.0911
vn -0.1815 0.9696 0.1640
vn 0.0649 -0.9958 -0.0639
vn 0.1016 -0.9880 0.1159
vn -0.1513 0.9764 0.1543
vn 0.0560 -0.9979 -0.0328
vn 0.1263 -0.9826 0.1363
vn -0.1236 0.9826 0.1387
vn 0.1543 -0.9764 0.1513
vn -0.0993 0.9880 0.1179
vn 0.1847 -0.9696 0.1604
vn -0.0795 0.9925 0.0927
vn -0.2477 0.9556 -0.1597
vn -0.3631 0.9294 0.0669
vn -0.3643 0.9294 -0.0597
vn 0.8860 0.4268 0.1814
vn 0.9024 0.4309 -0.0089
vn -0.9238 0.0229 0.3821
vn -0.8343 0.0425 0.5497
vn -0.8450 0.0425 -0.5331
vn -0.9312 0.0229 -0.3638
vn 0.8822 0.4268 -0.1989
vn -0.7145 0.0688 0.6962
vn -0.9835 0.0108 -0.1804
vn 0.8263 0.4147 -0.3811
vn -0.5692 0.1010 0.8160
vn -0.9999 0.0067 0.0099
vn 0.7367 0.3951 -0.5487
vn -0.4039 0.1376 0.9044
vn 0.6170 0.3687 -0.6952
vn -0.2249 0.1774 0.9581
vn 0.4716 0.3366 -0.8150
vn -0.0391 0.2188 0.9750
vn 0.3063 0.2999 -0.9034
vn 0.1462 0.2602 0.9544
vn 0.1273 0.2602 -0.9571
vn 0.3241 0.2999 0.8972
vn -0.0584 0.2188 -0.9740
vn 0.4877 0.3366 0.8055
vn -0.2438 0.1774 -0.9535
vn 0.6306 0.3687 0.6829
vn -0.4217 0.1376 -0.8962
vn 0.7474 0.3951 0.5341
vn -0.5852 0.1010 -0.8046
vn 0.8337 0.4147 0.3647
vn -0.9798 0.0108 0.1998
vn -0.7282 0.0688 -0.6819
vn 0.5790 0.1275 -0.8053
vn 0.5767 -0.0311 -0.8164
vn 0.5738 -0.8188 0.0172
vn 0.5757 -0.7988 0.1749
vn 0.5954 0.1723 0.7848
vn 0.5970 0.3230 0.7343
vn 0.5897 0.6530 -0.4752
vn 0.5871 0.5487 -0.5952
vn 0.5712 -0.5975 -0.5627
vn 0.5711 -0.6949 -0.4370
vn 0.5857 -0.4396 0.6810
vn 0.5884 -0.2973 0.7519
vn 0.5962 0.8023 -0.0287
vn 0.5747 -0.1888 -0.7963
vn 0.5779 -0.7484 0.3256
vn 0.5982 0.4611 0.6554
vn 0.5843 0.4231 -0.6925
vn 0.5715 -0.7658 -0.2948
vn 0.5910 -0.1440 0.7937
vn 0.5944 0.7823 -0.1864
vn 0.5730 -0.3395 -0.7459
vn 0.5803 -0.6695 0.4636
vn 0.5988 0.5810 0.5512
vn 0.5990 0.6784 0.4255
vn 0.5816 0.2808 -0.7635
vn 0.5724 -0.8077 -0.1414
vn 0.5934 0.0146 0.8048
vn 0.5922 0.7319 -0.3372
vn 0.5719 -0.4776 -0.6670
vn 0.5830 -0.5652 0.5836
vt 0.307992 0.011553
vt 0.320835 0.029252
vt 0.333418 0.050116
vt 0.345483 0.073720
vt 0.356784 0.099583
vt 0.367092 0.127180
vt 0.376198 0.155948
vt 0.383914 0.185302
vt 0.390085 0.214643
vt 0.394585 0.243376
vt 0.397322 0.270915
vt 0.398241 0.296699
vt 0.398241 0.391190
vt 0.397683 0.398438
vt 0.396037 0.405324
vt 0.393385 0.411500
vt 0.389861 0.416658
vt 0.385640 0.420539
vt 0.380936 0.422949
vt 0.375983 0.423766
vt 0.348461 0.423766
vt 0.298681 0.423766
vt 0.298681 0.000000
vt 0.198202 0.271719
vt 0.199121 0.297580
vt 0.191078 0.293227
vt 0.190234 0.269455
vt 0.248901 0.423766
vt 0.221378 0.423766
vt 0.216426 0.422949
vt 0.211721 0.420539
vt 0.207501 0.416658
vt 0.203976 0.411500
vt 0.201325 0.405324
vt 0.199679 0.398438
vt 0.199121 0.391190
vt 0.199121 0.296699
vt 0.200039 0.270915
vt 0.202776 0.243376
vt 0.207276 0.214643
vt 0.213447 0.185302
vt 0.221164 0.155948
vt 0.230269 0.127180
vt 0.240577 0.099583
vt 0.251879 0.073720
vt 0.263944 0.050116
vt 0.276526 0.029252
vt 0.289370 0.011553
vt 0.775858 0.530777
vt 0.803380 0.530805
vt 0.803380 0.580141
vt 0.775858 0.580114
vt 0.121715 0.029338
vt 0.134297 0.050264
vt 0.131491 0.065890
vt 0.119925 0.046654
vt 0.002204 0.406528
vt 0.000558 0.399621
vt 0.008555 0.387026
vt 0.010069 0.393374
vt 0.090172 0.835247
vt 0.117693 0.835274
vt 0.117693 0.884611
vt 0.090172 0.884583
vt 0.847180 0.000000
vt 0.847162 0.011764
vt 0.796738 0.011790
vt 0.796755 0.000027
vt 0.796541 0.407065
vt 0.746122 0.406896
vt 0.745992 0.389264
vt 0.796411 0.389433
vt 0.745876 0.368439
vt 0.796295 0.368608
vt 0.745776 0.344845
vt 0.796196 0.345015
vt 0.745694 0.318962
vt 0.796114 0.319132
vt 0.745633 0.291317
vt 0.796052 0.291487
vt 0.745592 0.262474
vt 0.796011 0.262644
vt 0.745573 0.233018
vt 0.795993 0.233189
vt 0.745577 0.203551
vt 0.795996 0.203721
vt 0.745603 0.174671
vt 0.796022 0.174840
vt 0.745650 0.146966
vt 0.796070 0.147136
vt 0.745719 0.121001
vt 0.796138 0.121171
vt 0.847139 0.029768
vt 0.796714 0.029794
vt 0.847118 0.050957
vt 0.796694 0.050983
vt 0.847100 0.074901
vt 0.796676 0.074927
vt 0.847086 0.101110
vt 0.796661 0.101137
vt 0.847075 0.129054
vt 0.796650 0.129081
vt 0.847067 0.158162
vt 0.796643 0.158188
vt 0.847064 0.187841
vt 0.796639 0.187868
vt 0.847065 0.217489
vt 0.796640 0.217515
vt 0.847069 0.246500
vt 0.796645 0.246527
vt 0.847078 0.274284
vt 0.796653 0.274311
vt 0.847090 0.300277
vt 0.796665 0.300304
vt 0.796639 0.418560
vt 0.746220 0.418390
vt 0.847144 0.395489
vt 0.796719 0.395515
vt 0.344988 0.437940
vt 0.343256 0.442389
vt 0.340502 0.446160
vt 0.337147 0.448680
vt 0.333701 0.449565
vt 0.298681 0.449565
vt 0.263661 0.449565
vt 0.260215 0.448680
vt 0.256859 0.446160
vt 0.254106 0.442389
vt 0.252374 0.437940
vt 0.648788 0.370108
vt 0.648788 0.335088
vt 0.698124 0.335039
vt 0.698124 0.370059
vt 0.648788 0.405128
vt 0.698124 0.405079
vt 0.024094 0.888295
vt 0.024094 0.837875
vt 0.038430 0.837922
vt 0.038430 0.888342
vt 0.199121 0.392352
vt 0.198562 0.399621
vt 0.190565 0.387026
vt 0.191078 0.380343
vt 0.122642 0.835449
vt 0.122642 0.884786
vt 0.127335 0.835955
vt 0.127335 0.885292
vt 0.131536 0.836768
vt 0.131536 0.886104
vt 0.746220 0.000000
vt 0.796639 0.000170
vt 0.796572 0.005422
vt 0.746153 0.005252
vt 0.796514 0.011687
vt 0.746095 0.011518
vt 0.796468 0.018651
vt 0.746049 0.018481
vt 0.796437 0.025963
vt 0.746018 0.025794
vt 0.770902 0.580279
vt 0.770902 0.530942
vt 0.766186 0.580776
vt 0.766186 0.531439
vt 0.761946 0.581580
vt 0.761946 0.532243
vt 0.847180 0.421041
vt 0.796755 0.421068
vt 0.796743 0.415917
vt 0.847168 0.415890
vt 0.796733 0.409729
vt 0.847157 0.409702
vt 0.796724 0.402812
vt 0.847149 0.402786
vt 0.042940 0.837946
vt 0.042940 0.888366
vt 0.046783 0.837985
vt 0.046783 0.888404
vt 0.649497 0.328303
vt 0.698833 0.328254
vt 0.698309 0.331597
vt 0.648972 0.331646
vt 0.698309 0.408529
vt 0.648972 0.408578
vt 0.698833 0.411896
vt 0.649497 0.411945
vt 0.069243 0.837875
vt 0.069243 0.888300
vt 0.065480 0.888307
vt 0.065480 0.837882
vt 0.061020 0.888312
vt 0.061020 0.837887
vt 0.046783 0.888321
vt 0.046783 0.837896
vt 0.947380 0.356508
vt 0.947384 0.383603
vt 0.941922 0.383599
vt 0.941918 0.356505
vt 0.181712 0.710286
vt 0.181459 0.714808
vt 0.176080 0.714878
vt 0.176333 0.710356
vt 0.947391 0.410138
vt 0.941930 0.410135
vt 0.181465 0.719413
vt 0.176085 0.719483
vt 0.141382 0.447485
vt 0.138026 0.450013
vt 0.134919 0.433346
vt 0.138003 0.431023
vt 0.000000 0.392352
vt 0.000000 0.297580
vt 0.008043 0.293227
vt 0.008043 0.380343
vt 0.031149 0.127558
vt 0.041457 0.099879
vt 0.046150 0.111496
vt 0.036675 0.136939
vt 0.146362 0.073938
vt 0.142581 0.087651
vt 0.144135 0.443702
vt 0.140534 0.427546
vt 0.049780 0.425024
vt 0.022258 0.425024
vt 0.028502 0.410376
vt 0.053801 0.410376
vt 0.090250 0.011587
vt 0.099560 0.000000
vt 0.099560 0.019686
vt 0.091002 0.030336
vt 0.022043 0.156411
vt 0.028305 0.163462
vt 0.157664 0.099879
vt 0.152970 0.111496
vt 0.176862 0.425024
vt 0.149340 0.425024
vt 0.145319 0.410376
vt 0.170618 0.410376
vt 0.108871 0.011587
vt 0.108119 0.030336
vt 0.145867 0.439240
vt 0.142127 0.423444
vt 0.181815 0.424205
vt 0.175171 0.409623
vt 0.014327 0.185852
vt 0.021212 0.190525
vt 0.167972 0.127558
vt 0.162446 0.136939
vt 0.017305 0.424205
vt 0.023950 0.409623
vt 0.186520 0.421788
vt 0.179495 0.407402
vt 0.008156 0.215281
vt 0.015539 0.217576
vt 0.054986 0.443702
vt 0.053253 0.439240
vt 0.056994 0.423444
vt 0.058586 0.427546
vt 0.177077 0.156411
vt 0.170815 0.163462
vt 0.134580 0.450900
vt 0.099560 0.450900
vt 0.099560 0.434162
vt 0.131752 0.434162
vt 0.190740 0.417896
vt 0.183375 0.403824
vt 0.012601 0.421788
vt 0.019625 0.407402
vt 0.064540 0.450900
vt 0.067369 0.434162
vt 0.003656 0.244099
vt 0.011403 0.244066
vt 0.057739 0.447485
vt 0.061117 0.431023
vt 0.184794 0.185852
vt 0.177908 0.190525
vt 0.077406 0.029338
vt 0.079195 0.046654
vt 0.194264 0.412723
vt 0.186614 0.399068
vt 0.008380 0.417896
vt 0.015746 0.403824
vt 0.000919 0.271719
vt 0.008887 0.269455
vt 0.061094 0.450013
vt 0.064201 0.433346
vt 0.190965 0.215281
vt 0.183581 0.217576
vt 0.064823 0.050264
vt 0.067629 0.065890
vt 0.196916 0.406528
vt 0.189052 0.393374
vt 0.004856 0.412723
vt 0.012506 0.399068
vt 0.195465 0.244099
vt 0.187718 0.244066
vt 0.052758 0.073938
vt 0.056539 0.087651
vt 0.535518 0.023786
vt 0.489759 0.023786
vt 0.489759 0.000000
vt 0.521950 0.000000
vt 0.525118 0.000816
vt 0.528202 0.003139
vt 0.530733 0.006616
vt 0.532325 0.010718
vt 0.481200 0.403825
vt 0.469394 0.387508
vt 0.457828 0.368272
vt 0.446738 0.346510
vt 0.436349 0.322666
vt 0.426873 0.297223
vt 0.418504 0.270700
vt 0.411411 0.243638
vt 0.405738 0.216586
vt 0.401602 0.190095
vt 0.399086 0.164707
vt 0.398241 0.140935
vt 0.398241 0.053819
vt 0.398754 0.047136
vt 0.400267 0.040788
vt 0.402705 0.035094
vt 0.405944 0.030338
vt 0.409824 0.026760
vt 0.414148 0.024539
vt 0.418701 0.023786
vt 0.444000 0.023786
vt 0.489759 0.414476
vt 0.560817 0.023786
vt 0.565369 0.024539
vt 0.569694 0.026760
vt 0.573573 0.030338
vt 0.576813 0.035094
vt 0.579250 0.040788
vt 0.580764 0.047136
vt 0.581277 0.053819
vt 0.581277 0.140935
vt 0.580432 0.164707
vt 0.577916 0.190095
vt 0.573780 0.216586
vt 0.568107 0.243638
vt 0.561014 0.270700
vt 0.552644 0.297223
vt 0.543169 0.322666
vt 0.532780 0.346510
vt 0.521690 0.368272
vt 0.510124 0.387508
vt 0.498317 0.403825
vt 0.447192 0.010718
vt 0.448785 0.006616
vt 0.451316 0.003139
vt 0.454400 0.000816
vt 0.457567 0.000000
vt 0.182210 0.706074
vt 0.176831 0.706144
vt 0.947380 0.329406
vt 0.941918 0.329402
vt 0.941857 0.521142
vt 0.941918 0.525869
vt 0.936457 0.525885
vt 0.936396 0.521158
vt 0.947383 0.302847
vt 0.941922 0.302844
vt 0.941804 0.515460
vt 0.936343 0.515476
vt 0.947390 0.277373
vt 0.941929 0.277370
vt 0.941762 0.509107
vt 0.936301 0.509122
vt 0.947401 0.253503
vt 0.941939 0.253500
vt 0.941734 0.502401
vt 0.936273 0.502417
vt 0.941829 0.149476
vt 0.941710 0.166055
vt 0.936249 0.166071
vt 0.936368 0.149492
vt 0.947447 0.165982
vt 0.941986 0.165979
vt 0.941604 0.185562
vt 0.936143 0.185577
vt 0.350858 0.737766
vt 0.350472 0.762949
vt 0.345095 0.762778
vt 0.345481 0.737594
vt 0.941513 0.207598
vt 0.936052 0.207614
vt 0.182210 0.744588
vt 0.176831 0.744658
vt 0.941438 0.231717
vt 0.935978 0.231732
vt 0.941461 0.414884
vt 0.936000 0.414900
vt 0.941382 0.257426
vt 0.935921 0.257442
vt 0.750723 0.424110
vt 0.750723 0.428252
vt 0.745262 0.428257
vt 0.745262 0.424115
vt 0.941345 0.284203
vt 0.935884 0.284218
vt 0.750727 0.420584
vt 0.745265 0.420588
vt 0.941328 0.311502
vt 0.935867 0.311517
vt 0.734843 0.331108
vt 0.734439 0.328254
vt 0.739818 0.328343
vt 0.740222 0.331197
vt 0.941331 0.338767
vt 0.935870 0.338783
vt 0.734985 0.334185
vt 0.740364 0.334274
vt 0.941355 0.365444
vt 0.935894 0.365460
vt 0.734843 0.401511
vt 0.734985 0.398282
vt 0.740364 0.398371
vt 0.740222 0.401600
vt 0.941398 0.390990
vt 0.935937 0.391006
vt 0.734439 0.404798
vt 0.739818 0.404887
vt 0.756190 0.437786
vt 0.756208 0.441239
vt 0.750748 0.441210
vt 0.750729 0.437757
vt 0.947476 0.516518
vt 0.947492 0.527105
vt 0.942031 0.527102
vt 0.942014 0.516515
vt 0.756188 0.433691
vt 0.750727 0.433661
vt 0.941918 0.138641
vt 0.936457 0.138657
vt 0.756208 0.420612
vt 0.750748 0.420583
vt 0.350534 0.767413
vt 0.345157 0.767242
vt 0.734985 0.366234
vt 0.740364 0.366323
vt 0.350858 0.771517
vt 0.345481 0.771345
vt 0.947492 0.138645
vt 0.947480 0.142291
vt 0.942019 0.142287
vt 0.942031 0.138641
vt 0.947454 0.500280
vt 0.941992 0.500277
vt 0.750727 0.441423
vt 0.745265 0.441428
vt 0.947469 0.147111
vt 0.942008 0.147108
vt 0.947434 0.481108
vt 0.941972 0.481105
vt 0.947460 0.152864
vt 0.941998 0.152861
vt 0.947417 0.459392
vt 0.941955 0.459389
vt 0.947452 0.159261
vt 0.941991 0.159258
vt 0.947402 0.435574
vt 0.941941 0.435570
vt 0.898126 0.079496
vt 0.898126 0.000413
vt 0.899133 0.000250
vt 0.899133 0.079333
vt 0.900305 0.000124
vt 0.900305 0.079206
vt 0.901598 0.000039
vt 0.901598 0.079122
vt 0.902961 0.000000
vt 0.902961 0.079083
vt 0.904343 0.000007
vt 0.904343 0.079090
vt 0.905690 0.000061
vt 0.905690 0.079144
vt 0.906950 0.000159
vt 0.906950 0.079242
vt 0.908075 0.000297
vt 0.908075 0.079380
vt 0.881500 0.832628
vt 0.881500 0.752353
vt 0.882580 0.752340
vt 0.882580 0.832616
vt 0.883807 0.752331
vt 0.883807 0.832607
vt 0.885134 0.752326
vt 0.885134 0.832601
vt 0.886511 0.752324
vt 0.886511 0.832599
vt 0.887885 0.752326
vt 0.887885 0.832602
vt 0.889203 0.752332
vt 0.889203 0.832608
vt 0.890414 0.752341
vt 0.890414 0.832617
vt 0.891471 0.752354
vt 0.891471 0.832630
vt 0.751089 0.504424
vt 0.747065 0.582872
vt 0.745987 0.582640
vt 0.750010 0.504192
vt 0.744761 0.582449
vt 0.748785 0.504000
vt 0.743435 0.582304
vt 0.747459 0.503856
vt 0.742060 0.582212
vt 0.746083 0.503764
vt 0.740688 0.582176
vt 0.744711 0.503728
vt 0.739372 0.582198
vt 0.743395 0.503750
vt 0.738163 0.582277
vt 0.742186 0.503829
vt 0.737107 0.582409
vt 0.741130 0.503961
vt 0.865926 0.813633
vt 0.865926 0.893917
vt 0.864845 0.893919
vt 0.864845 0.813635
vt 0.863616 0.893921
vt 0.863616 0.813637
vt 0.862288 0.893922
vt 0.862288 0.813638
vt 0.860910 0.893922
vt 0.860910 0.813638
vt 0.859537 0.893922
vt 0.859537 0.813638
vt 0.858220 0.893920
vt 0.858220 0.813637
vt 0.594450 0.406132
vt 0.593686 0.407281
vt 0.592713 0.408258
vt 0.591569 0.409025
vt 0.590298 0.409553
vt 0.588949 0.409822
vt 0.587573 0.409821
vt 0.586224 0.409550
vt 0.584953 0.409021
vt 0.583809 0.408252
vt 0.582836 0.407274
vt 0.582071 0.406124
vt 0.581545 0.404847
vt 0.581277 0.403491
vt 0.581277 0.402109
vt 0.581545 0.400753
vt 0.582071 0.399477
vt 0.582836 0.398328
vt 0.583809 0.397351
vt 0.584953 0.396584
vt 0.586224 0.396056
vt 0.587573 0.395787
vt 0.588949 0.395788
vt 0.590298 0.396059
vt 0.591569 0.396588
vt 0.592713 0.397357
vt 0.593686 0.398335
vt 0.594450 0.399485
vt 0.594977 0.400762
vt 0.595245 0.402118
vt 0.595245 0.403500
vt 0.594977 0.404856
vt 0.857011 0.893919
vt 0.857011 0.813635
vt 0.855956 0.893916
vt 0.855956 0.813632
vt 0.607781 0.403370
vt 0.608181 0.404693
vt 0.596627 0.409712
vt 0.595594 0.406294
vt 0.643458 0.874082
vt 0.643458 0.880374
vt 0.638655 0.880201
vt 0.638655 0.874077
vt 0.040295 0.745046
vt 0.046430 0.745046
vt 0.046112 0.748590
vt 0.040438 0.748590
vt 0.045765 0.753408
vt 0.040721 0.753408
vt 0.045483 0.758211
vt 0.041070 0.758211
vt 0.832433 0.862820
vt 0.832437 0.858421
vt 0.836008 0.858943
vt 0.836004 0.862882
vt 0.840843 0.859133
vt 0.840840 0.862904
vt 0.845649 0.858941
vt 0.845645 0.862880
vt 0.103597 0.789683
vt 0.103597 0.793630
vt 0.099746 0.794028
vt 0.099746 0.789620
vt 0.094832 0.794386
vt 0.094832 0.789348
vt 0.090172 0.794608
vt 0.090172 0.788940
vt 0.651872 0.874087
vt 0.651872 0.879750
vt 0.648296 0.880209
vt 0.648296 0.874085
vt 0.643469 0.886559
vt 0.638666 0.886219
vt 0.052513 0.745847
vt 0.051737 0.749331
vt 0.050765 0.754067
vt 0.049858 0.758787
vt 0.832447 0.854108
vt 0.836017 0.855081
vt 0.840852 0.855436
vt 0.845658 0.855078
vt 0.104110 0.797546
vt 0.100320 0.798401
vt 0.095488 0.799384
vt 0.090909 0.800231
vt 0.651882 0.885315
vt 0.648307 0.886228
vt 0.643491 0.892529
vt 0.638687 0.892029
vt 0.058439 0.747435
vt 0.057217 0.750799
vt 0.055636 0.755372
vt 0.054120 0.759929
vt 0.053075 0.763248
vt 0.049258 0.762225
vt 0.836032 0.851361
vt 0.840867 0.851875
vt 0.845673 0.851359
vt 0.105128 0.801363
vt 0.101457 0.802665
vt 0.096787 0.804256
vt 0.092371 0.805712
vt 0.651902 0.890689
vt 0.648328 0.892038
vt 0.643524 0.898183
vt 0.638719 0.897532
vt 0.064107 0.749784
vt 0.062459 0.752971
vt 0.060296 0.757303
vt 0.058197 0.761618
vt 0.056726 0.764761
vt 0.836053 0.847847
vt 0.840887 0.848512
vt 0.845694 0.847845
vt 0.106633 0.805018
vt 0.103138 0.806746
vt 0.098708 0.808921
vt 0.094532 0.810959
vt 0.651931 0.895778
vt 0.648360 0.897541
vt 0.643566 0.903424
vt 0.638760 0.902633
vt 0.069421 0.752852
vt 0.067373 0.755809
vt 0.064664 0.759825
vt 0.062019 0.763825
vt 0.060148 0.766737
vt 0.836079 0.844600
vt 0.840912 0.845403
vt 0.845720 0.844598
vt 0.108600 0.808446
vt 0.105334 0.810575
vt 0.101218 0.813296
vt 0.097356 0.815882
vt 0.094782 0.817639
vt 0.091728 0.812316
vt 0.648401 0.902641
vt 0.643618 0.908163
vt 0.638811 0.907245
vt 0.074288 0.756588
vt 0.071875 0.759264
vt 0.068666 0.762896
vt 0.065521 0.766513
vt 0.063283 0.769143
vt 0.836110 0.841675
vt 0.840942 0.842603
vt 0.845751 0.841673
vt 0.110995 0.811590
vt 0.108008 0.814086
vt 0.104275 0.817309
vt 0.100794 0.820396
vt 0.098500 0.822521
vt 0.648451 0.907253
vt 0.075195 0.837875
vt 0.074774 0.842619
vt 0.070100 0.843439
vt 0.070509 0.838822
vt 0.078627 0.760927
vt 0.075887 0.763277
vt 0.072232 0.766463
vt 0.068642 0.769634
vt 0.066077 0.771938
vt 0.424590 0.883415
vt 0.424236 0.880444
vt 0.429152 0.879657
vt 0.429491 0.882502
vt 0.433788 0.880444
vt 0.434143 0.883415
vt 0.113776 0.814396
vt 0.111115 0.817219
vt 0.107825 0.820890
vt 0.104788 0.824425
vt 0.102818 0.826877
vt 0.080093 0.838753
vt 0.079683 0.843370
vt 0.074428 0.847865
vt 0.069763 0.848544
vt 0.082363 0.765796
vt 0.079342 0.767779
vt 0.075303 0.770466
vt 0.071328 0.773136
vt 0.068483 0.775074
vt 0.423938 0.877157
vt 0.428866 0.876512
vt 0.433490 0.877157
vt 0.116897 0.816815
vt 0.114600 0.819921
vt 0.111808 0.823977
vt 0.109269 0.827898
vt 0.083513 0.845491
vt 0.083202 0.850213
vt 0.079347 0.848476
vt 0.074163 0.853523
vt 0.069506 0.854050
vt 0.085431 0.771111
vt 0.082180 0.772694
vt 0.077825 0.774834
vt 0.073535 0.776958
vt 0.420026 0.878922
vt 0.419760 0.874963
vt 0.423700 0.873612
vt 0.428638 0.873118
vt 0.433252 0.873612
vt 0.120303 0.818806
vt 0.118404 0.822144
vt 0.116156 0.826519
vt 0.114160 0.830758
vt 0.082963 0.855304
vt 0.079089 0.853982
vt 0.073984 0.859495
vt 0.069332 0.859863
vt 0.087780 0.776780
vt 0.084352 0.777937
vt 0.079756 0.779495
vt 0.075225 0.781036
vt 0.419567 0.870783
vt 0.423527 0.869870
vt 0.428473 0.869535
vt 0.433079 0.869870
vt 0.123937 0.820335
vt 0.122463 0.823852
vt 0.120794 0.828471
vt 0.119378 0.832953
vt 0.082802 0.860680
vt 0.078915 0.859794
vt 0.073894 0.865681
vt 0.069244 0.865883
vt 0.089369 0.782708
vt 0.085821 0.783419
vt 0.081062 0.784368
vt 0.076367 0.785300
vt 0.419450 0.866454
vt 0.423422 0.865993
vt 0.428373 0.865825
vt 0.432975 0.865993
vt 0.127737 0.821377
vt 0.126706 0.825015
vt 0.125643 0.829800
vt 0.124834 0.834449
vt 0.082721 0.866247
vt 0.078827 0.865814
vt 0.073894 0.871974
vt 0.069244 0.872007
vt 0.090170 0.788793
vt 0.086562 0.789046
vt 0.081721 0.789369
vt 0.076944 0.789676
vt 0.419411 0.862049
vt 0.423387 0.862049
vt 0.428339 0.862049
vt 0.432939 0.862049
vt 0.131637 0.821912
vt 0.131061 0.825613
vt 0.130621 0.830483
vt 0.130434 0.835217
vt 0.082721 0.871910
vt 0.078827 0.871938
vt 0.073984 0.878266
vt 0.069332 0.878130
vt 0.090171 0.794929
vt 0.086563 0.794721
vt 0.081722 0.794414
vt 0.076945 0.794090
vt 0.419450 0.857644
vt 0.423422 0.858105
vt 0.428373 0.858274
vt 0.432975 0.858105
vt 0.135570 0.821933
vt 0.135454 0.825636
vt 0.135641 0.830510
vt 0.136082 0.835247
vt 0.082802 0.877573
vt 0.078915 0.878062
vt 0.074163 0.884449
vt 0.069506 0.884148
vt 0.089372 0.801014
vt 0.085824 0.800348
vt 0.081064 0.799415
vt 0.076370 0.798467
vt 0.419567 0.853315
vt 0.423527 0.854228
vt 0.428473 0.854563
vt 0.433079 0.854228
vt 0.139470 0.821438
vt 0.139809 0.825083
vt 0.140619 0.829878
vt 0.141681 0.834537
vt 0.082963 0.883138
vt 0.079089 0.884080
vt 0.074428 0.890419
vt 0.069763 0.889958
vt 0.087785 0.806941
vt 0.084356 0.805830
vt 0.079760 0.804288
vt 0.075228 0.802730
vt 0.419760 0.849135
vt 0.423700 0.850486
vt 0.428638 0.850980
vt 0.433252 0.850486
vt 0.143270 0.820436
vt 0.144053 0.823965
vt 0.145468 0.828599
vt 0.147137 0.833098
vt 0.083202 0.888511
vt 0.079347 0.889889
vt 0.074774 0.896072
vt 0.070100 0.895460
vt 0.085438 0.812611
vt 0.082185 0.811073
vt 0.077830 0.808949
vt 0.073540 0.806808
vt 0.420026 0.845176
vt 0.423938 0.846941
vt 0.428866 0.847587
vt 0.433490 0.846941
vt 0.146904 0.818944
vt 0.148111 0.822299
vt 0.150107 0.826695
vt 0.152355 0.830956
vt 0.083513 0.893599
vt 0.079683 0.895391
vt 0.075195 0.901312
vt 0.070509 0.900560
vt 0.082371 0.817926
vt 0.079350 0.815988
vt 0.075310 0.813318
vt 0.071334 0.810631
vt 0.068489 0.808648
vt 0.070464 0.805225
vt 0.424236 0.843654
vt 0.429152 0.844441
vt 0.433788 0.843654
vt 0.150310 0.816988
vt 0.151916 0.820115
vt 0.154454 0.824199
vt 0.157246 0.828148
vt 0.159543 0.830903
vt 0.154254 0.833940
vt 0.080093 0.900491
vt 0.075683 0.906050
vt 0.070985 0.905170
vt 0.078637 0.822795
vt 0.075896 0.820490
vt 0.072240 0.817320
vt 0.068648 0.814133
vt 0.066084 0.811784
vt 0.424590 0.840683
vt 0.429491 0.841596
vt 0.434143 0.840683
vt 0.153431 0.814602
vt 0.155401 0.817450
vt 0.158437 0.821153
vt 0.161727 0.824721
vt 0.164389 0.827197
vt 0.080569 0.905102
vt 0.571574 0.908162
vt 0.571520 0.903348
vt 0.576352 0.902575
vt 0.576404 0.907259
vt 0.074300 0.827134
vt 0.071885 0.824503
vt 0.068675 0.820887
vt 0.065529 0.817254
vt 0.063290 0.814579
vt 0.832433 0.841673
vt 0.832398 0.844646
vt 0.827592 0.845432
vt 0.827625 0.842586
vt 0.822758 0.844646
vt 0.822793 0.841673
vt 0.156212 0.811826
vt 0.158507 0.814349
vt 0.161987 0.817610
vt 0.165721 0.820735
vt 0.168707 0.822886
vt 0.566764 0.907269
vt 0.566711 0.902585
vt 0.571474 0.898044
vt 0.576308 0.897413
vt 0.069433 0.830870
vt 0.067384 0.827958
vt 0.064674 0.823958
vt 0.062028 0.819941
vt 0.060156 0.816985
vt 0.832369 0.847934
vt 0.827564 0.848579
vt 0.822728 0.847933
vt 0.158607 0.808707
vt 0.161181 0.810865
vt 0.165044 0.813629
vt 0.169159 0.816256
vt 0.172425 0.818044
vt 0.566667 0.897422
vt 0.571436 0.892340
vt 0.576271 0.891861
vt 0.064120 0.833938
vt 0.062471 0.830796
vt 0.060307 0.826480
vt 0.058207 0.822148
vt 0.056734 0.818961
vt 0.832345 0.851480
vt 0.827541 0.851973
vt 0.822705 0.851480
vt 0.160574 0.805299
vt 0.163378 0.807060
vt 0.167554 0.809279
vt 0.171983 0.811363
vt 0.175479 0.812752
vt 0.566630 0.891871
vt 0.571407 0.886333
vt 0.576243 0.886016
vt 0.058453 0.836287
vt 0.057230 0.832967
vt 0.055648 0.828411
vt 0.054131 0.823838
vt 0.053084 0.820473
vt 0.832328 0.855223
vt 0.827525 0.855556
vt 0.822687 0.855223
vt 0.819113 0.854311
vt 0.819132 0.850131
vt 0.165059 0.802996
vt 0.169475 0.804635
vt 0.174145 0.806138
vt 0.177816 0.807103
vt 0.566602 0.886026
vt 0.571388 0.880128
vt 0.576223 0.879977
vt 0.052527 0.837875
vt 0.051750 0.834436
vt 0.050777 0.829716
vt 0.049868 0.824980
vt 0.049267 0.821496
vt 0.832318 0.859100
vt 0.827515 0.859268
vt 0.822677 0.859100
vt 0.819101 0.858641
vt 0.166196 0.798744
vt 0.170775 0.799776
vt 0.175607 0.800672
vt 0.179397 0.801191
vt 0.566583 0.879987
vt 0.571378 0.873829
vt 0.576214 0.873847
vt 0.579785 0.873906
vt 0.579794 0.879575
vt 0.046125 0.835177
vt 0.045777 0.830375
vt 0.045493 0.825556
vt 0.045350 0.822012
vt 0.832314 0.863044
vt 0.827511 0.863043
vt 0.822674 0.863044
vt 0.819097 0.863046
vt 0.166769 0.794377
vt 0.171430 0.794785
vt 0.176344 0.795056
vt 0.180194 0.795119
vt 0.566573 0.873857
vt 0.571378 0.867545
vt 0.576214 0.867732
vt 0.579785 0.868250
vt 0.040452 0.835177
vt 0.040734 0.830375
vt 0.041080 0.825556
vt 0.041399 0.822012
vt 0.832318 0.866988
vt 0.827515 0.866818
vt 0.822677 0.866988
vt 0.819101 0.867450
vt 0.166769 0.789969
vt 0.171430 0.789747
vt 0.176344 0.789389
vt 0.180194 0.788991
vt 0.566573 0.867741
vt 0.571388 0.861383
vt 0.576223 0.861734
vt 0.579794 0.862704
vt 0.034826 0.834436
vt 0.035734 0.829716
vt 0.036705 0.824980
vt 0.037481 0.821496
vt 0.832328 0.870864
vt 0.827525 0.870529
vt 0.822687 0.870864
vt 0.819113 0.871779
vt 0.166196 0.785595
vt 0.170775 0.784749
vt 0.175607 0.783766
vt 0.179397 0.782911
vt 0.566583 0.861744
vt 0.571407 0.855448
vt 0.576243 0.855959
vt 0.034227 0.837875
vt 0.028300 0.836287
vt 0.029346 0.832967
vt 0.030862 0.828411
vt 0.032443 0.823838
vt 0.033664 0.820473
vt 0.832345 0.874606
vt 0.827541 0.874111
vt 0.822705 0.874606
vt 0.819132 0.875958
vt 0.165059 0.781332
vt 0.169475 0.779876
vt 0.174145 0.778284
vt 0.177816 0.776983
vt 0.566602 0.855968
vt 0.571436 0.849843
vt 0.576271 0.850503
vt 0.022632 0.833938
vt 0.024104 0.830796
vt 0.026203 0.826480
vt 0.028366 0.822148
vt 0.030014 0.818961
vt 0.832369 0.878150
vt 0.827564 0.877504
vt 0.822728 0.878150
vt 0.819158 0.879916
vt 0.163378 0.777251
vt 0.167554 0.775212
vt 0.171983 0.773037
vt 0.175479 0.771309
vt 0.566630 0.850513
vt 0.571474 0.844662
vt 0.576308 0.845462
vt 0.017318 0.830870
vt 0.019190 0.827958
vt 0.021834 0.823958
vt 0.024544 0.819941
vt 0.026591 0.816985
vt 0.832398 0.881435
vt 0.827592 0.880649
vt 0.822758 0.881435
vt 0.160574 0.778607
vt 0.158607 0.775179
vt 0.161181 0.773422
vt 0.165044 0.770836
vt 0.169159 0.768114
vt 0.172425 0.765986
vt 0.566667 0.845471
vt 0.571520 0.839995
vt 0.576352 0.840920
vt 0.012451 0.827134
vt 0.014688 0.824503
vt 0.017833 0.820887
vt 0.021042 0.817254
vt 0.023456 0.814579
vt 0.832433 0.884406
vt 0.827625 0.883492
vt 0.822793 0.884406
vt 0.156212 0.772035
vt 0.158507 0.769911
vt 0.161987 0.766823
vt 0.165721 0.763600
vt 0.168707 0.761105
vt 0.566711 0.840930
vt 0.305792 0.884795
vt 0.305227 0.880054
vt 0.310143 0.879268
vt 0.310693 0.883882
vt 0.008112 0.822794
vt 0.010676 0.820490
vt 0.014266 0.817320
vt 0.017921 0.814133
vt 0.020662 0.811784
vt 0.819097 0.841673
vt 0.818812 0.844645
vt 0.814132 0.845431
vt 0.814405 0.842586
vt 0.809228 0.844645
vt 0.809514 0.841673
vt 0.153431 0.769229
vt 0.155401 0.766778
vt 0.158437 0.763243
vt 0.161727 0.759572
vt 0.164389 0.756749
vt 0.301141 0.883882
vt 0.300590 0.879268
vt 0.304751 0.874811
vt 0.309679 0.874165
vt 0.004376 0.817926
vt 0.007221 0.815988
vt 0.011196 0.813318
vt 0.015234 0.810631
vt 0.018256 0.808648
vt 0.818572 0.847931
vt 0.813902 0.848577
vt 0.808988 0.847931
vt 0.805146 0.846166
vt 0.805414 0.842496
vt 0.151916 0.764076
vt 0.154454 0.760155
vt 0.157246 0.756098
vt 0.159543 0.752993
vt 0.300127 0.874165
vt 0.304372 0.869155
vt 0.309310 0.868661
vt 0.313250 0.867310
vt 0.313591 0.872400
vt 0.004384 0.811073
vt 0.008673 0.808949
vt 0.013028 0.806808
vt 0.016280 0.805225
vt 0.818381 0.851476
vt 0.813719 0.851970
vt 0.808797 0.851476
vt 0.804932 0.850125
vt 0.148111 0.761852
vt 0.150107 0.757614
vt 0.152355 0.753239
vt 0.154254 0.749901
vt 0.299758 0.868661
vt 0.304096 0.863184
vt 0.309042 0.862850
vt 0.313002 0.861936
vt 0.002212 0.805830
vt 0.006743 0.804288
vt 0.011338 0.802730
vt 0.014767 0.801574
vt 0.818242 0.855219
vt 0.813586 0.855553
vt 0.808658 0.855219
vt 0.804777 0.854305
vt 0.144053 0.760144
vt 0.145468 0.755661
vt 0.147137 0.751043
vt 0.148612 0.747526
vt 0.299490 0.862850
vt 0.303929 0.856999
vt 0.308879 0.856831
vt 0.312851 0.856370
vt 0.000742 0.800348
vt 0.005437 0.799415
vt 0.010196 0.798467
vt 0.013744 0.797756
vt 0.818157 0.859095
vt 0.813505 0.859264
vt 0.808573 0.859095
vt 0.804683 0.858635
vt 0.139810 0.758981
vt 0.140619 0.754333
vt 0.141681 0.749548
vt 0.142712 0.745909
vt 0.299327 0.856831
vt 0.303873 0.850707
vt 0.308824 0.850707
vt 0.312801 0.850707
vt 0.000001 0.794721
vt 0.004777 0.794414
vt 0.009619 0.794090
vt 0.013227 0.793837
vt 0.818129 0.863039
vt 0.813478 0.863039
vt 0.808545 0.863039
vt 0.804651 0.863039
vt 0.135454 0.758383
vt 0.135641 0.753649
vt 0.136082 0.748779
vt 0.136657 0.745078
vt 0.299272 0.850707
vt 0.303929 0.844414
vt 0.308879 0.844583
vt 0.312851 0.845044
vt 0.000000 0.789046
vt 0.004777 0.789369
vt 0.009618 0.789676
vt 0.013227 0.789885
vt 0.818157 0.866983
vt 0.813505 0.866815
vt 0.808573 0.866983
vt 0.804683 0.867444
vt 0.131061 0.758360
vt 0.130621 0.753623
vt 0.130434 0.748750
vt 0.130550 0.745046
vt 0.299327 0.844583
vt 0.304096 0.838230
vt 0.309042 0.838564
vt 0.313002 0.839477
vt 0.000740 0.783419
vt 0.005435 0.784368
vt 0.010193 0.785300
vt 0.013742 0.785966
vt 0.818242 0.870860
vt 0.813586 0.870526
vt 0.808658 0.870860
vt 0.804777 0.871773
vt 0.126706 0.758913
vt 0.125643 0.754255
vt 0.124834 0.749460
vt 0.124495 0.745814
vt 0.299490 0.838564
vt 0.304372 0.832258
vt 0.309310 0.832753
vt 0.313250 0.834103
vt 0.002207 0.777937
vt 0.006739 0.779495
vt 0.011335 0.781036
vt 0.014764 0.782148
vt 0.818381 0.874603
vt 0.813719 0.874108
vt 0.808797 0.874603
vt 0.804932 0.875953
vt 0.122463 0.760032
vt 0.120794 0.755533
vt 0.119378 0.750899
vt 0.118595 0.747370
vt 0.299758 0.832753
vt 0.304751 0.826603
vt 0.309679 0.827248
vt 0.313591 0.829013
vt 0.004377 0.772694
vt 0.008668 0.774834
vt 0.013023 0.776958
vt 0.016275 0.778497
vt 0.818572 0.878148
vt 0.813902 0.877502
vt 0.808988 0.878148
vt 0.805146 0.879912
vt 0.118404 0.761698
vt 0.116156 0.757437
vt 0.114160 0.753040
vt 0.112953 0.749686
vt 0.300127 0.827248
vt 0.305227 0.821359
vt 0.310143 0.822146
vt 0.001301 0.771111
vt 0.004368 0.765796
vt 0.007214 0.767779
vt 0.011189 0.770466
vt 0.015229 0.773136
vt 0.018250 0.775074
vt 0.818812 0.881434
vt 0.814132 0.880648
vt 0.809228 0.881434
vt 0.120303 0.764681
vt 0.116897 0.766636
vt 0.114600 0.763882
vt 0.111808 0.759933
vt 0.109269 0.755848
vt 0.107664 0.752722
vt 0.300590 0.822146
vt 0.305793 0.816618
vt 0.310693 0.817532
vt 0.008102 0.760927
vt 0.010667 0.763277
vt 0.014258 0.766463
vt 0.017914 0.769634
vt 0.020655 0.771938
vt 0.819097 0.884406
vt 0.814405 0.883492
vt 0.809514 0.884406
vt 0.113776 0.769023
vt 0.111115 0.766547
vt 0.107825 0.762979
vt 0.104788 0.759275
vt 0.102818 0.756428
vt 0.301141 0.817532
vt 0.643678 0.839986
vt 0.643618 0.844729
vt 0.638811 0.845511
vt 0.638869 0.840895
vt 0.012439 0.756588
vt 0.014678 0.759264
vt 0.017824 0.762896
vt 0.021034 0.766512
vt 0.023449 0.769143
vt 0.836110 0.884401
vt 0.836079 0.881384
vt 0.840912 0.880615
vt 0.840942 0.883503
vt 0.845720 0.881382
vt 0.845751 0.884399
vt 0.110995 0.771800
vt 0.108008 0.769648
vt 0.104275 0.766523
vt 0.100794 0.763262
vt 0.098500 0.760739
vt 0.648510 0.840903
vt 0.648451 0.845520
vt 0.643566 0.849975
vt 0.638760 0.850616
vt 0.017306 0.752852
vt 0.019178 0.755809
vt 0.021824 0.759825
vt 0.024535 0.763825
vt 0.026583 0.766737
vt 0.836053 0.878059
vt 0.840887 0.877432
vt 0.845694 0.878057
vt 0.108600 0.774919
vt 0.105334 0.773131
vt 0.101219 0.770504
vt 0.097356 0.767740
vt 0.094782 0.765582
vt 0.648401 0.850624
vt 0.643524 0.855631
vt 0.638719 0.856121
vt 0.022619 0.749784
vt 0.024092 0.752971
vt 0.026192 0.757303
vt 0.028356 0.761618
vt 0.030005 0.764761
vt 0.836032 0.874484
vt 0.840867 0.874010
vt 0.845673 0.874482
vt 0.106633 0.778327
vt 0.103138 0.776937
vt 0.098708 0.774853
vt 0.094532 0.772634
vt 0.091728 0.770873
vt 0.648360 0.856130
vt 0.643491 0.861604
vt 0.638687 0.861933
vt 0.028286 0.747435
vt 0.029333 0.750799
vt 0.030850 0.755372
vt 0.032433 0.759929
vt 0.033655 0.763248
vt 0.836017 0.870719
vt 0.840852 0.870406
vt 0.845658 0.870718
vt 0.105128 0.781965
vt 0.101457 0.781001
vt 0.096787 0.779498
vt 0.092371 0.777858
vt 0.651931 0.857481
vt 0.651902 0.862857
vt 0.648328 0.861942
vt 0.643469 0.867789
vt 0.638666 0.867953
vt 0.034212 0.745847
vt 0.034813 0.749330
vt 0.035722 0.754067
vt 0.036695 0.758787
vt 0.037472 0.762225
vt 0.836008 0.866830
vt 0.840843 0.866683
vt 0.845649 0.866827
vt 0.104110 0.785772
vt 0.100320 0.785253
vt 0.095488 0.784357
vt 0.090909 0.783325
vt 0.651882 0.868423
vt 0.648306 0.867961
vt 0.832437 0.867229
vt 0.868447 0.662263
vt 0.868447 0.331536
vt 0.874315 0.331599
vt 0.871835 0.662300
vt 0.879957 0.331786
vt 0.875092 0.662408
vt 0.885157 0.332090
vt 0.878094 0.662583
vt 0.889715 0.332500
vt 0.880726 0.662820
vt 0.856171 0.331536
vt 0.847180 0.000118
vt 0.851736 0.000068
vt 0.858801 0.331506
vt 0.856934 0.000031
vt 0.861802 0.331485
vt 0.862576 0.000008
vt 0.865059 0.331472
vt 0.868443 0.000000
vt 0.868446 0.331467
vt 0.874311 0.000008
vt 0.871834 0.331472
vt 0.879954 0.000031
vt 0.875092 0.331485
vt 0.885156 0.000068
vt 0.878095 0.331506
vt 0.889715 0.000119
vt 0.880728 0.331536
vt 0.549250 0.583553
vt 0.558239 0.910581
vt 0.553681 0.910072
vt 0.546618 0.583260
vt 0.548481 0.909694
vt 0.543616 0.583041
vt 0.542839 0.909461
vt 0.540359 0.582908
vt 0.536971 0.909383
vt 0.536971 0.582862
vt 0.531104 0.909461
vt 0.533584 0.582908
vt 0.525461 0.909694
vt 0.530326 0.583041
vt 0.520261 0.910072
vt 0.527324 0.583260
vt 0.515704 0.910581
vt 0.524693 0.583553
vt 0.837963 0.421129
vt 0.847180 0.752323
vt 0.842689 0.752279
vt 0.835370 0.421103
vt 0.837539 0.752245
vt 0.832397 0.421083
vt 0.831928 0.752225
vt 0.829158 0.421072
vt 0.826071 0.752218
vt 0.825776 0.421068
vt 0.820194 0.752225
vt 0.822384 0.421072
vt 0.814523 0.752245
vt 0.819109 0.421083
vt 0.809274 0.752279
vt 0.816079 0.421103
vt 0.804651 0.752323
vt 0.813410 0.421129
vt 0.856169 0.662820
vt 0.847180 0.332500
vt 0.851738 0.332090
vt 0.858800 0.662583
vt 0.856937 0.331786
vt 0.861802 0.662408
vt 0.190918 0.681061
vt 0.192061 0.675279
vt 0.195872 0.675660
vt 0.194582 0.682183
vt 0.862580 0.331599
vt 0.865060 0.662300
vt 0.219092 0.825130
vt 0.215948 0.826432
vt 0.212337 0.819477
vt 0.216907 0.817583
vt 0.467780 0.868114
vt 0.467525 0.872478
vt 0.446568 0.872478
vt 0.446824 0.868114
vt 0.208822 0.849931
vt 0.210713 0.852762
vt 0.204727 0.857750
vt 0.201979 0.853635
vt 0.235143 0.855170
vt 0.237549 0.852763
vt 0.243737 0.857752
vt 0.240240 0.861251
vt 0.232314 0.826433
vt 0.229170 0.825131
vt 0.231556 0.817584
vt 0.236126 0.819478
vt 0.207520 0.836705
vt 0.206856 0.840044
vt 0.199121 0.839263
vt 0.200086 0.834410
vt 0.222430 0.859027
vt 0.225832 0.859027
vt 0.226705 0.866858
vt 0.221759 0.866858
vt 0.240742 0.836707
vt 0.239439 0.833562
vt 0.246485 0.829841
vt 0.248378 0.834412
vt 0.213119 0.828323
vt 0.208224 0.822226
vt 0.213119 0.855169
vt 0.208224 0.861249
vt 0.239439 0.849933
vt 0.246485 0.853638
vt 0.225832 0.824466
vt 0.226705 0.816619
vt 0.206856 0.843448
vt 0.199121 0.844211
vt 0.229170 0.858363
vt 0.231557 0.865893
vt 0.237549 0.830732
vt 0.243737 0.825726
vt 0.210712 0.830730
vt 0.204727 0.825724
vt 0.215948 0.857060
vt 0.212337 0.863998
vt 0.240742 0.846788
vt 0.248378 0.849066
vt 0.222429 0.824466
vt 0.221758 0.816618
vt 0.207520 0.846786
vt 0.200086 0.849064
vt 0.232314 0.857061
vt 0.236127 0.863999
vt 0.235143 0.828325
vt 0.240239 0.822227
vt 0.208822 0.833561
vt 0.201978 0.829838
vt 0.219092 0.858363
vt 0.216908 0.865892
vt 0.241406 0.843450
vt 0.241406 0.840046
vt 0.249343 0.839265
vt 0.249343 0.844213
vt 0.249343 0.844192
vt 0.249343 0.839244
vt 0.257018 0.840085
vt 0.257018 0.843425
vt 0.467525 0.844431
vt 0.467780 0.848795
vt 0.446824 0.848795
vt 0.446568 0.844432
vt 0.580799 0.857844
vt 0.580733 0.852919
vt 0.601621 0.852919
vt 0.601686 0.857844
vt 0.467182 0.876303
vt 0.446225 0.876303
vt 0.467937 0.853530
vt 0.446981 0.853530
vt 0.580538 0.848184
vt 0.601425 0.848184
vt 0.468091 0.876303
vt 0.468048 0.872480
vt 0.489130 0.872480
vt 0.489172 0.876303
vt 0.467991 0.858455
vt 0.447034 0.858455
vt 0.580220 0.843820
vt 0.601109 0.843820
vt 0.468017 0.868117
vt 0.489098 0.868117
vt 0.579794 0.839995
vt 0.600681 0.839995
vt 0.467998 0.863383
vt 0.489079 0.863383
vt 0.419411 0.840683
vt 0.419374 0.844451
vt 0.398292 0.844456
vt 0.398330 0.840687
vt 0.467991 0.858459
vt 0.489072 0.858459
vt 0.419346 0.848773
vt 0.398264 0.848778
vt 0.467998 0.853534
vt 0.489079 0.853534
vt 0.419329 0.853482
vt 0.398247 0.853487
vt 0.468017 0.848798
vt 0.489098 0.848799
vt 0.419323 0.858397
vt 0.398241 0.858402
vt 0.468048 0.844433
vt 0.489130 0.844433
vt 0.419329 0.863329
vt 0.398247 0.863334
vt 0.468091 0.840607
vt 0.489172 0.840607
vt 0.419346 0.868089
vt 0.398264 0.868093
vt 0.579794 0.875692
vt 0.580220 0.871867
vt 0.601109 0.871867
vt 0.600681 0.875692
vt 0.419374 0.872494
vt 0.398292 0.872498
vt 0.580538 0.867503
vt 0.601425 0.867503
vt 0.467937 0.863379
vt 0.446981 0.863379
vt 0.419411 0.876373
vt 0.398330 0.876378
vt 0.580733 0.862768
vt 0.601621 0.862768
vt 0.467182 0.840607
vt 0.446225 0.840607
vt 0.296431 0.829860
vt 0.298313 0.834434
vt 0.290076 0.836838
vt 0.288806 0.833751
vt 0.250303 0.834392
vt 0.257666 0.836810
vt 0.299272 0.839287
vt 0.290724 0.840115
vt 0.252184 0.829822
vt 0.258936 0.833725
vt 0.299272 0.844235
vt 0.290724 0.843455
vt 0.254917 0.825710
vt 0.260780 0.830949
vt 0.298313 0.849087
vt 0.290076 0.846730
vt 0.258394 0.822215
vt 0.263128 0.828589
vt 0.296431 0.853657
vt 0.288806 0.849815
vt 0.262483 0.819469
vt 0.265888 0.826736
vt 0.293699 0.857769
vt 0.286962 0.852591
vt 0.267026 0.817580
vt 0.268955 0.825460
vt 0.290222 0.861264
vt 0.284614 0.854951
vt 0.271849 0.816618
vt 0.272211 0.824811
vt 0.286133 0.864010
vt 0.281854 0.856804
vt 0.276767 0.816623
vt 0.275531 0.824814
vt 0.262483 0.863989
vt 0.258394 0.861237
vt 0.263128 0.854932
vt 0.265888 0.856790
vt 0.281590 0.865900
vt 0.278787 0.858079
vt 0.281590 0.817592
vt 0.278787 0.825469
vt 0.254917 0.857735
vt 0.260780 0.852568
vt 0.276767 0.866860
vt 0.275531 0.858728
vt 0.286133 0.819489
vt 0.281854 0.826750
vt 0.252185 0.853619
vt 0.258936 0.849789
vt 0.271849 0.866856
vt 0.272211 0.858726
vt 0.290222 0.822242
vt 0.284614 0.828608
vt 0.250303 0.849046
vt 0.257666 0.846702
vt 0.267026 0.865887
vt 0.268955 0.858071
vt 0.293699 0.825744
vt 0.286962 0.830972
vt 0.651658 0.782749
vt 0.657468 0.782788
vt 0.657468 0.839935
vt 0.651658 0.839896
vt 0.148223 0.698818
vt 0.153637 0.701079
vt 0.152525 0.704765
vt 0.146418 0.702214
vt 0.139208 0.653206
vt 0.135952 0.658105
vt 0.132575 0.656286
vt 0.136248 0.650759
vt 0.188676 0.658151
vt 0.185420 0.653246
vt 0.188380 0.650804
vt 0.192053 0.656337
vt 0.170991 0.701094
vt 0.176405 0.698843
vt 0.178210 0.702242
vt 0.172103 0.704782
vt 0.132567 0.675228
vt 0.133710 0.681011
vt 0.130045 0.682127
vt 0.128756 0.675602
vt 0.165244 0.642377
vt 0.159384 0.642372
vt 0.159009 0.638537
vt 0.165619 0.638543
vt 0.188676 0.686506
vt 0.192053 0.688325
vt 0.143351 0.695538
vt 0.140922 0.698515
vt 0.143351 0.649040
vt 0.140922 0.646060
vt 0.190918 0.663600
vt 0.194582 0.662485
vt 0.165244 0.702240
vt 0.165619 0.706074
vt 0.132566 0.669332
vt 0.128756 0.668951
vt 0.170991 0.643532
vt 0.172102 0.639846
vt 0.185420 0.691406
vt 0.188380 0.693853
vt 0.139208 0.691366
vt 0.136248 0.693807
vt 0.148223 0.645769
vt 0.146418 0.642369
vt 0.192061 0.669384
vt 0.195872 0.669009
vt 0.159384 0.702235
vt 0.159009 0.706068
vt 0.133710 0.663550
vt 0.130045 0.662429
vt 0.181277 0.649073
vt 0.176405 0.645793
vt 0.178210 0.642397
vt 0.183706 0.646097
vt 0.181277 0.695571
vt 0.183706 0.698552
vt 0.135952 0.686460
vt 0.132575 0.688274
vt 0.153637 0.643517
vt 0.152525 0.639829
vt 0.582574 0.371870
vt 0.581277 0.365346
vt 0.589985 0.364488
vt 0.590948 0.369329
vt 0.597180 0.839870
vt 0.590560 0.839861
vt 0.590560 0.782716
vt 0.597180 0.782725
vt 0.645328 0.782725
vt 0.645328 0.839872
vt 0.603545 0.839896
vt 0.603545 0.782750
vt 0.638721 0.782716
vt 0.638721 0.839862
vt 0.609413 0.839938
vt 0.609413 0.782793
vt 0.632092 0.782722
vt 0.632092 0.839869
vt 0.614557 0.839995
vt 0.614557 0.782849
vt 0.625693 0.782744
vt 0.625693 0.839891
vt 0.441084 0.783489
vt 0.446225 0.784063
vt 0.446225 0.840683
vt 0.441084 0.840109
vt 0.619772 0.782780
vt 0.619772 0.839927
vt 0.435218 0.783063
vt 0.435218 0.839683
vt 0.476837 0.839591
vt 0.470217 0.839519
vt 0.470217 0.782712
vt 0.476837 0.782783
vt 0.614557 0.782829
vt 0.614557 0.839976
vt 0.428853 0.782800
vt 0.428853 0.839420
vt 0.483202 0.839802
vt 0.483202 0.782994
vt 0.451367 0.840145
vt 0.446225 0.840606
vt 0.446225 0.783799
vt 0.451367 0.783337
vt 0.422233 0.782712
vt 0.422233 0.839332
vt 0.489068 0.840145
vt 0.489068 0.783337
vt 0.457233 0.839802
vt 0.457233 0.782994
vt 0.415614 0.782800
vt 0.415614 0.839420
vt 0.494210 0.840606
vt 0.494210 0.783799
vt 0.463598 0.839591
vt 0.463598 0.782783
vt 0.409249 0.783063
vt 0.409249 0.839683
vt 0.571712 0.839938
vt 0.566573 0.839995
vt 0.566573 0.782850
vt 0.571712 0.782793
vt 0.403383 0.783489
vt 0.403383 0.840109
vt 0.577577 0.839896
vt 0.577577 0.782751
vt 0.398241 0.784063
vt 0.398241 0.840683
vt 0.583941 0.839870
vt 0.583941 0.782725
vt 0.662534 0.782840
vt 0.662534 0.839986
vt 0.348357 0.804651
vt 0.352170 0.804609
vt 0.352170 0.881101
vt 0.348357 0.881143
vt 0.588811 0.340496
vt 0.593513 0.335792
vt 0.599064 0.342559
vt 0.595576 0.346049
vt 0.648788 0.365346
vt 0.647491 0.371870
vt 0.639117 0.369329
vt 0.640080 0.364488
vt 0.585119 0.378015
vt 0.592836 0.373889
vt 0.585118 0.346026
vt 0.592835 0.350152
vt 0.648787 0.358695
vt 0.640079 0.359553
vt 0.588814 0.383546
vt 0.595577 0.377993
vt 0.582573 0.352171
vt 0.590947 0.354712
vt 0.647490 0.352171
vt 0.639117 0.354712
vt 0.593516 0.388249
vt 0.599066 0.381483
vt 0.581276 0.358695
vt 0.589984 0.359553
vt 0.644945 0.346026
vt 0.637228 0.350152
vt 0.599045 0.391944
vt 0.603169 0.384225
vt 0.641251 0.340496
vt 0.634487 0.346049
vt 0.605188 0.394490
vt 0.607728 0.386113
vt 0.636549 0.335792
vt 0.630998 0.342559
vt 0.611709 0.395787
vt 0.612566 0.387076
vt 0.631020 0.332097
vt 0.626895 0.339817
vt 0.618359 0.395787
vt 0.617501 0.387076
vt 0.624876 0.329552
vt 0.622337 0.337928
vt 0.624880 0.394490
vt 0.622339 0.386113
vt 0.618355 0.328254
vt 0.617498 0.336965
vt 0.631023 0.391944
vt 0.626898 0.384225
vt 0.611706 0.328254
vt 0.612564 0.336965
vt 0.636551 0.388249
vt 0.631000 0.381483
vt 0.605184 0.329552
vt 0.607725 0.337928
vt 0.641253 0.383546
vt 0.634489 0.377993
vt 0.599041 0.332097
vt 0.603167 0.339817
vt 0.644947 0.378015
vt 0.637230 0.373889
vt 0.682931 0.075685
vt 0.681053 0.071124
vt 0.736224 0.043574
vt 0.742416 0.058622
vt 0.716636 0.404294
vt 0.711725 0.404347
vt 0.711725 0.328307
vt 0.716636 0.328254
vt 0.772162 0.782137
vt 0.776515 0.781821
vt 0.776515 0.857609
vt 0.772162 0.857926
vt 0.344006 0.804682
vt 0.344006 0.881174
vt 0.768347 0.782563
vt 0.768347 0.858351
vt 0.339283 0.804702
vt 0.339283 0.881194
vt 0.850939 0.739352
vt 0.847180 0.739314
vt 0.847180 0.662820
vt 0.850939 0.662858
vt 0.334372 0.804708
vt 0.334372 0.881200
vt 0.855250 0.739380
vt 0.855250 0.662887
vt 0.329460 0.804702
vt 0.329460 0.881194
vt 0.859947 0.739398
vt 0.859947 0.662905
vt 0.324736 0.804682
vt 0.324736 0.881175
vt 0.864850 0.739405
vt 0.864850 0.662912
vt 0.320382 0.804651
vt 0.320382 0.881143
vt 0.869769 0.739400
vt 0.869769 0.662907
vt 0.316565 0.804609
vt 0.316565 0.881101
vt 0.874517 0.739385
vt 0.874517 0.662891
vt 0.800138 0.782137
vt 0.803953 0.782563
vt 0.803953 0.858351
vt 0.800138 0.857926
vt 0.878910 0.739357
vt 0.878910 0.662864
vt 0.795785 0.781821
vt 0.795785 0.857609
vt 0.721548 0.404347
vt 0.721548 0.328307
vt 0.882780 0.739321
vt 0.882780 0.662827
vt 0.791062 0.781626
vt 0.791062 0.857414
vt 0.726271 0.404504
vt 0.726271 0.328464
vt 0.702649 0.404758
vt 0.698833 0.405101
vt 0.698833 0.329061
vt 0.702649 0.328719
vt 0.786150 0.781560
vt 0.786150 0.857349
vt 0.730624 0.404758
vt 0.730624 0.328719
vt 0.707001 0.404504
vt 0.707001 0.328464
vt 0.781238 0.781626
vt 0.781238 0.857414
vt 0.734439 0.405101
vt 0.734439 0.329061
vt 0.241240 0.816595
vt 0.225744 0.816536
vt 0.225744 0.805789
vt 0.241240 0.805849
vt 0.635042 0.075644
vt 0.634085 0.080483
vt 0.581277 0.074451
vt 0.584433 0.058485
vt 0.683887 0.080526
vt 0.745573 0.074594
vt 0.636919 0.071085
vt 0.590626 0.043448
vt 0.683887 0.085462
vt 0.745573 0.090875
vt 0.639645 0.066984
vt 0.599616 0.029918
vt 0.682931 0.090302
vt 0.742417 0.106842
vt 0.643113 0.063498
vt 0.611058 0.018414
vt 0.681053 0.094860
vt 0.736224 0.121879
vt 0.647191 0.060759
vt 0.624513 0.009380
vt 0.678328 0.098961
vt 0.727234 0.135409
vt 0.651723 0.058874
vt 0.639463 0.003163
vt 0.674860 0.102448
vt 0.715792 0.146912
vt 0.656534 0.057916
vt 0.655334 0.000000
vt 0.670782 0.105186
vt 0.702337 0.155946
vt 0.661439 0.057920
vt 0.671516 0.000014
vt 0.643113 0.102420
vt 0.647191 0.105166
vt 0.624513 0.155879
vt 0.611059 0.146821
vt 0.666250 0.107071
vt 0.687387 0.162164
vt 0.666250 0.058887
vt 0.687387 0.003204
vt 0.639645 0.098927
vt 0.599616 0.135298
vt 0.661439 0.108029
vt 0.671516 0.165327
vt 0.670781 0.060779
vt 0.702337 0.009448
vt 0.636919 0.094821
vt 0.590626 0.121753
vt 0.656534 0.108026
vt 0.655334 0.165312
vt 0.674860 0.063525
vt 0.715791 0.018506
vt 0.635042 0.090260
vt 0.584433 0.106705
vt 0.651723 0.107059
vt 0.639463 0.162122
vt 0.678328 0.067018
vt 0.727234 0.030028
vt 0.634085 0.085419
vt 0.581277 0.090733
vt 0.595181 0.274763
vt 0.591022 0.261046
vt 0.600767 0.259109
vt 0.604362 0.270961
vt 0.774543 0.781317
vt 0.758959 0.781253
vt 0.758959 0.770507
vt 0.774543 0.770570
vt 0.257413 0.816618
vt 0.257413 0.805871
vt 0.788906 0.781420
vt 0.788906 0.770674
vt 0.273643 0.816603
vt 0.273643 0.805856
vt 0.801498 0.781559
vt 0.801498 0.770812
vt 0.289305 0.816549
vt 0.289305 0.805802
vt 0.671449 0.584775
vt 0.684036 0.586179
vt 0.684036 0.596827
vt 0.671449 0.595423
vt 0.303798 0.816461
vt 0.303798 0.805714
vt 0.657089 0.583732
vt 0.657089 0.594379
vt 0.473176 0.780224
vt 0.456972 0.780049
vt 0.456972 0.769366
vt 0.473176 0.769541
vt 0.316565 0.816339
vt 0.316565 0.805593
vt 0.641508 0.583089
vt 0.641508 0.593737
vt 0.488757 0.780741
vt 0.488757 0.770058
vt 0.410827 0.781581
vt 0.398241 0.782711
vt 0.398241 0.772028
vt 0.410827 0.770898
vt 0.625304 0.582872
vt 0.625304 0.593520
vt 0.503117 0.781581
vt 0.503117 0.770898
vt 0.425187 0.780741
vt 0.425187 0.770058
vt 0.609100 0.583089
vt 0.609100 0.593737
vt 0.515704 0.782711
vt 0.515704 0.772028
vt 0.440768 0.780224
vt 0.440768 0.769541
vt 0.593519 0.583732
vt 0.593519 0.594379
vt 0.696616 0.781421
vt 0.684036 0.781560
vt 0.684036 0.770813
vt 0.696616 0.770674
vt 0.579159 0.584775
vt 0.579159 0.595423
vt 0.710972 0.781317
vt 0.710972 0.770571
vt 0.566573 0.586179
vt 0.566573 0.596827
vt 0.726551 0.781254
vt 0.726551 0.770507
vt 0.211523 0.816441
vt 0.199121 0.816315
vt 0.199121 0.805568
vt 0.211523 0.805694
vt 0.742754 0.781232
vt 0.742754 0.770485
vt 0.727098 0.791002
vt 0.727192 0.781569
vt 0.768347 0.781560
vt 0.768253 0.790994
vt 0.703323 0.186000
vt 0.714399 0.195094
vt 0.707374 0.202121
vt 0.697803 0.194263
vt 0.735809 0.246799
vt 0.734404 0.261064
vt 0.724659 0.259123
vt 0.725873 0.246798
vt 0.601936 0.287405
vt 0.610198 0.281884
vt 0.690686 0.179241
vt 0.686883 0.188424
vt 0.611027 0.298487
vt 0.618052 0.291459
vt 0.676973 0.175079
vt 0.675035 0.184827
vt 0.622103 0.307581
vt 0.627624 0.299317
vt 0.662713 0.173672
vt 0.662713 0.183612
vt 0.634740 0.314340
vt 0.638543 0.305157
vt 0.648453 0.175075
vt 0.650391 0.184824
vt 0.648453 0.318502
vt 0.650391 0.308754
vt 0.634740 0.179235
vt 0.638543 0.188418
vt 0.662713 0.319909
vt 0.662713 0.309969
vt 0.622103 0.185990
vt 0.627624 0.194255
vt 0.676973 0.318505
vt 0.675035 0.308757
vt 0.611027 0.195082
vt 0.618052 0.202111
vt 0.690686 0.314346
vt 0.686883 0.305163
vt 0.601936 0.206161
vt 0.610198 0.211684
vt 0.703323 0.307591
vt 0.697803 0.299326
vt 0.595181 0.218801
vt 0.604362 0.222606
vt 0.734404 0.232534
vt 0.724659 0.234472
vt 0.714399 0.298499
vt 0.707374 0.291470
vt 0.591022 0.232517
vt 0.600767 0.234457
vt 0.730245 0.218817
vt 0.721065 0.222620
vt 0.723490 0.287420
vt 0.715228 0.281897
vt 0.589617 0.246782
vt 0.599554 0.246783
vt 0.723490 0.206175
vt 0.715228 0.211696
vt 0.730245 0.274780
vt 0.721065 0.270975
vt 0.125709 0.675978
vt 0.125710 0.688363
vt 0.123295 0.700511
vt 0.118557 0.711953
vt 0.111680 0.722251
vt 0.102925 0.731009
vt 0.092631 0.737890
vt 0.081192 0.742630
vt 0.069049 0.745046
vt 0.056668 0.745046
vt 0.044524 0.742630
vt 0.033085 0.737890
vt 0.022790 0.731009
vt 0.014035 0.722251
vt 0.007155 0.711953
vt 0.002417 0.700511
vt 0.000000 0.688363
vt 0.000000 0.675978
vt 0.002415 0.663831
vt 0.007152 0.652388
vt 0.014030 0.642090
vt 0.022785 0.633332
vt 0.033079 0.626451
vt 0.044518 0.621712
vt 0.056661 0.619296
vt 0.069042 0.619296
vt 0.081185 0.621712
vt 0.092625 0.626451
vt 0.102920 0.633332
vt 0.111675 0.642090
vt 0.118554 0.652388
vt 0.123293 0.663831
vt 0.803101 0.486112
vt 0.803117 0.498437
vt 0.761963 0.498437
vt 0.761947 0.486112
vt 0.727029 0.801820
vt 0.768184 0.801812
vt 0.803117 0.473786
vt 0.761963 0.473785
vt 0.726985 0.813607
vt 0.768140 0.813599
vt 0.803165 0.461932
vt 0.762012 0.461931
vt 0.726971 0.825910
vt 0.768126 0.825901
vt 0.803244 0.451005
vt 0.762090 0.451005
vt 0.726985 0.838255
vt 0.768140 0.838246
vt 0.803350 0.441428
vt 0.762196 0.441427
vt 0.727029 0.850168
vt 0.768184 0.850160
vt 0.846495 0.832099
vt 0.845427 0.841673
vt 0.804651 0.841673
vt 0.805719 0.832099
vt 0.727098 0.861193
vt 0.768253 0.861184
vt 0.847289 0.821176
vt 0.806513 0.821176
vt 0.685928 0.838560
vt 0.686060 0.826235
vt 0.726971 0.826235
vt 0.726839 0.838560
vt 0.727192 0.870904
vt 0.768347 0.870895
vt 0.847778 0.809324
vt 0.807002 0.809324
vt 0.685534 0.850412
vt 0.726445 0.850412
vt 0.684896 0.791134
vt 0.684036 0.781560
vt 0.724946 0.781560
vt 0.725806 0.791134
vt 0.847943 0.796998
vt 0.807167 0.796998
vt 0.684896 0.861335
vt 0.725806 0.861335
vt 0.685534 0.802057
vt 0.726445 0.802057
vt 0.847778 0.784672
vt 0.807002 0.784672
vt 0.684036 0.870909
vt 0.724946 0.870909
vt 0.685928 0.813909
vt 0.726839 0.813909
vt 0.847289 0.772820
vt 0.806513 0.772820
vt 0.803244 0.521207
vt 0.803350 0.530777
vt 0.762196 0.530777
vt 0.762090 0.521207
vt 0.846495 0.761898
vt 0.805719 0.761898
vt 0.803165 0.510287
vt 0.762012 0.510287
vt 0.845427 0.752324
vt 0.804651 0.752324
vt 0.744150 0.263004
vt 0.739425 0.278584
vt 0.503117 0.584394
vt 0.515704 0.585524
vt 0.973823 0.527105
vt 0.983572 0.527369
vt 0.983572 0.713258
vt 0.973823 0.712994
vt 0.731752 0.292943
vt 0.731752 0.200654
vt 0.739425 0.215015
vt 0.625304 0.779408
vt 0.609100 0.779625
vt 0.947492 0.326141
vt 0.958572 0.327377
vt 0.958572 0.513266
vt 0.947492 0.512030
vt 0.744150 0.230596
vt 0.581276 0.230577
vt 0.586001 0.214996
vt 0.984706 0.938211
vt 0.974957 0.938476
vt 0.974957 0.752586
vt 0.984706 0.752323
vt 0.641508 0.779625
vt 0.593675 0.200638
vt 0.708843 0.315856
vt 0.694488 0.323529
vt 0.964074 0.339491
vt 0.973821 0.339465
vt 0.973821 0.527079
vt 0.964074 0.527105
vt 0.678912 0.328254
vt 0.398241 0.585524
vt 0.410827 0.584394
vt 0.316565 0.618104
vt 0.330830 0.617951
vt 0.330830 0.804455
vt 0.316565 0.804609
vt 0.616583 0.177725
vt 0.630938 0.170051
vt 0.395982 0.637178
vt 0.381718 0.637197
vt 0.381718 0.449584
vt 0.395982 0.449565
vt 0.646514 0.165327
vt 0.646514 0.328250
vt 0.630938 0.323522
vt 0.303798 0.618096
vt 0.316565 0.617975
vt 0.616583 0.315845
vt 0.456972 0.582862
vt 0.473176 0.583036
vt 0.973823 0.527132
vt 0.973823 0.714745
vt 0.964074 0.714719
vt 0.678912 0.165330
vt 0.694488 0.170059
vt 0.965244 0.940052
vt 0.954326 0.939940
vt 0.954326 0.752323
vt 0.965244 0.752434
vt 0.708843 0.177736
vt 0.593674 0.292927
vt 0.586001 0.278566
vt 0.991836 0.713610
vt 0.983572 0.714213
vt 0.983572 0.527710
vt 0.991836 0.527105
vt 0.367452 0.637179
vt 0.367452 0.449565
vt 0.581276 0.262985
vt 0.779691 0.874554
vt 0.781286 0.858351
vt 0.791032 0.860287
vt 0.789628 0.874551
vt 0.200716 0.899265
vt 0.199121 0.883061
vt 0.209057 0.883062
vt 0.210462 0.897327
vt 0.200716 0.866858
vt 0.210462 0.868798
vt 0.769943 0.890752
vt 0.768347 0.874551
vt 0.778286 0.874554
vt 0.779691 0.888816
vt 0.769943 0.858351
vt 0.779691 0.860293
vt 0.166335 0.738482
vt 0.164739 0.722278
vt 0.174675 0.722279
vt 0.176080 0.736544
vt 0.603282 0.872396
vt 0.601686 0.856195
vt 0.611625 0.856198
vt 0.613030 0.870460
vt 0.603282 0.839995
vt 0.613030 0.841937
vt 0.792629 0.890749
vt 0.791033 0.874550
vt 0.800972 0.874549
vt 0.802377 0.888809
vt 0.792629 0.858351
vt 0.802377 0.860289
vt 0.435739 0.873080
vt 0.434143 0.856882
vt 0.444082 0.856880
vt 0.445487 0.871141
vt 0.435739 0.840683
vt 0.445487 0.842620
vt 0.735515 0.441427
vt 0.733920 0.425225
vt 0.743857 0.425222
vt 0.745262 0.439485
vt 0.735515 0.409023
vt 0.745262 0.410959
vt 0.166335 0.706074
vt 0.176080 0.708014
vt 0.781286 0.890756
vt 0.791033 0.888814
vt 0.558239 0.770625
vt 0.566500 0.770550
vt 0.566501 0.958164
vt 0.558239 0.958239
vt 0.181634 0.638517
vt 0.167347 0.638532
vt 0.167347 0.450913
vt 0.181634 0.450900
vt 0.684036 0.583200
vt 0.696616 0.583060
vt 0.440768 0.583036
vt 0.968354 0.326119
vt 0.958572 0.326140
vt 0.958572 0.138523
vt 0.968354 0.138502
vt 0.356220 0.737594
vt 0.367306 0.737716
vt 0.367306 0.925330
vt 0.356220 0.925208
vt 0.984706 0.752324
vt 0.992970 0.753074
vt 0.992970 0.938963
vt 0.984706 0.938212
vt 0.986463 0.326119
vt 0.978102 0.326183
vt 0.978102 0.138566
vt 0.986463 0.138502
vt 0.579159 0.781312
vt 0.566573 0.782716
vt 0.195872 0.638537
vt 0.195872 0.450920
vt 0.983570 0.339465
vt 0.991834 0.340069
vt 0.991834 0.526574
vt 0.983570 0.525970
vt 0.381717 0.823086
vt 0.367452 0.823277
vt 0.367452 0.637388
vt 0.381717 0.637197
vt 0.199121 0.617950
vt 0.211523 0.618076
vt 0.952994 0.714719
vt 0.941918 0.714842
vt 0.941918 0.527227
vt 0.952994 0.527105
vt 0.968354 0.138502
vt 0.978102 0.138714
vt 0.978102 0.325219
vt 0.968354 0.325006
vt 0.726551 0.582893
vt 0.742754 0.582871
vt 0.758959 0.582892
vt 0.566506 0.770550
vt 0.558239 0.770475
vt 0.558239 0.582862
vt 0.566506 0.582936
vt 0.965244 0.752324
vt 0.974957 0.752349
vt 0.974957 0.939966
vt 0.965244 0.939941
vt 0.954326 0.939822
vt 0.943246 0.938828
vt 0.943246 0.752323
vt 0.954326 0.753318
vt 0.947492 0.139637
vt 0.958572 0.138641
vt 0.958572 0.325146
vt 0.947492 0.326140
vt 0.241240 0.618231
vt 0.257413 0.618254
vt 1.000000 0.526573
vt 0.991834 0.526505
vt 0.991834 0.338888
vt 1.000000 0.338956
vt 0.964074 0.712994
vt 0.952994 0.714231
vt 0.952994 0.528341
vt 0.964074 0.527105
vt 0.273643 0.618238
vt 0.994727 0.324390
vt 0.986463 0.325142
vt 0.986463 0.139253
vt 0.994727 0.138502
vt 0.788906 0.583059
vt 0.801498 0.583199
vt 0.184633 0.706181
vt 0.195872 0.706074
vt 0.195872 0.893692
vt 0.184633 0.893798
vt 0.983570 0.525970
vt 0.973821 0.526181
vt 0.973821 0.339677
vt 0.983570 0.339465
vt 0.345095 0.618104
vt 0.345095 0.804609
vt 0.395982 0.823277
vt 0.395982 0.637388
vt 0.684036 0.782716
vt 0.671449 0.781312
vt 0.923411 0.779446
vt 0.943027 0.779442
vt 0.942969 0.795225
vt 0.923353 0.795229
vt 0.513847 0.826041
vt 0.494232 0.826041
vt 0.494297 0.810168
vt 0.513912 0.810168
vt 0.942950 0.811698
vt 0.923334 0.811702
vt 0.494401 0.795537
vt 0.514017 0.795537
vt 0.942969 0.828229
vt 0.923353 0.828233
vt 0.494543 0.782712
vt 0.514159 0.782712
vt 0.943027 0.844182
vt 0.923411 0.844186
vt 0.909151 0.482006
vt 0.889715 0.482006
vt 0.891146 0.469186
vt 0.910581 0.469186
vt 0.943120 0.858944
vt 0.923504 0.858949
vt 0.892209 0.454560
vt 0.911644 0.454560
vt 0.347806 0.677772
vt 0.367306 0.677772
vt 0.367128 0.694277
vt 0.347628 0.694277
vt 0.943246 0.871948
vt 0.923630 0.871953
vt 0.892863 0.438689
vt 0.912298 0.438689
vt 0.366601 0.710148
vt 0.347101 0.710148
vt 0.345095 0.617951
vt 0.364594 0.617951
vt 0.365746 0.630771
vt 0.346246 0.630771
vt 0.893084 0.422185
vt 0.912519 0.422185
vt 0.365746 0.724774
vt 0.346246 0.724774
vt 0.366601 0.645397
vt 0.347101 0.645397
vt 0.892863 0.405680
vt 0.912298 0.405680
vt 0.364594 0.737594
vt 0.345095 0.737594
vt 0.367128 0.661268
vt 0.347628 0.661268
vt 0.892209 0.389809
vt 0.911644 0.389809
vt 0.514159 0.902355
vt 0.494543 0.902355
vt 0.494401 0.889540
vt 0.514017 0.889541
vt 0.891146 0.375183
vt 0.910581 0.375183
vt 0.494297 0.874918
vt 0.513912 0.874918
vt 0.889715 0.362363
vt 0.909151 0.362363
vt 0.494232 0.859050
vt 0.513847 0.859050
vt 0.923630 0.752328
vt 0.943246 0.752324
vt 0.943120 0.764956
vt 0.923504 0.764960
vt 0.494210 0.842546
vt 0.513825 0.842546
vt 0.912601 0.568215
vt 0.912540 0.553380
vt 0.934001 0.553380
vt 0.934062 0.568216
vt 0.935064 0.672618
vt 0.935118 0.687533
vt 0.913656 0.687538
vt 0.913602 0.672622
vt 0.912519 0.537949
vt 0.933980 0.537949
vt 0.935205 0.701335
vt 0.913743 0.701340
vt 0.912540 0.522517
vt 0.934001 0.522517
vt 0.935323 0.713493
vt 0.913861 0.713498
vt 0.912601 0.507677
vt 0.934062 0.507677
vt 0.911050 0.601650
vt 0.912126 0.613636
vt 0.890792 0.613636
vt 0.889716 0.601650
vt 0.912699 0.493998
vt 0.934160 0.493998
vt 0.912926 0.627311
vt 0.891592 0.627311
vt 0.892865 0.194572
vt 0.892658 0.179141
vt 0.913922 0.179141
vt 0.914129 0.194572
vt 0.912831 0.482007
vt 0.934292 0.482007
vt 0.913418 0.642149
vt 0.892084 0.642149
vt 0.892046 0.164303
vt 0.913310 0.164303
vt 0.889715 0.250502
vt 0.891053 0.238516
vt 0.912316 0.238516
vt 0.910979 0.250502
vt 0.913585 0.657580
vt 0.892251 0.657580
vt 0.891053 0.150628
vt 0.912316 0.150628
vt 0.892046 0.224841
vt 0.913310 0.224841
vt 0.913418 0.673011
vt 0.892084 0.673011
vt 0.889715 0.138641
vt 0.910979 0.138641
vt 0.892658 0.210003
vt 0.913922 0.210003
vt 0.912926 0.687850
vt 0.891592 0.687850
vt 0.935323 0.601650
vt 0.935205 0.613460
vt 0.913743 0.613465
vt 0.913861 0.601654
vt 0.912126 0.701524
vt 0.890792 0.701524
vt 0.935118 0.627004
vt 0.913656 0.627008
vt 0.911050 0.713511
vt 0.889716 0.713511
vt 0.935064 0.641760
vt 0.913602 0.641765
vt 0.912831 0.593867
vt 0.912699 0.581887
vt 0.934160 0.581887
vt 0.934292 0.593868
vt 0.935046 0.657162
vt 0.913584 0.657167
vt 0.474113 0.414476
vt 0.490692 0.414476
vt 0.490129 0.419955
vt 0.474628 0.419955
vt 0.075432 0.619281
vt 0.059267 0.616032
vt 0.060957 0.610760
vt 0.076071 0.613798
vt 0.457852 0.417712
vt 0.459426 0.422980
vt 0.044039 0.609672
vt 0.046720 0.604814
vt 0.442535 0.424058
vt 0.445106 0.428914
vt 0.030335 0.600447
vt 0.033906 0.596189
vt 0.428751 0.433272
vt 0.432218 0.437528
vt 0.018680 0.588710
vt 0.023010 0.585215
vt 0.417028 0.444999
vt 0.421257 0.448493
vt 0.009523 0.574913
vt 0.014449 0.572316
vt 0.407818 0.458789
vt 0.412646 0.461385
vt 0.003216 0.559586
vt 0.008552 0.557986
vt 0.401474 0.474111
vt 0.406715 0.475711
vt 0.000000 0.543317
vt 0.005545 0.542775
vt 0.398241 0.490377
vt 0.403692 0.490919
vt 0.000000 0.526733
vt 0.005545 0.527270
vt 0.398242 0.506962
vt 0.403693 0.506424
vt 0.003215 0.510470
vt 0.008552 0.512065
vt 0.401477 0.523228
vt 0.406718 0.521632
vt 0.009523 0.495154
vt 0.014449 0.497745
vt 0.407823 0.538550
vt 0.412651 0.535958
vt 0.018680 0.481373
vt 0.023010 0.484860
vt 0.417035 0.552339
vt 0.421263 0.548850
vt 0.030335 0.469656
vt 0.033906 0.473906
vt 0.428758 0.564066
vt 0.432224 0.559814
vt 0.044039 0.460455
vt 0.046720 0.465303
vt 0.123308 0.460523
vt 0.137012 0.469749
vt 0.133645 0.473992
vt 0.120832 0.465367
vt 0.442544 0.573280
vt 0.445113 0.568429
vt 0.059267 0.454121
vt 0.060956 0.459381
vt 0.148667 0.481486
vt 0.144542 0.484966
vt 0.457861 0.579627
vt 0.459435 0.574363
vt 0.075432 0.450900
vt 0.076071 0.456370
vt 0.157824 0.495283
vt 0.153103 0.497866
vt 0.474122 0.582862
vt 0.474638 0.577388
vt 0.091915 0.450914
vt 0.091481 0.456383
vt 0.164131 0.510610
vt 0.159000 0.512196
vt 0.490701 0.582862
vt 0.490138 0.577388
vt 0.108080 0.454164
vt 0.106595 0.459421
vt 0.167347 0.526878
vt 0.162006 0.527406
vt 0.506962 0.579627
vt 0.505341 0.574363
vt 0.167347 0.543463
vt 0.162006 0.542911
vt 0.522278 0.573280
vt 0.519661 0.568429
vt 0.566572 0.490377
vt 0.566573 0.506962
vt 0.561075 0.506424
vt 0.561074 0.490918
vt 0.164131 0.559725
vt 0.159000 0.558116
vt 0.536063 0.564066
vt 0.532549 0.559814
vt 0.563337 0.474111
vt 0.558049 0.475711
vt 0.157824 0.575041
vt 0.153103 0.572436
vt 0.547786 0.552339
vt 0.543509 0.548850
vt 0.556991 0.458789
vt 0.552116 0.461385
vt 0.148667 0.588823
vt 0.144542 0.585321
vt 0.556996 0.538550
vt 0.552120 0.535958
vt 0.547780 0.444999
vt 0.543504 0.448493
vt 0.137012 0.600539
vt 0.133645 0.596275
vt 0.563339 0.523228
vt 0.558051 0.521632
vt 0.536056 0.433272
vt 0.532542 0.437528
vt 0.123308 0.609741
vt 0.120832 0.604878
vt 0.522270 0.424058
vt 0.519653 0.428914
vt 0.108080 0.616074
vt 0.106595 0.610800
vt 0.506953 0.417712
vt 0.505332 0.422980
vt 0.091915 0.619296
vt 0.091481 0.613811
vt 0.915497 0.027122
vt 0.935113 0.027118
vt 0.935055 0.042901
vt 0.915439 0.042905
vt 0.682171 0.826045
vt 0.662556 0.826045
vt 0.662621 0.810172
vt 0.682236 0.810172
vt 0.935036 0.059375
vt 0.915420 0.059379
vt 0.662725 0.795541
vt 0.682342 0.795542
vt 0.935055 0.075906
vt 0.915439 0.075910
vt 0.662868 0.782716
vt 0.682483 0.782716
vt 0.935113 0.091859
vt 0.915497 0.091863
vt 0.909150 0.601650
vt 0.889715 0.601650
vt 0.891146 0.588830
vt 0.910581 0.588830
vt 0.935206 0.106621
vt 0.915590 0.106625
vt 0.892208 0.574203
vt 0.911644 0.574203
vt 0.915231 0.422185
vt 0.934731 0.422185
vt 0.934552 0.438689
vt 0.915052 0.438689
vt 0.935332 0.119625
vt 0.915716 0.119629
vt 0.892863 0.558333
vt 0.912298 0.558333
vt 0.934026 0.454560
vt 0.914526 0.454560
vt 0.912519 0.362363
vt 0.932019 0.362363
vt 0.933170 0.375183
vt 0.913671 0.375183
vt 0.893084 0.541828
vt 0.912519 0.541828
vt 0.933170 0.469186
vt 0.913671 0.469186
vt 0.934026 0.389809
vt 0.914526 0.389809
vt 0.892863 0.525323
vt 0.912298 0.525323
vt 0.932019 0.482006
vt 0.912519 0.482006
vt 0.934552 0.405680
vt 0.915052 0.405680
vt 0.892208 0.509453
vt 0.911644 0.509453
vt 0.682483 0.902359
vt 0.662868 0.902359
vt 0.662725 0.889544
vt 0.682342 0.889545
vt 0.891146 0.494827
vt 0.910581 0.494827
vt 0.662621 0.874922
vt 0.682236 0.874923
vt 0.889715 0.482007
vt 0.909150 0.482007
vt 0.662556 0.859055
vt 0.682172 0.859055
vt 0.915716 0.000004
vt 0.935332 0.000000
vt 0.935206 0.012632
vt 0.915590 0.012637
vt 0.662534 0.842551
vt 0.682150 0.842551
vt 0.367534 0.909486
vt 0.367473 0.894650
vt 0.388934 0.894651
vt 0.388995 0.909487
vt 0.935608 0.209610
vt 0.935661 0.224525
vt 0.914200 0.224529
vt 0.914146 0.209614
vt 0.367453 0.879220
vt 0.388914 0.879220
vt 0.935749 0.238327
vt 0.914288 0.238331
vt 0.367473 0.863788
vt 0.388934 0.863788
vt 0.935866 0.250485
vt 0.914405 0.250489
vt 0.367534 0.848948
vt 0.388995 0.848948
vt 0.920798 0.752324
vt 0.921875 0.764310
vt 0.900541 0.764310
vt 0.899465 0.752324
vt 0.367632 0.835269
vt 0.389093 0.835269
vt 0.922675 0.777985
vt 0.901340 0.777985
vt 0.892865 0.306433
vt 0.892658 0.291002
vt 0.913922 0.291002
vt 0.914128 0.306433
vt 0.367764 0.823277
vt 0.389225 0.823278
vt 0.923167 0.792823
vt 0.901834 0.792823
vt 0.892046 0.276163
vt 0.913310 0.276163
vt 0.889715 0.362363
vt 0.891052 0.350377
vt 0.912316 0.350377
vt 0.910979 0.362363
vt 0.923333 0.808254
vt 0.901999 0.808254
vt 0.891052 0.262488
vt 0.912316 0.262488
vt 0.892046 0.336702
vt 0.913310 0.336702
vt 0.923167 0.823685
vt 0.901834 0.823685
vt 0.910979 0.250502
vt 0.892658 0.321864
vt 0.913922 0.321864
vt 0.922675 0.838523
vt 0.901340 0.838523
vt 0.935866 0.138641
vt 0.935749 0.150452
vt 0.914288 0.150456
vt 0.914406 0.138646
vt 0.921875 0.852198
vt 0.900541 0.852198
vt 0.935661 0.163996
vt 0.914200 0.164000
vt 0.920798 0.864184
vt 0.899465 0.864184
vt 0.935608 0.178752
vt 0.914146 0.178756
vt 0.367764 0.935138
vt 0.367632 0.923157
vt 0.389093 0.923157
vt 0.389225 0.935138
vt 0.935590 0.194154
vt 0.914128 0.194158
vt 0.291581 0.617951
vt 0.275002 0.617951
vt 0.275564 0.612472
vt 0.291065 0.612472
vt 0.658487 0.414491
vt 0.674653 0.417740
vt 0.672963 0.423012
vt 0.657849 0.419974
vt 0.307841 0.614715
vt 0.306268 0.609447
vt 0.689880 0.424100
vt 0.687200 0.428958
vt 0.323158 0.608369
vt 0.320588 0.603514
vt 0.703585 0.433325
vt 0.700013 0.437583
vt 0.336943 0.599155
vt 0.333476 0.594899
vt 0.715240 0.445062
vt 0.710910 0.448556
vt 0.348665 0.587428
vt 0.344436 0.583935
vt 0.724397 0.458859
vt 0.719471 0.461456
vt 0.357875 0.573638
vt 0.353047 0.571042
vt 0.730704 0.474186
vt 0.725368 0.475786
vt 0.364219 0.558316
vt 0.358978 0.556717
vt 0.733920 0.490455
vt 0.728375 0.490996
vt 0.367452 0.542050
vt 0.362001 0.541509
vt 0.733920 0.507039
vt 0.728375 0.506502
vt 0.367451 0.525466
vt 0.362000 0.526003
vt 0.730704 0.523302
vt 0.725368 0.521707
vt 0.364216 0.509200
vt 0.358976 0.510795
vt 0.724397 0.538618
vt 0.719471 0.536026
vt 0.357871 0.493878
vt 0.353043 0.496470
vt 0.715240 0.552399
vt 0.710910 0.548912
vt 0.348659 0.480088
vt 0.344430 0.483577
vt 0.703585 0.564116
vt 0.700013 0.559866
vt 0.336935 0.468361
vt 0.333469 0.472613
vt 0.689881 0.573318
vt 0.687200 0.568469
vt 0.610612 0.573248
vt 0.596908 0.564023
vt 0.600275 0.559780
vt 0.613088 0.568405
vt 0.323150 0.459147
vt 0.320580 0.463998
vt 0.674653 0.579650
vt 0.672963 0.574390
vt 0.585253 0.552286
vt 0.589378 0.548806
vt 0.307832 0.452800
vt 0.306259 0.458064
vt 0.658488 0.582872
vt 0.657849 0.577402
vt 0.576096 0.538489
vt 0.580817 0.535906
vt 0.291571 0.449565
vt 0.291056 0.455039
vt 0.642005 0.582858
vt 0.642439 0.577389
vt 0.569788 0.523162
vt 0.574920 0.521576
vt 0.274992 0.449565
vt 0.275555 0.455039
vt 0.625840 0.579608
vt 0.627325 0.574351
vt 0.566573 0.506894
vt 0.571913 0.506366
vt 0.258732 0.452800
vt 0.260353 0.458064
vt 0.566573 0.490310
vt 0.571913 0.490861
vt 0.243415 0.459147
vt 0.246032 0.463998
vt 0.199121 0.542050
vt 0.199121 0.525466
vt 0.204619 0.526003
vt 0.204620 0.541509
vt 0.569788 0.474047
vt 0.574920 0.475656
vt 0.229630 0.468361
vt 0.233144 0.472613
vt 0.202357 0.558316
vt 0.207645 0.556717
vt 0.576096 0.458731
vt 0.580817 0.461336
vt 0.217908 0.480088
vt 0.222184 0.483577
vt 0.208702 0.573638
vt 0.213577 0.571042
vt 0.585253 0.444950
vt 0.589378 0.448451
vt 0.208698 0.493878
vt 0.213573 0.496470
vt 0.217914 0.587428
vt 0.222190 0.583935
vt 0.596907 0.433233
vt 0.600275 0.437497
vt 0.202354 0.509200
vt 0.207642 0.510795
vt 0.229638 0.599155
vt 0.233151 0.594899
vt 0.610612 0.424031
vt 0.613088 0.428894
vt 0.243423 0.608369
vt 0.246040 0.603514
vt 0.625840 0.417698
vt 0.627325 0.422972
vt 0.258741 0.614715
vt 0.260361 0.609447
vt 0.642005 0.414476
vt 0.642439 0.419960
vt 0.629930 0.886138
vt 0.626606 0.886093
vt 0.626606 0.839986
vt 0.627774 0.840001
vt 0.150106 0.835389
vt 0.153052 0.835560
vt 0.146911 0.884334
vt 0.145876 0.884274
vt 0.134118 0.835560
vt 0.137064 0.835389
vt 0.141294 0.884274
vt 0.140259 0.884334
vt 0.623282 0.886138
vt 0.625438 0.840001
vt 0.155634 0.835793
vt 0.147818 0.884416
vt 0.140261 0.835283
vt 0.142417 0.884237
vt 0.620085 0.886270
vt 0.624315 0.840048
vt 0.155634 0.835314
vt 0.158215 0.835286
vt 0.164361 0.883461
vt 0.163454 0.883471
vt 0.143585 0.835247
vt 0.143585 0.884223
vt 0.617139 0.886483
vt 0.623280 0.840123
vt 0.161160 0.835264
vt 0.165395 0.883454
vt 0.614557 0.886772
vt 0.622373 0.840224
vt 0.164356 0.835251
vt 0.166518 0.883449
vt 0.024094 0.885856
vt 0.021550 0.885831
vt 0.015237 0.837888
vt 0.016131 0.837896
vt 0.167680 0.835247
vt 0.167686 0.883447
vt 0.018632 0.885812
vt 0.014212 0.837881
vt 0.171005 0.835251
vt 0.168854 0.883449
vt 0.015453 0.885800
vt 0.013095 0.837876
vt 0.174201 0.835264
vt 0.169977 0.883454
vt 0.012135 0.885797
vt 0.011930 0.837875
vt 0.177148 0.835286
vt 0.171012 0.883461
vt 0.008806 0.885800
vt 0.010760 0.837876
vt 0.179732 0.835313
vt 0.171920 0.883471
vt 0.005592 0.885812
vt 0.009631 0.837881
vt 0.638655 0.886772
vt 0.636073 0.886483
vt 0.629932 0.840123
vt 0.630839 0.840224
vt 0.002619 0.885831
vt 0.008587 0.837888
vt 0.633127 0.886270
vt 0.628897 0.840048
vt 0.146910 0.835283
vt 0.144753 0.884237
vt 0.000000 0.885856
vt 0.007667 0.837896
vt 0.131536 0.835793
vt 0.139352 0.884416
vt 0.616906 0.396468
vt 0.617876 0.397121
vt 0.618700 0.397951
vt 0.619348 0.398927
vt 0.619794 0.400012
vt 0.620022 0.401163
vt 0.620022 0.402337
vt 0.619794 0.403487
vt 0.619348 0.404571
vt 0.618700 0.405546
vt 0.617875 0.406375
vt 0.616906 0.407027
vt 0.615828 0.407475
vt 0.614684 0.407702
vt 0.613518 0.407701
vt 0.612374 0.407472
vt 0.611297 0.407022
vt 0.610327 0.406369
vt 0.609502 0.405538
vt 0.608855 0.404562
vt 0.608408 0.403477
vt 0.608181 0.402326
vt 0.608181 0.401153
vt 0.608408 0.400002
vt 0.608855 0.398918
vt 0.609502 0.397943
vt 0.610327 0.397114
vt 0.611297 0.396463
vt 0.612374 0.396015
vt 0.613518 0.395787
vt 0.614684 0.395788
vt 0.615828 0.396018
vt 0.893604 0.847935
vt 0.896733 0.847960
vt 0.896733 0.893808
vt 0.893604 0.893783
vt 0.886650 0.847914
vt 0.883092 0.847918
vt 0.743171 0.486232
vt 0.746716 0.486324
vt 0.853793 0.798187
vt 0.857195 0.798189
vt 0.625543 0.396056
vt 0.626922 0.396056
vt 0.627085 0.408274
vt 0.623521 0.408274
vt 0.756863 0.487430
vt 0.759649 0.488029
vt 0.867735 0.798187
vt 0.870909 0.798183
vt 0.902207 0.092407
vt 0.898685 0.092509
vt 0.890200 0.847919
vt 0.739772 0.486288
vt 0.850669 0.798182
vt 0.628274 0.395787
vt 0.630577 0.407579
vt 0.753696 0.486935
vt 0.864302 0.798190
vt 0.905777 0.092426
vt 0.736648 0.486492
vt 0.607781 0.400622
vt 0.607646 0.401996
vt 0.595245 0.402744
vt 0.595594 0.399196
vt 0.608181 0.399303
vt 0.596627 0.395787
vt 0.879662 0.847932
vt 0.876492 0.847956
vt 0.750270 0.486561
vt 0.860743 0.798191
vt 0.909257 0.092565
vt 0.733920 0.486834
vt 0.624188 0.395787
vt 0.620022 0.407579
vt 0.751978 0.504686
vt 0.761947 0.488707
vt 0.873703 0.798177
vt 0.132772 0.735777
vt 0.130803 0.732810
vt 0.129447 0.729512
vt 0.128756 0.726010
vt 0.128756 0.722439
vt 0.129447 0.718936
vt 0.130803 0.715635
vt 0.132772 0.712664
vt 0.135278 0.710136
vt 0.138225 0.708149
vt 0.141499 0.706778
vt 0.144975 0.706078
vt 0.148519 0.706074
vt 0.151995 0.706767
vt 0.155270 0.708130
vt 0.158216 0.710111
vt 0.160722 0.712634
vt 0.162691 0.715601
vt 0.164048 0.718899
vt 0.164739 0.722400
vt 0.164739 0.725971
vt 0.164048 0.729475
vt 0.162691 0.732776
vt 0.160722 0.735747
vt 0.158216 0.738275
vt 0.155270 0.740262
vt 0.151995 0.741632
vt 0.148519 0.742332
vt 0.144975 0.742336
vt 0.141499 0.741643
vt 0.138225 0.740280
vt 0.135278 0.738299
vt 0.892317 0.093053
vt 0.895345 0.092727
vt 0.895345 0.137894
vt 0.892317 0.138220
vt 0.857195 0.752337
vt 0.860743 0.752338
vt 0.899465 0.847993
vt 0.899465 0.893841
vt 0.898685 0.137676
vt 0.853793 0.752334
vt 0.759161 0.442626
vt 0.761947 0.443224
vt 0.902207 0.137574
vt 0.850669 0.752330
vt 0.755994 0.442131
vt 0.905777 0.137593
vt 0.847943 0.798176
vt 0.847943 0.752324
vt 0.752568 0.441757
vt 0.909257 0.137731
vt 0.749014 0.441520
vt 0.912513 0.092818
vt 0.912513 0.137984
vt 0.745469 0.441427
vt 0.915420 0.093175
vt 0.915420 0.138342
vt 0.742069 0.441484
vt 0.873703 0.847988
vt 0.876492 0.893804
vt 0.873703 0.893836
vt 0.738946 0.441687
vt 0.879662 0.893780
vt 0.736217 0.442029
vt 0.883092 0.893766
vt 0.870909 0.752330
vt 0.873703 0.752325
vt 0.886650 0.893761
vt 0.867735 0.752335
vt 0.890200 0.893767
vt 0.864302 0.752337
vt 0.889715 0.093475
vt 0.889715 0.138641
s 1
g Torch_Torch
usemtl Torch
f 21/1/1 23/2/1 24/3/1 25/4/1 26/5/1 27/6/1 28/7/1 29/8/1 30/9/1 31/10/1 32/11/1 22/12/1 67/13/1 69/14/1 70/15/1 71/16/1 72/17/1 73/18/1 74/19/1 68/20/1 3/21/1 6/22/1 5/23/1
f 44/24/2 34/25/2 138/26/2 137/27/2
f 5/23/1 6/22/1 2/28/1 83/29/1 85/30/1 86/31/1 87/32/1 88/33/1 89/34/1 90/35/1 84/36/1 45/37/1 47/38/1 48/39/1 49/40/1 50/41/1 51/42/1 52/43/1 53/44/1 54/45/1 55/46/1 56/47/1 46/48/1
f 83/49/3 2/50/4 1/51/4 76/52/3
f 35/53/2 36/54/2 129/55/2 127/56/2
f 65/57/2 66/58/2 145/59/2 144/60/2
f 3/61/4 68/62/5 59/63/5 4/64/4
f 5/65/6 46/66/7 33/67/7 7/68/6
f 21/69/8 10/70/8 20/71/9 23/72/9
f 23/72/9 20/71/9 19/73/10 24/74/10
f 24/74/10 19/73/10 18/75/11 25/76/11
f 25/76/11 18/75/11 17/77/12 26/78/12
f 26/78/12 17/77/12 16/79/13 27/80/13
f 27/80/13 16/79/13 15/81/14 28/82/14
f 28/82/14 15/81/14 14/83/15 29/84/15
f 29/84/15 14/83/15 13/85/16 30/86/16
f 30/86/16 13/85/16 12/87/17 31/88/17
f 31/88/17 12/87/17 11/89/18 32/90/18
f 32/90/18 11/89/18 9/91/19 22/92/19
f 33/67/7 46/66/7 56/93/20 35/94/20
f 35/94/20 56/93/20 55/95/21 36/96/21
f 36/96/21 55/95/21 54/97/22 37/98/22
f 37/98/22 54/97/22 53/99/23 38/100/23
f 38/100/23 53/99/23 52/101/24 39/102/24
f 39/102/24 52/101/24 51/103/25 40/104/25
f 40/104/25 51/103/25 50/105/26 41/106/26
f 41/106/26 50/105/26 49/107/27 42/108/27
f 42/108/27 49/107/27 48/109/28 43/110/28
f 43/110/28 48/109/28 47/111/29 44/112/29
f 44/112/29 47/111/29 45/113/30 34/114/30
f 21/69/8 5/115/31 7/116/31 10/70/8
f 45/113/30 84/117/32 75/118/32 34/114/30
f 6/22/1 3/21/1 101/119/1 103/120/1 104/121/1 105/122/1 102/123/1 57/124/1
f 2/28/1 6/22/1 57/124/1 91/125/1 93/126/1 94/127/1 95/128/1 92/129/1
f 57/130/4 102/131/33 106/132/33 58/133/4
f 91/134/34 57/130/4 58/133/4 97/135/34
f 3/136/35 4/137/35 107/138/36 101/139/36
f 75/140/2 77/141/2 153/142/2 154/143/2
f 59/63/5 68/62/5 74/144/37 61/145/37
f 61/145/37 74/144/37 73/146/38 62/147/38
f 62/147/38 73/146/38 72/148/39 63/149/39
f 63/150/39 72/151/39 71/152/40 64/153/40
f 64/153/40 71/152/40 70/154/41 65/155/41
f 65/155/41 70/154/41 69/156/42 66/157/42
f 66/157/42 69/156/42 67/158/43 60/159/43
f 83/49/3 76/52/3 82/160/44 85/161/44
f 85/161/44 82/160/44 81/162/45 86/163/45
f 86/163/45 81/162/45 80/164/46 87/165/46
f 87/166/46 80/167/46 79/168/47 88/169/47
f 88/169/47 79/168/47 78/170/48 89/171/48
f 89/171/48 78/170/48 77/172/49 90/173/49
f 90/173/49 77/172/49 75/118/32 84/117/32
f 9/91/19 60/159/43 67/158/43 22/92/19
f 101/139/36 107/138/36 110/174/50 103/175/50
f 103/175/50 110/174/50 109/176/51 104/177/51
f 104/178/51 109/179/51 108/180/52 105/181/52
f 105/181/52 108/180/52 106/132/33 102/131/33
f 91/134/34 97/135/34 100/182/53 93/183/53
f 93/183/53 100/182/53 99/184/54 94/185/54
f 94/186/54 99/187/54 98/188/55 95/189/55
f 95/189/55 98/188/55 96/190/56 92/191/56
f 1/192/57 2/193/57 92/191/56 96/190/56
f 122/194/58 121/195/59 175/196/59 176/197/58
f 149/198/60 148/199/61 202/200/61 203/201/60
f 121/195/59 120/202/62 174/203/62 175/196/59
f 148/199/61 147/204/63 201/205/63 202/200/61
f 99/206/2 100/207/2 161/208/2 162/209/2
f 60/210/2 9/211/2 126/212/2 146/213/2
f 16/214/2 17/215/2 119/216/2 120/217/2
f 66/58/2 60/210/2 146/213/2 145/59/2
f 36/54/2 37/218/2 130/219/2 129/55/2
f 98/220/2 99/206/2 162/209/2 163/221/2
f 4/222/2 59/223/2 140/224/2 111/225/2
f 10/226/2 7/227/2 114/228/2 115/229/2
f 15/230/2 16/214/2 120/217/2 121/231/2
f 37/218/2 38/232/2 131/233/2 130/219/2
f 76/234/2 1/235/2 112/236/2 147/237/2
f 7/227/2 33/238/2 128/239/2 114/228/2
f 96/240/2 98/220/2 163/221/2 164/241/2
f 82/242/2 76/234/2 147/237/2 148/243/2
f 14/244/2 15/230/2 121/231/2 122/245/2
f 34/25/2 75/140/2 154/143/2 138/26/2
f 38/232/2 39/246/2 132/247/2 131/233/2
f 1/235/2 96/240/2 164/241/2 112/236/2
f 59/223/2 61/248/2 139/249/2 140/224/2
f 81/250/2 82/242/2 148/243/2 149/251/2
f 13/252/2 14/244/2 122/245/2 123/253/2
f 110/254/2 107/255/2 155/256/2 156/257/2
f 39/246/2 40/258/2 133/259/2 132/247/2
f 97/260/2 58/261/2 113/262/2 160/263/2
f 80/264/2 81/250/2 149/251/2 150/265/2
f 61/248/2 62/266/2 141/267/2 139/249/2
f 58/261/2 106/268/2 159/269/2 113/262/2
f 12/270/2 13/252/2 123/253/2 124/271/2
f 109/272/2 110/254/2 156/257/2 157/273/2
f 40/258/2 41/274/2 134/275/2 133/259/2
f 107/255/2 4/222/2 111/225/2 155/256/2
f 20/276/2 10/226/2 115/229/2 116/277/2
f 79/278/2 80/264/2 150/265/2 151/279/2
f 62/266/2 63/280/2 142/281/2 141/267/2
f 11/282/2 12/270/2 124/271/2 125/283/2
f 108/284/2 109/272/2 157/273/2 158/285/2
f 41/274/2 42/286/2 135/287/2 134/275/2
f 19/288/2 20/276/2 116/277/2 117/289/2
f 78/290/2 79/278/2 151/279/2 152/291/2
f 63/280/2 64/292/2 143/293/2 142/281/2
f 9/211/2 11/282/2 125/283/2 126/212/2
f 106/268/2 108/284/2 158/285/2 159/269/2
f 42/286/2 43/294/2 136/295/2 135/287/2
f 33/238/2 35/53/2 127/56/2 128/239/2
f 18/296/2 19/288/2 117/289/2 118/297/2
f 77/141/2 78/290/2 152/291/2 153/142/2
f 64/292/2 65/57/2 144/60/2 143/293/2
f 43/294/2 44/24/2 137/27/2 136/295/2
f 100/207/2 97/260/2 160/263/2 161/208/2
f 17/215/2 18/296/2 118/297/2 119/216/2
f 165/298/2 8/299/2 167/300/2 213/301/2 212/302/2 211/303/2 210/304/2 209/305/2
f 182/306/2 181/307/2 183/308/2 184/309/2 185/310/2 186/311/2 187/312/2 188/313/2 189/314/2 190/315/2 191/316/2 192/317/2 208/318/2 207/319/2 206/320/2 205/321/2 204/322/2 203/323/2 202/324/2 201/325/2 166/326/2 8/299/2 168/327/2
f 168/327/2 8/299/2 165/298/2 194/328/2 193/329/2 195/330/2 196/331/2 197/332/2 198/333/2 199/334/2 200/335/2 180/336/2 179/337/2 178/338/2 177/339/2 176/340/2 175/341/2 174/342/2 173/343/2 172/344/2 171/345/2 170/346/2 169/347/2
f 8/299/2 166/326/2 218/348/2 217/349/2 216/350/2 215/351/2 214/352/2 167/300/2
f 150/353/64 149/198/60 203/201/60 204/354/64
f 123/355/65 122/194/58 176/197/58 177/356/65
f 151/357/66 150/358/64 204/359/64 205/360/66
f 124/361/67 123/355/65 177/356/65 178/362/67
f 152/363/68 151/357/66 205/360/66 206/364/68
f 125/365/69 124/361/67 178/362/67 179/366/69
f 153/367/70 152/363/68 206/364/68 207/368/70
f 126/369/71 125/365/69 179/366/69 180/370/71
f 154/371/72 153/367/70 207/368/70 208/372/72
f 128/373/73 127/374/74 181/375/74 182/376/73
f 146/377/75 126/369/71 180/370/71 200/378/75
f 127/374/74 129/379/76 183/380/76 181/375/74
f 111/381/77 140/382/78 194/383/78 165/384/77
f 129/379/76 130/385/79 184/386/79 183/380/76
f 147/204/63 112/387/77 166/388/77 201/205/63
f 130/385/79 131/389/80 185/390/80 184/386/79
f 138/391/81 154/371/72 208/372/72 192/392/81
f 131/389/80 132/393/82 186/394/82 185/390/80
f 156/395/83 155/396/84 209/397/84 210/398/83
f 132/393/82 133/399/85 187/400/85 186/394/82
f 157/401/86 156/395/83 210/398/83 211/402/86
f 133/399/85 134/403/87 188/404/87 187/400/85
f 158/405/88 157/406/86 211/407/86 212/408/88
f 134/403/87 135/409/89 189/410/89 188/404/87
f 159/411/90 158/405/88 212/408/88 213/412/90
f 135/409/89 136/413/91 190/414/91 189/410/89
f 161/415/92 160/416/93 214/417/93 215/418/92
f 136/413/91 137/419/94 191/420/94 190/414/91
f 162/421/95 161/415/92 215/418/92 216/422/95
f 137/419/94 138/391/81 192/392/81 191/420/94
f 163/423/96 162/424/95 216/425/95 217/426/96
f 115/427/97 114/428/98 168/429/98 169/430/97
f 164/431/99 163/423/96 217/426/96 218/432/99
f 114/433/100 128/373/73 182/376/73 168/434/100
f 112/435/101 164/431/99 218/432/99 166/436/101
f 140/382/78 139/437/102 193/438/102 194/383/78
f 160/416/93 113/439/77 167/440/77 214/417/93
f 139/437/102 141/441/103 195/442/103 193/438/102
f 113/439/77 159/411/90 213/412/90 167/440/77
f 141/443/103 142/444/104 196/445/104 195/446/103
f 116/447/105 115/427/97 169/430/97 170/448/105
f 155/396/84 111/449/106 165/450/106 209/397/84
f 142/444/104 143/451/107 197/452/107 196/445/104
f 117/453/108 116/447/105 170/448/105 171/454/108
f 143/451/107 144/455/109 198/456/109 197/452/107
f 118/457/110 117/453/108 171/454/108 172/458/110
f 144/455/109 145/459/111 199/460/111 198/456/109
f 119/461/112 118/457/110 172/458/110 173/462/112
f 145/459/111 146/377/75 200/378/75 199/460/111
f 120/202/62 119/461/112 173/462/112 174/203/62
f 219/463/113 220/464/113 222/465/114 221/466/114
f 221/466/114 222/465/114 224/467/115 223/468/115
f 223/468/115 224/467/115 226/469/116 225/470/116
f 225/470/116 226/469/116 228/471/117 227/472/117
f 227/472/117 228/471/117 230/473/118 229/474/118
f 229/474/118 230/473/118 232/475/119 231/476/119
f 231/476/119 232/475/119 234/477/120 233/478/120
f 233/478/120 234/477/120 236/479/121 235/480/121
f 235/481/121 236/482/121 238/483/122 237/484/122
f 237/484/122 238/483/122 240/485/123 239/486/123
f 239/486/123 240/485/123 242/487/124 241/488/124
f 241/488/124 242/487/124 244/489/125 243/490/125
f 243/490/125 244/489/125 246/491/126 245/492/126
f 245/492/126 246/491/126 248/493/127 247/494/127
f 247/494/127 248/493/127 250/495/128 249/496/128
f 249/496/128 250/495/128 252/497/129 251/498/129
f 251/499/129 252/500/129 254/501/130 253/502/130
f 253/502/130 254/501/130 256/503/131 255/504/131
f 255/504/131 256/503/131 258/505/132 257/506/132
f 257/506/132 258/505/132 260/507/133 259/508/133
f 259/508/133 260/507/133 262/509/134 261/510/134
f 261/510/134 262/509/134 264/511/135 263/512/135
f 263/512/135 264/511/135 266/513/136 265/514/136
f 265/514/136 266/513/136 268/515/137 267/516/137
f 267/517/137 268/518/137 270/519/138 269/520/138
f 269/520/138 270/519/138 272/521/139 271/522/139
f 271/522/139 272/521/139 274/523/140 273/524/140
f 273/524/140 274/523/140 276/525/141 275/526/141
f 275/526/141 276/525/141 278/527/142 277/528/142
f 277/528/142 278/527/142 280/529/143 279/530/143
f 222/531/2 220/532/2 282/533/2 280/534/2 278/535/2 276/536/2 274/537/2 272/538/2 270/539/2 268/540/2 266/541/2 264/542/2 262/543/2 260/544/2 258/545/2 256/546/2 254/547/2 252/548/2 250/549/2 248/550/2 246/551/2 244/552/2 242/553/2 240/554/2 238/555/2 236/556/2 234/557/2 232/558/2 230/559/2 228/560/2 226/561/2 224/562/2
f 279/530/143 280/529/143 282/563/144 281/564/144
f 281/564/144 282/563/144 220/565/113 219/566/113
f 223/567/145 225/568/146 1646/569/146 1645/570/145
f 283/571/147 295/572/148 296/573/149 284/574/150
f 284/575/150 296/576/149 297/577/151 285/578/152
f 285/578/153 297/577/154 298/579/154 286/580/153
f 286/580/155 298/579/156 299/581/156 287/582/155
f 287/583/157 299/584/158 300/585/159 288/586/160
f 288/586/160 300/585/159 301/587/161 289/588/162
f 289/588/162 301/587/161 302/589/163 290/590/164
f 290/591/164 302/592/163 303/593/165 291/594/166
f 291/594/167 303/593/168 304/595/168 292/596/167
f 292/596/169 304/595/170 305/597/170 293/598/169
f 293/599/171 305/600/172 306/601/173 294/602/174
f 294/602/174 306/601/173 295/572/148 283/571/147
f 295/572/148 307/603/175 308/604/176 296/573/149
f 296/576/149 308/605/176 309/606/177 297/577/151
f 297/577/154 309/606/178 310/607/178 298/579/154
f 298/579/156 310/607/179 311/608/179 299/581/156
f 299/584/158 311/609/180 312/610/181 300/585/159
f 300/585/159 312/610/181 313/611/182 301/587/161
f 301/587/161 313/611/182 314/612/183 302/589/163
f 302/592/163 314/613/183 315/614/184 303/593/165
f 303/593/168 315/614/185 316/615/185 304/595/168
f 304/595/170 316/615/186 317/616/186 305/597/170
f 305/600/172 317/617/187 318/618/188 306/601/173
f 306/601/173 318/618/188 307/603/175 295/572/148
f 307/603/175 319/619/189 320/620/190 308/604/176
f 308/605/176 320/621/190 321/622/191 309/606/177
f 309/606/178 321/622/192 322/623/192 310/607/178
f 310/607/179 322/623/193 323/624/193 311/608/179
f 311/608/180 323/624/194 324/625/195 312/626/181
f 312/610/181 324/627/195 325/628/196 313/611/182
f 313/611/182 325/628/196 326/629/197 314/612/183
f 314/613/183 326/630/197 327/631/198 315/614/184
f 315/614/185 327/631/199 328/632/199 316/615/185
f 316/615/186 328/632/200 329/633/200 317/616/186
f 317/617/187 329/634/201 330/635/202 318/618/188
f 318/618/188 330/635/202 319/619/189 307/603/175
f 319/619/189 331/636/203 332/637/204 320/620/190
f 320/621/190 332/638/204 333/639/205 321/622/191
f 321/622/192 333/639/206 334/640/206 322/623/192
f 322/623/193 334/640/207 335/641/207 323/624/193
f 323/624/194 335/641/208 336/642/209 324/625/195
f 324/627/195 336/643/209 337/644/210 325/628/196
f 325/628/196 337/644/210 338/645/211 326/629/197
f 326/630/197 338/646/211 339/647/212 327/631/198
f 327/631/199 339/647/213 340/648/213 328/632/199
f 328/632/200 340/648/214 341/649/214 329/633/200
f 329/634/201 341/650/215 342/651/216 330/635/202
f 330/635/202 342/651/216 331/636/203 319/619/189
f 331/636/203 343/652/217 344/653/218 332/637/204
f 332/638/204 344/654/218 345/655/219 333/639/205
f 333/639/206 345/655/220 346/656/220 334/640/206
f 334/640/207 346/656/221 347/657/221 335/641/207
f 335/641/208 347/657/222 348/658/223 336/642/209
f 336/643/209 348/659/223 349/660/224 337/644/210
f 337/644/210 349/660/224 350/661/225 338/645/211
f 338/646/211 350/662/225 351/663/226 339/647/212
f 339/647/213 351/663/227 352/664/227 340/648/213
f 340/648/214 352/664/228 353/665/228 341/649/214
f 341/649/215 353/665/229 354/666/230 342/667/216
f 342/651/216 354/668/230 343/652/217 331/636/203
f 343/652/217 355/669/231 356/670/232 344/653/218
f 344/654/218 356/671/232 357/672/233 345/655/219
f 345/655/220 357/672/234 358/673/234 346/656/220
f 346/656/221 358/673/235 359/674/235 347/657/221
f 347/657/222 359/674/236 360/675/237 348/658/223
f 348/659/223 360/676/237 361/677/238 349/660/224
f 349/660/224 361/677/238 362/678/239 350/661/225
f 350/662/225 362/679/239 363/680/240 351/663/226
f 351/663/227 363/680/241 364/681/241 352/664/227
f 352/664/228 364/681/242 365/682/242 353/665/228
f 353/665/229 365/682/243 366/683/244 354/666/230
f 354/668/230 366/684/244 355/669/231 343/652/217
f 355/685/231 367/686/245 368/687/246 356/688/232
f 356/671/232 368/689/246 369/690/247 357/672/233
f 357/672/234 369/690/248 370/691/248 358/673/234
f 358/673/235 370/691/249 371/692/249 359/674/235
f 359/674/236 371/692/250 372/693/251 360/675/237
f 360/694/237 372/695/251 373/696/252 361/697/238
f 361/697/238 373/696/252 374/698/253 362/699/239
f 362/679/239 374/700/253 375/701/254 363/680/240
f 363/680/241 375/701/255 376/702/255 364/681/241
f 364/681/242 376/702/256 377/703/256 365/682/242
f 365/682/243 377/703/257 378/704/258 366/683/244
f 366/705/244 378/706/258 367/686/245 355/685/231
f 367/686/245 379/707/259 380/708/260 368/687/246
f 368/689/246 380/709/260 381/710/261 369/690/247
f 369/690/248 381/710/262 382/711/262 370/691/248
f 370/691/249 382/711/263 383/712/263 371/692/249
f 371/692/250 383/712/264 384/713/265 372/693/251
f 372/695/251 384/714/265 385/715/266 373/696/252
f 373/696/252 385/715/266 386/716/267 374/698/253
f 374/700/253 386/717/267 387/718/268 375/701/254
f 375/701/255 387/718/269 388/719/269 376/702/255
f 376/702/256 388/719/270 389/720/270 377/703/256
f 377/721/257 389/722/271 390/723/272 378/706/258
f 378/706/258 390/723/272 379/707/259 367/686/245
f 379/707/259 391/724/273 392/725/274 380/708/260
f 380/709/260 392/726/274 393/727/275 381/710/261
f 381/710/262 393/727/276 394/728/276 382/711/262
f 382/711/263 394/728/277 395/729/277 383/712/263
f 383/730/264 395/731/278 396/732/279 384/714/265
f 384/714/265 396/732/279 397/733/280 385/715/266
f 385/715/266 397/733/280 398/734/281 386/716/267
f 386/717/267 398/735/281 399/736/282 387/718/268
f 387/718/269 399/736/283 400/737/283 388/719/269
f 388/719/270 400/737/284 401/738/284 389/720/270
f 389/722/271 401/739/285 402/740/286 390/723/272
f 390/723/272 402/740/286 391/724/273 379/707/259
f 391/724/273 403/741/287 404/742/288 392/725/274
f 392/726/274 404/743/288 405/744/289 393/727/275
f 393/727/276 405/744/290 406/745/290 394/728/276
f 394/728/277 406/745/291 407/746/291 395/729/277
f 395/731/278 407/747/292 408/748/293 396/732/279
f 396/732/279 408/748/293 409/749/294 397/733/280
f 397/733/280 409/749/294 410/750/295 398/734/281
f 398/735/281 410/751/295 411/752/296 399/736/282
f 399/736/283 411/752/297 412/753/297 400/737/283
f 400/737/284 412/753/298 413/754/298 401/738/284
f 401/739/285 413/755/299 414/756/300 402/740/286
f 402/740/286 414/756/300 403/741/287 391/724/273
f 403/741/287 415/757/301 416/758/302 404/742/288
f 404/743/288 416/759/302 417/760/303 405/744/289
f 405/744/290 417/760/304 418/761/304 406/745/290
f 406/745/291 418/761/305 419/762/305 407/746/291
f 407/747/292 419/763/306 420/764/307 408/748/293
f 408/748/293 420/764/307 421/765/308 409/749/294
f 409/749/294 421/765/308 422/766/309 410/750/295
f 410/751/295 422/767/309 423/768/310 411/752/296
f 411/752/297 423/768/311 424/769/311 412/753/297
f 412/753/298 424/769/312 425/770/312 413/754/298
f 413/755/299 425/771/313 426/772/314 414/756/300
f 414/756/300 426/772/314 415/757/301 403/741/287
f 415/757/301 427/773/315 428/774/316 416/758/302
f 416/759/302 428/775/316 429/776/317 417/760/303
f 417/760/304 429/776/318 430/777/318 418/761/304
f 418/761/305 430/777/319 431/778/319 419/762/305
f 419/763/306 431/779/320 432/780/321 420/764/307
f 420/764/307 432/780/321 433/781/322 421/765/308
f 421/765/308 433/781/322 434/782/323 422/766/309
f 422/767/309 434/783/323 435/784/324 423/768/310
f 423/768/311 435/784/325 436/785/325 424/769/311
f 424/769/312 436/785/326 437/786/326 425/770/312
f 425/771/313 437/787/327 438/788/328 426/772/314
f 426/772/314 438/788/328 427/773/315 415/757/301
f 427/773/315 439/789/329 440/790/330 428/774/316
f 428/775/316 440/791/330 441/792/331 429/776/317
f 429/776/318 441/792/332 442/793/332 430/777/318
f 430/777/319 442/793/333 443/794/333 431/778/319
f 431/779/320 443/795/334 444/796/335 432/780/321
f 432/780/321 444/796/335 445/797/336 433/781/322
f 433/781/322 445/797/336 446/798/337 434/782/323
f 434/783/323 446/799/337 447/800/338 435/784/324
f 435/784/325 447/800/339 448/801/339 436/785/325
f 436/785/326 448/801/340 449/802/340 437/786/326
f 437/787/327 449/803/341 450/804/342 438/788/328
f 438/788/328 450/804/342 439/789/329 427/773/315
f 439/789/329 451/805/343 452/806/344 440/790/330
f 440/791/330 452/807/344 453/808/345 441/792/331
f 441/792/332 453/808/346 454/809/346 442/793/332
f 442/793/333 454/809/347 455/810/347 443/794/333
f 443/795/334 455/811/348 456/812/349 444/796/335
f 444/796/335 456/812/349 457/813/350 445/797/336
f 445/797/336 457/813/350 458/814/351 446/798/337
f 446/799/337 458/815/351 459/816/352 447/800/338
f 447/800/339 459/816/353 460/817/353 448/801/339
f 448/801/340 460/817/354 461/818/354 449/802/340
f 449/803/341 461/819/355 462/820/356 450/804/342
f 450/804/342 462/820/356 451/805/343 439/789/329
f 451/805/343 463/821/357 464/822/358 452/806/344
f 452/807/344 464/823/358 465/824/359 453/808/345
f 453/808/346 465/824/360 466/825/360 454/809/346
f 454/809/347 466/825/361 467/826/361 455/810/347
f 455/811/348 467/827/362 468/828/363 456/812/349
f 456/812/349 468/828/363 469/829/364 457/813/350
f 457/813/350 469/829/364 470/830/365 458/814/351
f 458/815/351 470/831/365 471/832/366 459/816/352
f 459/816/353 471/832/367 472/833/367 460/817/353
f 460/817/354 472/833/368 473/834/368 461/818/354
f 461/819/355 473/835/369 474/836/370 462/820/356
f 462/820/356 474/836/370 463/821/357 451/805/343
f 463/821/357 475/837/371 476/838/372 464/822/358
f 464/823/358 476/839/372 477/840/373 465/824/359
f 465/824/360 477/840/374 478/841/374 466/825/360
f 466/825/361 478/841/375 479/842/375 467/826/361
f 467/827/362 479/843/376 480/844/377 468/828/363
f 468/828/363 480/844/377 481/845/378 469/829/364
f 469/829/364 481/845/378 482/846/379 470/830/365
f 470/831/365 482/847/379 483/848/380 471/832/366
f 471/832/367 483/848/381 484/849/381 472/833/367
f 472/833/368 484/849/382 485/850/382 473/834/368
f 473/835/369 485/851/383 486/852/384 474/836/370
f 474/836/370 486/852/384 475/837/371 463/821/357
f 475/837/371 487/853/385 488/854/386 476/838/372
f 476/839/372 488/855/386 489/856/387 477/840/373
f 477/840/374 489/856/388 490/857/388 478/841/374
f 478/841/375 490/857/389 491/858/389 479/842/375
f 479/842/376 491/858/390 492/859/391 480/860/377
f 480/844/377 492/861/391 493/862/392 481/845/378
f 481/845/378 493/862/392 494/863/393 482/846/379
f 482/847/379 494/864/393 495/865/394 483/848/380
f 483/848/381 495/865/395 496/866/395 484/849/381
f 484/849/382 496/866/396 497/867/396 485/850/382
f 485/850/383 497/867/397 498/868/398 486/869/384
f 486/852/384 498/870/398 487/853/385 475/837/371
f 487/853/385 499/871/399 500/872/400 488/854/386
f 488/855/386 500/873/400 501/874/401 489/856/387
f 489/856/388 501/874/402 502/875/402 490/857/388
f 490/857/389 502/875/403 503/876/403 491/858/389
f 491/858/390 503/876/404 504/877/405 492/859/391
f 492/861/391 504/878/405 505/879/406 493/862/392
f 493/862/392 505/879/406 506/880/407 494/863/393
f 494/864/393 506/881/407 507/882/408 495/865/394
f 495/865/395 507/882/409 508/883/409 496/866/395
f 496/866/396 508/883/410 509/884/410 497/867/396
f 497/867/397 509/884/411 510/885/412 498/868/398
f 498/870/398 510/886/412 499/871/399 487/853/385
f 499/887/399 511/888/413 512/889/414 500/890/400
f 500/873/400 512/891/414 513/892/415 501/874/401
f 501/874/402 513/892/416 514/893/416 502/875/402
f 502/875/403 514/893/417 515/894/417 503/876/403
f 503/876/404 515/894/418 516/895/419 504/877/405
f 504/896/405 516/897/419 517/898/420 505/899/406
f 505/899/406 517/898/420 518/900/421 506/901/407
f 506/881/407 518/902/421 519/903/422 507/882/408
f 507/882/409 519/903/423 520/904/423 508/883/409
f 508/883/410 520/904/424 521/905/424 509/884/410
f 509/884/411 521/905/425 522/906/426 510/885/412
f 510/907/412 522/908/426 511/888/413 499/887/399
f 511/888/413 523/909/427 524/910/428 512/889/414
f 512/891/414 524/911/428 525/912/429 513/892/415
f 513/892/416 525/912/430 526/913/430 514/893/416
f 514/893/417 526/913/431 527/914/431 515/894/417
f 515/894/418 527/914/432 528/915/433 516/895/419
f 516/897/419 528/916/433 529/917/434 517/898/420
f 517/898/420 529/917/434 530/918/435 518/900/421
f 518/902/421 530/919/435 531/920/436 519/903/422
f 519/903/423 531/920/437 532/921/437 520/904/423
f 520/904/424 532/921/438 533/922/438 521/905/424
f 521/905/425 533/922/439 534/923/440 522/906/426
f 522/908/426 534/924/440 523/909/427 511/888/413
f 523/909/427 535/925/441 536/926/442 524/910/428
f 524/911/428 536/927/442 537/928/443 525/912/429
f 525/912/430 537/928/444 538/929/444 526/913/430
f 526/913/431 538/929/445 539/930/445 527/914/431
f 527/914/432 539/930/446 540/931/447 528/915/433
f 528/916/433 540/932/447 541/933/448 529/917/434
f 529/917/434 541/933/448 542/934/449 530/918/435
f 530/919/435 542/935/449 543/936/450 531/920/436
f 531/920/437 543/936/451 544/937/451 532/921/437
f 532/921/438 544/937/452 545/938/452 533/922/438
f 533/922/439 545/938/453 546/939/454 534/923/440
f 534/924/440 546/940/454 535/925/441 523/909/427
f 535/925/441 547/941/455 548/942/456 536/926/442
f 536/927/442 548/943/456 549/944/457 537/928/443
f 537/928/444 549/944/458 550/945/458 538/929/444
f 538/929/445 550/945/459 551/946/459 539/930/445
f 539/930/446 551/946/460 552/947/461 540/931/447
f 540/932/447 552/948/461 553/949/462 541/933/448
f 541/933/448 553/949/462 554/950/463 542/934/449
f 542/934/449 554/950/463 555/951/464 543/952/450
f 543/936/451 555/953/465 556/954/465 544/937/451
f 544/937/452 556/954/466 557/955/466 545/938/452
f 545/938/453 557/955/467 558/956/468 546/939/454
f 546/940/454 558/957/468 547/941/455 535/925/441
f 547/941/455 559/958/469 560/959/470 548/942/456
f 548/943/456 560/960/470 561/961/471 549/944/457
f 549/944/458 561/961/472 562/962/472 550/945/458
f 550/945/459 562/962/473 563/963/473 551/946/459
f 551/946/460 563/963/474 564/964/475 552/947/461
f 552/948/461 564/965/475 565/966/476 553/949/462
f 553/949/462 565/966/476 566/967/477 554/950/463
f 554/950/463 566/967/477 567/968/478 555/951/464
f 555/953/465 567/969/479 568/970/479 556/954/465
f 556/954/466 568/970/480 569/971/480 557/955/466
f 557/955/467 569/971/481 570/972/482 558/956/468
f 558/957/468 570/973/482 559/958/469 547/941/455
f 559/958/469 571/974/162 572/975/483 560/959/470
f 560/959/470 572/975/483 573/976/157 561/977/471
f 561/961/472 573/978/155 574/979/155 562/962/472
f 562/962/473 574/979/153 575/980/153 563/963/473
f 563/963/474 575/980/152 576/981/484 564/964/475
f 564/965/475 576/982/484 577/983/147 565/966/476
f 565/966/476 577/983/147 578/984/485 566/967/477
f 566/967/477 578/984/485 579/985/171 567/968/478
f 567/969/479 579/986/169 580/987/169 568/970/479
f 568/970/480 580/987/167 581/988/167 569/971/480
f 569/971/481 581/988/166 582/989/486 570/972/482
f 570/973/482 582/990/486 571/974/162 559/958/469
f 571/974/162 583/991/161 584/992/487 572/975/483
f 572/975/483 584/992/487 585/993/158 573/976/157
f 573/978/155 585/994/156 586/995/156 574/979/155
f 574/979/153 586/995/154 587/996/154 575/980/153
f 575/980/152 587/996/151 588/997/488 576/981/484
f 576/982/484 588/998/488 589/999/148 577/983/147
f 577/983/147 589/999/148 590/1000/489 578/984/485
f 578/984/485 590/1000/489 591/1001/172 579/985/171
f 579/986/169 591/1002/170 592/1003/170 580/987/169
f 580/987/167 592/1003/168 593/1004/168 581/988/167
f 581/988/166 593/1004/165 594/1005/490 582/989/486
f 582/990/486 594/1006/490 583/991/161 571/974/162
f 583/991/161 595/1007/182 596/1008/491 584/992/487
f 584/992/487 596/1008/491 597/1009/180 585/993/158
f 585/994/156 597/1010/179 598/1011/179 586/995/156
f 586/995/154 598/1011/178 599/1012/178 587/996/154
f 587/996/151 599/1012/177 600/1013/492 588/997/488
f 588/998/488 600/1014/492 601/1015/175 589/999/148
f 589/999/148 601/1015/175 602/1016/493 590/1000/489
f 590/1000/489 602/1016/493 603/1017/187 591/1001/172
f 591/1002/170 603/1018/186 604/1019/186 592/1003/170
f 592/1003/168 604/1019/185 605/1020/185 593/1004/168
f 593/1004/165 605/1020/184 606/1021/494 594/1005/490
f 594/1006/490 606/1022/494 595/1007/182 583/991/161
f 595/1007/182 607/1023/196 608/1024/495 596/1008/491
f 596/1025/491 608/1026/495 609/1027/194 597/1010/180
f 597/1010/179 609/1027/193 610/1028/193 598/1011/179
f 598/1011/178 610/1028/192 611/1029/192 599/1012/178
f 599/1012/177 611/1029/191 612/1030/496 600/1013/492
f 600/1014/492 612/1031/496 613/1032/189 601/1015/175
f 601/1015/175 613/1032/189 614/1033/497 602/1016/493
f 602/1016/493 614/1033/497 615/1034/201 603/1017/187
f 603/1018/186 615/1035/200 616/1036/200 604/1019/186
f 604/1019/185 616/1036/199 617/1037/199 605/1020/185
f 605/1020/184 617/1037/198 618/1038/498 606/1021/494
f 606/1022/494 618/1039/498 607/1023/196 595/1007/182
f 607/1023/196 619/1040/210 620/1041/499 608/1024/495
f 608/1026/495 620/1042/499 621/1043/208 609/1027/194
f 609/1027/193 621/1043/207 622/1044/207 610/1028/193
f 610/1028/192 622/1044/206 623/1045/206 611/1029/192
f 611/1029/191 623/1045/205 624/1046/500 612/1030/496
f 612/1031/496 624/1047/500 625/1048/203 613/1032/189
f 613/1032/189 625/1048/203 626/1049/501 614/1033/497
f 614/1033/497 626/1049/501 627/1050/215 615/1034/201
f 615/1035/200 627/1051/214 628/1052/214 616/1036/200
f 616/1036/199 628/1052/213 629/1053/213 617/1037/199
f 617/1037/198 629/1053/502 630/1054/503 618/1038/498
f 618/1039/498 630/1055/503 619/1040/210 607/1023/196
f 619/1040/210 631/1056/224 632/1057/504 620/1041/499
f 620/1042/499 632/1058/504 633/1059/222 621/1043/208
f 621/1043/207 633/1059/221 634/1060/221 622/1044/207
f 622/1044/206 634/1060/220 635/1061/220 623/1045/206
f 623/1045/205 635/1061/219 636/1062/505 624/1046/500
f 624/1047/500 636/1063/505 637/1064/217 625/1048/203
f 625/1048/203 637/1064/217 638/1065/506 626/1049/501
f 626/1066/501 638/1067/506 639/1068/229 627/1051/215
f 627/1051/214 639/1068/228 640/1069/228 628/1052/214
f 628/1052/213 640/1069/227 641/1070/227 629/1053/213
f 629/1053/502 641/1070/226 642/1071/507 630/1054/503
f 630/1055/503 642/1072/507 631/1056/224 619/1040/210
f 631/1056/224 643/1073/238 644/1074/508 632/1057/504
f 632/1058/504 644/1075/508 645/1076/236 633/1059/222
f 633/1059/221 645/1076/235 646/1077/235 634/1060/221
f 634/1060/220 646/1077/234 647/1078/234 635/1061/220
f 635/1061/219 647/1078/233 648/1079/509 636/1062/505
f 636/1063/505 648/1080/509 649/1081/231 637/1064/217
f 637/1064/217 649/1081/231 650/1082/510 638/1065/506
f 638/1067/506 650/1083/510 651/1084/243 639/1068/229
f 639/1068/228 651/1084/242 652/1085/242 640/1069/228
f 640/1069/227 652/1085/241 653/1086/241 641/1070/227
f 641/1070/226 653/1086/240 654/1087/511 642/1071/507
f 642/1072/507 654/1088/511 643/1073/238 631/1056/224
f 643/1089/238 655/1090/252 656/1091/512 644/1092/508
f 644/1075/508 656/1093/512 657/1094/250 645/1076/236
f 645/1076/235 657/1094/249 658/1095/249 646/1077/235
f 646/1077/234 658/1095/248 659/1096/248 647/1078/234
f 647/1078/233 659/1096/247 660/1097/513 648/1079/509
f 648/1098/509 660/1099/513 661/1100/245 649/1101/231
f 649/1101/231 661/1100/245 662/1102/514 650/1103/510
f 650/1083/510 662/1104/514 663/1105/257 651/1084/243
f 651/1084/242 663/1105/256 664/1106/256 652/1085/242
f 652/1085/241 664/1106/255 665/1107/255 653/1086/241
f 653/1086/240 665/1107/254 666/1108/515 654/1087/511
f 654/1109/511 666/1110/515 655/1090/252 643/1089/238
f 655/1090/252 667/1111/266 668/1112/516 656/1091/512
f 656/1093/512 668/1113/516 669/1114/264 657/1094/250
f 657/1094/249 669/1114/263 670/1115/263 658/1095/249
f 658/1095/248 670/1115/262 671/1116/262 659/1096/248
f 659/1096/247 671/1116/261 672/1117/517 660/1097/513
f 660/1099/513 672/1118/517 673/1119/259 661/1100/245
f 661/1100/245 673/1119/259 674/1120/518 662/1102/514
f 662/1102/514 674/1120/518 675/1121/271 663/1122/257
f 663/1105/256 675/1123/270 676/1124/270 664/1106/256
f 664/1106/255 676/1124/269 677/1125/269 665/1107/255
f 665/1107/254 677/1125/268 678/1126/519 666/1108/515
f 666/1110/515 678/1127/519 667/1111/266 655/1090/252
f 667/1111/266 679/1128/280 680/1129/520 668/1112/516
f 668/1112/516 680/1129/520 681/1130/278 669/1131/264
f 669/1114/263 681/1132/277 682/1133/277 670/1115/263
f 670/1115/262 682/1133/276 683/1134/276 671/1116/262
f 671/1116/261 683/1134/275 684/1135/521 672/1117/517
f 672/1118/517 684/1136/521 685/1137/273 673/1119/259
f 673/1119/259 685/1137/273 686/1138/522 674/1120/518
f 674/1120/518 686/1138/522 687/1139/285 675/1121/271
f 675/1123/270 687/1140/284 688/1141/284 676/1124/270
f 676/1124/269 688/1141/283 689/1142/283 677/1125/269
f 677/1125/268 689/1142/282 690/1143/523 678/1126/519
f 678/1127/519 690/1144/523 679/1128/280 667/1111/266
f 679/1128/280 691/1145/294 692/1146/524 680/1129/520
f 680/1129/520 692/1146/524 693/1147/292 681/1130/278
f 681/1132/277 693/1148/291 694/1149/291 682/1133/277
f 682/1133/276 694/1149/290 695/1150/290 683/1134/276
f 683/1134/275 695/1150/289 696/1151/525 684/1135/521
f 684/1136/521 696/1152/525 697/1153/287 685/1137/273
f 685/1137/273 697/1153/287 698/1154/526 686/1138/522
f 686/1138/522 698/1154/526 699/1155/299 687/1139/285
f 687/1140/284 699/1156/298 700/1157/298 688/1141/284
f 688/1141/283 700/1157/297 701/1158/297 689/1142/283
f 689/1142/282 701/1158/296 702/1159/527 690/1143/523
f 690/1144/523 702/1160/527 691/1145/294 679/1128/280
f 691/1145/294 703/1161/308 704/1162/528 692/1146/524
f 692/1146/524 704/1162/528 705/1163/306 693/1147/292
f 693/1148/291 705/1164/305 706/1165/305 694/1149/291
f 694/1149/290 706/1165/304 707/1166/304 695/1150/290
f 695/1150/289 707/1166/303 708/1167/529 696/1151/525
f 696/1152/525 708/1168/529 709/1169/301 697/1153/287
f 697/1153/287 709/1169/301 710/1170/530 698/1154/526
f 698/1154/526 710/1170/530 711/1171/313 699/1155/299
f 699/1156/298 711/1172/312 712/1173/312 700/1157/298
f 700/1157/297 712/1173/311 713/1174/311 701/1158/297
f 701/1158/296 713/1174/531 714/1175/532 702/1159/527
f 702/1160/527 714/1176/532 703/1161/308 691/1145/294
f 703/1161/308 715/1177/322 716/1178/533 704/1162/528
f 704/1162/528 716/1178/533 717/1179/320 705/1163/306
f 705/1164/305 717/1180/319 718/1181/319 706/1165/305
f 706/1165/304 718/1181/318 719/1182/318 707/1166/304
f 707/1166/303 719/1182/317 720/1183/534 708/1167/529
f 708/1168/529 720/1184/534 721/1185/315 709/1169/301
f 709/1169/301 721/1185/315 722/1186/535 710/1170/530
f 710/1170/530 722/1186/535 723/1187/327 711/1171/313
f 711/1172/312 723/1188/326 724/1189/326 712/1173/312
f 712/1173/311 724/1189/325 725/1190/325 713/1174/311
f 713/1174/531 725/1190/324 726/1191/536 714/1175/532
f 714/1176/532 726/1192/536 715/1177/322 703/1161/308
f 715/1177/322 727/1193/336 728/1194/537 716/1178/533
f 716/1178/533 728/1194/537 729/1195/334 717/1179/320
f 717/1180/319 729/1196/333 730/1197/333 718/1181/319
f 718/1181/318 730/1197/332 731/1198/332 719/1182/318
f 719/1182/317 731/1198/331 732/1199/538 720/1183/534
f 720/1184/534 732/1200/538 733/1201/329 721/1185/315
f 721/1185/315 733/1201/329 734/1202/539 722/1186/535
f 722/1186/535 734/1202/539 735/1203/341 723/1187/327
f 723/1188/326 735/1204/340 736/1205/340 724/1189/326
f 724/1189/325 736/1205/339 737/1206/339 725/1190/325
f 725/1190/324 737/1206/338 738/1207/540 726/1191/536
f 726/1192/536 738/1208/540 727/1193/336 715/1177/322
f 727/1193/336 739/1209/350 740/1210/541 728/1194/537
f 728/1194/537 740/1210/541 741/1211/348 729/1195/334
f 729/1196/333 741/1212/347 742/1213/347 730/1197/333
f 730/1197/332 742/1213/542 743/1214/542 731/1198/332
f 731/1198/331 743/1214/345 744/1215/543 732/1199/538
f 732/1200/538 744/1216/543 745/1217/343 733/1201/329
f 733/1201/329 745/1217/343 746/1218/544 734/1202/539
f 734/1202/539 746/1218/544 747/1219/355 735/1203/341
f 735/1204/340 747/1220/354 748/1221/354 736/1205/340
f 736/1205/339 748/1221/353 749/1222/353 737/1206/339
f 737/1206/338 749/1222/352 750/1223/545 738/1207/540
f 738/1208/540 750/1224/545 739/1209/350 727/1193/336
f 739/1209/350 751/1225/364 752/1226/546 740/1210/541
f 740/1210/541 752/1226/546 753/1227/362 741/1211/348
f 741/1212/347 753/1228/361 754/1229/361 742/1213/347
f 742/1213/542 754/1229/360 755/1230/360 743/1214/542
f 743/1214/345 755/1230/359 756/1231/547 744/1215/543
f 744/1216/543 756/1232/547 757/1233/357 745/1217/343
f 745/1217/343 757/1233/357 758/1234/548 746/1218/544
f 746/1218/544 758/1234/548 759/1235/369 747/1219/355
f 747/1220/354 759/1236/368 760/1237/368 748/1221/354
f 748/1221/353 760/1237/367 761/1238/367 749/1222/353
f 749/1222/352 761/1238/366 762/1239/549 750/1223/545
f 750/1224/545 762/1240/549 751/1225/364 739/1209/350
f 751/1225/364 763/1241/378 764/1242/550 752/1226/546
f 752/1226/546 764/1242/550 765/1243/376 753/1227/362
f 753/1228/361 765/1244/375 766/1245/375 754/1229/361
f 754/1229/360 766/1245/374 767/1246/374 755/1230/360
f 755/1230/359 767/1246/373 768/1247/551 756/1231/547
f 756/1232/547 768/1248/551 769/1249/371 757/1233/357
f 757/1233/357 769/1249/371 770/1250/552 758/1234/548
f 758/1234/548 770/1250/552 771/1251/383 759/1235/369
f 759/1236/368 771/1252/382 772/1253/382 760/1237/368
f 760/1237/367 772/1253/381 773/1254/381 761/1238/367
f 761/1238/366 773/1254/553 774/1255/554 762/1239/549
f 762/1240/549 774/1256/554 763/1241/378 751/1225/364
f 763/1241/378 775/1257/392 776/1258/555 764/1242/550
f 764/1259/550 776/1260/555 777/1261/390 765/1244/376
f 765/1244/375 777/1261/389 778/1262/389 766/1245/375
f 766/1245/374 778/1262/556 779/1263/556 767/1246/374
f 767/1246/373 779/1263/387 780/1264/557 768/1247/551
f 768/1248/551 780/1265/557 781/1266/385 769/1249/371
f 769/1249/371 781/1266/385 782/1267/558 770/1250/552
f 770/1268/552 782/1269/558 783/1270/397 771/1252/383
f 771/1252/382 783/1270/396 784/1271/396 772/1253/382
f 772/1253/381 784/1271/395 785/1272/395 773/1254/381
f 773/1254/553 785/1272/394 786/1273/559 774/1255/554
f 774/1256/554 786/1274/559 775/1257/392 763/1241/378
f 775/1257/392 787/1275/406 788/1276/560 776/1258/555
f 776/1260/555 788/1277/560 789/1278/404 777/1261/390
f 777/1261/389 789/1278/403 790/1279/403 778/1262/389
f 778/1262/556 790/1279/402 791/1280/402 779/1263/556
f 779/1263/387 791/1280/401 792/1281/561 780/1264/557
f 780/1265/557 792/1282/561 793/1283/399 781/1266/385
f 781/1266/385 793/1283/399 794/1284/562 782/1267/558
f 782/1269/558 794/1285/562 795/1286/411 783/1270/397
f 783/1270/396 795/1286/410 796/1287/410 784/1271/396
f 784/1271/395 796/1287/409 797/1288/409 785/1272/395
f 785/1272/394 797/1288/408 798/1289/563 786/1273/559
f 786/1274/559 798/1290/563 787/1275/406 775/1257/392
f 787/1291/406 799/1292/420 800/1293/564 788/1294/560
f 788/1277/560 800/1295/564 801/1296/418 789/1278/404
f 789/1278/403 801/1296/417 802/1297/417 790/1279/403
f 790/1279/402 802/1297/416 803/1298/416 791/1280/402
f 791/1280/401 803/1298/415 804/1299/565 792/1281/561
f 792/1300/561 804/1301/565 805/1302/413 793/1303/399
f 793/1303/399 805/1302/413 806/1304/566 794/1305/562
f 794/1285/562 806/1306/566 807/1307/425 795/1286/411
f 795/1286/410 807/1307/424 808/1308/424 796/1287/410
f 796/1287/409 808/1308/423 809/1309/423 797/1288/409
f 797/1288/408 809/1309/422 810/1310/567 798/1289/563
f 798/1311/563 810/1312/567 799/1292/420 787/1291/406
f 799/1292/420 811/1313/434 812/1314/568 800/1293/564
f 800/1295/564 812/1315/568 813/1316/432 801/1296/418
f 801/1296/417 813/1316/431 814/1317/431 802/1297/417
f 802/1297/416 814/1317/430 815/1318/430 803/1298/416
f 803/1298/415 815/1318/429 816/1319/569 804/1299/565
f 804/1301/565 816/1320/569 817/1321/427 805/1302/413
f 805/1302/413 817/1321/427 818/1322/570 806/1304/566
f 806/1306/566 818/1323/570 819/1324/439 807/1307/425
f 807/1307/424 819/1324/438 820/1325/438 808/1308/424
f 808/1308/423 820/1325/437 821/1326/437 809/1309/423
f 809/1309/422 821/1326/436 822/1327/571 810/1310/567
f 810/1312/567 822/1328/571 811/1313/434 799/1292/420
f 811/1313/434 823/1329/448 824/1330/572 812/1314/568
f 812/1315/568 824/1331/572 825/1332/446 813/1316/432
f 813/1316/431 825/1332/445 826/1333/445 814/1317/431
f 814/1317/430 826/1333/573 827/1334/573 815/1318/430
f 815/1318/429 827/1334/443 828/1335/574 816/1319/569
f 816/1320/569 828/1336/574 829/1337/441 817/1321/427
f 817/1321/427 829/1337/441 830/1338/575 818/1322/570
f 818/1323/570 830/1339/575 831/1340/453 819/1324/439
f 819/1324/438 831/1340/452 832/1341/452 820/1325/438
f 820/1325/437 832/1341/451 833/1342/451 821/1326/437
f 821/1326/436 833/1342/450 834/1343/576 822/1327/571
f 822/1328/571 834/1344/576 823/1329/448 811/1313/434
f 823/1329/448 835/1345/462 836/1346/577 824/1330/572
f 824/1331/572 836/1347/577 837/1348/460 825/1332/446
f 825/1332/445 837/1348/459 838/1349/459 826/1333/445
f 826/1333/573 838/1349/458 839/1350/458 827/1334/573
f 827/1334/443 839/1350/457 840/1351/578 828/1335/574
f 828/1336/574 840/1352/578 841/1353/455 829/1337/441
f 829/1337/441 841/1353/455 842/1354/579 830/1338/575
f 830/1339/575 842/1355/579 843/1356/467 831/1340/453
f 831/1340/452 843/1356/466 844/1357/466 832/1341/452
f 832/1341/451 844/1357/465 845/1358/465 833/1342/451
f 833/1359/450 845/1360/464 846/1361/580 834/1344/576
f 834/1344/576 846/1361/580 835/1345/462 823/1329/448
f 835/1345/462 847/1362/476 848/1363/581 836/1346/577
f 836/1347/577 848/1364/581 849/1365/474 837/1348/460
f 837/1348/459 849/1365/473 850/1366/473 838/1349/459
f 838/1349/458 850/1366/472 851/1367/472 839/1350/458
f 839/1350/457 851/1367/471 852/1368/582 840/1351/578
f 840/1352/578 852/1369/582 853/1370/469 841/1353/455
f 841/1353/455 853/1370/469 854/1371/583 842/1354/579
f 842/1355/579 854/1372/583 855/1373/481 843/1356/467
f 843/1356/466 855/1373/480 856/1374/480 844/1357/466
f 844/1357/465 856/1374/479 857/1375/479 845/1358/465
f 845/1360/464 857/1376/478 858/1377/584 846/1361/580
f 846/1361/580 858/1377/584 847/1362/476 835/1345/462
f 847/1362/476 283/571/147 284/574/150 848/1363/581
f 848/1364/581 284/575/150 285/578/152 849/1365/474
f 849/1365/473 285/578/153 286/580/153 850/1366/473
f 850/1366/472 286/580/155 287/582/155 851/1367/472
f 851/1378/471 287/583/157 288/586/160 852/1369/582
f 852/1369/582 288/586/160 289/588/162 853/1370/469
f 853/1370/469 289/588/162 290/590/164 854/1371/583
f 854/1372/583 290/591/164 291/594/166 855/1373/481
f 855/1373/480 291/594/167 292/596/167 856/1374/480
f 856/1374/479 292/596/169 293/598/169 857/1375/479
f 857/1376/478 293/599/171 294/602/174 858/1377/584
f 858/1377/584 294/602/174 283/571/147 847/1362/476
f 859/1379/585 860/1380/585 862/1381/586 861/1382/586
f 861/1382/586 862/1381/586 864/1383/587 863/1384/587
f 863/1384/587 864/1383/587 866/1385/588 865/1386/588
f 865/1386/588 866/1385/588 868/1387/589 867/1388/589
f 867/1389/589 868/1390/589 870/1391/590 869/1392/590
f 869/1392/590 870/1391/590 872/1393/591 871/1394/591
f 871/1394/591 872/1393/591 874/1395/592 873/1396/592
f 873/1396/592 874/1395/592 876/1397/593 875/1398/593
f 875/1398/593 876/1397/593 878/1399/594 877/1400/594
f 877/1400/594 878/1399/594 880/1401/595 879/1402/595
f 879/1402/595 880/1401/595 882/1403/596 881/1404/596
f 881/1404/596 882/1403/596 884/1405/597 883/1406/597
f 883/1407/597 884/1408/597 886/1409/598 885/1410/598
f 885/1410/598 886/1409/598 888/1411/599 887/1412/599
f 887/1412/599 888/1411/599 890/1413/600 889/1414/600
f 889/1414/600 890/1413/600 892/1415/601 891/1416/601
f 891/1416/601 892/1415/601 894/1417/602 893/1418/602
f 893/1418/602 894/1417/602 896/1419/603 895/1420/603
f 895/1420/603 896/1419/603 898/1421/604 897/1422/604
f 897/1422/604 898/1421/604 900/1423/605 899/1424/605
f 899/1425/605 900/1426/605 902/1427/606 901/1428/606
f 901/1428/606 902/1427/606 904/1429/607 903/1430/607
f 903/1430/607 904/1429/607 906/1431/608 905/1432/608
f 905/1432/608 906/1431/608 908/1433/609 907/1434/609
f 907/1434/609 908/1433/609 910/1435/610 909/1436/610
f 909/1436/610 910/1435/610 912/1437/611 911/1438/611
f 911/1438/611 912/1437/611 914/1439/612 913/1440/612
f 913/1440/612 914/1439/612 916/1441/613 915/1442/613
f 915/1443/613 916/1444/613 918/1445/614 917/1446/614
f 917/1446/614 918/1445/614 920/1447/615 919/1448/615
f 874/1449/616 872/1450/616 1025/1451/616 1026/1452/616
f 919/1448/615 920/1447/615 922/1453/617 921/1454/617
f 921/1454/617 922/1453/617 860/1380/585 859/1379/585
f 879/1455/618 881/1456/619 934/1457/619 933/1458/618
f 925/1459/273 926/1460/620 958/1461/620 957/1462/273
f 897/1463/621 899/1464/622 943/1465/622 942/1466/621
f 915/1467/623 917/1468/624 952/1469/624 951/1470/623
f 871/1471/625 873/1472/626 930/1473/626 929/1474/625
f 889/1475/627 891/1476/628 939/1477/628 938/1478/627
f 907/1479/629 909/1480/630 948/1481/630 947/1482/629
f 863/1483/631 865/1484/632 926/1485/632 925/1486/631
f 881/1456/619 883/1487/633 935/1488/633 934/1457/619
f 899/1464/622 901/1489/634 944/1490/634 943/1465/622
f 917/1468/624 919/1491/635 953/1492/635 952/1469/624
f 873/1472/626 875/1493/636 931/1494/636 930/1473/626
f 891/1476/628 893/1495/637 940/1496/637 939/1477/628
f 909/1480/630 911/1497/638 949/1498/638 948/1481/630
f 865/1484/632 867/1499/639 927/1500/639 926/1485/632
f 883/1487/633 885/1501/640 936/1502/640 935/1488/633
f 901/1489/634 903/1503/641 945/1504/641 944/1490/634
f 919/1491/635 921/1505/642 954/1506/642 953/1492/635
f 875/1493/636 877/1507/643 932/1508/643 931/1494/636
f 893/1495/637 895/1509/644 941/1510/644 940/1496/637
f 911/1497/638 913/1511/645 950/1512/645 949/1498/638
f 867/1499/639 869/1513/646 928/1514/646 927/1500/639
f 885/1501/640 887/1515/647 937/1516/647 936/1502/640
f 903/1503/641 905/1517/648 946/1518/648 945/1504/641
f 859/1519/649 861/1520/650 924/1521/650 923/1522/649
f 921/1505/642 859/1519/649 923/1522/649 954/1506/642
f 877/1507/643 879/1455/618 933/1458/618 932/1508/643
f 895/1509/644 897/1463/621 942/1466/621 941/1510/644
f 913/1511/645 915/1467/623 951/1470/623 950/1512/645
f 869/1513/646 871/1471/625 929/1474/625 928/1514/646
f 887/1515/647 889/1475/627 938/1478/627 937/1516/647
f 905/1517/648 907/1479/629 947/1482/629 946/1518/648
f 861/1520/650 863/1483/631 925/1486/631 924/1521/650
f 960/1523/651 961/1524/652 993/1525/652 992/1526/651
f 952/1527/653 953/1528/357 985/1529/357 984/1530/653
f 939/1531/322 940/1532/654 972/1533/654 971/1534/322
f 926/1460/620 927/1535/231 959/1536/231 958/1461/620
f 953/1528/357 954/1537/655 986/1538/655 985/1529/357
f 940/1532/654 941/1539/280 973/1540/280 972/1533/654
f 927/1541/231 928/1542/656 960/1543/656 959/1544/231
f 954/1537/655 923/1545/315 955/1546/315 986/1538/655
f 941/1539/280 942/1547/657 974/1548/657 973/1540/280
f 928/1542/656 929/1549/189 961/1550/189 960/1543/656
f 942/1547/657 943/1551/238 975/1552/238 974/1548/657
f 929/1549/189 930/1553/658 962/1554/658 961/1550/189
f 943/1555/238 944/1556/659 976/1557/659 975/1558/238
f 930/1553/658 931/1559/147 963/1560/147 962/1554/658
f 944/1556/659 945/1561/196 977/1562/196 976/1557/659
f 931/1559/147 932/1563/660 964/1564/660 963/1560/147
f 945/1561/196 946/1565/661 978/1566/661 977/1562/196
f 932/1563/660 933/1567/448 965/1568/448 964/1564/660
f 946/1565/661 947/1569/162 979/1570/162 978/1566/661
f 933/1567/448 934/1571/662 966/1572/662 965/1568/448
f 947/1569/162 948/1573/663 980/1574/663 979/1570/162
f 934/1571/662 935/1575/406 967/1576/406 966/1572/662
f 948/1573/663 949/1577/441 981/1578/441 980/1574/663
f 935/1579/406 936/1580/664 968/1581/664 967/1582/406
f 949/1577/441 950/1583/665 982/1584/665 981/1578/441
f 936/1580/664 937/1585/364 969/1586/364 968/1581/664
f 923/1545/315 924/1587/666 956/1588/666 955/1546/315
f 950/1583/665 951/1589/399 983/1590/399 982/1584/665
f 937/1585/364 938/1591/667 970/1592/667 969/1586/364
f 924/1587/666 925/1459/273 957/1462/273 956/1588/666
f 951/1593/399 952/1527/653 984/1530/653 983/1594/399
f 938/1591/667 939/1531/322 971/1534/322 970/1592/667
f 974/1595/668 975/1596/669 1007/1597/669 1006/1598/668
f 961/1524/652 962/1599/670 994/1600/670 993/1525/652
f 975/1596/669 976/1601/671 1008/1602/671 1007/1597/669
f 962/1599/670 963/1603/672 995/1604/672 994/1600/670
f 976/1601/671 977/1605/673 1009/1606/673 1008/1602/671
f 963/1603/672 964/1607/674 996/1608/674 995/1604/672
f 977/1605/673 978/1609/675 1010/1610/675 1009/1606/673
f 964/1607/674 965/1611/676 997/1612/676 996/1608/674
f 978/1609/675 979/1613/677 1011/1614/677 1010/1610/675
f 965/1611/676 966/1615/678 998/1616/678 997/1612/676
f 979/1613/677 980/1617/679 1012/1618/679 1011/1614/677
f 966/1615/678 967/1619/680 999/1620/680 998/1616/678
f 980/1617/679 981/1621/681 1013/1622/681 1012/1618/679
f 967/1619/680 968/1623/682 1000/1624/682 999/1620/680
f 981/1621/681 982/1625/683 1014/1626/683 1013/1622/681
f 968/1623/682 969/1627/684 1001/1628/684 1000/1624/682
f 955/1629/685 956/1630/686 988/1631/686 987/1632/685
f 982/1625/683 983/1633/687 1015/1634/687 1014/1626/683
f 969/1627/684 970/1635/688 1002/1636/688 1001/1628/684
f 956/1630/686 957/1637/689 989/1638/689 988/1631/686
f 983/1633/687 984/1639/690 1016/1640/690 1015/1634/687
f 970/1635/688 971/1641/691 1003/1642/691 1002/1636/688
f 957/1637/689 958/1643/692 990/1644/692 989/1638/689
f 984/1639/690 985/1645/693 1017/1646/693 1016/1640/690
f 971/1641/691 972/1647/694 1004/1648/694 1003/1642/691
f 958/1643/692 959/1649/695 991/1650/695 990/1644/692
f 985/1645/693 986/1651/696 1018/1652/696 1017/1646/693
f 972/1647/694 973/1653/697 1005/1654/697 1004/1648/694
f 959/1649/695 960/1523/651 992/1526/651 991/1650/695
f 986/1651/696 955/1629/685 987/1632/685 1018/1652/696
f 973/1653/697 974/1595/668 1006/1598/668 1005/1654/697
f 1041/1655/196 1040/1656/659 1072/1657/659 1073/1658/196
f 892/1659/616 890/1660/616 1034/1661/616 1035/1662/616
f 910/1663/616 908/1664/616 1043/1665/616 1044/1666/616
f 866/1667/616 864/1668/616 1021/1669/616 1022/1670/616
f 884/1671/616 882/1672/616 1030/1673/616 1031/1674/616
f 902/1675/616 900/1676/616 1039/1677/616 1040/1678/616
f 920/1679/616 918/1680/616 1048/1681/616 1049/1682/616
f 876/1683/616 874/1449/616 1026/1452/616 1027/1684/616
f 894/1685/616 892/1659/616 1035/1662/616 1036/1686/616
f 912/1687/698 910/1663/616 1044/1666/616 1045/1688/698
f 868/1689/616 866/1667/616 1022/1670/616 1023/1690/616
f 886/1691/616 884/1671/616 1031/1674/616 1032/1692/616
f 904/1693/616 902/1675/616 1040/1678/616 1041/1694/616
f 922/1695/616 920/1679/616 1049/1682/616 1050/1696/616
f 878/1697/616 876/1683/616 1027/1684/616 1028/1698/616
f 896/1699/616 894/1685/616 1036/1686/616 1037/1700/616
f 914/1701/698 912/1687/698 1045/1688/698 1046/1702/698
f 870/1703/616 868/1689/616 1023/1690/616 1024/1704/616
f 888/1705/616 886/1691/616 1032/1692/616 1033/1706/616
f 906/1707/616 904/1693/616 1041/1694/616 1042/1708/616
f 862/1709/616 860/1710/616 1020/1711/616 1019/1712/616
f 860/1710/616 922/1695/616 1050/1696/616 1020/1711/616
f 880/1713/616 878/1697/616 1028/1698/616 1029/1714/616
f 898/1715/616 896/1699/616 1037/1700/616 1038/1716/616
f 916/1717/698 914/1701/698 1046/1702/698 1047/1718/698
f 872/1450/616 870/1703/616 1024/1704/616 1025/1451/616
f 890/1660/616 888/1705/616 1033/1706/616 1034/1661/616
f 908/1664/616 906/1707/616 1042/1708/616 1043/1665/616
f 864/1668/616 862/1709/616 1019/1712/616 1021/1669/616
f 882/1672/616 880/1713/616 1029/1714/616 1030/1673/616
f 900/1676/616 898/1715/616 1038/1716/616 1039/1677/616
f 918/1680/616 916/1717/698 1047/1718/698 1048/1681/616
f 1053/1719/699 1051/1720/699 1083/1721/699 1085/1722/699
f 1028/1723/660 1027/1724/147 1059/1725/147 1060/1726/660
f 1042/1727/661 1041/1655/196 1073/1658/196 1074/1728/661
f 1029/1729/448 1028/1723/660 1060/1726/660 1061/1730/448
f 1043/1731/162 1042/1727/661 1074/1728/661 1075/1732/162
f 1030/1733/662 1029/1729/448 1061/1730/448 1062/1734/662
f 1044/1735/663 1043/1731/162 1075/1732/162 1076/1736/663
f 1031/1737/406 1030/1733/662 1062/1734/662 1063/1738/406
f 1045/1739/441 1044/1735/663 1076/1736/663 1077/1740/441
f 1032/1741/664 1031/1742/406 1063/1743/406 1064/1744/664
f 1046/1745/665 1045/1739/441 1077/1740/441 1078/1746/665
f 1033/1747/364 1032/1741/664 1064/1744/664 1065/1748/364
f 1019/1749/666 1020/1750/315 1052/1751/315 1051/1752/666
f 1047/1753/399 1046/1745/665 1078/1746/665 1079/1754/399
f 1034/1755/667 1033/1747/364 1065/1748/364 1066/1756/667
f 1021/1757/273 1019/1749/666 1051/1752/666 1053/1758/273
f 1048/1759/653 1047/1760/399 1079/1761/399 1080/1762/653
f 1035/1763/322 1034/1755/667 1066/1756/667 1067/1764/322
f 1022/1765/620 1021/1757/273 1053/1758/273 1054/1766/620
f 1049/1767/357 1048/1759/653 1080/1762/653 1081/1768/357
f 1036/1769/654 1035/1763/322 1067/1764/322 1068/1770/654
f 1023/1771/231 1022/1765/620 1054/1766/620 1055/1772/231
f 1050/1773/655 1049/1767/357 1081/1768/357 1082/1774/655
f 1037/1775/280 1036/1769/654 1068/1770/654 1069/1776/280
f 1024/1777/656 1023/1778/231 1055/1779/231 1056/1780/656
f 1020/1750/315 1050/1773/655 1082/1774/655 1052/1751/315
f 1038/1781/657 1037/1775/280 1069/1776/280 1070/1782/657
f 1025/1783/189 1024/1777/656 1056/1780/656 1057/1784/189
f 1039/1785/238 1038/1781/657 1070/1782/657 1071/1786/238
f 1026/1787/658 1025/1783/189 1057/1784/189 1058/1788/658
f 1040/1656/659 1039/1789/238 1071/1790/238 1072/1657/659
f 1027/1724/147 1026/1787/658 1058/1788/658 1059/1725/147
f 1088/1791/656 1087/1792/231 1119/1793/231 1120/1794/656
f 1080/1795/699 1079/1796/699 1111/1797/699 1112/1798/699
f 1067/1799/699 1066/1800/699 1098/1801/699 1099/1802/699
f 1054/1803/699 1053/1719/699 1085/1722/699 1086/1804/699
f 1081/1805/699 1080/1795/699 1112/1798/699 1113/1806/699
f 1068/1807/699 1067/1799/699 1099/1802/699 1100/1808/699
f 1055/1809/700 1054/1803/699 1086/1804/699 1087/1810/700
f 1082/1811/699 1081/1805/699 1113/1806/699 1114/1812/699
f 1069/1813/699 1068/1807/699 1100/1808/699 1101/1814/699
f 1056/1815/700 1055/1809/700 1087/1810/700 1088/1816/700
f 1052/1817/699 1082/1811/699 1114/1812/699 1084/1818/699
f 1070/1819/699 1069/1813/699 1101/1814/699 1102/1820/699
f 1057/1821/699 1056/1815/700 1088/1816/700 1089/1822/699
f 1071/1823/699 1070/1819/699 1102/1820/699 1103/1824/699
f 1058/1825/700 1057/1821/699 1089/1822/699 1090/1826/700
f 1072/1827/699 1071/1823/699 1103/1824/699 1104/1828/699
f 1059/1829/700 1058/1825/700 1090/1826/700 1091/1830/700
f 1073/1831/699 1072/1827/699 1104/1828/699 1105/1832/699
f 1060/1833/700 1059/1829/700 1091/1830/700 1092/1834/700
f 1074/1835/699 1073/1831/699 1105/1832/699 1106/1836/699
f 1061/1837/700 1060/1833/700 1092/1834/700 1093/1838/700
f 1075/1839/699 1074/1835/699 1106/1836/699 1107/1840/699
f 1062/1841/700 1061/1837/700 1093/1838/700 1094/1842/700
f 1076/1843/699 1075/1839/699 1107/1840/699 1108/1844/699
f 1063/1845/699 1062/1841/700 1094/1842/700 1095/1846/699
f 1077/1847/699 1076/1843/699 1108/1844/699 1109/1848/699
f 1064/1849/699 1063/1845/699 1095/1846/699 1096/1850/699
f 1078/1851/699 1077/1847/699 1109/1848/699 1110/1852/699
f 1065/1853/699 1064/1849/699 1096/1850/699 1097/1854/699
f 1051/1720/699 1052/1817/699 1084/1818/699 1083/1721/699
f 1079/1796/699 1078/1851/699 1110/1852/699 1111/1797/699
f 1066/1800/699 1065/1853/699 1097/1854/699 1098/1801/699
f 1135/1855/701 1134/1856/702 1166/1857/702 1167/1858/701
f 1084/1859/315 1114/1860/655 1146/1861/655 1116/1862/315
f 1102/1863/657 1101/1864/280 1133/1865/280 1134/1866/657
f 1089/1867/189 1088/1791/656 1120/1794/656 1121/1868/189
f 1103/1869/238 1102/1863/657 1134/1866/657 1135/1870/238
f 1090/1871/658 1089/1867/189 1121/1868/189 1122/1872/658
f 1104/1873/659 1103/1874/238 1135/1875/238 1136/1876/659
f 1091/1877/147 1090/1871/658 1122/1872/658 1123/1878/147
f 1105/1879/196 1104/1873/659 1136/1876/659 1137/1880/196
f 1092/1881/660 1091/1877/147 1123/1878/147 1124/1882/660
f 1106/1883/661 1105/1879/196 1137/1880/196 1138/1884/661
f 1093/1885/448 1092/1881/660 1124/1882/660 1125/1886/448
f 1107/1887/162 1106/1883/661 1138/1884/661 1139/1888/162
f 1094/1889/662 1093/1885/448 1125/1886/448 1126/1890/662
f 1108/1891/663 1107/1887/162 1139/1888/162 1140/1892/663
f 1095/1893/406 1094/1889/662 1126/1890/662 1127/1894/406
f 1109/1895/441 1108/1891/663 1140/1892/663 1141/1896/441
f 1096/1897/664 1095/1898/406 1127/1899/406 1128/1900/664
f 1110/1901/665 1109/1895/441 1141/1896/441 1142/1902/665
f 1097/1903/364 1096/1897/664 1128/1900/664 1129/1904/364
f 1083/1905/666 1084/1859/315 1116/1862/315 1115/1906/666
f 1111/1907/399 1110/1901/665 1142/1902/665 1143/1908/399
f 1098/1909/667 1097/1903/364 1129/1904/364 1130/1910/667
f 1085/1911/273 1083/1905/666 1115/1906/666 1117/1912/273
f 1112/1913/653 1111/1914/399 1143/1915/399 1144/1916/653
f 1099/1917/322 1098/1909/667 1130/1910/667 1131/1918/322
f 1086/1919/620 1085/1911/273 1117/1912/273 1118/1920/620
f 1113/1921/357 1112/1913/653 1144/1916/653 1145/1922/357
f 1100/1923/654 1099/1917/322 1131/1918/322 1132/1924/654
f 1087/1925/231 1086/1919/620 1118/1920/620 1119/1926/231
f 1114/1860/655 1113/1921/357 1145/1922/357 1146/1861/655
f 1101/1864/280 1100/1923/654 1132/1924/654 1133/1865/280
f 1170/1927/661 1169/1928/196 1201/1929/196 1202/1930/703
f 1122/1931/704 1121/1932/705 1153/1933/705 1154/1934/704
f 1136/1935/706 1135/1855/701 1167/1858/701 1168/1936/706
f 1123/1937/707 1122/1931/704 1154/1934/704 1155/1938/707
f 1137/1939/708 1136/1935/706 1168/1936/706 1169/1940/708
f 1124/1941/709 1123/1937/707 1155/1938/707 1156/1942/709
f 1138/1943/710 1137/1939/708 1169/1940/708 1170/1944/710
f 1125/1945/711 1124/1941/709 1156/1942/709 1157/1946/711
f 1139/1947/712 1138/1943/710 1170/1944/710 1171/1948/712
f 1126/1949/713 1125/1945/711 1157/1946/711 1158/1950/713
f 1140/1951/714 1139/1947/712 1171/1948/712 1172/1952/714
f 1127/1953/715 1126/1949/713 1158/1950/713 1159/1954/715
f 1141/1955/716 1140/1951/714 1172/1952/714 1173/1956/716
f 1128/1957/717 1127/1953/715 1159/1954/715 1160/1958/717
f 1142/1959/718 1141/1955/716 1173/1956/716 1174/1960/718
f 1129/1961/719 1128/1957/717 1160/1958/717 1161/1962/719
f 1115/1963/720 1116/1964/721 1148/1965/721 1147/1966/720
f 1143/1967/722 1142/1959/718 1174/1960/718 1175/1968/722
f 1130/1969/723 1129/1961/719 1161/1962/719 1162/1970/723
f 1117/1971/724 1115/1963/720 1147/1966/720 1149/1972/724
f 1144/1973/725 1143/1967/722 1175/1968/722 1176/1974/725
f 1131/1975/726 1130/1969/723 1162/1970/723 1163/1976/726
f 1118/1977/727 1117/1971/724 1149/1972/724 1150/1978/727
f 1145/1979/728 1144/1973/725 1176/1974/725 1177/1980/728
f 1132/1981/729 1131/1975/726 1163/1976/726 1164/1982/729
f 1119/1983/730 1118/1977/727 1150/1978/727 1151/1984/730
f 1146/1985/731 1145/1979/728 1177/1980/728 1178/1986/731
f 1133/1987/732 1132/1981/729 1164/1982/729 1165/1988/732
f 1120/1989/733 1119/1983/730 1151/1984/730 1152/1990/733
f 1116/1964/721 1146/1985/731 1178/1986/731 1148/1965/721
f 1134/1856/702 1133/1987/732 1165/1988/732 1166/1857/702
f 1121/1932/705 1120/1989/733 1152/1990/733 1153/1933/705
f 1276/1991/699 1275/1992/699 1228/1993/699 1229/1994/699
f 1157/1995/448 1156/1996/660 1188/1997/734 1189/1998/448
f 1171/1999/162 1170/1927/661 1202/1930/703 1203/2000/162
f 1158/2001/662 1157/1995/448 1189/1998/448 1190/2002/735
f 1172/2003/663 1171/1999/162 1203/2000/162 1204/2004/736
f 1159/2005/406 1158/2001/662 1190/2002/735 1191/2006/406
f 1173/2007/441 1172/2003/663 1204/2004/736 1205/2008/441
f 1160/2009/664 1159/2010/406 1191/2011/406 1192/2012/737
f 1174/2013/665 1173/2007/441 1205/2008/441 1206/2014/738
f 1161/2015/364 1160/2009/664 1192/2012/737 1193/2016/364
f 1147/2017/666 1148/2018/315 1180/2019/315 1179/2020/739
f 1175/2021/399 1174/2013/665 1206/2014/738 1207/2022/399
f 1162/2023/667 1161/2015/364 1193/2016/364 1194/2024/740
f 1149/2025/273 1147/2017/666 1179/2020/739 1181/2026/273
f 1176/2027/653 1175/2028/399 1207/2029/399 1208/2030/741
f 1163/2031/322 1162/2023/667 1194/2024/740 1195/2032/322
f 1150/2033/620 1149/2025/273 1181/2026/273 1182/2034/742
f 1177/2035/357 1176/2027/653 1208/2030/741 1209/2036/357
f 1164/2037/654 1163/2031/322 1195/2032/322 1196/2038/743
f 1151/2039/231 1150/2033/620 1182/2034/742 1183/2040/231
f 1178/2041/655 1177/2035/357 1209/2036/357 1210/2042/744
f 1165/2043/280 1164/2037/654 1196/2038/743 1197/2044/280
f 1152/2045/656 1151/2046/231 1183/2047/231 1184/2048/745
f 1148/2018/315 1178/2041/655 1210/2042/744 1180/2019/315
f 1166/2049/657 1165/2043/280 1197/2044/280 1198/2050/746
f 1153/2051/189 1152/2045/656 1184/2048/745 1185/2052/189
f 1167/2053/238 1166/2049/657 1198/2050/746 1199/2054/238
f 1154/2055/658 1153/2051/189 1185/2052/189 1186/2056/747
f 1168/2057/659 1167/2058/238 1199/2059/238 1200/2060/748
f 1155/2061/147 1154/2055/658 1186/2056/747 1187/2062/147
f 1169/1928/196 1168/2057/659 1200/2060/748 1201/1929/196
f 1156/1996/660 1155/2061/147 1187/2062/147 1188/1997/734
f 1232/2063/659 1231/2064/238 1263/2065/238 1264/2066/659
f 1278/2067/700 1277/2068/700 1215/2069/700 1216/2070/700
f 1280/2071/699 1279/2072/699 1242/2073/699 1212/2074/699
f 1281/2075/699 1276/1991/699 1229/1994/699 1230/2076/699
f 1282/2077/700 1278/2067/700 1216/2070/700 1217/2078/700
f 1283/2079/699 1281/2075/699 1230/2076/699 1231/2080/699
f 1284/2081/700 1282/2077/700 1217/2078/700 1218/2082/700
f 1285/2083/699 1283/2079/699 1231/2080/699 1232/2084/699
f 1286/2085/700 1284/2081/700 1218/2082/700 1219/2086/700
f 1287/2087/699 1285/2083/699 1232/2084/699 1233/2088/699
f 1288/2089/699 1286/2085/700 1219/2086/700 1220/2090/700
f 1289/2091/699 1287/2087/699 1233/2088/699 1234/2092/699
f 1290/2093/699 1288/2089/699 1220/2090/700 1221/2094/700
f 1291/2095/699 1289/2091/699 1234/2092/699 1235/2096/699
f 1292/2097/700 1290/2093/699 1221/2094/700 1222/2098/700
f 1293/2099/699 1291/2095/699 1235/2096/699 1236/2100/699
f 1294/2101/700 1292/2097/700 1222/2098/700 1223/2102/700
f 1295/2103/699 1293/2099/699 1236/2100/699 1237/2104/699
f 1296/2105/700 1294/2101/700 1223/2102/700 1224/2106/700
f 1297/2107/699 1295/2103/699 1237/2104/699 1238/2108/699
f 1298/2109/700 1296/2105/700 1224/2106/700 1225/2110/700
f 1299/2111/700 1280/2071/699 1212/2074/699 1211/2112/699
f 1300/2113/699 1297/2107/699 1238/2108/699 1239/2114/699
f 1301/2115/700 1298/2109/700 1225/2110/700 1226/2116/700
f 1302/2117/699 1299/2111/700 1211/2112/699 1213/2118/700
f 1303/2119/699 1300/2113/699 1239/2114/699 1240/2120/699
f 1304/2121/699 1301/2115/700 1226/2116/700 1227/2122/699
f 1305/2123/699 1302/2117/699 1213/2118/700 1214/2124/700
f 1306/2125/699 1303/2119/699 1240/2120/699 1241/2126/699
f 1275/1992/699 1304/2121/699 1227/2122/699 1228/1993/699
f 1277/2068/700 1305/2123/699 1214/2124/700 1215/2069/700
f 1279/2072/699 1306/2125/699 1241/2126/699 1242/2073/699
f 1243/2127/699 1244/2128/699 1274/2129/699 1273/2130/699 1272/2131/699 1271/2132/699 1270/2133/699 1269/2134/699 1268/2135/699 1267/2136/699 1266/2137/699 1265/2138/699 1264/2139/699 1263/2140/699 1262/2141/699 1261/2142/699 1260/2143/699 1259/2144/699 1258/2145/699 1257/2146/699 1256/2147/699 1255/2148/699 1254/2149/699 1253/2150/699 1252/2151/699 1251/2152/699 1250/2153/699 1249/2154/699 1248/2155/699 1247/2156/699 1246/2157/699 1245/2158/699
f 1219/2159/147 1218/2160/658 1250/2161/658 1251/2162/147
f 1233/2163/196 1232/2063/659 1264/2066/659 1265/2164/196
f 1220/2165/660 1219/2159/147 1251/2162/147 1252/2166/660
f 1234/2167/661 1233/2163/196 1265/2164/196 1266/2168/661
f 1221/2169/448 1220/2165/660 1252/2166/660 1253/2170/448
f 1235/2171/162 1234/2167/661 1266/2168/661 1267/2172/162
f 1222/2173/662 1221/2169/448 1253/2170/448 1254/2174/662
f 1236/2175/663 1235/2171/162 1267/2172/162 1268/2176/663
f 1223/2177/406 1222/2173/662 1254/2174/662 1255/2178/406
f 1237/2179/441 1236/2175/663 1268/2176/663 1269/2180/441
f 1224/2181/664 1223/2182/406 1255/2183/406 1256/2184/664
f 1238/2185/665 1237/2179/441 1269/2180/441 1270/2186/665
f 1225/2187/364 1224/2181/664 1256/2184/664 1257/2188/364
f 1211/2189/666 1212/2190/315 1244/2191/315 1243/2192/666
f 1239/2193/399 1238/2185/665 1270/2186/665 1271/2194/399
f 1226/2195/667 1225/2187/364 1257/2188/364 1258/2196/667
f 1213/2197/273 1211/2189/666 1243/2192/666 1245/2198/273
f 1240/2199/653 1239/2200/399 1271/2201/399 1272/2202/653
f 1227/2203/322 1226/2195/667 1258/2196/667 1259/2204/322
f 1214/2205/620 1213/2197/273 1245/2198/273 1246/2206/620
f 1241/2207/357 1240/2199/653 1272/2202/653 1273/2208/357
f 1228/2209/654 1227/2203/322 1259/2204/322 1260/2210/654
f 1215/2211/231 1214/2205/620 1246/2206/620 1247/2212/231
f 1242/2213/655 1241/2207/357 1273/2208/357 1274/2214/655
f 1229/2215/280 1228/2209/654 1260/2210/654 1261/2216/280
f 1216/2217/656 1215/2218/231 1247/2219/231 1248/2220/656
f 1212/2190/315 1242/2213/655 1274/2214/655 1244/2191/315
f 1230/2221/657 1229/2215/280 1261/2216/280 1262/2222/657
f 1217/2223/189 1216/2217/656 1248/2220/656 1249/2224/189
f 1231/2225/238 1230/2221/657 1262/2222/657 1263/2226/238
f 1218/2160/658 1217/2223/189 1249/2224/189 1250/2161/658
f 1210/2227/699 1209/2228/699 1306/2125/699 1279/2072/699
f 1183/2040/231 1182/2034/742 1310/2229/749 1309/2230/231
f 1202/2231/667 1289/2232/667 1339/2233/667 1325/2234/667
f 1209/2228/699 1208/2235/700 1303/2119/699 1306/2125/699
f 1182/2236/699 1181/2237/699 1302/2117/699 1305/2123/699
f 1196/2038/743 1195/2032/322 1318/2238/322 1320/2239/750
f 1300/2240/406 1303/2241/751 1349/2242/751 1347/2243/406
f 1181/2237/699 1179/2244/700 1299/2111/700 1302/2117/699
f 1194/2245/700 1193/2246/700 1298/2109/700 1301/2115/700
f 1288/2247/654 1188/2248/654 1314/2249/654 1338/2250/654
f 1195/2032/322 1194/2024/740 1319/2251/752 1318/2238/322
f 1193/2246/700 1192/2252/699 1296/2105/700 1298/2109/700
f 1206/2253/699 1205/2254/699 1295/2103/699 1297/2107/699
f 1194/2255/658 1301/2256/658 1348/2257/658 1319/2258/658
f 1205/2254/699 1204/2259/700 1293/2099/699 1295/2103/699
f 1208/2030/741 1207/2029/399 1327/2260/399 1329/2261/753
f 1301/2262/754 1304/2263/315 1350/2264/315 1348/2265/754
f 1190/2266/699 1189/2267/699 1290/2093/699 1292/2097/700
f 1289/2268/755 1291/2269/147 1340/2270/147 1339/2271/755
f 1189/2267/699 1188/2272/699 1288/2089/699 1290/2093/699
f 1202/2273/699 1201/2274/699 1287/2087/699 1289/2091/699
f 1207/2022/399 1206/2014/738 1328/2275/756 1327/2276/399
f 1201/2274/699 1200/2277/699 1285/2083/699 1287/2087/699
f 1179/2020/739 1180/2019/315 1308/2278/315 1307/2279/757
f 1299/2258/660 1179/2280/660 1307/2281/660 1346/2282/660
f 1186/2283/700 1185/2284/700 1282/2077/700 1284/2081/700
f 1277/2285/238 1278/2286/758 1331/2287/758 1353/2288/238
f 1185/2284/700 1184/2289/700 1278/2067/700 1282/2077/700
f 1198/2290/699 1197/2291/699 1276/1991/699 1281/2075/699
f 1285/2292/653 1200/2293/653 1323/2294/653 1336/2295/653
f 1291/2269/147 1293/2296/759 1342/2297/759 1340/2270/147
f 1197/2291/699 1196/2298/699 1275/1992/699 1276/1991/699
f 1309/2299/699 1310/2300/699 1351/2301/699 1353/2302/699
f 1320/2303/700 1318/2304/699 1350/2305/699 1352/2306/700
f 1318/2304/699 1319/2307/699 1348/2308/699 1350/2305/699
f 1329/2309/699 1327/2310/700 1347/2311/700 1349/2312/699
f 1327/2310/700 1328/2313/700 1345/2314/700 1347/2311/700
f 1307/2315/700 1308/2316/699 1332/2317/699 1346/2318/700
f 1317/2319/699 1315/2320/699 1343/2321/699 1344/2322/699
f 1315/2320/699 1316/2323/699 1341/2324/699 1343/2321/699
f 1326/2325/699 1324/2326/699 1340/2327/699 1342/2328/699
f 1324/2326/699 1325/2329/699 1339/2330/699 1340/2327/699
f 1314/2331/699 1312/2332/699 1337/2333/699 1338/2334/699
f 1312/2332/699 1313/2335/699 1335/2336/699 1337/2333/699
f 1323/2337/700 1321/2338/700 1334/2339/700 1336/2340/700
f 1321/2338/700 1322/2341/699 1333/2342/699 1334/2339/700
f 1308/2316/699 1330/2343/699 1354/2344/699 1332/2317/699
f 1311/2345/699 1309/2299/699 1353/2302/699 1331/2346/699
f 1303/2347/656 1208/2348/656 1329/2349/656 1349/2350/656
f 1286/2351/162 1288/2352/760 1338/2353/760 1337/2354/162
f 1184/2048/745 1183/2047/231 1309/2355/231 1311/2356/761
f 1180/2019/315 1210/2042/744 1330/2357/754 1308/2278/315
f 1275/2358/663 1196/2359/663 1320/2360/663 1352/2361/663
f 1297/2362/762 1300/2363/406 1347/2364/406 1345/2365/762
f 1278/2366/664 1184/2367/664 1311/2368/664 1331/2369/664
f 1182/2370/665 1305/2371/665 1351/2372/665 1310/2373/665
f 1199/2054/238 1198/2050/746 1322/2374/763 1321/2375/238
f 1284/2376/764 1286/2351/162 1337/2354/162 1335/2377/764
f 1190/2378/620 1292/2379/620 1341/2380/620 1316/2381/620
f 1280/2382/322 1299/2383/750 1346/2384/750 1332/2385/322
f 1200/2060/748 1199/2059/238 1321/2386/238 1323/2387/758
f 1283/2388/231 1285/2389/761 1336/2390/761 1334/2391/231
f 1293/2392/666 1204/2393/666 1326/2394/666 1342/2395/666
f 1187/2062/147 1186/2056/747 1313/2396/755 1312/2397/147
f 1188/1997/734 1187/2062/147 1312/2397/147 1314/2398/759
f 1198/2399/662 1281/2400/662 1333/2401/662 1322/2402/662
f 1210/2403/661 1279/2404/661 1354/2405/661 1330/2406/661
f 1281/2407/749 1283/2408/231 1334/2409/231 1333/2410/749
f 1294/2411/399 1296/2412/753 1344/2413/753 1343/2414/399
f 1203/2000/162 1202/1930/703 1325/2415/764 1324/2416/162
f 1296/2417/659 1192/2418/659 1317/2419/659 1344/2420/659
f 1305/2421/763 1277/2422/238 1353/2423/238 1351/2424/763
f 1204/2004/736 1203/2000/162 1324/2416/162 1326/2425/760
f 1206/2426/657 1297/2427/657 1345/2428/657 1328/2429/657
f 1191/2006/406 1190/2002/735 1316/2430/762 1315/2431/406
f 1292/2432/756 1294/2433/399 1343/2434/399 1341/2435/756
f 1186/2436/655 1284/2437/655 1335/2438/655 1313/2439/655
f 1304/2263/315 1275/2440/757 1352/2441/757 1350/2264/315
f 1279/2442/752 1280/2382/322 1332/2385/322 1354/2443/752
f 1192/2012/737 1191/2011/406 1315/2444/406 1317/2445/751
f 1377/2446/196 1409/2447/196 1410/2448/661 1378/2449/661
f 1364/2450/660 1396/2451/660 1397/2452/448 1365/2453/448
f 1378/2449/661 1410/2448/661 1411/2454/162 1379/2455/162
f 1365/2453/448 1397/2452/448 1398/2456/662 1366/2457/662
f 1379/2455/162 1411/2454/162 1412/2458/663 1380/2459/663
f 1366/2457/662 1398/2456/662 1399/2460/406 1367/2461/406
f 1380/2459/663 1412/2458/663 1413/2462/441 1381/2463/441
f 1367/2464/406 1399/2465/406 1400/2466/664 1368/2467/664
f 1381/2463/441 1413/2462/441 1414/2468/665 1382/2469/665
f 1368/2467/664 1400/2466/664 1401/2470/364 1369/2471/364
f 1356/2472/315 1388/2473/315 1387/2474/666 1355/2475/666
f 1382/2469/665 1414/2468/665 1415/2476/399 1383/2477/399
f 1369/2471/364 1401/2470/364 1402/2478/667 1370/2479/667
f 1355/2475/666 1387/2474/666 1389/2480/273 1357/2481/273
f 1383/2482/399 1415/2483/399 1416/2484/653 1384/2485/653
f 1370/2479/667 1402/2478/667 1403/2486/322 1371/2487/322
f 1357/2481/273 1389/2480/273 1390/2488/620 1358/2489/620
f 1384/2485/653 1416/2484/653 1417/2490/357 1385/2491/357
f 1371/2487/322 1403/2486/322 1404/2492/654 1372/2493/654
f 1358/2489/620 1390/2488/620 1391/2494/231 1359/2495/231
f 1385/2491/357 1417/2490/357 1418/2496/655 1386/2497/655
f 1372/2493/654 1404/2492/654 1405/2498/280 1373/2499/280
f 1359/2500/231 1391/2501/231 1392/2502/656 1360/2503/656
f 1386/2497/655 1418/2496/655 1388/2473/315 1356/2472/315
f 1373/2499/280 1405/2498/280 1406/2504/657 1374/2505/657
f 1360/2503/656 1392/2502/656 1393/2506/189 1361/2507/189
f 1374/2505/657 1406/2504/657 1407/2508/238 1375/2509/238
f 1361/2507/189 1393/2506/189 1394/2510/658 1362/2511/658
f 1375/2512/238 1407/2513/238 1408/2514/659 1376/2515/659
f 1362/2511/658 1394/2510/658 1395/2516/147 1363/2517/147
f 1376/2515/659 1408/2514/659 1409/2447/196 1377/2446/196
f 1363/2517/147 1395/2516/147 1396/2451/660 1364/2450/660
f 1441/2518/189 1442/2519/658 1474/2520/658 1473/2521/189
f 1428/2522/663 1429/2523/441 1461/2524/441 1460/2525/663
f 1442/2519/658 1443/2526/147 1475/2527/147 1474/2520/658
f 1429/2523/441 1430/2528/665 1462/2529/665 1461/2524/441
f 1443/2526/147 1444/2530/660 1476/2531/660 1475/2527/147
f 1430/2528/665 1431/2532/399 1463/2533/399 1462/2529/665
f 1444/2530/660 1445/2534/448 1477/2535/448 1476/2531/660
f 1431/2536/399 1432/2537/653 1464/2538/653 1463/2539/399
f 1445/2534/448 1446/2540/662 1478/2541/662 1477/2535/448
f 1432/2537/653 1433/2542/357 1465/2543/357 1464/2538/653
f 1420/2544/322 1419/2545/654 1451/2546/654 1452/2547/322
f 1446/2540/662 1447/2548/406 1479/2549/406 1478/2541/662
f 1433/2542/357 1434/2550/655 1466/2551/655 1465/2543/357
f 1419/2545/654 1421/2552/280 1453/2553/280 1451/2546/654
f 1447/2554/406 1448/2555/664 1480/2556/664 1479/2557/406
f 1434/2550/655 1435/2558/315 1467/2559/315 1466/2551/655
f 1421/2552/280 1422/2560/657 1454/2561/657 1453/2553/280
f 1448/2555/664 1449/2562/364 1481/2563/364 1480/2556/664
f 1435/2558/315 1436/2564/666 1468/2565/666 1467/2559/315
f 1422/2560/657 1423/2566/238 1455/2567/238 1454/2561/657
f 1449/2562/364 1450/2568/667 1482/2569/667 1481/2563/364
f 1436/2564/666 1437/2570/273 1469/2571/273 1468/2565/666
f 1423/2572/238 1424/2573/659 1456/2574/659 1455/2575/238
f 1450/2568/667 1420/2544/322 1452/2547/322 1482/2569/667
f 1437/2570/273 1438/2576/620 1470/2577/620 1469/2571/273
f 1424/2573/659 1425/2578/196 1457/2579/196 1456/2574/659
f 1438/2576/620 1439/2580/231 1471/2581/231 1470/2577/620
f 1425/2578/196 1426/2582/661 1458/2583/661 1457/2579/196
f 1439/2584/231 1440/2585/656 1472/2586/656 1471/2587/231
f 1426/2582/661 1427/2588/162 1459/2589/162 1458/2583/661
f 1440/2585/656 1441/2518/189 1473/2521/189 1472/2586/656
f 1427/2588/162 1428/2522/663 1460/2525/663 1459/2589/162
f 1396/2590/765 1395/2591/766 1459/2592/766 1460/2593/765
f 1369/2594/767 1370/2595/768 1434/2596/768 1433/2597/767
f 1397/2598/769 1396/2590/765 1460/2593/765 1461/2599/769
f 1370/2595/768 1371/2600/770 1435/2601/770 1434/2596/768
f 1398/2602/771 1397/2598/769 1461/2599/769 1462/2603/771
f 1371/2600/770 1372/2604/772 1436/2605/772 1435/2601/770
f 1399/2606/773 1398/2602/771 1462/2603/771 1463/2607/773
f 1372/2604/772 1373/2608/774 1437/2609/774 1436/2605/772
f 1400/2610/775 1399/2606/773 1463/2607/773 1464/2611/775
f 1373/2608/774 1374/2612/776 1438/2613/776 1437/2609/774
f 1401/2614/777 1400/2610/775 1464/2611/775 1465/2615/777
f 1374/2612/776 1375/2616/778 1439/2617/778 1438/2613/776
f 1402/2618/779 1401/2614/777 1465/2615/777 1466/2619/779
f 1375/2616/778 1376/2620/780 1440/2621/780 1439/2617/778
f 1403/2622/781 1402/2618/779 1466/2619/779 1467/2623/781
f 1376/2620/780 1377/2624/782 1441/2625/782 1440/2621/780
f 1404/2626/783 1403/2622/781 1467/2623/781 1468/2627/783
f 1377/2624/782 1378/2628/784 1442/2629/784 1441/2625/782
f 1405/2630/785 1404/2626/783 1468/2627/783 1469/2631/785
f 1378/2628/784 1379/2632/786 1443/2633/786 1442/2629/784
f 1406/2634/787 1405/2630/785 1469/2631/785 1470/2635/787
f 1379/2632/786 1380/2636/788 1444/2637/788 1443/2633/786
f 1407/2638/789 1406/2634/787 1470/2635/787 1471/2639/789
f 1380/2636/788 1381/2640/790 1445/2641/790 1444/2637/788
f 1408/2642/791 1407/2638/789 1471/2639/789 1472/2643/791
f 1381/2640/790 1382/2644/792 1446/2645/792 1445/2641/790
f 1356/2646/793 1355/2647/794 1419/2648/794 1420/2649/793
f 1409/2650/795 1408/2642/791 1472/2643/791 1473/2651/795
f 1382/2644/792 1383/2652/796 1447/2653/796 1446/2645/792
f 1355/2647/794 1357/2654/797 1421/2655/797 1419/2648/794
f 1410/2656/798 1409/2650/795 1473/2651/795 1474/2657/798
f 1383/2652/796 1384/2658/799 1448/2659/799 1447/2653/796
f 1357/2654/797 1358/2660/800 1422/2661/800 1421/2655/797
f 1411/2662/801 1410/2656/798 1474/2657/798 1475/2663/801
f 1384/2658/799 1385/2664/802 1449/2665/802 1448/2659/799
f 1358/2660/800 1359/2666/803 1423/2667/803 1422/2661/800
f 1412/2668/804 1411/2662/801 1475/2663/801 1476/2669/804
f 1385/2664/802 1386/2670/805 1450/2671/805 1449/2665/802
f 1359/2666/803 1360/2672/806 1424/2673/806 1423/2667/803
f 1413/2674/807 1412/2668/804 1476/2669/804 1477/2675/807
f 1386/2670/805 1356/2646/793 1420/2649/793 1450/2671/805
f 1360/2672/806 1361/2676/808 1425/2677/808 1424/2673/806
f 1414/2678/809 1413/2674/807 1477/2675/807 1478/2679/809
f 1387/2680/810 1388/2681/811 1452/2682/811 1451/2683/810
f 1361/2676/808 1362/2684/812 1426/2685/812 1425/2677/808
f 1415/2686/813 1414/2678/809 1478/2679/809 1479/2687/813
f 1389/2688/814 1387/2680/810 1451/2683/810 1453/2689/814
f 1362/2684/812 1363/2690/815 1427/2691/815 1426/2685/812
f 1416/2692/816 1415/2686/813 1479/2687/813 1480/2693/816
f 1390/2694/817 1389/2688/814 1453/2689/814 1454/2695/817
f 1363/2690/815 1364/2696/818 1428/2697/818 1427/2691/815
f 1417/2698/819 1416/2692/816 1480/2693/816 1481/2699/819
f 1391/2700/820 1390/2694/817 1454/2695/817 1455/2701/820
f 1364/2696/818 1365/2702/821 1429/2703/821 1428/2697/818
f 1418/2704/822 1417/2698/819 1481/2699/819 1482/2705/822
f 1392/2706/823 1391/2700/820 1455/2701/820 1456/2707/823
f 1365/2702/821 1366/2708/824 1430/2709/824 1429/2703/821
f 1388/2681/811 1418/2704/822 1482/2705/822 1452/2682/811
f 1393/2710/825 1392/2706/823 1456/2707/823 1457/2711/825
f 1366/2708/824 1367/2712/826 1431/2713/826 1430/2709/824
f 1394/2714/827 1393/2710/825 1457/2711/825 1458/2715/827
f 1367/2712/826 1368/2716/828 1432/2717/828 1431/2713/826
f 1395/2591/766 1394/2714/827 1458/2715/827 1459/2592/766
f 1368/2716/828 1369/2594/767 1433/2597/767 1432/2717/828
f 1505/2718/196 1537/2719/196 1538/2720/661 1506/2721/661
f 1492/2722/660 1524/2723/660 1525/2724/448 1493/2725/448
f 1506/2721/661 1538/2720/661 1539/2726/162 1507/2727/162
f 1493/2725/448 1525/2724/448 1526/2728/662 1494/2729/662
f 1507/2727/162 1539/2726/162 1540/2730/663 1508/2731/663
f 1494/2729/662 1526/2728/662 1527/2732/406 1495/2733/406
f 1508/2731/663 1540/2730/663 1541/2734/441 1509/2735/441
f 1495/2736/406 1527/2737/406 1528/2738/664 1496/2739/664
f 1509/2735/441 1541/2734/441 1542/2740/665 1510/2741/665
f 1496/2739/664 1528/2738/664 1529/2742/364 1497/2743/364
f 1484/2744/315 1516/2745/315 1515/2746/666 1483/2747/666
f 1510/2741/665 1542/2740/665 1543/2748/399 1511/2749/399
f 1497/2743/364 1529/2742/364 1530/2750/667 1498/2751/667
f 1483/2747/666 1515/2746/666 1517/2752/273 1485/2753/273
f 1511/2754/399 1543/2755/399 1544/2756/653 1512/2757/653
f 1498/2751/667 1530/2750/667 1531/2758/322 1499/2759/322
f 1485/2753/273 1517/2752/273 1518/2760/620 1486/2761/620
f 1512/2757/653 1544/2756/653 1545/2762/357 1513/2763/357
f 1499/2759/322 1531/2758/322 1532/2764/654 1500/2765/654
f 1486/2761/620 1518/2760/620 1519/2766/231 1487/2767/231
f 1513/2763/357 1545/2762/357 1546/2768/655 1514/2769/655
f 1500/2765/654 1532/2764/654 1533/2770/280 1501/2771/280
f 1487/2772/231 1519/2773/231 1520/2774/656 1488/2775/656
f 1514/2769/655 1546/2768/655 1516/2745/315 1484/2744/315
f 1501/2771/280 1533/2770/280 1534/2776/657 1502/2777/657
f 1488/2775/656 1520/2774/656 1521/2778/189 1489/2779/189
f 1502/2777/657 1534/2776/657 1535/2780/238 1503/2781/238
f 1489/2779/189 1521/2778/189 1522/2782/658 1490/2783/658
f 1503/2784/238 1535/2785/238 1536/2786/659 1504/2787/659
f 1490/2783/658 1522/2782/658 1523/2788/147 1491/2789/147
f 1504/2787/659 1536/2786/659 1537/2719/196 1505/2718/196
f 1491/2789/147 1523/2788/147 1524/2723/660 1492/2722/660
f 1569/2790/189 1570/2791/658 1602/2792/658 1601/2793/189
f 1556/2794/663 1557/2795/441 1589/2796/441 1588/2797/663
f 1570/2791/658 1571/2798/147 1603/2799/147 1602/2792/658
f 1557/2795/441 1558/2800/665 1590/2801/665 1589/2796/441
f 1571/2798/147 1572/2802/660 1604/2803/660 1603/2799/147
f 1558/2800/665 1559/2804/399 1591/2805/399 1590/2801/665
f 1572/2802/660 1573/2806/448 1605/2807/448 1604/2803/660
f 1559/2808/399 1560/2809/653 1592/2810/653 1591/2811/399
f 1573/2806/448 1574/2812/662 1606/2813/662 1605/2807/448
f 1560/2809/653 1561/2814/357 1593/2815/357 1592/2810/653
f 1548/2816/322 1547/2817/654 1579/2818/654 1580/2819/322
f 1574/2812/662 1575/2820/406 1607/2821/406 1606/2813/662
f 1561/2814/357 1562/2822/655 1594/2823/655 1593/2815/357
f 1547/2817/654 1549/2824/280 1581/2825/280 1579/2818/654
f 1575/2826/406 1576/2827/664 1608/2828/664 1607/2829/406
f 1562/2822/655 1563/2830/315 1595/2831/315 1594/2823/655
f 1549/2824/280 1550/2832/657 1582/2833/657 1581/2825/280
f 1576/2827/664 1577/2834/364 1609/2835/364 1608/2828/664
f 1563/2830/315 1564/2836/666 1596/2837/666 1595/2831/315
f 1550/2832/657 1551/2554/238 1583/2838/238 1582/2833/657
f 1577/2834/364 1578/2839/667 1610/2840/667 1609/2835/364
f 1564/2836/666 1565/2841/273 1597/2842/273 1596/2837/666
f 1551/2843/238 1552/2844/659 1584/2845/659 1583/2846/238
f 1578/2839/667 1548/2816/322 1580/2819/322 1610/2840/667
f 1565/2841/273 1566/2847/620 1598/2848/620 1597/2842/273
f 1552/2844/659 1553/2849/196 1585/2850/196 1584/2845/659
f 1566/2847/620 1567/2851/231 1599/2852/231 1598/2848/620
f 1553/2849/196 1554/2853/661 1586/2854/661 1585/2850/196
f 1567/2855/231 1568/2856/656 1600/2857/656 1599/2858/231
f 1554/2853/661 1555/2859/162 1587/2860/162 1586/2854/661
f 1568/2856/656 1569/2790/189 1601/2793/189 1600/2857/656
f 1555/2859/162 1556/2794/663 1588/2797/663 1587/2860/162
f 1524/2861/765 1523/2862/766 1587/2863/766 1588/2864/765
f 1497/2865/767 1498/2866/768 1562/2867/768 1561/2868/767
f 1525/2869/769 1524/2861/765 1588/2864/765 1589/2870/769
f 1498/2866/768 1499/2871/770 1563/2872/770 1562/2867/768
f 1526/2873/771 1525/2869/769 1589/2870/769 1590/2874/771
f 1499/2871/770 1500/2875/772 1564/2876/772 1563/2872/770
f 1527/2877/773 1526/2873/771 1590/2874/771 1591/2878/773
f 1500/2875/772 1501/2879/774 1565/2880/774 1564/2876/772
f 1528/2881/775 1527/2877/773 1591/2878/773 1592/2882/775
f 1501/2879/774 1502/2883/776 1566/2884/776 1565/2880/774
f 1529/2885/777 1528/2881/775 1592/2882/775 1593/2886/777
f 1502/2883/776 1503/2887/778 1567/2888/778 1566/2884/776
f 1530/2889/779 1529/2885/777 1593/2886/777 1594/2890/779
f 1503/2887/778 1504/2891/780 1568/2892/780 1567/2888/778
f 1531/2893/781 1530/2889/779 1594/2890/779 1595/2894/781
f 1504/2891/780 1505/2895/782 1569/2896/782 1568/2892/780
f 1532/2897/783 1531/2893/781 1595/2894/781 1596/2898/783
f 1505/2895/782 1506/2899/784 1570/2900/784 1569/2896/782
f 1533/2901/785 1532/2897/783 1596/2898/783 1597/2902/785
f 1506/2899/784 1507/2903/786 1571/2904/786 1570/2900/784
f 1534/2905/787 1533/2901/785 1597/2902/785 1598/2906/787
f 1507/2903/786 1508/2907/829 1572/2908/829 1571/2904/786
f 1535/2909/789 1534/2905/787 1598/2906/787 1599/2910/789
f 1508/2907/829 1509/2911/790 1573/2912/790 1572/2908/829
f 1536/2913/791 1535/2909/789 1599/2910/789 1600/2914/791
f 1509/2911/790 1510/2915/792 1574/2916/792 1573/2912/790
f 1484/2917/793 1483/2918/794 1547/2919/794 1548/2920/793
f 1537/2921/795 1536/2913/791 1600/2914/791 1601/2922/795
f 1510/2915/792 1511/2923/796 1575/2924/796 1574/2916/792
f 1483/2918/794 1485/2925/830 1549/2926/830 1547/2919/794
f 1538/2927/798 1537/2921/795 1601/2922/795 1602/2928/798
f 1511/2923/796 1512/2929/799 1576/2930/799 1575/2924/796
f 1485/2925/830 1486/2931/800 1550/2932/800 1549/2926/830
f 1539/2933/801 1538/2927/798 1602/2928/798 1603/2934/801
f 1512/2929/799 1513/2935/831 1577/2936/831 1576/2930/799
f 1486/2931/800 1487/2937/803 1551/2938/803 1550/2932/800
f 1540/2939/804 1539/2933/801 1603/2934/801 1604/2940/804
f 1513/2935/831 1514/2941/805 1578/2942/805 1577/2936/831
f 1487/2937/803 1488/2943/806 1552/2944/806 1551/2938/803
f 1541/2945/807 1540/2939/804 1604/2940/804 1605/2946/807
f 1514/2941/805 1484/2917/793 1548/2920/793 1578/2942/805
f 1488/2943/806 1489/2947/808 1553/2948/808 1552/2944/806
f 1542/2949/809 1541/2945/807 1605/2946/807 1606/2950/809
f 1515/2951/810 1516/2952/811 1580/2953/811 1579/2954/810
f 1489/2947/808 1490/2955/812 1554/2956/812 1553/2948/808
f 1543/2957/813 1542/2949/809 1606/2950/809 1607/2958/813
f 1517/2959/814 1515/2951/810 1579/2954/810 1581/2960/814
f 1490/2955/812 1491/2961/815 1555/2962/815 1554/2956/812
f 1544/2963/816 1543/2957/813 1607/2958/813 1608/2964/816
f 1518/2965/817 1517/2959/814 1581/2960/814 1582/2966/817
f 1491/2961/815 1492/2967/818 1556/2968/818 1555/2962/815
f 1545/2969/819 1544/2963/816 1608/2964/816 1609/2970/819
f 1519/2971/820 1518/2965/817 1582/2966/817 1583/2972/820
f 1492/2967/818 1493/2973/821 1557/2974/821 1556/2968/818
f 1546/2975/822 1545/2969/819 1609/2970/819 1610/2976/822
f 1520/2977/823 1519/2971/820 1583/2972/820 1584/2978/823
f 1493/2973/821 1494/2979/824 1558/2980/824 1557/2974/821
f 1516/2952/811 1546/2975/822 1610/2976/822 1580/2953/811
f 1521/2981/825 1520/2977/823 1584/2978/823 1585/2982/825
f 1494/2979/824 1495/2983/826 1559/2984/826 1558/2980/824
f 1522/2985/827 1521/2981/825 1585/2982/825 1586/2986/827
f 1495/2983/826 1496/2987/828 1560/2988/828 1559/2984/826
f 1523/2862/766 1522/2985/827 1586/2986/827 1587/2863/766
f 1496/2987/828 1497/2865/767 1561/2868/767 1560/2988/828
f 1002/2989/832 1003/2990/833 1627/2991/833 1626/2992/832
f 989/2993/834 990/2994/835 1614/2995/835 1613/2996/834
f 1016/2997/836 1017/2998/837 1641/2999/837 1640/3000/836
f 1003/2990/833 1004/3001/838 1628/3002/838 1627/2991/833
f 990/2994/835 991/3003/839 1615/3004/839 1614/2995/835
f 1017/2998/837 1018/3005/840 1642/3006/840 1641/2999/837
f 1004/3001/838 1005/3007/841 1629/3008/841 1628/3002/838
f 991/3009/839 992/3010/842 1616/3011/842 1615/3012/839
f 1018/3005/840 987/3013/843 1611/3014/843 1642/3006/840
f 1005/3007/841 1006/3015/844 1630/3016/844 1629/3008/841
f 992/3010/842 993/3017/845 1617/3018/845 1616/3011/842
f 1006/3015/844 1007/3019/846 1631/3020/846 1630/3016/844
f 993/3017/845 994/3021/847 1618/3022/847 1617/3018/845
f 1007/3023/846 1008/3024/848 1632/3025/848 1631/3026/846
f 994/3021/847 995/3027/849 1619/3028/849 1618/3022/847
f 1008/3024/848 1009/3029/850 1633/3030/850 1632/3025/848
f 995/3027/849 996/3031/851 1620/3032/851 1619/3028/849
f 1009/3029/850 1010/3033/852 1634/3034/852 1633/3030/850
f 996/3031/851 997/3035/853 1621/3036/853 1620/3032/851
f 1010/3033/852 1011/3037/854 1635/3038/854 1634/3034/852
f 997/3035/853 998/3039/855 1622/3040/855 1621/3036/853
f 1011/3037/854 1012/3041/856 1636/3042/856 1635/3038/854
f 998/3039/855 999/3043/857 1623/3044/857 1622/3040/855
f 1012/3041/856 1013/3045/858 1637/3046/858 1636/3042/856
f 999/3047/857 1000/3048/859 1624/3049/859 1623/3050/857
f 1013/3045/858 1014/3051/860 1638/3052/860 1637/3046/858
f 1000/3048/859 1001/3053/861 1625/3054/861 1624/3049/859
f 987/3013/843 988/3055/862 1612/3056/862 1611/3014/843
f 1014/3051/860 1015/3057/863 1639/3058/863 1638/3052/860
f 1001/3053/861 1002/2989/832 1626/2992/832 1625/3054/861
f 988/3055/862 989/2993/834 1613/2996/834 1612/3056/862
f 1015/3059/863 1016/2997/836 1640/3000/836 1639/3060/863
f 1611/3061/698 1612/3062/698 1613/3063/698 1614/3064/698 1615/3065/698 1616/3066/698 1617/3067/698 1618/3068/698 1619/3069/698 1620/3070/698 1621/3071/698 1622/3072/698 1623/3073/698 1624/3074/698 1625/3075/698 1626/3076/698 1627/3077/698 1628/3078/698 1629/3079/698 1630/3080/698 1631/3081/698 1632/3082/698 1633/3083/698 1634/3084/698 1635/3085/698 1636/3086/698 1637/3087/698 1638/3088/698 1639/3089/698 1640/3090/698 1641/3091/698 1642/3092/698
f 1657/3093/127 1658/3094/128 1690/3095/128 1689/3096/127
f 241/488/864 243/490/865 1655/3097/865 1654/3098/864
f 259/508/866 261/510/867 1664/3099/867 1663/3100/866
f 277/528/868 279/530/869 1673/3101/869 1672/3102/868
f 233/3103/870 235/3104/871 1651/3105/871 1650/3106/870
f 251/499/872 253/502/873 1660/3107/873 1659/3108/872
f 269/520/874 271/522/875 1669/3109/875 1668/3110/874
f 225/470/146 227/472/876 1647/3111/876 1646/3112/146
f 243/490/865 245/492/877 1656/3113/877 1655/3097/865
f 261/510/867 263/512/878 1665/3114/878 1664/3099/867
f 279/530/869 281/564/879 1674/3115/879 1673/3101/869
f 235/3104/871 237/3116/880 1652/3117/880 1651/3105/871
f 253/502/873 255/504/881 1661/3118/881 1660/3107/873
f 271/522/875 273/524/882 1670/3119/882 1669/3109/875
f 227/472/876 229/474/883 1648/3120/883 1647/3111/876
f 245/492/877 247/494/884 1657/3093/884 1656/3113/877
f 263/512/878 265/514/885 1666/3121/885 1665/3114/878
f 219/3122/886 221/3123/887 1644/3124/887 1643/3125/886
f 281/3126/879 219/3122/886 1643/3125/886 1674/3127/879
f 237/484/880 239/486/888 1653/3128/888 1652/3129/880
f 255/504/881 257/506/889 1662/3130/889 1661/3118/881
f 273/524/882 275/526/890 1671/3131/890 1670/3119/882
f 229/474/883 231/476/891 1649/3132/891 1648/3120/883
f 247/494/884 249/496/892 1658/3094/892 1657/3093/884
f 265/514/885 267/516/893 1667/3133/893 1666/3121/885
f 221/3123/887 223/567/145 1645/570/145 1644/3124/887
f 239/486/888 241/488/864 1654/3098/864 1653/3128/888
f 257/506/889 259/508/866 1663/3100/866 1662/3130/889
f 275/526/890 277/528/868 1672/3102/868 1671/3131/890
f 231/3134/891 233/3103/870 1650/3106/870 1649/3135/891
f 249/3136/892 251/499/872 1659/3108/872 1658/3137/892
f 267/517/893 269/520/874 1668/3110/874 1667/3138/893
f 1675/3139/1 1676/3140/1 1677/3141/1 1678/3142/1 1679/3143/1 1680/3144/1 1681/3145/1 1682/3146/1 1683/3147/1 1684/3148/1 1685/3149/1 1686/3150/1 1687/3151/1 1688/3152/1 1689/3153/1 1690/3154/1 1691/3155/1 1692/3156/1 1693/3157/1 1694/3158/1 1695/3159/1 1696/3160/1 1697/3161/1 1698/3162/1 1699/3163/1 1700/3164/1 1701/3165/1 1702/3166/1 1703/3167/1 1704/3168/1 1705/3169/1 1706/3170/1
f 1644/3171/114 1645/3172/115 1677/3173/115 1676/3174/114
f 1671/3131/141 1672/3102/142 1704/3175/142 1703/3176/141
f 1658/3094/128 1659/3177/129 1691/3178/129 1690/3095/128
f 1645/3172/115 1646/3112/116 1678/3179/116 1677/3173/115
f 1672/3102/142 1673/3101/143 1705/3180/143 1704/3175/142
f 1659/3108/129 1660/3107/130 1692/3181/130 1691/3182/129
f 1646/3112/116 1647/3111/117 1679/3183/117 1678/3179/116
f 1673/3101/143 1674/3115/144 1706/3184/144 1705/3180/143
f 1660/3107/130 1661/3118/131 1693/3185/131 1692/3181/130
f 1647/3111/117 1648/3120/118 1680/3186/118 1679/3183/117
f 1674/3115/144 1643/3187/113 1675/3188/113 1706/3184/144
f 1661/3118/131 1662/3130/132 1694/3189/132 1693/3185/131
f 1648/3120/118 1649/3132/119 1681/3190/119 1680/3186/118
f 1662/3130/132 1663/3100/133 1695/3191/133 1694/3189/132
f 1649/3132/119 1650/3192/120 1682/3193/120 1681/3190/119
f 1663/3100/133 1664/3099/134 1696/3194/134 1695/3191/133
f 1650/3192/120 1651/3195/121 1683/3196/121 1682/3193/120
f 1664/3099/134 1665/3114/135 1697/3197/135 1696/3194/134
f 1651/3198/121 1652/3129/122 1684/3199/122 1683/3200/121
f 1665/3114/135 1666/3121/136 1698/3201/136 1697/3197/135
f 1652/3129/122 1653/3128/123 1685/3202/123 1684/3199/122
f 1666/3121/136 1667/3133/137 1699/3203/137 1698/3201/136
f 1653/3128/123 1654/3098/124 1686/3204/124 1685/3202/123
f 1667/3138/137 1668/3110/138 1700/3205/138 1699/3206/137
f 1654/3098/124 1655/3097/125 1687/3207/125 1686/3204/124
f 1668/3110/138 1669/3109/139 1701/3208/139 1700/3205/138
f 1655/3097/125 1656/3113/126 1688/3209/126 1687/3207/125
f 1669/3109/139 1670/3119/140 1702/3210/140 1701/3208/139
f 1656/3113/126 1657/3093/127 1689/3096/127 1688/3209/126
f 1643/3211/113 1644/3171/114 1676/3174/114 1675/3212/113
f 1670/3119/140 1671/3131/141 1703/3176/141 1702/3210/140
