# Blender 5.0.0
# www.blender.org
mtllib Untitled.mtl
o Sześcian
v -0.983208 -0.983208 0.983208
v -0.983283 0.983283 0.983283
v -0.983208 -0.983208 -0.983208
v -0.983283 0.983283 -0.983283
v 0.983208 -0.983208 0.983208
v 0.983283 0.983283 0.983283
v 0.983208 -0.983208 -0.983208
v 0.983283 0.983283 -0.983283
v -1.020185 -1.020185 -0.937500
v -1.020392 -1.020392 -0.625000
v -1.019554 -1.019554 -0.562500
v -1.020044 -1.020044 -0.437500
v -1.020012 -1.020012 -0.375000
v -1.020289 -1.020289 -0.312500
v -1.019799 -1.019799 -0.187500
v -1.020012 -1.020012 -0.125000
v -1.020012 -1.020012 -0.062500
v -1.020012 -1.020012 -0.000000
v -1.019734 -1.019734 0.062500
v -1.020012 -1.020012 0.125000
v -1.020012 -1.020012 0.187500
v -1.020439 -1.020439 0.312500
v -1.010768 -1.010768 0.562500
v -1.010768 -1.010768 0.625000
v -1.010648 -1.010648 0.750000
v -1.010768 -1.010768 0.812500
v -1.010768 -1.010768 0.875000
v -1.010769 -1.010768 0.937500
v -0.979434 -0.875000 0.979434
v -0.989851 -0.812500 0.989851
v -1.010407 -0.750000 1.010407
v -1.015839 -0.625000 1.015839
v -0.979526 -0.562500 0.979526
v -0.979434 -0.187500 0.979434
v -0.979526 -0.125000 0.979526
v -0.979526 -0.062500 0.979526
v -0.979619 0.062500 0.979619
v -0.979526 0.125000 0.979526
v -0.979434 0.187500 0.979434
v -0.979434 0.312500 0.979434
v -0.992442 0.375000 0.992442
v -1.017622 0.437500 1.017622
v -1.015131 0.562500 1.015131
v -0.989925 0.625000 0.989925
v -1.010606 0.687500 1.010606
v -1.017118 0.812500 1.017118
v -0.979711 0.875000 0.979711
v -1.018810 1.018810 0.937500
v -1.018810 1.018810 0.875000
v -1.018810 1.018810 0.812500
v -1.027684 1.027684 0.750000
v -1.018255 1.018255 0.625000
v -1.018255 1.018255 0.562500
v -1.027684 1.027684 0.375000
v -1.016129 1.016129 0.187500
v -1.016129 1.016129 0.125000
v -1.016129 1.016129 0.062500
v -1.016129 1.016129 -0.062500
v -1.016129 1.016129 -0.125000
v -1.016129 1.016129 -0.187500
v -1.016129 1.016129 -0.375000
v -1.016129 1.016129 -0.437500
v -1.016129 1.016129 -0.562500
v -1.016129 1.016129 -0.625000
v -1.016129 1.016129 -0.687500
v -1.016130 1.016129 -0.875000
v -1.016174 1.016174 -0.937500
v -0.979711 0.875000 -0.979711
v -1.017118 0.812500 -1.017118
v -1.010606 0.687500 -1.010606
v -0.989925 0.625000 -0.989925
v -1.015131 0.562500 -1.015131
v -1.017623 0.437500 -1.017623
v -0.992442 0.375000 -0.992442
v -0.979434 0.312500 -0.979434
v -0.979434 0.187500 -0.979434
v -0.979526 0.125000 -0.979526
v -0.979619 0.062500 -0.979619
v -0.979526 -0.062500 -0.979526
v -0.979526 -0.125000 -0.979526
v -0.979434 -0.187500 -0.979434
v -0.979619 -0.500000 -0.979619
v -0.979526 -0.562500 -0.979526
v -1.015839 -0.625000 -1.015839
v -1.010407 -0.750000 -1.010407
v -0.989851 -0.812500 -0.989851
v -0.979434 -0.875000 -0.979434
v 0.937500 -1.020185 -1.020185
v -0.937500 -1.010768 -1.010769
v -0.937500 1.018810 -1.018810
v -0.750000 1.027684 -1.027684
v 0.937500 1.016174 -1.016174
v 0.979711 0.875000 -0.979711
v 1.017118 0.812500 -1.017118
v 0.989925 0.625000 -0.989925
v 1.015131 0.562500 -1.015131
v 1.017623 0.437500 -1.017623
v 0.992442 0.375000 -0.992442
v 0.979619 -0.500000 -0.979619
v 0.979526 -0.562500 -0.979526
v 1.015839 -0.625000 -1.015839
v 1.010407 -0.750000 -1.010407
v 0.989851 -0.812500 -0.989851
v 0.979434 -0.875000 -0.979434
v 1.010769 -1.010769 0.937500
v 1.010768 -1.010768 0.875000
v 1.010768 -1.010768 0.812500
v 1.010648 -1.010648 0.750000
v 1.010768 -1.010768 0.625000
v 1.010768 -1.010768 0.562500
v 1.020289 -1.020289 -0.312500
v 1.020012 -1.020012 -0.375000
v 1.020044 -1.020044 -0.437500
v 1.020192 -1.020192 -0.812500
v 1.019714 -1.019714 -0.875000
v 1.020185 -1.020185 -0.937500
v 1.016174 1.016174 -0.937500
v 1.016129 1.016129 -0.875000
v 1.016129 1.016129 -0.812500
v 1.016129 1.016129 -0.625000
v 1.016129 1.016129 -0.562500
v 1.016129 1.016129 -0.437500
v 1.016129 1.016129 -0.375000
v 1.016129 1.016129 -0.312500
v 1.016129 1.016129 0.250000
v 1.027684 1.027683 0.375000
v 1.018255 1.018255 0.562500
v 1.018255 1.018255 0.625000
v 1.018255 1.018255 0.687500
v 1.027683 1.027683 0.750000
v 1.018810 1.018810 0.812500
v 1.018810 1.018810 0.875000
v 1.018810 1.018810 0.937500
v 0.979711 0.875000 0.979711
v 1.017118 0.812500 1.017118
v 1.010606 0.687500 1.010606
v 0.989925 0.625000 0.989925
v 1.015131 0.562500 1.015131
v 1.017623 0.437500 1.017623
v 0.992442 0.375000 0.992442
v 0.979434 0.312500 0.979434
v 0.979434 0.187500 0.979434
v 0.979526 0.125000 0.979526
v 0.979619 0.062500 0.979619
v 0.979526 -0.062500 0.979526
v 0.979526 -0.125000 0.979526
v 0.979434 -0.187500 0.979434
v 0.979619 -0.500000 0.979619
v 0.979526 -0.562500 0.979526
v 1.015839 -0.625000 1.015839
v 1.010407 -0.750000 1.010407
v 0.989851 -0.812500 0.989851
v 0.979434 -0.875000 0.979434
v -0.937500 -1.010768 1.010769
v 0.937500 -1.020185 1.020185
v 0.937500 1.016174 1.016174
v -0.937500 1.018810 1.018810
v -1.025726 -0.875000 0.937500
v -0.985918 -0.812500 0.937500
v -0.989477 -0.562500 0.937500
v -1.022418 -0.187500 0.937500
v -0.970784 -0.125000 0.937500
v -1.016137 -0.062500 0.937500
v -1.013399 0.062500 0.937500
v -0.971046 0.125000 0.937500
v -1.025172 0.187500 0.937500
v -1.022796 0.312500 0.937500
v -0.989312 0.375000 0.937500
v -1.023835 0.812500 0.937500
v -1.028314 0.875000 0.937500
v -1.027527 0.937500 0.937500
v -1.013399 0.750000 0.875000
v -1.025003 0.812500 0.875000
v -1.004757 0.875000 0.875000
v -0.982455 -0.812500 0.812500
v -1.024909 0.437500 0.812500
v -1.023595 0.500000 0.812500
v -1.021398 0.562500 0.812500
v -1.013867 0.750000 0.812500
v -0.973648 0.812500 0.812500
v -1.029642 0.875000 0.812500
v -1.027454 0.937500 0.812500
v -0.970099 -0.812500 0.750000
v -1.015359 -0.062500 0.750000
v -1.014183 -0.000000 0.750000
v -0.989470 0.500000 0.750000
v -1.021058 0.562500 0.750000
v -1.003623 0.625000 0.750000
v -1.028170 0.750000 0.750000
v -1.038795 0.812500 0.750000
v -1.039412 0.875000 0.750000
v -1.013112 -0.875000 0.687500
v -1.003836 -0.812500 0.687500
v -1.021109 -0.875000 0.625000
v -1.003834 -0.812500 0.625000
v -1.027909 -0.750000 0.625000
v -1.024314 -0.625000 0.625000
v -0.989477 -0.562500 0.625000
v -0.989311 0.375000 0.625000
v -1.024613 0.437500 0.625000
v -0.989296 0.500000 0.625000
v -1.038105 0.562500 0.625000
v -1.003464 0.625000 0.625000
v -0.971177 -0.812500 0.562500
v -0.971356 -0.750000 0.562500
v -0.970866 -0.687500 0.562500
v -0.971046 -0.625000 0.562500
v -0.989477 -0.562500 0.562500
v -0.971046 0.375000 0.562500
v -0.970830 0.437500 0.562500
v -0.970768 0.500000 0.562500
v -1.003464 0.625000 0.562500
v -0.989216 -0.812500 0.500000
v -1.024902 -0.750000 0.500000
v -0.989753 -0.687500 0.500000
v -1.038105 -0.625000 0.500000
v -0.989477 -0.562500 0.500000
v -1.012436 -0.062500 0.500000
v -1.014183 -0.000000 0.500000
v -0.987061 0.375000 0.500000
v -1.025686 0.562500 0.500000
v -1.003464 0.625000 0.500000
v -1.024902 -0.750000 0.437500
v -1.023333 -0.687500 0.437500
v -1.023595 0.250000 0.437500
v -1.022418 0.312500 0.437500
v -1.014388 -0.062500 0.375000
v -1.025684 0.062500 0.375000
v -0.971046 0.125000 0.375000
v -1.025158 0.187500 0.375000
v -0.990075 0.250000 0.375000
v -1.037604 0.312500 0.375000
v -1.027778 0.750000 0.375000
v -1.026732 0.812500 0.375000
v -1.026994 0.875000 0.375000
v -1.025991 0.937500 0.375000
v -0.988865 -0.562500 0.312500
v -0.989035 -0.062500 0.312500
v -0.988905 -0.000000 0.312500
v -0.989411 0.062500 0.312500
v -1.023323 0.125000 0.312500
v -1.037454 0.187500 0.312500
v -1.037451 0.250000 0.312500
v -1.038118 0.312500 0.312500
v -1.037763 0.750000 0.312500
v -0.971046 0.812500 0.312500
v -0.989493 0.875000 0.312500
v -1.024771 0.000000 0.250000
v -1.023595 0.125000 0.250000
v -1.026601 0.750000 0.250000
v -1.035474 0.812500 0.250000
v -0.989477 0.875000 0.250000
v -1.025214 -0.062500 0.187500
v -1.024771 -0.000000 0.187500
v -1.002806 0.625000 0.187500
v -1.027061 0.687500 0.187500
v -1.035475 0.812500 0.187500
v -0.989477 0.875000 0.187500
v -0.971307 0.625000 0.125000
v -0.989477 0.875000 0.125000
v -1.019393 0.562500 0.062500
v -1.002196 0.625000 0.062500
v -1.035320 0.812500 0.062500
v -0.989477 0.875000 0.062500
v -1.024902 -0.750000 0.000000
v -0.990131 0.875000 -0.000000
v -0.989216 -0.812500 -0.062500
v -1.024271 -0.750000 -0.062500
v -1.038105 -0.625000 -0.062500
v -1.003464 -0.562500 -0.062500
v -1.039150 -0.187500 -0.062500
v -0.971046 -0.125000 -0.062500
v -0.986865 0.375000 -0.062500
v -1.035502 0.812500 -0.062500
v -0.989477 0.875000 -0.062500
v -0.971018 -0.812500 -0.125000
v -0.970883 -0.187500 -0.125000
v -0.971046 -0.125000 -0.125000
v -0.971046 0.375000 -0.125000
v -0.989477 0.875000 -0.125000
v -0.985800 -0.812500 -0.187500
v -1.014714 -0.750000 -0.187500
v -1.013399 -0.187500 -0.187500
v -0.971307 -0.125000 -0.187500
v -0.987061 0.375000 -0.187500
v -1.015229 0.437500 -0.187500
v -1.023835 0.812500 -0.187500
v -0.989477 0.875000 -0.187500
v -1.025686 -0.625000 -0.250000
v -1.024058 -0.562500 -0.250000
v -1.023203 -0.500000 -0.250000
v -1.023203 -0.437500 -0.250000
v -1.024055 -0.375000 -0.250000
v -1.015360 -0.312500 -0.250000
v -0.980681 -0.562500 -0.312500
v -1.021619 -0.500000 -0.312500
v -1.037929 -0.437500 -0.312500
v -0.971046 -0.375000 -0.312500
v -1.015360 -0.312500 -0.312500
v -1.025604 -0.062500 -0.312500
v -1.024771 0.000000 -0.312500
v -1.025033 -0.437500 -0.375000
v -1.008158 -0.375000 -0.375000
v -1.015360 -0.312500 -0.375000
v -0.991002 0.875000 -0.437500
v -0.996463 -0.562500 -0.500000
v -1.022810 -0.500000 -0.500000
v -1.013399 -0.187500 -0.500000
v -0.971305 -0.125000 -0.500000
v -0.989477 -0.062500 -0.500000
v -1.024771 -0.000000 -0.500000
v -1.038105 0.312500 -0.500000
v -0.987067 0.375000 -0.500000
v -1.015229 0.437500 -0.500000
v -1.024227 0.812500 -0.500000
v -0.989145 0.875000 -0.500000
v -0.970885 -0.562500 -0.562500
v -0.971160 -0.187500 -0.562500
v -0.971062 -0.125000 -0.562500
v -0.971046 -0.062500 -0.562500
v -0.971516 0.687500 -0.562500
v -0.971324 0.750000 -0.562500
v -0.971046 0.812500 -0.562500
v -0.989741 0.875000 -0.562500
v -0.985795 -0.562500 -0.625000
v -1.015098 -0.500000 -0.625000
v -1.039150 0.312500 -0.625000
v -0.989312 0.375000 -0.625000
v -1.024922 0.437500 -0.625000
v -1.038341 0.562500 -0.625000
v -0.985948 0.625000 -0.625000
v -1.014999 0.687500 -0.625000
v -0.985891 0.750000 -0.625000
v -1.023835 0.812500 -0.625000
v -0.989711 0.875000 -0.625000
v -1.014999 0.687500 -0.750000
v -1.013399 0.750000 -0.750000
v -1.033524 -0.875000 -0.937500
v -0.985546 -0.812500 -0.937500
v -0.985564 -0.562500 -0.937500
v -1.015098 -0.500000 -0.937500
v -1.039150 0.312500 -0.937500
v -0.989311 0.375000 -0.937500
v -0.989632 0.875000 -0.937500
v -1.024510 0.937500 -0.937500
v -0.937500 -0.875000 -1.025726
v -0.937500 -0.812500 -0.985918
v -0.937500 -0.562500 -0.989477
v -0.937500 -0.187500 -1.022418
v -0.937500 -0.125000 -0.970784
v -0.937500 -0.062500 -1.016137
v -0.937500 0.062500 -1.013399
v -0.937500 0.125000 -0.971046
v -0.937500 0.187500 -1.025172
v -0.937500 0.312500 -1.022796
v -0.937500 0.375000 -0.989312
v -0.937500 0.812500 -1.023835
v -0.937500 0.875000 -1.028314
v -0.937500 0.937500 -1.027527
v -0.875000 0.750000 -1.013399
v -0.875000 0.812500 -1.025003
v -0.875000 0.875000 -1.004757
v -0.812500 -0.812500 -0.982455
v -0.812500 0.437500 -1.024909
v -0.812500 0.500000 -1.023595
v -0.812500 0.562500 -1.021398
v -0.812500 0.750000 -1.013867
v -0.812500 0.812500 -0.973648
v -0.812500 0.875000 -1.029642
v -0.812500 0.937500 -1.027454
v -0.750000 -0.812500 -0.970099
v -0.750000 -0.062500 -1.015359
v -0.750000 -0.000000 -1.014183
v -0.750000 0.500000 -0.989470
v -0.750000 0.562500 -1.021058
v -0.750000 0.625000 -1.003623
v -0.750000 0.750000 -1.028170
v -0.750000 0.812500 -1.038795
v -0.750000 0.875000 -1.039412
v -0.687500 -0.875000 -1.013112
v -0.687500 -0.812500 -1.003836
v -0.625000 -0.875000 -1.021109
v -0.625000 -0.812500 -1.003834
v -0.625000 -0.750000 -1.027909
v -0.625000 -0.625000 -1.024314
v -0.625000 -0.562500 -0.989477
v -0.625000 0.375000 -0.989311
v -0.625000 0.437500 -1.024613
v -0.625000 0.500000 -0.989296
v -0.625000 0.562500 -1.038105
v -0.625000 0.625000 -1.003464
v -0.562500 -0.812500 -0.971177
v -0.562500 -0.750000 -0.971356
v -0.562500 -0.687500 -0.970866
v -0.562500 -0.625000 -0.971046
v -0.562500 -0.562500 -0.989477
v -0.562500 0.375000 -0.971046
v -0.562500 0.437500 -0.970830
v -0.562500 0.500000 -0.970768
v -0.562500 0.625000 -1.003464
v -0.500000 -0.812500 -0.989216
v -0.500000 -0.750000 -1.024902
v -0.500000 -0.687500 -0.989753
v -0.500000 -0.625000 -1.038105
v -0.500000 -0.562500 -0.989477
v -0.500000 -0.062500 -1.012436
v -0.500000 0.000000 -1.014183
v -0.500000 0.375000 -0.987061
v -0.500000 0.562500 -1.025686
v -0.500000 0.625000 -1.003464
v -0.437500 -0.750000 -1.024902
v -0.437500 -0.687500 -1.023333
v -0.437500 0.250000 -1.023595
v -0.437500 0.312500 -1.022418
v -0.375000 -0.062500 -1.014388
v -0.375000 0.062500 -1.025684
v -0.375000 0.125000 -0.971046
v -0.375000 0.187500 -1.025158
v -0.375000 0.250000 -0.990075
v -0.375000 0.312500 -1.037604
v -0.375000 0.750000 -1.027778
v -0.375000 0.812500 -1.026732
v -0.375000 0.875000 -1.026994
v -0.375000 0.937500 -1.025991
v -0.312500 -0.562500 -0.988865
v -0.312500 -0.062500 -0.989035
v -0.312500 0.000000 -0.988905
v -0.312500 0.062500 -0.989411
v -0.312500 0.125000 -1.023323
v -0.312500 0.187500 -1.037454
v -0.312500 0.250000 -1.037451
v -0.312500 0.312500 -1.038118
v -0.312500 0.750000 -1.037763
v -0.312500 0.812500 -0.971046
v -0.312500 0.875000 -0.989493
v -0.250000 0.000000 -1.024771
v -0.250000 0.125000 -1.023595
v -0.250000 0.750000 -1.026601
v -0.250000 0.812500 -1.035474
v -0.250000 0.875000 -0.989477
v -0.187500 -0.062500 -1.025214
v -0.187500 0.000000 -1.024771
v -0.187500 0.625000 -1.002806
v -0.187500 0.687500 -1.027061
v -0.187500 0.812500 -1.035475
v -0.187500 0.875000 -0.989477
v -0.125000 0.625000 -0.971307
v -0.125000 0.875000 -0.989477
v -0.062500 0.562500 -1.019393
v -0.062500 0.625000 -1.002196
v -0.062500 0.812500 -1.035320
v -0.062500 0.875000 -0.989477
v -0.000000 -0.750000 -1.024902
v 0.000000 0.875000 -0.990131
v 0.062500 -0.812500 -0.989216
v 0.062500 -0.750000 -1.024271
v 0.062500 -0.625000 -1.038105
v 0.062500 -0.562500 -1.003464
v 0.062500 -0.187500 -1.039150
v 0.062500 -0.125000 -0.971046
v 0.062500 0.375000 -0.986865
v 0.062500 0.812500 -1.035502
v 0.062500 0.875000 -0.989477
v 0.125000 -0.812500 -0.971018
v 0.125000 -0.187500 -0.970883
v 0.125000 -0.125000 -0.971046
v 0.125000 0.375000 -0.971046
v 0.125000 0.875000 -0.989477
v 0.187500 -0.812500 -0.985800
v 0.187500 -0.750000 -1.014714
v 0.187500 -0.187500 -1.013399
v 0.187500 -0.125000 -0.971307
v 0.187500 0.375000 -0.987061
v 0.187500 0.437500 -1.015229
v 0.187500 0.812500 -1.023835
v 0.187500 0.875000 -0.989477
v 0.250000 -0.625000 -1.025686
v 0.250000 -0.562500 -1.024058
v 0.250000 -0.500000 -1.023203
v 0.250000 -0.437500 -1.023203
v 0.250000 -0.375000 -1.024055
v 0.250000 -0.312500 -1.015360
v 0.312500 -0.562500 -0.980681
v 0.312500 -0.500000 -1.021619
v 0.312500 -0.437500 -1.037929
v 0.312500 -0.375000 -0.971046
v 0.312500 -0.312500 -1.015360
v 0.312500 -0.062500 -1.025604
v 0.312500 0.000000 -1.024771
v 0.375000 -0.437500 -1.025033
v 0.375000 -0.375000 -1.008158
v 0.375000 -0.312500 -1.015360
v 0.437500 0.875000 -0.991002
v 0.500000 -0.562500 -0.996463
v 0.500000 -0.500000 -1.022810
v 0.500000 -0.187500 -1.013399
v 0.500000 -0.125000 -0.971305
v 0.500000 -0.062500 -0.989477
v 0.500000 -0.000000 -1.024771
v 0.500000 0.312500 -1.038105
v 0.500000 0.375000 -0.987067
v 0.500000 0.437500 -1.015229
v 0.500000 0.812500 -1.024227
v 0.500000 0.875000 -0.989145
v 0.562500 -0.562500 -0.970885
v 0.562500 -0.187500 -0.971160
v 0.562500 -0.125000 -0.971062
v 0.562500 -0.062500 -0.971046
v 0.562500 0.687500 -0.971516
v 0.562500 0.750000 -0.971324
v 0.562500 0.812500 -0.971046
v 0.562500 0.875000 -0.989741
v 0.625000 -0.562500 -0.985795
v 0.625000 -0.500000 -1.015098
v 0.625000 0.312500 -1.039150
v 0.625000 0.375000 -0.989312
v 0.625000 0.437500 -1.024922
v 0.625000 0.562500 -1.038341
v 0.625000 0.625000 -0.985948
v 0.625000 0.687500 -1.014999
v 0.625000 0.750000 -0.985891
v 0.625000 0.812500 -1.023835
v 0.625000 0.875000 -0.989711
v 0.750000 0.687500 -1.014999
v 0.750000 0.750000 -1.013399
v 0.937500 -0.875000 -1.033524
v 0.937500 -0.812500 -0.985546
v 0.937500 -0.562500 -0.985564
v 0.937500 -0.500000 -1.015098
v 0.937500 0.312500 -1.039150
v 0.937500 0.375000 -0.989311
v 0.937500 0.875000 -0.989632
v 0.937500 0.937500 -1.024510
v 1.033524 -0.875000 -0.937500
v 0.985546 -0.812500 -0.937500
v 0.985564 -0.562500 -0.937500
v 1.015098 -0.500000 -0.937500
v 1.039150 0.312500 -0.937500
v 0.989312 0.375000 -0.937500
v 0.989632 0.875000 -0.937500
v 1.024510 0.937500 -0.937500
v 1.014999 0.687500 -0.750000
v 1.013399 0.750000 -0.750000
v 0.985795 -0.562500 -0.625000
v 1.015098 -0.500000 -0.625000
v 1.039150 0.312500 -0.625000
v 0.989311 0.375000 -0.625000
v 1.024922 0.437500 -0.625000
v 1.038341 0.562500 -0.625000
v 0.985948 0.625000 -0.625000
v 1.014999 0.687500 -0.625000
v 0.985892 0.750000 -0.625000
v 1.023836 0.812500 -0.625000
v 0.989711 0.875000 -0.625000
v 0.970885 -0.562500 -0.562500
v 0.971161 -0.187500 -0.562500
v 0.971062 -0.125000 -0.562500
v 0.971046 -0.062500 -0.562500
v 0.971516 0.687500 -0.562500
v 0.971324 0.750000 -0.562500
v 0.971046 0.812500 -0.562500
v 0.989741 0.875000 -0.562500
v 0.996463 -0.562500 -0.500000
v 1.022810 -0.500000 -0.500000
v 1.013399 -0.187500 -0.500000
v 0.971305 -0.125000 -0.500000
v 0.989477 -0.062500 -0.500000
v 1.024771 -0.000000 -0.500000
v 1.038105 0.312500 -0.500000
v 0.987067 0.375000 -0.500000
v 1.015229 0.437500 -0.500000
v 1.024228 0.812500 -0.500000
v 0.989145 0.875000 -0.500000
v 1.025033 -0.437500 -0.375000
v 1.008161 -0.375000 -0.375000
v 1.015360 -0.312500 -0.375000
v 0.980681 -0.562500 -0.312500
v 1.021619 -0.500000 -0.312500
v 1.037929 -0.437500 -0.312500
v 0.971046 -0.375000 -0.312500
v 1.015360 -0.312500 -0.312500
v 1.025604 -0.062500 -0.312500
v 1.024771 0.000000 -0.312500
v 1.025686 -0.625000 -0.250000
v 1.024058 -0.562500 -0.250000
v 1.023203 -0.500000 -0.250000
v 1.023203 -0.437500 -0.250000
v 1.024055 -0.375000 -0.250000
v 1.015360 -0.312500 -0.250000
v 0.985800 -0.812500 -0.187500
v 1.014714 -0.750000 -0.187500
v 1.013399 -0.187500 -0.187500
v 0.971307 -0.125000 -0.187500
v 0.987061 0.375000 -0.187500
v 1.015229 0.437500 -0.187500
v 1.023836 0.812500 -0.187500
v 0.989477 0.875000 -0.187500
v 0.971018 -0.812500 -0.125000
v 0.970882 -0.187500 -0.125000
v 0.971046 -0.125000 -0.125000
v 0.971046 0.375000 -0.125000
v 0.989477 0.875000 -0.125000
v 0.989216 -0.812500 -0.062500
v 1.024271 -0.750000 -0.062500
v 1.038105 -0.625000 -0.062500
v 1.003464 -0.562500 -0.062500
v 1.039150 -0.187500 -0.062500
v 0.971047 -0.125000 -0.062500
v 0.986866 0.375000 -0.062500
v 1.035503 0.812500 -0.062500
v 0.989477 0.875000 -0.062500
v 1.024902 -0.750000 -0.000000
v 0.990131 0.875000 0.000000
v 1.019393 0.562500 0.062500
v 1.002196 0.625000 0.062500
v 1.035319 0.812500 0.062500
v 0.989477 0.875000 0.062500
v 0.971307 0.625000 0.125000
v 0.989477 0.875000 0.125000
v 1.025214 -0.062500 0.187500
v 1.024771 -0.000000 0.187500
v 1.002805 0.625000 0.187500
v 1.027061 0.687500 0.187500
v 1.035474 0.812500 0.187500
v 0.989477 0.875000 0.187500
v 1.024771 0.000000 0.250000
v 1.023595 0.125000 0.250000
v 1.026601 0.750000 0.250000
v 1.035475 0.812500 0.250000
v 0.989477 0.875000 0.250000
v 0.988864 -0.562500 0.312500
v 0.989035 -0.062500 0.312500
v 0.988905 -0.000000 0.312500
v 0.989411 0.062500 0.312500
v 1.023323 0.125000 0.312500
v 1.037454 0.187500 0.312500
v 1.037451 0.250000 0.312500
v 1.038118 0.312500 0.312500
v 1.037763 0.750000 0.312500
v 0.971046 0.812500 0.312500
v 0.989494 0.875000 0.312500
v 1.014388 -0.062500 0.375000
v 1.025683 0.062500 0.375000
v 0.971046 0.125000 0.375000
v 1.025158 0.187500 0.375000
v 0.990075 0.250000 0.375000
v 1.037604 0.312500 0.375000
v 1.027778 0.750000 0.375000
v 1.026732 0.812500 0.375000
v 1.026994 0.875000 0.375000
v 1.025991 0.937500 0.375000
v 1.024902 -0.750000 0.437500
v 1.023333 -0.687500 0.437500
v 1.023595 0.250000 0.437500
v 1.022418 0.312500 0.437500
v 0.989216 -0.812500 0.500000
v 1.024902 -0.750000 0.500000
v 0.989753 -0.687500 0.500000
v 1.038105 -0.625000 0.500000
v 0.989477 -0.562500 0.500000
v 1.012436 -0.062500 0.500000
v 1.014183 -0.000000 0.500000
v 0.987061 0.375000 0.500000
v 1.025686 0.562500 0.500000
v 1.003464 0.625000 0.500000
v 0.971177 -0.812500 0.562500
v 0.971356 -0.750000 0.562500
v 0.970866 -0.687500 0.562500
v 0.971046 -0.625000 0.562500
v 0.989477 -0.562500 0.562500
v 0.971046 0.375000 0.562500
v 0.970830 0.437500 0.562500
v 0.970768 0.500000 0.562500
v 1.003464 0.625000 0.562500
v 1.021109 -0.875000 0.625000
v 1.003834 -0.812500 0.625000
v 1.027909 -0.750000 0.625000
v 1.024314 -0.625000 0.625000
v 0.989477 -0.562500 0.625000
v 0.989312 0.375000 0.625000
v 1.024613 0.437500 0.625000
v 0.989296 0.500000 0.625000
v 1.038105 0.562500 0.625000
v 1.003464 0.625000 0.625000
v 1.013112 -0.875000 0.687500
v 1.003836 -0.812500 0.687500
v 0.970099 -0.812500 0.750000
v 1.015359 -0.062500 0.750000
v 1.014183 -0.000000 0.750000
v 0.989470 0.500000 0.750000
v 1.021058 0.562500 0.750000
v 1.003623 0.625000 0.750000
v 1.028170 0.750000 0.750000
v 1.038795 0.812500 0.750000
v 1.039412 0.875000 0.750000
v 0.982455 -0.812500 0.812500
v 1.024909 0.437500 0.812500
v 1.023595 0.500000 0.812500
v 1.021398 0.562500 0.812500
v 1.013867 0.750000 0.812500
v 0.973652 0.812500 0.812500
v 1.029642 0.875000 0.812500
v 1.027454 0.937500 0.812500
v 1.013399 0.750000 0.875000
v 1.025003 0.812500 0.875000
v 1.004757 0.875000 0.875000
v 1.025726 -0.875000 0.937500
v 0.985918 -0.812500 0.937500
v 0.989477 -0.562500 0.937500
v 1.022418 -0.187500 0.937500
v 0.970784 -0.125000 0.937500
v 1.016137 -0.062500 0.937500
v 1.013399 0.062500 0.937500
v 0.971046 0.125000 0.937500
v 1.025172 0.187500 0.937500
v 1.022796 0.312500 0.937500
v 0.989311 0.375000 0.937500
v 1.023836 0.812500 0.937500
v 1.028314 0.875000 0.937500
v 1.027527 0.937500 0.937500
v 0.937500 -0.875000 1.033524
v 0.937500 -0.812500 0.985546
v 0.937500 -0.562500 0.985564
v 0.937500 -0.500000 1.015098
v 0.937500 0.312500 1.039150
v 0.937500 0.375000 0.989312
v 0.937500 0.875000 0.989632
v 0.937500 0.937500 1.024510
v 0.750000 0.687500 1.014999
v 0.750000 0.750000 1.013399
v 0.625000 -0.562500 0.985795
v 0.625000 -0.500000 1.015098
v 0.625000 0.312500 1.039150
v 0.625000 0.375000 0.989311
v 0.625000 0.437500 1.024922
v 0.625000 0.562500 1.038341
v 0.625000 0.625000 0.985948
v 0.625000 0.687500 1.014999
v 0.625000 0.750000 0.985892
v 0.625000 0.812500 1.023836
v 0.625000 0.875000 0.989711
v 0.562500 -0.562500 0.970885
v 0.562500 -0.187500 0.971161
v 0.562500 -0.125000 0.971062
v 0.562500 -0.062500 0.971046
v 0.562500 0.687500 0.971516
v 0.562500 0.750000 0.971324
v 0.562500 0.812500 0.971046
v 0.562500 0.875000 0.989741
v 0.500000 -0.562500 0.996463
v 0.500000 -0.500000 1.022810
v 0.500000 -0.187500 1.013399
v 0.500000 -0.125000 0.971305
v 0.500000 -0.062500 0.989477
v 0.500000 0.000000 1.024771
v 0.500000 0.312500 1.038105
v 0.500000 0.375000 0.987067
v 0.500000 0.437500 1.015229
v 0.500000 0.812500 1.024228
v 0.500000 0.875000 0.989145
v 0.375000 -0.437500 1.025033
v 0.375000 -0.375000 1.008161
v 0.375000 -0.312500 1.015360
v 0.312500 -0.562500 0.980681
v 0.312500 -0.500000 1.021619
v 0.312500 -0.437500 1.037929
v 0.312500 -0.375000 0.971046
v 0.312500 -0.312500 1.015360
v 0.312500 -0.062500 1.025604
v 0.312500 0.000000 1.024771
v 0.250000 -0.625000 1.025686
v 0.250000 -0.562500 1.024058
v 0.250000 -0.500000 1.023203
v 0.250000 -0.437500 1.023203
v 0.250000 -0.375000 1.024055
v 0.250000 -0.312500 1.015360
v 0.187500 -0.812500 0.985800
v 0.187500 -0.750000 1.014714
v 0.187500 -0.187500 1.013399
v 0.187500 -0.125000 0.971307
v 0.187500 0.375000 0.987061
v 0.187500 0.437500 1.015229
v 0.187500 0.812500 1.023836
v 0.187500 0.875000 0.989477
v 0.125000 -0.812500 0.971018
v 0.125000 -0.187500 0.970882
v 0.125000 -0.125000 0.971046
v 0.125000 0.375000 0.971046
v 0.125000 0.875000 0.989477
v 0.062500 -0.812500 0.989216
v 0.062500 -0.750000 1.024271
v 0.062500 -0.625000 1.038105
v 0.062500 -0.562500 1.003464
v 0.062500 -0.187500 1.039150
v 0.062500 -0.125000 0.971047
v 0.062500 0.375000 0.986866
v 0.062500 0.812500 1.035503
v 0.062500 0.875000 0.989477
v 0.000000 -0.750000 1.024902
v -0.000000 0.875000 0.990131
v -0.062500 0.562500 1.019393
v -0.062500 0.625000 1.002196
v -0.062500 0.812500 1.035319
v -0.062500 0.875000 0.989477
v -0.125000 0.625000 0.971307
v -0.125000 0.875000 0.989477
v -0.187500 -0.062500 1.025214
v -0.187500 -0.000000 1.024771
v -0.187500 0.625000 1.002805
v -0.187500 0.687500 1.027061
v -0.187500 0.812500 1.035474
v -0.187500 0.875000 0.989477
v -0.250000 -0.000000 1.024771
v -0.250000 0.125000 1.023595
v -0.250000 0.750000 1.026601
v -0.250000 0.812500 1.035475
v -0.250000 0.875000 0.989477
v -0.312500 -0.562500 0.988864
v -0.312500 -0.062500 0.989035
v -0.312500 -0.000000 0.988905
v -0.312500 0.062500 0.989411
v -0.312500 0.125000 1.023323
v -0.312500 0.187500 1.037454
v -0.312500 0.250000 1.037451
v -0.312500 0.312500 1.038118
v -0.312500 0.750000 1.037763
v -0.312500 0.812500 0.971046
v -0.312500 0.875000 0.989494
v -0.375000 -0.062500 1.014388
v -0.375000 0.062500 1.025683
v -0.375000 0.125000 0.971046
v -0.375000 0.187500 1.025158
v -0.375000 0.250000 0.990075
v -0.375000 0.312500 1.037604
v -0.375000 0.750000 1.027778
v -0.375000 0.812500 1.026732
v -0.375000 0.875000 1.026994
v -0.375000 0.937500 1.025991
v -0.437500 -0.750000 1.024902
v -0.437500 -0.687500 1.023333
v -0.437500 0.250000 1.023595
v -0.437500 0.312500 1.022418
v -0.500000 -0.812500 0.989216
v -0.500000 -0.750000 1.024902
v -0.500000 -0.687500 0.989753
v -0.500000 -0.625000 1.038105
v -0.500000 -0.562500 0.989477
v -0.500000 -0.062500 1.012436
v -0.500000 -0.000000 1.014183
v -0.500000 0.375000 0.987061
v -0.500000 0.562500 1.025686
v -0.500000 0.625000 1.003464
v -0.562500 -0.812500 0.971177
v -0.562500 -0.750000 0.971356
v -0.562500 -0.687500 0.970866
v -0.562500 -0.625000 0.971046
v -0.562500 -0.562500 0.989477
v -0.562500 0.375000 0.971046
v -0.562500 0.437500 0.970830
v -0.562500 0.500000 0.970768
v -0.562500 0.625000 1.003464
v -0.625000 -0.875000 1.021109
v -0.625000 -0.812500 1.003834
v -0.625000 -0.750000 1.027909
v -0.625000 -0.625000 1.024314
v -0.625000 -0.562500 0.989477
v -0.625000 0.375000 0.989312
v -0.625000 0.437500 1.024613
v -0.625000 0.500000 0.989296
v -0.625000 0.562500 1.038105
v -0.625000 0.625000 1.003464
v -0.687500 -0.875000 1.013112
v -0.687500 -0.812500 1.003836
v -0.750000 -0.812500 0.970099
v -0.750000 -0.062500 1.015359
v -0.750000 -0.000000 1.014183
v -0.750000 0.500000 0.989470
v -0.750000 0.562500 1.021058
v -0.750000 0.625000 1.003623
v -0.750000 0.750000 1.028170
v -0.750000 0.812500 1.038795
v -0.750000 0.875000 1.039412
v -0.812500 -0.812500 0.982455
v -0.812500 0.437500 1.024909
v -0.812500 0.500000 1.023595
v -0.812500 0.562500 1.021398
v -0.812500 0.750000 1.013867
v -0.812500 0.812500 0.973652
v -0.812500 0.875000 1.029642
v -0.812500 0.937500 1.027454
v -0.875000 0.750000 1.013399
v -0.875000 0.812500 1.025003
v -0.875000 0.875000 1.004757
v -0.937500 -0.875000 1.025726
v -0.937500 -0.812500 0.985918
v -0.937500 -0.562500 0.989477
v -0.937500 -0.187500 1.022418
v -0.937500 -0.125000 0.970784
v -0.937500 -0.062500 1.016137
v -0.937500 0.062500 1.013399
v -0.937500 0.125000 0.971046
v -0.937500 0.187500 1.025172
v -0.937500 0.312500 1.022796
v -0.937500 0.375000 0.989311
v -0.937500 0.812500 1.023836
v -0.937500 0.875000 1.028314
v -0.937500 0.937500 1.027527
v -0.937500 -1.027527 -0.937500
v -0.812500 -1.027454 -0.937500
v -0.375000 -1.025991 -0.937500
v 0.937500 -1.024510 -0.937500
v -0.812500 -1.029642 -0.875000
v -0.750000 -1.039412 -0.875000
v -0.375000 -1.026994 -0.875000
v -0.312500 -0.989493 -0.875000
v -0.250000 -0.989477 -0.875000
v -0.187500 -0.989477 -0.875000
v -0.125000 -0.989477 -0.875000
v -0.062500 -0.989477 -0.875000
v 0.062500 -0.989477 -0.875000
v 0.125000 -0.989477 -0.875000
v 0.187500 -0.989477 -0.875000
v 0.437500 -0.991002 -0.875000
v 0.500000 -0.989145 -0.875000
v 0.562500 -0.989741 -0.875000
v 0.625000 -0.989711 -0.875000
v -0.875000 -1.025003 -0.812500
v -0.812500 -0.973652 -0.812500
v -0.750000 -1.038795 -0.812500
v -0.375000 -1.026732 -0.812500
v -0.312500 -0.971046 -0.812500
v -0.250000 -1.035475 -0.812500
v -0.187500 -1.035475 -0.812500
v -0.062500 -1.035319 -0.812500
v 0.062500 -1.035502 -0.812500
v 0.187500 -1.023835 -0.812500
v 0.500000 -1.024227 -0.812500
v 0.562500 -0.971046 -0.812500
v 0.625000 -1.023836 -0.812500
v 0.750000 -1.023836 -0.812500
v -0.875000 -1.013399 -0.750000
v -0.812500 -1.013867 -0.750000
v -0.750000 -1.028170 -0.750000
v -0.375000 -1.027778 -0.750000
v -0.312500 -1.037763 -0.750000
v -0.250000 -1.026601 -0.750000
v 0.562500 -0.971324 -0.750000
v 0.625000 -0.985891 -0.750000
v 0.750000 -1.013399 -0.750000
v -0.750000 -1.027940 -0.687500
v -0.187500 -1.027061 -0.687500
v 0.562500 -0.971516 -0.687500
v 0.625000 -1.014999 -0.687500
v 0.937500 -1.014999 -0.687500
v -0.625000 -1.003464 -0.625000
v -0.562500 -1.003464 -0.625000
v -0.500000 -1.003464 -0.625000
v -0.187500 -1.002806 -0.625000
v -0.125000 -0.971307 -0.625000
v -0.062500 -1.002196 -0.625000
v 0.625000 -0.985948 -0.625000
v 0.937500 -0.986209 -0.625000
v -0.750000 -1.021057 -0.562500
v -0.625000 -1.038105 -0.562500
v -0.500000 -1.025686 -0.562500
v -0.062500 -1.019392 -0.562500
v 0.625000 -1.038341 -0.562500
v 0.937500 -1.022523 -0.562500
v -0.812500 -1.023595 -0.500000
v -0.750000 -0.989470 -0.500000
v -0.625000 -0.989296 -0.500000
v -0.562500 -0.970768 -0.500000
v -0.812500 -1.024909 -0.437500
v -0.625000 -1.024613 -0.437500
v -0.562500 -0.970830 -0.437500
v 0.187500 -1.015229 -0.437500
v 0.500000 -1.015229 -0.437500
v 0.625000 -1.024922 -0.437500
v -0.937500 -0.989312 -0.375000
v -0.625000 -0.989312 -0.375000
v -0.562500 -0.971046 -0.375000
v -0.500000 -0.987061 -0.375000
v 0.062500 -0.986866 -0.375000
v 0.125000 -0.971046 -0.375000
v 0.187500 -0.987061 -0.375000
v 0.500000 -0.987067 -0.375000
v 0.625000 -0.989312 -0.375000
v -0.937500 -1.022796 -0.312500
v -0.437500 -1.022418 -0.312500
v -0.375000 -1.037604 -0.312500
v -0.312500 -1.038118 -0.312500
v 0.500000 -1.038105 -0.312500
v 0.625000 -1.039150 -0.312500
v -0.437500 -1.023595 -0.250000
v -0.375000 -0.990075 -0.250000
v -0.312500 -1.037451 -0.250000
v -0.937500 -1.025172 -0.187500
v -0.375000 -1.025158 -0.187500
v -0.312500 -1.037454 -0.187500
v -0.937500 -0.971046 -0.125000
v -0.375000 -0.971046 -0.125000
v -0.312500 -1.023323 -0.125000
v -0.250000 -1.023595 -0.125000
v -0.937500 -1.013399 -0.062500
v -0.375000 -1.025683 -0.062500
v -0.312500 -0.989411 -0.062500
v -0.750000 -1.014183 -0.000000
v -0.500000 -1.014183 -0.000000
v -0.312500 -0.988905 0.000000
v -0.250000 -1.024771 -0.000000
v -0.187500 -1.024771 0.000000
v 0.312500 -1.024771 -0.000000
v 0.500000 -1.024771 0.000000
v -0.750000 -1.015359 0.062500
v -0.500000 -1.012436 0.062500
v -0.375000 -1.014388 0.062500
v -0.312500 -0.989035 0.062500
v -0.187500 -1.025214 0.062500
v 0.312500 -1.025604 0.062500
v 0.500000 -0.989477 0.062500
v 0.562500 -0.971046 0.062500
v -0.937500 -0.970784 0.125000
v 0.062500 -0.971047 0.125000
v 0.125000 -0.971046 0.125000
v 0.187500 -0.971307 0.125000
v 0.500000 -0.971305 0.125000
v 0.562500 -0.971062 0.125000
v -0.937500 -1.022418 0.187500
v 0.062500 -1.039150 0.187500
v 0.125000 -0.970882 0.187500
v 0.187500 -1.013399 0.187500
v 0.500000 -1.013399 0.187500
v 0.562500 -0.971160 0.187500
v 0.250000 -1.015360 0.312500
v 0.312500 -1.015360 0.312500
v 0.375000 -1.015360 0.312500
v 0.250000 -1.024055 0.375000
v 0.312500 -0.971046 0.375000
v 0.375000 -1.008158 0.375000
v 0.250000 -1.023203 0.437500
v 0.312500 -1.037928 0.437500
v 0.375000 -1.025033 0.437500
v 0.250000 -1.023203 0.500000
v 0.312500 -1.021619 0.500000
v 0.500000 -1.022811 0.500000
v -0.625000 -0.989477 0.562500
v -0.562500 -0.989477 0.562500
v -0.500000 -0.989477 0.562500
v -0.312500 -0.988865 0.562500
v 0.062500 -1.003464 0.562500
v 0.250000 -1.024058 0.562500
v 0.312500 -0.980681 0.562500
v 0.500000 -0.996462 0.562500
v 0.562500 -0.970885 0.562500
v 0.625000 -0.985795 0.562500
v -0.625000 -1.024314 0.625000
v -0.562500 -0.971046 0.625000
v -0.500000 -1.038105 0.625000
v 0.062500 -1.038105 0.625000
v 0.250000 -1.025686 0.625000
v -0.562500 -0.970866 0.687500
v -0.500000 -0.989753 0.687500
v -0.437500 -1.023333 0.687500
v -0.937500 -1.014726 0.750000
v -0.625000 -1.027908 0.750000
v -0.562500 -0.971356 0.750000
v -0.500000 -1.024902 0.750000
v -0.437500 -1.024902 0.750000
v -0.000000 -1.024902 0.750000
v 0.062500 -1.024271 0.750000
v 0.187500 -1.014714 0.750000
v -0.937500 -0.985918 0.812500
v -0.687500 -1.003836 0.812500
v -0.625000 -1.003835 0.812500
v -0.562500 -0.971177 0.812500
v -0.500000 -0.989216 0.812500
v 0.062500 -0.989216 0.812500
v 0.125000 -0.971018 0.812500
v 0.187500 -0.985800 0.812500
v -0.687500 -1.013112 0.875000
v -0.625000 -1.021109 0.875000
v -0.937500 -1.013791 0.937500
v 0.937500 -1.038207 0.937500
v 0.937500 1.024510 -0.937500
v -0.375000 1.025991 -0.937500
v -0.937500 1.027527 -0.937500
v 0.625000 0.989711 -0.875000
v 0.562500 0.989741 -0.875000
v 0.500000 0.989145 -0.875000
v 0.187500 0.989477 -0.875000
v 0.125000 0.989477 -0.875000
v 0.062500 0.989477 -0.875000
v -0.062500 0.989477 -0.875000
v -0.125000 0.989477 -0.875000
v -0.187500 0.989477 -0.875000
v -0.250000 0.989477 -0.875000
v -0.312500 0.989494 -0.875000
v -0.375000 1.026994 -0.875000
v -0.750000 1.039412 -0.875000
v -0.812500 1.029642 -0.875000
v 0.625000 1.023836 -0.812500
v 0.562500 0.971046 -0.812500
v 0.500000 1.024227 -0.812500
v 0.187500 1.023835 -0.812500
v 0.062500 1.035502 -0.812500
v -0.062500 1.035319 -0.812500
v -0.187500 1.035474 -0.812500
v -0.250000 1.035475 -0.812500
v -0.312500 0.971046 -0.812500
v -0.375000 1.026732 -0.812500
v -0.750000 1.038795 -0.812500
v -0.812500 0.973652 -0.812500
v -0.875000 1.025003 -0.812500
v 0.750000 1.013399 -0.750000
v 0.625000 0.985891 -0.750000
v 0.562500 0.971324 -0.750000
v -0.250000 1.026601 -0.750000
v -0.312500 1.037763 -0.750000
v -0.375000 1.027778 -0.750000
v -0.750000 1.028170 -0.750000
v -0.812500 1.013867 -0.750000
v -0.875000 1.013399 -0.750000
v 0.750000 1.014999 -0.687500
v 0.625000 1.014999 -0.687500
v 0.562500 0.971516 -0.687500
v -0.187500 1.027061 -0.687500
v 0.625000 0.985948 -0.625000
v -0.062500 1.002196 -0.625000
v -0.125000 0.971307 -0.625000
v -0.187500 1.002806 -0.625000
v -0.500000 1.003464 -0.625000
v -0.562500 1.003464 -0.625000
v -0.625000 1.003464 -0.625000
v 0.625000 1.038341 -0.562500
v -0.062500 1.019392 -0.562500
v -0.500000 1.025686 -0.562500
v -0.625000 1.038105 -0.562500
v -0.750000 1.021057 -0.562500
v -0.812500 1.021398 -0.562500
v -0.562500 0.970768 -0.500000
v -0.625000 0.989296 -0.500000
v -0.750000 0.989470 -0.500000
v -0.812500 1.023595 -0.500000
v 0.625000 1.024922 -0.437500
v 0.500000 1.015229 -0.437500
v 0.187500 1.015229 -0.437500
v -0.562500 0.970830 -0.437500
v -0.625000 1.024613 -0.437500
v -0.812500 1.024909 -0.437500
v 0.625000 0.989312 -0.375000
v 0.500000 0.987067 -0.375000
v 0.187500 0.987062 -0.375000
v 0.125000 0.971046 -0.375000
v 0.062500 0.986866 -0.375000
v -0.500000 0.987061 -0.375000
v -0.562500 0.971046 -0.375000
v -0.625000 0.989312 -0.375000
v -0.937500 0.989312 -0.375000
v 0.625000 1.039150 -0.312500
v 0.500000 1.038105 -0.312500
v -0.312500 1.038118 -0.312500
v -0.375000 1.037604 -0.312500
v -0.437500 1.022418 -0.312500
v -0.937500 1.022796 -0.312500
v -0.312500 1.037451 -0.250000
v -0.375000 0.990075 -0.250000
v -0.437500 1.023595 -0.250000
v -0.312500 1.037454 -0.187500
v -0.375000 1.025158 -0.187500
v -0.250000 1.023595 -0.125000
v -0.312500 1.023323 -0.125000
v -0.375000 0.971046 -0.125000
v -0.937500 0.971046 -0.125000
v -0.312500 0.989411 -0.062500
v -0.375000 1.025684 -0.062500
v -0.937500 1.013399 -0.062500
v 0.500000 1.024771 -0.000000
v 0.312500 1.024771 0.000000
v -0.187500 1.024771 -0.000000
v -0.250000 1.024771 -0.000000
v -0.312500 0.988905 -0.000000
v -0.500000 1.014183 0.000000
v -0.750000 1.014183 0.000000
v 0.562500 0.971046 0.062500
v 0.500000 0.989477 0.062500
v 0.312500 1.025604 0.062500
v -0.187500 1.025214 0.062500
v -0.312500 0.989035 0.062500
v -0.375000 1.014388 0.062500
v -0.500000 1.012436 0.062500
v -0.750000 1.015359 0.062500
v 0.562500 0.971062 0.125000
v 0.500000 0.971305 0.125000
v 0.187500 0.971307 0.125000
v 0.125000 0.971046 0.125000
v 0.062500 0.971047 0.125000
v -0.937500 0.970784 0.125000
v 0.562500 0.971160 0.187500
v 0.500000 1.013399 0.187500
v 0.187500 1.013399 0.187500
v 0.125000 0.970883 0.187500
v 0.062500 1.039150 0.187500
v -0.937500 1.022418 0.187500
v 0.375000 1.015360 0.312500
v 0.312500 1.015360 0.312500
v 0.250000 1.015360 0.312500
v 0.375000 1.008161 0.375000
v 0.312500 0.971046 0.375000
v 0.250000 1.024055 0.375000
v 0.375000 1.025033 0.437500
v 0.312500 1.037929 0.437500
v 0.250000 1.023203 0.437500
v 0.500000 1.022810 0.500000
v 0.312500 1.021619 0.500000
v 0.250000 1.023203 0.500000
v 0.625000 0.985795 0.562500
v 0.562500 0.970885 0.562500
v 0.500000 0.996462 0.562500
v 0.312500 0.980681 0.562500
v 0.250000 1.024058 0.562500
v 0.062500 1.003464 0.562500
v -0.312500 0.988865 0.562500
v -0.500000 0.989477 0.562500
v -0.562500 0.989477 0.562500
v -0.625000 0.989477 0.562500
v -0.937500 0.989477 0.562500
v 0.250000 1.025686 0.625000
v 0.062500 1.038105 0.625000
v -0.500000 1.038105 0.625000
v -0.562500 0.971046 0.625000
v -0.625000 1.024314 0.625000
v -0.437500 1.023333 0.687500
v -0.500000 0.989753 0.687500
v -0.562500 0.970866 0.687500
v 0.187500 1.014715 0.750000
v 0.062500 1.024271 0.750000
v 0.000000 1.024902 0.750000
v -0.437500 1.024902 0.750000
v -0.500000 1.024902 0.750000
v -0.562500 0.971356 0.750000
v -0.625000 1.027908 0.750000
v -0.937500 1.014726 0.750000
v 0.187500 0.985800 0.812500
v 0.125000 0.971018 0.812500
v 0.062500 0.989216 0.812500
v -0.500000 0.989216 0.812500
v -0.562500 0.971177 0.812500
v -0.625000 1.003834 0.812500
v -0.687500 1.003836 0.812500
v -0.937500 0.985918 0.812500
v -0.625000 1.021109 0.875000
v -0.687500 1.013112 0.875000
v 0.937500 1.038207 0.937500
v -0.937500 1.013791 0.937500
vn -0.0006 -0.0235 0.9997
vn -0.9768 -0.2038 -0.0657
vn -0.0153 -0.1031 -0.9946
vn -0.9061 0.2074 -0.3688
vn -0.0006 -0.9997 0.0235
vn 0.7601 -0.0043 0.6498
vn -0.9402 -0.2211 -0.2592
vn -0.9619 -0.2729 0.0174
vn -0.8276 0.1959 0.5260
vn -0.7995 -0.3621 0.4792
vn -0.0092 0.5044 -0.8634
vn -0.8888 -0.4568 0.0373
vn -0.0334 -0.0081 -0.9994
vn -0.8908 0.4540 0.0220
vn -0.4069 -0.8644 -0.2953
vn -0.7560 -0.6546 -0.0000
vn 0.8397 -0.5401 0.0567
vn 0.9978 -0.0655 0.0057
vn -0.9335 0.3558 0.0451
vn -0.0036 0.9270 -0.3751
vn 0.5873 0.8094 0.0064
vn -0.8042 0.5943 0.0037
vn -0.8419 -0.2363 -0.4852
vn -0.8407 0.2379 -0.4864
vn 0.4281 -0.8882 0.1665
vn -0.8421 -0.2416 0.4822
vn -0.3772 -0.8896 -0.2575
vn -0.7848 -0.3047 0.5396
vn -0.8619 0.2082 0.4624
vn -0.9012 -0.0880 0.4244
vn -0.0227 -0.9915 0.1283
vn -0.0101 0.8160 -0.5780
vn -0.7221 0.6917 0.0061
vn 0.9992 0.0365 -0.0163
vn -0.9289 -0.3444 -0.1362
vn 0.0003 -0.4259 -0.9048
vn -0.9788 0.1623 0.1253
vn -0.7994 -0.4364 0.4129
vn -0.8748 0.2455 0.4176
vn -0.8786 -0.3388 0.3366
vn 0.9877 -0.1562 -0.0036
vn -0.8370 0.4537 -0.3060
vn -0.7960 -0.1191 -0.5934
vn 0.8734 -0.4868 -0.0129
vn 0.8897 0.4561 -0.0199
vn 0.8618 -0.0094 0.5071
vn -0.4069 0.2953 -0.8644
vn -0.8054 0.5927 -0.0000
vn -0.9333 0.3590 -0.0081
vn 0.0042 -0.9000 0.4359
vn -0.0057 -0.0700 -0.9975
vn 0.5586 0.8294 0.0080
vn 0.8360 0.5488 -0.0016
vn -0.7069 -0.0249 0.7069
vn -0.0006 -0.8058 -0.5922
vn 0.0005 -0.4955 -0.8686
vn -0.9994 -0.0081 0.0334
vn 0.6306 -0.7755 0.0309
vn -0.7921 0.4305 -0.4326
vn -0.0140 -0.9997 0.0185
vn 0.4453 0.8952 0.0188
vn -0.5552 -0.8315 0.0183
vn -0.9018 0.3025 0.3086
vn -0.8702 -0.0181 0.4924
vn -0.0000 0.5586 0.8294
vn -0.0006 0.9997 0.0235
vn 0.0319 0.4797 -0.8769
vn -0.9009 -0.2889 -0.3240
vn -0.9863 -0.1287 0.1037
vn -0.8535 0.4508 -0.2614
vn -0.8905 -0.2537 -0.3776
vn -0.0398 -0.4736 -0.8798
vn -0.8202 0.5496 0.1589
vn -0.8916 -0.3674 0.2647
vn -0.0156 -0.0294 0.9994
vn -0.0090 0.9991 0.0424
vn -0.0001 0.4760 -0.8795
vn -0.9019 0.3044 -0.3065
vn 0.0010 0.9952 0.0981
vn -0.7911 -0.0077 -0.6116
vn -0.0059 -1.0000 -0.0056
vn -0.7727 -0.0092 0.6347
vn -0.8509 -0.2564 0.4585
vn -0.9154 0.1130 0.3864
vn -0.7819 0.6235 -0.0000
vn 0.0389 -0.0432 -0.9983
vn 0.0216 0.5304 -0.8474
vn -0.0045 0.9289 -0.3704
vn -0.0227 -0.1283 -0.9915
vn -0.9996 -0.0296 -0.0000
vn 0.9991 0.0243 0.0343
vn 0.0129 -0.4845 -0.8747
vn -0.8977 0.1775 0.4033
vn -0.7066 -0.0379 0.7066
vn -0.8651 0.3565 0.3528
vn -0.0034 -0.4739 -0.8806
vn -0.0249 0.5975 0.8015
vn -0.8502 -0.3672 0.3773
vn -0.9179 0.1107 0.3812
vn -0.0045 -0.4721 -0.8815
vn -0.8557 0.3417 0.3886
vn 0.0026 0.0062 -1.0000
vn 0.6544 -0.0438 0.7549
vn 0.0087 -0.2202 -0.9754
vn 0.8915 -0.4529 -0.0049
vn 0.0298 0.9553 -0.2942
vn -0.8771 -0.2082 -0.4328
vn 0.0001 -0.3933 0.9194
vn -0.8624 0.2212 -0.4554
vn 0.9997 -0.0235 0.0006
vn 0.0657 -0.2038 -0.9768
vn -0.0263 0.9574 0.2876
vn 0.3688 0.2074 -0.9061
vn -0.0008 -0.0382 0.9993
vn -0.9003 0.4273 -0.0831
vn 0.2592 -0.2211 -0.9402
vn -0.0174 -0.2729 -0.9619
vn -0.5260 0.1959 -0.8276
vn -0.4792 -0.3621 -0.7995
vn 0.8634 0.5044 0.0092
vn -0.0373 -0.4568 -0.8888
vn 0.9994 -0.0081 0.0334
vn -0.0220 0.4540 -0.8908
vn -0.0000 -0.6546 -0.7560
vn -0.8397 -0.5401 0.0567
vn -0.9985 -0.0543 0.0056
vn -0.0451 0.3558 -0.9335
vn -0.8360 0.5488 -0.0016
vn 0.5873 -0.8094 0.0064
vn -0.0037 0.5943 -0.8042
vn 0.4852 -0.2363 -0.8419
vn 0.4864 0.2379 -0.8407
vn 0.4281 0.8882 0.1665
vn -0.4822 -0.2416 -0.8421
vn 0.8896 0.2575 0.3772
vn -0.5396 -0.3047 -0.7848
vn -0.4624 0.2082 -0.8619
vn -0.4244 -0.0880 -0.9012
vn -0.0227 -0.1283 0.9915
vn -0.8160 0.5780 0.0101
vn -0.0000 0.9117 0.4108
vn -0.0061 0.6917 -0.7221
vn -0.9986 -0.0514 0.0137
vn -0.9992 0.0365 -0.0163
vn 0.1362 -0.3444 -0.9289
vn 0.4436 0.8952 0.0418
vn -0.1253 0.1623 -0.9788
vn -0.4129 -0.4364 -0.7994
vn -0.4176 0.2455 -0.8748
vn -0.3366 -0.3388 -0.8786
vn -0.9877 -0.1562 -0.0036
vn 0.3060 0.4537 -0.8370
vn 0.5934 -0.1191 -0.7960
vn -0.8747 -0.4845 -0.0129
vn -0.9143 -0.1216 0.3865
vn -0.0000 0.5927 -0.8054
vn 0.0081 0.3590 -0.9333
vn -0.8294 -0.0080 -0.5586
vn -0.8618 -0.0094 0.5071
vn -0.0038 -0.9958 0.0913
vn -0.8078 0.5895 0.0006
vn 0.0005 -0.4955 0.8686
vn 0.7755 -0.0309 -0.6306
vn 0.4326 0.4305 -0.7921
vn 0.4453 -0.8952 0.0188
vn -0.8315 -0.0183 0.5552
vn -0.3086 0.3025 -0.9018
vn -0.4924 -0.0181 -0.8702
vn 0.8294 0.5586 -0.0000
vn 0.0010 -0.9369 -0.3497
vn 0.3240 -0.2889 -0.9009
vn -0.1037 -0.1287 -0.9863
vn 0.2614 0.4508 -0.8535
vn 0.3776 -0.2537 -0.8905
vn 0.8798 -0.4736 0.0398
vn -0.1589 0.5496 -0.8202
vn -0.2647 -0.3674 -0.8916
vn -0.0008 -0.9993 0.0382
vn -0.9994 -0.0294 0.0156
vn 0.0389 -0.0432 0.9983
vn -0.0001 -0.8795 -0.4760
vn -0.8073 -0.0185 -0.5899
vn 0.3065 0.3044 -0.9019
vn 0.0180 -0.9987 -0.0475
vn 0.6116 -0.0077 -0.7911
vn 0.0069 -0.9677 -0.2520
vn -0.6347 -0.0092 -0.7727
vn -0.9489 0.2295 0.2165
vn -0.4585 -0.2564 -0.8509
vn -0.3864 0.1130 -0.9154
vn -0.9048 -0.4259 -0.0003
vn -0.0000 0.6235 -0.7819
vn 0.0216 0.5304 0.8474
vn -0.0000 -0.0296 -0.9996
vn 0.7767 0.0155 0.6297
vn 0.0001 -0.3932 -0.9194
vn -0.3528 0.3565 -0.8651
vn 0.0079 0.9200 -0.3919
vn -0.8015 0.5975 0.0249
vn -0.3773 -0.3672 -0.8502
vn -0.3812 0.1107 -0.9179
vn 0.0049 -0.4529 -0.8915
vn 0.9754 -0.2202 -0.0087
vn -0.3886 0.3417 -0.8557
vn 0.0027 0.0356 0.9994
vn 0.7033 -0.1030 -0.7033
vn -0.8897 0.4561 -0.0199
vn -0.0080 -0.2166 0.9762
vn -0.8915 -0.4529 -0.0049
vn 0.0054 -0.9869 0.1610
vn 0.4328 -0.2082 -0.8771
vn -0.9194 -0.3932 -0.0001
vn 0.4554 0.2212 -0.8624
vn -0.0398 -0.8798 0.4736
vn -0.0004 -0.9075 0.4199
vn 0.9996 -0.0296 -0.0000
vn 0.9117 -0.4108 -0.0000
vn 0.7819 0.6235 -0.0000
vn -0.9983 -0.0432 -0.0389
vn -0.0016 -0.9993 0.0370
vn -0.1021 -0.9277 0.3591
vn 0.7727 -0.0092 0.6347
vn 0.0058 1.0000 -0.0009
vn -0.2165 0.2295 0.9489
vn 0.8509 -0.2564 0.4585
vn 0.9154 0.1130 0.3864
vn 0.5899 -0.8073 0.0185
vn 0.9019 0.3044 -0.3065
vn 0.7911 -0.0077 -0.6116
vn -0.0139 -0.9281 -0.3721
vn -0.0001 0.4856 0.8742
vn 0.9993 -0.0382 0.0008
vn 0.8202 0.5496 0.1589
vn 0.8916 -0.3674 0.2647
vn -0.8769 0.4797 -0.0319
vn 0.9009 -0.2889 -0.3240
vn 0.9862 -0.1287 0.1037
vn 0.8535 0.4508 -0.2614
vn 0.8905 -0.2537 -0.3776
vn -0.0000 0.8294 -0.5586
vn -0.0006 -0.0235 -0.9997
vn -0.5552 -0.0183 0.8315
vn 0.9018 0.3025 0.3086
vn 0.8702 -0.0181 0.4924
vn 0.6306 -0.0309 0.7755
vn 0.7921 0.4305 -0.4326
vn -0.8952 -0.0188 -0.4452
vn -0.5071 -0.0094 0.8618
vn 0.9333 0.3590 -0.0081
vn 0.5586 -0.0080 0.8294
vn -0.3772 0.2575 -0.8896
vn 0.8054 0.5927 -0.0000
vn -0.3865 -0.1216 -0.9143
vn -0.4069 0.2953 0.8644
vn 0.4436 -0.0418 0.8952
vn 0.9788 0.1623 0.1253
vn 0.7994 -0.4364 0.4129
vn 0.8748 0.2455 0.4176
vn 0.8786 -0.3388 0.3366
vn 0.0036 -0.1562 0.9877
vn 0.8370 0.4537 -0.3060
vn 0.7960 -0.1191 -0.5934
vn 0.0129 -0.4868 0.8734
vn 0.7221 0.6917 0.0061
vn -0.0137 -0.0514 0.9986
vn -0.0086 -0.7900 -0.6130
vn 0.0163 0.0365 0.9992
vn 0.9289 -0.3444 -0.1362
vn -0.3772 0.2575 0.8896
vn -0.9915 -0.1283 0.0227
vn -0.0101 -0.8160 -0.5780
vn 0.8421 -0.2416 0.4822
vn 0.7848 -0.3047 0.5396
vn 0.8619 0.2082 0.4624
vn 0.9012 -0.0880 0.4244
vn 0.0016 0.5488 0.8360
vn 0.5873 -0.0064 0.8094
vn 0.8042 0.5943 0.0037
vn 0.8419 -0.2363 -0.4852
vn 0.8407 0.2379 -0.4864
vn 0.4281 -0.1665 0.8882
vn -0.0057 -0.0700 0.9975
vn 0.8908 0.4540 0.0220
vn -0.0000 -0.4108 0.9117
vn 0.9048 -0.4259 -0.0003
vn -0.0567 -0.5401 0.8397
vn 0.9335 0.3558 0.0451
vn -0.0092 0.5044 0.8634
vn 0.8888 -0.4568 0.0373
vn -0.0334 -0.0081 0.9994
vn 0.7560 -0.6546 -0.0000
vn -0.0153 -0.1031 0.9946
vn 0.0831 -0.9003 -0.4273
vn 0.9402 -0.2211 -0.2592
vn 0.9619 -0.2729 0.0174
vn 0.8276 0.1959 0.5260
vn 0.7996 -0.3621 0.4792
vn 0.9061 0.2074 -0.3688
vn 0.9768 -0.2038 -0.0657
vn -0.0249 0.5975 -0.8015
vn -0.0356 0.9993 -0.0140
vn 0.8771 -0.2082 -0.4328
vn 0.0172 -0.9291 -0.3693
vn 0.0049 -0.4529 0.8915
vn -0.7071 0.0070 0.7071
vn -0.9762 -0.2166 0.0080
vn 0.0199 0.4561 0.8897
vn 0.8557 0.3417 0.3886
vn -0.0045 -0.4721 0.8815
vn 0.9179 0.1107 0.3812
vn 0.8502 -0.3672 0.3773
vn -0.0034 -0.4739 0.8806
vn 0.8651 0.3565 0.3528
vn -0.0000 -0.0296 0.9996
vn -0.0000 -0.4108 -0.9117
vn -0.0000 0.6235 0.7819
vn 0.9983 -0.0432 -0.0389
vn 0.8474 0.5304 -0.0216
vn -0.6347 -0.0092 0.7727
vn -0.3865 -0.9143 0.1216
vn -0.4585 -0.2564 0.8509
vn -0.3864 0.1130 0.9154
vn 0.8073 -0.0185 -0.5899
vn 0.3065 0.3044 0.9019
vn 0.6116 -0.0077 0.7911
vn -0.0272 0.9896 0.1409
vn 0.9994 -0.0294 0.0156
vn -0.9117 -0.4108 -0.0000
vn -0.8795 0.4760 0.0001
vn -0.0008 -0.0382 -0.9993
vn -0.0398 0.8798 0.4736
vn -0.1589 0.5496 0.8202
vn -0.2647 -0.3674 0.8916
vn -0.0094 0.9222 -0.3865
vn 0.8769 0.4797 -0.0319
vn 0.3240 -0.2889 0.9009
vn -0.1037 -0.1287 0.9862
vn 0.2614 0.4508 0.8535
vn 0.3776 -0.2538 0.8905
vn -0.0000 0.5586 -0.8294
vn -0.0020 -0.9840 -0.1782
vn -0.3086 0.3025 0.9018
vn -0.4924 -0.0181 0.8702
vn 0.4453 -0.0188 0.8952
vn 0.4326 0.4305 0.7921
vn 0.4452 -0.0188 -0.8952
vn 0.8686 -0.4955 -0.0005
vn 0.8078 0.5895 0.0006
vn -0.5071 -0.8618 0.0094
vn 0.0081 0.3590 0.9333
vn 0.5586 -0.0080 -0.8294
vn -0.0000 0.5927 0.8054
vn 0.9143 -0.1216 0.3865
vn -0.8644 0.2953 0.4069
vn 0.4436 -0.0418 -0.8952
vn -0.1253 0.1623 0.9788
vn -0.4129 -0.4364 0.7994
vn -0.4176 0.2456 0.8748
vn -0.3366 -0.3388 0.8786
vn 0.0090 0.9998 -0.0159
vn 0.3060 0.4537 0.8370
vn 0.5934 -0.1191 0.7960
vn -0.0061 0.6917 0.7221
vn -0.0137 -0.0514 -0.9986
vn 0.0225 0.8001 0.5995
vn 0.1362 -0.3444 0.9289
vn -0.8896 0.2575 0.3772
vn 0.9915 -0.1283 0.0227
vn 0.8160 0.5780 0.0101
vn -0.4822 -0.2416 0.8421
vn -0.5396 -0.3047 0.7848
vn -0.4624 0.2082 0.8619
vn -0.8634 0.5044 0.0092
vn -0.4244 -0.0880 0.9012
vn 0.0016 0.5488 -0.8360
vn 0.5873 -0.0064 -0.8094
vn -0.0037 0.5943 0.8042
vn 0.4852 -0.2363 0.8419
vn 0.4864 0.2379 0.8407
vn -0.8882 -0.1665 -0.4281
vn -0.0220 0.4540 0.8908
vn -0.0000 -0.8294 -0.5586
vn -0.0567 -0.8397 0.5401
vn -0.0451 0.3558 0.9335
vn -0.6297 0.0155 -0.7767
vn -0.0373 -0.4568 0.8888
vn 0.0014 0.9714 0.2373
vn -0.0000 -0.6546 0.7560
vn 0.4436 -0.8952 0.0418
vn 0.0831 0.9003 -0.4273
vn 0.2592 -0.2211 0.9402
vn -0.0174 -0.2730 0.9619
vn -0.5260 0.1959 0.8276
vn -0.4792 -0.3621 0.7996
vn 0.0005 -0.8686 0.4955
vn 0.9986 -0.0514 0.0137
vn 0.3688 0.2074 0.9061
vn -0.0151 0.9995 0.0292
vn 0.0657 -0.2038 0.9768
vn 0.4554 0.2212 0.8624
vn 0.9194 -0.3932 -0.0001
vn 0.4328 -0.2082 0.8771
vn -0.6498 -0.0043 -0.7601
vn 0.0199 0.4561 -0.8897
vn 0.9995 0.0324 -0.0027
vn -0.9991 0.0243 0.0343
vn -0.3886 0.3417 0.8557
vn -0.0343 0.0243 0.9991
vn -0.8815 -0.4721 0.0045
vn -0.3812 0.1107 0.9179
vn -0.3773 -0.3672 0.8502
vn 0.8015 0.5975 0.0249
vn -0.8806 -0.4739 0.0034
vn -0.3528 0.3565 0.8651
vn -0.4033 0.1775 0.8977
vn -0.0231 0.9644 -0.2633
vn -0.7071 0.0079 0.7071
vn -0.4792 -0.7996 0.3621
vn 0.5934 -0.7960 0.1191
vn -0.4069 0.8644 -0.2953
vn -0.0000 -0.8054 -0.5927
vn 0.8294 -0.0080 -0.5586
vn -0.5071 0.8618 0.0094
vn -0.0006 0.8058 -0.5922
vn 0.8952 -0.0188 -0.4453
vn -0.0001 0.8742 -0.4856
vn -0.3864 -0.9154 -0.1130
vn 0.3688 -0.9061 -0.2074
vn -0.5260 -0.8276 -0.1959
vn 0.3060 -0.8370 -0.4537
vn -0.4585 -0.8509 0.2564
vn 0.9489 0.2295 0.2165
vn 0.8806 -0.4739 0.0034
vn 0.4281 -0.1665 -0.8882
vn -0.4244 -0.9012 0.0880
vn 0.0081 -0.9333 -0.3590
vn -0.5615 -0.8274 0.0099
vn -0.0567 0.8397 0.5401
vn 0.0831 0.4273 0.9003
vn 0.4864 -0.8407 -0.2379
vn 0.4852 -0.8419 0.2363
vn 0.0036 0.9877 0.1562
vn -0.4924 -0.8702 0.0181
vn -0.0037 -0.8042 -0.5943
vn 0.6116 -0.7911 0.0077
vn 0.1362 -0.9289 0.3444
vn -0.3366 -0.8786 0.3388
vn -0.4176 -0.8748 -0.2455
vn -0.0000 -0.7560 0.6546
vn -0.4129 -0.7994 0.4364
vn -0.0086 0.7900 -0.6130
vn -0.1253 -0.9788 -0.1623
vn -0.3865 0.9143 0.1216
vn 0.8094 -0.0064 -0.5873
vn 0.8952 -0.0418 -0.4436
vn -0.0117 0.9795 -0.2009
vn -0.0061 -0.7221 -0.6917
vn 0.4326 -0.7921 -0.4305
vn -0.3086 -0.9018 -0.3025
vn -0.8294 0.5586 -0.0000
vn 0.3065 -0.9019 -0.3044
vn 0.5899 0.8073 0.0185
vn 0.3776 -0.8905 0.2538
vn -0.2647 -0.8916 0.3674
vn 0.2614 -0.8535 -0.4508
vn -0.1589 -0.8202 -0.5496
vn 0.0030 -0.9974 -0.0727
vn -0.1037 -0.9863 0.1287
vn -0.9946 -0.1031 0.0153
vn 0.3240 -0.9009 0.2889
vn -0.0398 -0.4736 0.8798
vn -0.8094 -0.0064 -0.5873
vn -0.4624 -0.8619 -0.2082
vn -0.0008 0.9993 0.0382
vn -0.8474 0.5304 -0.0216
vn 0.0395 0.9978 0.0536
vn -0.5396 -0.7848 0.3047
vn -0.0227 0.9915 0.1283
vn -0.3772 0.8896 -0.2575
vn -0.0462 -0.9293 0.3665
vn -0.4822 -0.8421 0.2416
vn 0.0005 0.8686 0.4955
vn 0.6306 -0.0309 -0.7755
vn -0.5552 0.8315 0.0183
vn 0.0319 0.4797 0.8769
vn -0.0222 0.9615 0.2739
vn -0.0000 -0.9117 0.4108
vn -0.3241 -0.8203 -0.4712
vn 0.3807 -0.8427 -0.3807
vn 0.7418 0.0262 -0.6701
vn -0.0520 0.9970 -0.0573
vn -0.0006 0.5895 -0.8078
vn 0.0097 -0.9632 -0.2685
vn 0.0189 0.9994 0.0277
vn 0.5290 -0.7575 0.3825
vn -0.3024 -0.9039 0.3024
vn 0.0211 0.8982 0.4390
vn 0.2537 -0.8940 -0.3693
vn 0.3039 -0.9023 -0.3057
vn 0.2360 -0.8922 0.3852
vn -0.0204 0.9998 -0.0034
vn -0.0321 -0.9610 -0.2748
vn -0.0343 0.0243 -0.9991
vn 0.0296 -0.8952 0.4446
vn -0.3864 0.9154 -0.1130
vn -0.5552 -0.0183 -0.8315
vn -0.0006 0.5895 0.8078
vn -0.5071 -0.0094 -0.8618
vn 0.5586 -0.8294 0.0080
vn -0.0000 0.8054 -0.5927
vn 0.8644 0.2953 0.4069
vn 0.5934 0.7960 0.1191
vn -0.4792 0.7996 0.3621
vn 0.0211 -0.9997 0.0137
vn -0.4585 0.8509 0.2564
vn 0.3060 0.8370 -0.4537
vn -0.5260 0.8276 -0.1959
vn 0.3688 0.9061 -0.2074
vn -0.2165 0.2295 -0.9489
vn 0.0203 -0.8153 -0.5786
vn -0.5615 0.8274 0.0099
vn 0.0081 0.9333 -0.3590
vn -0.0101 0.5780 -0.8160
vn -0.4244 0.9012 0.0880
vn -0.2165 0.9489 -0.2295
vn 0.2592 0.9402 0.2211
vn 0.4864 0.8407 -0.2379
vn 0.0831 0.4273 -0.9003
vn -0.4924 0.8702 0.0181
vn 0.0036 -0.1562 -0.9877
vn 0.4852 0.8419 0.2363
vn -0.9997 -0.0235 0.0006
vn 0.6116 0.7911 0.0077
vn 0.8815 -0.4721 0.0045
vn -0.0037 0.8042 -0.5943
vn -0.9993 -0.0382 0.0008
vn -0.3366 0.8786 0.3388
vn 0.1362 0.9289 0.3444
vn -0.4176 0.8748 -0.2455
vn -0.4129 0.7994 0.4364
vn -0.0242 -0.9997 0.0043
vn -0.3865 -0.1216 0.9143
vn -0.1253 0.9788 -0.1623
vn -0.8952 -0.0418 -0.4436
vn 0.0118 0.8817 0.4717
vn 0.8742 0.4856 0.0001
vn 0.3065 0.9019 -0.3044
vn 0.0003 -0.4259 0.9048
vn -0.0039 1.0000 0.0067
vn -0.3086 0.9018 -0.3025
vn 0.4326 0.7921 -0.4305
vn -0.0061 0.7221 -0.6917
vn 0.5899 -0.0185 -0.8073
vn -0.0078 -0.9993 0.0359
vn -0.0156 -0.0294 -0.9994
vn -0.2647 0.8916 0.3674
vn 0.3776 0.8905 0.2537
vn -0.1589 0.8202 -0.5496
vn 0.2614 0.8535 -0.4508
vn -0.1037 0.9862 0.1287
vn 0.0262 0.9076 -0.4190
vn -0.8798 -0.4736 0.0398
vn 0.3240 0.9009 0.2889
vn 0.9946 -0.1031 0.0153
vn 0.9003 0.4273 -0.0831
vn -0.0101 0.5780 0.8160
vn -0.4624 0.8619 -0.2082
vn 0.7071 0.0038 -0.7071
vn 0.5899 -0.0185 0.8073
vn 0.0163 0.0365 -0.9992
vn -0.5396 0.7848 0.3047
vn 0.8315 -0.0183 0.5552
vn -0.7755 -0.0309 -0.6306
vn -0.8686 -0.4955 -0.0005
vn -0.4822 0.8421 0.2416
vn -0.0462 0.9293 0.3665
vn 0.0133 -0.8809 0.4731
vn 0.8882 -0.1665 -0.4281
vn 0.3798 0.8435 -0.3798
vn -0.9995 0.0301 -0.0027
vn -0.4189 0.8253 -0.3786
vn -0.0314 -0.9612 0.2741
vn 0.2767 0.9101 -0.3084
vn 0.2237 0.9008 -0.3721
vn 0.0036 -0.9877 0.1562
vn -0.3014 0.9046 0.3014
vn -0.0124 -0.9744 0.2245
vn 0.4371 0.7623 0.4773
vn -0.0371 -0.9993 0.0088
vn -0.7071 0.0065 0.7071
vn 0.6306 0.7755 0.0309
vn -0.0567 -0.5401 -0.8397
vn -0.7549 -0.0438 -0.6544
vn 0.0067 0.8964 0.4432
vt 0.750000 0.704734
vt 0.750000 0.880220
vt 0.593750 0.880220
vt 0.593750 0.704734
vt 0.031250 0.938715
vt 0.093750 0.938715
vt 0.093750 0.909467
vt 0.093750 0.880220
vt 0.062500 0.880220
vt 0.062500 0.909467
vt 0.031250 0.909467
vt 0.343750 0.236771
vt 0.250000 0.236771
vt 0.218750 0.236771
vt 0.187500 0.236771
vt 0.031250 0.236771
vt 0.031250 0.412257
vt 0.531250 0.412257
vt 0.531250 0.236771
vt 0.062500 0.850972
vt 0.093750 0.850972
vt 0.750000 0.880220
vt 0.750000 0.704734
vt 0.593750 0.704734
vt 0.593750 0.880220
vt 0.968750 0.266019
vt 0.000000 0.266019
vt 0.000000 0.236771
vt 0.031250 0.236771
vt 0.031250 0.412257
vt 1.000000 0.412257
vt 1.000000 0.441505
vt 0.000000 0.470752
vt 0.031250 0.470752
vt 0.031250 0.529248
vt 1.000000 0.529248
vt 1.000000 0.558495
vt 0.000000 0.587743
vt 0.031250 0.587743
vt 0.031250 0.646238
vt 1.000000 0.646238
vt 1.000000 0.675486
vt 0.968750 0.675486
vt 0.968750 0.646238
vt 0.093750 0.733981
vt 0.093750 0.763229
vt 0.125000 0.763229
vt 0.125000 0.733981
vt 0.000000 0.821724
vt 0.406250 0.821724
vt 0.406250 0.792477
vt 0.250000 0.792477
vt 0.218750 0.792477
vt 0.187500 0.792477
vt 0.125000 0.792477
vt 0.000000 0.792477
vt 0.125000 0.880220
vt 0.125000 0.850972
vt 0.125000 0.909467
vt 0.031250 0.119780
vt 0.093750 0.119780
vt 0.125000 0.119780
vt 0.156250 0.119780
vt 0.156250 0.090533
vt 0.031250 0.090533
vt 0.000000 0.149028
vt 0.187500 0.149028
vt 0.187500 0.119780
vt 0.000000 0.119780
vt 0.000000 0.207523
vt 0.187500 0.207523
vt 0.375000 0.880220
vt 0.375000 0.850972
vt 0.343750 0.850972
vt 0.343750 0.880220
vt 0.343750 0.909467
vt 0.375000 0.909467
vt 0.031250 0.587743
vt 0.312500 0.587743
vt 0.312500 0.558495
vt 0.031250 0.558495
vt 0.187500 0.763229
vt 0.125000 0.733981
vt 0.187500 0.733981
vt 0.968750 0.090533
vt 0.187500 0.090533
vt 0.156250 0.090533
vt 0.031250 0.090533
vt 0.031250 0.032037
vt 0.062500 0.032037
vt 0.093750 0.032037
vt 0.125000 0.032037
vt 0.187500 0.032037
vt 0.218750 0.032037
vt 0.656250 0.032037
vt 0.687500 0.032037
vt 0.718750 0.032037
vt 0.906250 0.032037
vt 0.937500 0.032037
vt 0.968750 0.032037
vt 0.000000 0.763229
vt 1.000000 0.119780
vt 0.593750 0.119780
vt 0.562500 0.119780
vt 0.531250 0.119780
vt 0.250000 0.119780
vt 0.218750 0.119780
vt 1.000000 0.090533
vt 0.218750 0.149028
vt 0.218750 0.178276
vt 0.218750 0.207523
vt 0.218750 0.236771
vt 0.593750 0.675486
vt 0.750000 0.675486
vt 0.750000 0.646238
vt 0.343750 0.646238
vt 0.312500 0.646238
vt 0.281250 0.646238
vt 0.031250 0.646238
vt 0.031250 0.675486
vt 0.187500 0.675486
vt 0.218750 0.675486
vt 0.250000 0.675486
vt 0.531250 0.675486
vt 0.562500 0.675486
vt 0.187500 0.704734
vt 0.218750 0.704734
vt 0.218750 0.733981
vt 0.218750 0.733981
vt 0.187500 0.792477
vt 0.218750 0.119780
vt 0.218750 0.149028
vt 0.250000 0.149028
vt 0.250000 0.119780
vt 0.250000 0.178276
vt 0.281250 0.178276
vt 0.281250 0.149028
vt 0.250000 0.149028
vt 0.218750 0.149028
vt 0.218750 0.178276
vt 0.250000 0.207523
vt 0.250000 0.178276
vt 0.250000 0.763229
vt 0.531250 0.207523
vt 0.531250 0.149028
vt 0.500000 0.149028
vt 0.250000 0.207523
vt 0.531250 0.236771
vt 0.343750 0.236771
vt 0.250000 0.236771
vt 0.250000 0.207523
vt 0.031250 0.441505
vt 0.531250 0.441505
vt 0.281250 0.646238
vt 0.312500 0.587743
vt 0.312500 0.616991
vt 0.281250 0.616991
vt 0.812500 0.266019
vt 0.968750 0.236771
vt 0.812500 0.236771
vt 0.312500 0.529248
vt 0.343750 0.558495
vt 0.343750 0.529248
vt 0.343750 0.587743
vt 0.343750 0.616991
vt 0.531250 0.880220
vt 0.468750 0.880220
vt 0.468750 0.792477
vt 0.468750 0.763229
vt 0.250000 0.763229
vt 0.531250 0.675486
vt 0.312500 0.850972
vt 0.312500 0.880220
vt 0.343750 0.880220
vt 0.343750 0.850972
vt 0.312500 0.909467
vt 0.343750 0.909467
vt 0.968750 0.938715
vt 0.312500 0.938715
vt 0.312500 0.909467
vt 0.343750 0.909467
vt 0.406250 0.909467
vt 0.437500 0.909467
vt 0.468750 0.909467
vt 0.500000 0.909467
vt 0.531250 0.909467
vt 0.562500 0.909467
vt 0.593750 0.909467
vt 0.750000 0.909467
vt 0.781250 0.909467
vt 0.812500 0.909467
vt 0.968750 0.909467
vt 0.812500 0.880220
vt 1.000000 0.880220
vt 1.000000 0.909467
vt 0.437500 0.792477
vt 0.375000 0.909467
vt 0.375000 0.880220
vt 0.375000 0.850972
vt 0.406250 0.909467
vt 0.406250 0.880220
vt 0.437500 0.792477
vt 0.468750 0.792477
vt 0.468750 0.763229
vt 0.312500 0.938715
vt 1.000000 0.938715
vt 0.812500 0.909467
vt 0.781250 0.909467
vt 0.750000 0.909467
vt 0.718750 0.909467
vt 0.593750 0.909467
vt 0.562500 0.909467
vt 0.531250 0.909467
vt 0.437500 0.909467
vt 0.406250 0.909467
vt 0.312500 0.909467
vt 0.968750 0.090533
vt 0.187500 0.090533
vt 0.406250 0.880220
vt 0.406250 0.821724
vt 0.406250 0.792477
vt 0.437500 0.792477
vt 0.968750 0.119780
vt 0.250000 0.119780
vt 0.000000 0.090533
vt 0.000000 0.032037
vt 0.531250 0.880220
vt 0.500000 0.149028
vt 0.531250 0.149028
vt 0.531250 0.119780
vt 0.562500 0.412257
vt 0.562500 0.119780
vt 0.531250 0.412257
vt 0.562500 0.441505
vt 0.562500 0.412257
vt 0.593750 0.412257
vt 0.750000 0.412257
vt 0.750000 0.266019
vt 0.656250 0.266019
vt 0.656250 0.295266
vt 0.687500 0.295266
vt 0.687500 0.324514
vt 0.687500 0.353762
vt 0.656250 0.353762
vt 0.625000 0.353762
vt 0.625000 0.324514
vt 0.625000 0.295266
vt 0.625000 0.266019
vt 0.625000 0.236771
vt 0.625000 0.207523
vt 1.000000 0.207523
vt 1.000000 0.149028
vt 0.593750 0.149028
vt 0.531250 0.675486
vt 0.562500 0.675486
vt 0.593750 0.441505
vt 0.593750 0.412257
vt 0.562500 0.909467
vt 0.750000 0.441505
vt 0.593750 0.412257
vt 0.750000 0.412257
vt 1.000000 0.236771
vt 0.625000 0.207523
vt 0.656250 0.236771
vt 0.750000 0.236771
vt 0.781250 0.236771
vt 0.656250 0.266019
vt 0.656250 0.295266
vt 0.656250 0.324514
vt 0.625000 0.353762
vt 0.656250 0.353762
vt 0.687500 0.353762
vt 0.593750 0.149028
vt 0.625000 0.207523
vt 0.625000 0.266019
vt 0.625000 0.295266
vt 0.625000 0.353762
vt 0.656250 0.353762
vt 0.687500 0.353762
vt 0.687500 0.324514
vt 0.687500 0.295266
vt 0.656250 0.295266
vt 0.656250 0.266019
vt 0.750000 0.266019
vt 0.250000 0.500000
vt 0.250000 0.470752
vt 0.312500 0.470752
vt 0.312500 0.529248
vt 0.031250 0.529248
vt 0.000000 0.529248
vt 0.125000 0.470752
vt 0.125000 0.500000
vt 0.718750 0.909467
vt 0.750000 0.909467
vt 0.750000 0.441505
vt 0.781250 0.441505
vt 0.781250 0.412257
vt 0.031250 0.412257
vt 0.000000 0.412257
vt 0.000000 0.324514
vt 0.031250 0.236771
vt 0.750000 0.704734
vt 0.781250 0.909467
vt 0.781250 0.880220
vt 0.781250 0.850972
vt 0.781250 0.821724
vt 0.781250 0.470752
vt 0.750000 0.470752
vt 0.750000 0.500000
vt 1.000000 0.090533
vt 1.000000 0.061285
vt 0.968750 0.061285
vt 0.031250 0.061285
vt 0.000000 0.061285
vt 0.156250 0.090533
vt 0.156250 0.119780
vt 0.812500 0.821724
vt 0.812500 0.792477
vt 0.812500 0.763229
vt 0.812500 0.704734
vt 0.812500 0.675486
vt 0.812500 0.646238
vt 0.812500 0.880220
vt 0.812500 0.850972
vt 0.812500 0.909467
vt 0.968750 0.675486
vt 0.968750 0.646238
vt 1.000000 0.763229
vt 1.000000 0.704734
vt 1.000000 0.792477
vt 0.812500 0.646238
vt 0.281250 0.178276
vt 0.000000 0.704734
vt 0.093750 0.704734
vt 0.093750 0.733981
vt 0.312500 0.938715
vt 0.437500 0.909467
vt 0.000000 0.441505
vt 0.250000 0.470752
vt 0.343750 0.470752
vt 0.343750 0.500000
vt 0.375000 0.500000
vt 0.406250 0.500000
vt 0.406250 0.470752
vt 0.656250 0.470752
vt 0.656250 0.500000
vt 0.031250 0.470752
vt 0.250000 0.500000
vt 0.312500 0.558495
vt 0.031250 0.558495
vt 0.000000 0.558495
vt 0.000000 0.646238
vt 0.000000 0.675486
vt 0.000000 0.880220
vt 0.000000 0.909467
vt 0.031250 0.880220
vt 0.031250 0.967963
vt 0.125000 0.967963
vt 0.968750 0.967963
vt 1.000000 0.967963
vt 0.968750 0.967963
vt 0.000000 0.909467
vt 0.031250 0.909467
vt 0.031250 0.967963
vt 0.875000 0.821724
vt 0.875000 0.850972
vt 0.812500 0.704734
vt 0.812500 0.675486
vt 0.031250 0.119780
vt 1.000000 0.266019
vt 1.000000 0.119780
vt 0.968750 0.119780
vt 1.000000 0.149028
vt 0.750000 0.646238
vt 0.343750 0.646238
vt 0.343750 0.587743
vt 0.375000 0.558495
vt 0.375000 0.500000
vt 0.406250 0.500000
vt 0.406250 0.470752
vt 0.656250 0.470752
vt 0.656250 0.500000
vt 0.093750 0.119780
vt 0.125000 0.119780
vt 0.187500 0.207523
vt 0.187500 0.149028
vt 0.812500 0.032037
vt 0.781250 0.032037
vt 0.687500 0.032037
vt 0.656250 0.032037
vt 0.593750 0.032037
vt 0.562500 0.032037
vt 0.531250 0.032037
vt 0.500000 0.032037
vt 0.468750 0.032037
vt 0.437500 0.032037
vt 0.406250 0.032037
vt 0.343750 0.032037
vt 0.593750 0.119780
vt 0.562500 0.119780
vt 0.218750 0.119780
vt 0.187500 0.149028
vt 0.187500 0.207523
vt 0.187500 0.733981
vt 0.218750 0.733981
vt 0.250000 0.178276
vt 0.218750 0.178276
vt 0.218750 0.149028
vt 0.250000 0.149028
vt 0.281250 0.178276
vt 0.531250 0.207523
vt 0.531250 0.149028
vt 0.593750 0.675486
vt 0.343750 0.470752
vt 0.343750 0.500000
vt 0.343750 0.529248
vt 0.468750 0.880220
vt 0.375000 0.558495
vt 0.250000 0.236771
vt 0.000000 0.353762
vt 0.562500 0.412257
vt 0.531250 0.412257
vt 0.531250 0.675486
vt 0.656250 0.236771
vt 0.750000 0.236771
vt 0.343750 0.558495
vt 0.343750 0.587743
vt 0.343750 0.646238
vt 0.656250 0.500000
vt 0.406250 0.470752
vt 0.375000 0.500000
vt 0.812500 0.763229
vt 1.000000 0.704734
vt 0.281250 0.616991
vt 0.031250 0.587743
vt 0.031250 0.675486
vt 0.031250 0.119780
vt 0.000000 0.119780
vt 1.000000 0.792477
vt 0.812500 0.792477
vt 0.750000 0.236771
vt 1.000000 0.207523
vt 0.812500 0.236771
vt 0.781250 0.236771
vt 0.812500 0.850972
vt 0.875000 0.850972
vt 0.875000 0.821724
vt 0.812500 0.821724
vt 0.031250 0.880220
vt 0.406250 0.821724
vt 0.406250 0.880220
vt 0.312500 0.850972
vt 0.093750 0.938715
vt 0.093750 0.909467
vt 0.125000 0.909467
vt 0.125000 0.880220
vt 0.125000 0.850972
vt 0.093750 0.850972
vt 0.062500 0.850972
vt 0.062500 0.880220
vt 1.000000 0.880220
vt 1.000000 0.821724
vt 0.093750 0.850972
vt 0.125000 0.821724
vt 0.250000 0.792477
vt 0.000000 0.938715
vt 0.031250 0.938715
vt 0.093750 0.938715
vt 0.093750 0.880220
vt 0.968750 0.821724
vt 0.968750 0.792477
vt 0.812500 0.792477
vt 0.812500 0.266019
vt 0.593750 0.675486
vt 0.750000 0.675486
vt 0.312500 0.470752
vt 0.250000 0.470752
vt 0.000000 0.500000
vt 0.812500 0.880220
vt 0.875000 0.880220
vt 0.875000 0.850972
vt 0.812500 0.850972
vt 0.781250 0.821724
vt 0.781250 0.470752
vt 0.781250 0.412257
vt 0.781250 0.236771
vt 0.125000 0.909467
vt 0.062500 0.850972
vt 0.000000 0.821724
vt 0.312500 0.880220
vt 0.781250 0.880220
vt 0.656250 0.324514
vt 0.593750 0.441505
vt 0.562500 0.441505
vt 0.406250 0.792477
vt 0.343750 0.500000
vt 0.343750 0.529248
vt 0.312500 0.646238
vt 0.125000 0.470752
vt 0.031250 0.558495
vt 0.312500 0.558495
vt 0.218750 0.704734
vt 0.187500 0.236771
vt 0.187500 0.675486
vt 0.031250 0.675486
vt 0.187500 0.704734
vt 0.187500 0.792477
vt 0.968750 0.236771
vt 0.343750 0.236771
vt 0.093750 0.733981
vt 0.000000 0.821724
vt 0.093750 0.763229
vt 0.000000 0.967963
vt 1.000000 0.821724
vt 1.000000 0.909467
vt 0.000000 0.880220
vt 0.000000 0.558495
vt 0.812500 0.880220
vt 0.875000 0.821724
vt 0.750000 0.266019
vt 0.125000 0.763229
vt 0.281250 0.646238
vt 0.031250 0.646238
vt 0.031250 0.675486
vt 0.593750 0.441505
vt 0.750000 0.441505
vt 1.000000 0.032037
vt 0.343750 0.470752
vt 1.000000 0.324514
vt 1.000000 0.383009
vt 1.000000 0.587743
vt 1.000000 0.558495
vt 1.000000 0.470752
vt 0.937500 0.967963
vt 0.906250 0.967963
vt 0.812500 0.967963
vt 0.781250 0.967963
vt 0.718750 0.967963
vt 0.687500 0.967963
vt 0.656250 0.967963
vt 0.375000 0.967963
vt 0.312500 0.967963
vt 0.218750 0.967963
vt 0.187500 0.967963
vt 0.156250 0.967963
vt 0.125000 0.967963
vt 0.093750 0.967963
vt 0.062500 0.967963
vt 0.000000 0.529248
vt 0.812500 0.909467
vt 0.343750 0.880220
vt 0.312500 0.850972
vt 0.781250 0.850972
vt 0.218750 0.675486
vt 0.468750 0.763229
vt 0.781250 0.441505
vt 0.781250 0.821724
vt 0.125000 0.763229
vt 0.250000 0.763229
vt 0.312500 0.646238
vt 0.750000 0.470752
vt 0.375000 0.558495
vt 0.031250 0.441505
vt 0.531250 0.441505
vt 0.562500 0.441505
vt 0.656250 0.324514
vt 0.656250 0.470752
vt 0.750000 0.646238
vt 0.343750 0.646238
vt 0.281250 0.178276
vt 0.281250 0.149028
vt 0.031250 0.149028
vt 0.000000 0.207523
vt 1.000000 0.178276
vt 0.625000 0.295266
vt 0.625000 0.353762
vt 0.687500 0.295266
vt 0.968750 0.763229
vt 0.781250 0.470752
vt 0.750000 0.470752
vt 0.312500 0.646238
vt 0.031250 0.441505
vt 0.531250 0.441505
vt 0.031250 0.061285
vt 0.968750 0.032037
vt 1.000000 0.061285
vt 0.062500 0.967963
vt 0.093750 0.967963
vt 0.187500 0.967963
vt 0.406250 0.967963
vt 0.437500 0.967963
vt 0.468750 0.967963
vt 0.531250 0.967963
vt 0.562500 0.967963
vt 0.593750 0.967963
vt 0.812500 0.967963
vt 0.843750 0.967963
vt 0.937500 0.967963
s 0
usemtl Materiał
f 758/1/1 759/2/1 783/3/1 782/4/1
f 171/5/2 182/6/2 181/7/2 180/8/2 173/9/2 174/10/2 170/11/2
f 425/12/3 405/13/3 396/14/3 386/15/3 348/16/3 349/17/3 459/18/3 458/19/3
f 172/20/4 173/9/4 180/8/4 179/21/4
f 937/22/5 977/23/5 976/24/5 936/25/5
f 724/26/6 148/27/6 149/28/6 709/29/6 710/30/6 147/31/6 146/32/6 145/33/6 712/34/6 713/35/6 144/36/6 143/37/6 142/38/6 715/39/6 716/40/6 141/41/6 140/42/6 726/43/6 725/44/6
f 177/45/7 178/46/7 187/47/7 186/48/7
f 45/49/8 256/50/8 255/51/8 222/52/8 212/53/8 203/54/8 188/55/8 44/56/8
f 179/21/9 180/8/9 190/57/9 189/58/9
f 180/8/10 181/7/10 191/59/10 190/57/10
f 347/60/11 363/61/11 371/62/11 381/63/11 380/64/11 346/65/11
f 31/66/12 196/67/12 195/68/12 193/63/12 183/62/12 175/61/12 159/60/12 30/69/12
f 84/70/13 385/71/13 384/67/13 85/66/13
f 160/16/14 198/15/14 197/71/14 32/70/14 33/28/14
f 932/72/15 946/73/15 945/74/15 931/75/15 915/76/15 916/77/15
f 166/78/16 230/79/16 229/80/16 165/81/16
f 683/82/17 691/47/17 690/83/17 682/84/17
f 534/85/18 675/86/18 676/68/18 686/63/18 685/87/18 707/88/18 105/89/18 106/90/18 107/91/18 108/92/18 109/93/18 110/94/18 111/95/18 112/96/18 113/97/18 114/98/18 115/99/18 116/100/18
f 188/55/19 203/54/19 202/82/19 187/47/19 178/46/19 43/101/19 44/56/19
f 131/102/20 1243/103/20 1244/104/20 1245/105/20 1246/106/20 1247/107/20 1248/68/20 1251/86/20 132/108/20
f 1231/71/21 1241/67/21 1248/68/21 1247/107/21 1240/109/21 1234/110/21 1230/111/21 1224/112/21 1225/15/21
f 285/113/22 313/114/22 312/115/22 244/116/22 232/117/22 226/118/22 167/119/22 168/120/22 199/121/22 209/122/22 220/123/22 273/124/22 279/125/22
f 199/121/23 200/126/23 210/127/23 209/122/23
f 200/126/24 201/84/24 211/128/24 210/127/24
f 956/53/25 972/129/25 971/84/25 964/82/25 955/130/25
f 204/131/26 205/132/26 214/133/26 213/134/26
f 1062/135/27 1063/136/27 1068/137/27 1067/138/27 1066/139/27 1061/110/27
f 206/140/28 207/111/28 216/141/28 215/142/28
f 207/111/29 208/14/29 217/13/29 216/141/29
f 211/128/30 212/53/30 222/52/30 221/143/30 220/123/30 209/122/30 210/127/30
f 1059/144/31 1070/145/31 1069/146/31 1068/137/31 1063/136/31 1062/135/31 1058/147/31
f 1221/148/32 1222/149/32 1223/150/32 1229/151/32 1228/144/32
f 162/152/33 272/153/33 271/18/33 161/17/33
f 655/154/34 716/40/34 715/39/34 645/155/34 646/156/34 654/157/34
f 225/157/35 226/118/35 232/117/35 231/156/35
f 514/158/36 529/26/36 528/159/36 513/160/36
f 228/161/37 229/80/37 241/162/37 240/163/37
f 229/80/38 230/79/38 242/164/38 241/162/38
f 230/79/39 231/156/39 243/165/39 242/164/39
f 231/156/40 232/117/40 244/116/40 243/165/40
f 610/166/41 616/167/41 615/168/41 614/169/41 664/170/41 663/123/41 609/171/41
f 233/172/42 234/173/42 246/174/42 245/175/42
f 234/173/43 235/176/43 247/177/43 246/174/43
f 541/178/44 651/179/44 650/180/44 641/181/44 630/77/44 625/182/44 619/183/44 617/184/44 613/185/44 611/186/44 602/187/44 597/188/44 573/189/44 562/190/44 554/191/44 540/192/44
f 540/192/45 554/191/45 553/193/45 94/194/45 93/195/45
f 615/168/46 616/167/46 617/184/46 619/183/46 618/196/46
f 434/174/47 435/177/47 440/197/47 439/198/47 438/199/47 433/175/47
f 251/198/48 252/197/48 258/200/48 257/201/48
f 222/52/49 255/51/49 259/202/49 262/203/49 261/204/49 221/143/49
f 910/205/50 911/178/50 116/206/50 115/195/50 926/207/50 925/208/50 924/209/50 923/210/50 922/211/50 921/212/50 920/213/50 919/184/50 918/214/50 917/215/50 916/77/50 915/76/50 914/216/50
f 526/217/51 88/100/51 89/89/51 346/65/51 380/64/51 381/63/51 383/68/51 382/218/51
f 1107/219/52 1126/220/52 1130/221/52 1129/222/52 1094/214/52 1095/215/52
f 535/223/53 590/103/53 598/104/53 603/105/53 656/224/53 666/107/53 676/68/53 675/86/53 534/85/53
f 894/88/54 29/225/54 158/65/54 28/89/54 1/226/54 154/89/54
f 919/184/55 920/213/55 935/227/55 934/167/55
f 411/137/56 453/228/56 456/229/56 455/230/56 401/134/56 402/133/56
f 31/66/57 32/70/57 197/71/57 196/67/57
f 1030/231/58 1078/232/58 1077/230/58 1070/145/58 1059/144/58 1050/148/58 1029/233/58
f 271/18/59 272/153/59 278/234/59 277/235/59
f 1031/236/60 1032/237/60 1045/238/60 1044/239/60 1041/240/60 1042/241/60 1039/242/60 1036/243/60 1035/244/60 1034/245/60 1037/246/60 1040/247/60 1043/248/60 1051/249/60 1060/250/60 109/251/60 108/252/60 1071/253/60
f 1105/227/61 1154/254/61 1153/255/61 1091/212/61 1092/186/61
f 1031/236/62 1071/253/62 1079/103/62 1078/232/62 1030/231/62
f 277/235/63 278/234/63 284/256/63 283/257/63
f 279/125/64 280/258/64 288/188/64 287/25/64 286/24/64 285/113/64
f 753/259/65 780/256/65 779/260/65 752/261/65
f 1103/22/66 1104/25/66 1146/24/66 1145/1/66
f 513/160/67 528/159/67 100/262/67 101/251/67 477/263/67 478/249/67 483/264/67 494/265/67 505/266/67
f 290/249/68 291/248/68 296/267/68 295/264/68
f 291/248/69 292/247/69 297/268/69 296/267/69
f 292/247/70 293/246/70 298/269/70 297/268/70
f 293/246/71 294/270/71 299/271/71 298/269/71
f 484/267/72 495/238/72 494/265/72 483/264/72
f 297/268/73 298/269/73 303/242/73 302/241/73
f 298/269/74 299/271/74 304/272/74 303/242/74
f 752/261/75 779/260/75 778/273/75 151/252/75 150/251/75 771/274/75 772/249/75 773/275/75 774/276/75 775/246/75 776/277/75 768/278/75 763/279/75 762/280/75 761/281/75 766/282/75 765/283/75 751/284/75
f 1182/285/76 1190/286/76 1189/287/76 1175/288/76 1176/289/76 58/290/76 57/33/76 1191/291/76 1183/292/76
f 476/188/77 493/293/77 504/294/77 503/22/77 475/25/77
f 308/261/78 309/295/78 319/296/78 318/297/78
f 1222/149/79 1221/148/79 1202/233/79 1203/298/79 55/299/79 54/300/79 53/28/79 1226/301/79 1225/15/79 1224/112/79 1223/150/79
f 314/302/80 315/22/80 316/294/80 324/303/80 323/304/80 322/305/80 321/306/80 320/307/80 310/308/80 311/309/80 312/115/80 313/114/80
f 1081/86/81 106/310/81 105/311/81 1083/312/81 155/100/81 154/89/81 1082/313/81 28/314/81 27/225/81 1080/315/81 1073/316/81 1074/68/81
f 317/266/82 318/297/82 319/296/82 320/307/82 321/306/82 332/317/82 331/318/82 330/319/82 329/320/82 328/321/82 327/322/82 326/158/82 325/160/82
f 322/305/83 323/304/83 334/323/83 333/324/83
f 323/304/84 324/303/84 335/325/84 334/323/84
f 328/321/85 343/326/85 342/327/85 327/322/85
f 518/319/86 96/328/86 97/329/86 517/320/86
f 519/318/87 95/330/87 96/328/87 518/319/87
f 123/42/88 1150/321/88 1159/331/88 124/41/88
f 456/229/89 453/228/89 411/137/89 412/332/89 403/142/89 404/141/89 457/144/89
f 341/26/90 326/158/90 327/322/90 342/327/90
f 699/46/91 138/101/91 139/333/91 697/334/91 698/335/91
f 424/336/92 533/178/92 532/192/92 523/325/92 512/303/92 504/294/92 493/293/92 476/188/92 468/258/92 463/186/92 454/185/92 452/184/92 448/337/92 446/200/92 440/197/92 435/177/92 423/176/92
f 29/225/93 30/69/93 159/60/93 158/65/93
f 896/29/94 897/30/94 34/299/94 161/17/94 160/16/94 33/28/94
f 34/299/95 35/338/95 162/152/95 161/17/95
f 406/339/96 415/287/96 426/340/96 427/341/96 436/342/96 442/343/96 441/344/96 488/345/96 489/346/96 499/309/96 498/308/96 508/307/96 507/296/96 497/295/96 472/256/96 466/234/96 460/153/96 350/152/96 80/338/96 79/33/96 351/347/96 372/291/96 373/292/96 407/348/96
f 831/349/97 901/350/97 38/351/97 37/290/97 900/35/97 830/288/97
f 38/351/98 39/38/98 166/78/98 165/81/98
f 40/352/99 41/353/99 168/120/99 167/119/99
f 364/334/100 388/126/100 387/121/100 356/120/100 74/353/100 73/333/100
f 46/354/101 47/355/101 170/11/101 169/356/101
f 69/354/102 357/356/102 358/11/102 362/10/102 361/9/102 360/20/102 367/21/102 377/58/102 378/57/102 379/59/102 369/7/102 370/6/102 359/5/102 90/357/102 91/358/102 92/359/102 533/178/102 424/336/102 423/176/102 422/173/102 421/172/102 433/175/102 438/199/102 439/198/102 445/201/102 444/50/102 70/49/102
f 6/360/103 156/361/103 728/178/103 727/192/103 134/362/103 719/363/103 720/5/103 133/364/103
f 522/323/104 94/194/104 95/330/104 519/318/104 520/317/104 524/365/104 525/366/104 521/324/104
f 97/329/105 548/367/105 547/368/105 539/43/105 98/42/105
f 1249/63/106 1250/369/106 50/69/106 49/225/106 1252/87/106
f 340/159/107 341/26/107 82/370/107 83/262/107
f 151/252/108 778/273/108 777/103/108 722/223/108 152/371/108
f 338/217/109 339/372/109 86/371/109 87/310/109
f 571/1/110 572/2/110 596/3/110 595/4/110
f 359/5/111 370/6/111 369/7/111 368/8/111 361/9/111 362/10/111 358/11/111
f 130/373/112 1235/253/112 1243/103/112 131/102/112
f 360/20/113 361/9/113 368/8/113 367/21/113
f 756/374/114 825/375/114 824/165/114 823/376/114 822/162/114 814/377/114 813/378/114 808/379/114 807/380/114 769/381/114 770/382/114 755/309/114
f 186/48/115 201/84/115 200/126/115 176/334/115 177/45/115
f 365/45/116 366/46/116 375/47/116 374/48/116
f 70/49/117 444/50/117 443/51/117 410/52/117 400/53/117 391/54/117 376/55/117 71/56/117
f 367/21/118 368/8/118 378/57/118 377/58/118
f 368/8/119 369/7/119 379/59/119 378/57/119
f 696/383/120 708/60/120 707/88/120 685/87/120 686/63/120 687/384/120
f 85/66/121 384/67/121 383/68/121 381/63/121 371/62/121 363/61/121 347/60/121 86/69/121
f 678/385/122 150/70/122 151/66/122 677/386/122
f 348/16/123 386/15/123 385/71/123 84/70/123 83/28/123
f 354/78/124 418/79/124 417/80/124 353/81/124
f 187/47/125 202/82/125 201/84/125 186/48/125
f 338/217/126 9/100/126 10/387/126 11/388/126 12/97/126 13/389/126 14/390/126 15/391/126 16/392/126 17/393/126 18/394/126 19/395/126 20/396/126 21/397/126 22/398/126 23/94/126 24/93/126 25/92/126 26/91/126 27/90/126 28/89/126 158/65/126 192/64/126 193/63/126 195/68/126 194/218/126
f 376/55/127 391/54/127 390/82/127 375/47/127 366/46/127 72/101/127 71/56/127
f 281/399/128 339/372/128 338/217/128 194/218/128 195/68/128 204/131/128 213/134/128 267/230/128 276/400/128
f 1061/110/129 1066/139/129 1075/401/129 1074/68/129 1065/402/129 1056/403/129 1046/15/129 1047/112/129 1057/111/129
f 473/113/130 501/114/130 500/115/130 432/116/130 420/117/130 414/118/130 355/119/130 356/120/130 387/121/130 397/122/130 408/123/130 461/124/130 467/125/130
f 387/121/131 388/126/131 398/127/131 397/122/131
f 388/126/132 389/84/132 399/128/132 398/127/132
f 1137/82/133 1141/404/133 1140/405/133 1132/53/133 1133/130/133
f 392/131/134 393/132/134 402/133/134 401/134/134
f 658/406/135 668/407/135 667/408/135 657/409/135 652/137/135 653/410/135
f 394/140/136 395/111/136 404/141/136 403/142/136
f 395/111/137 396/14/137 405/13/137 404/141/137
f 399/128/138 400/53/138 410/52/138 409/143/138 408/123/138 397/122/138 398/127/138
f 792/411/139 846/147/139 845/406/139 840/410/139 839/137/139 799/228/139 791/412/139
f 237/12/140 270/19/140 269/144/140 216/141/140 217/13/140
f 1145/1/141 1146/24/141 1152/413/141 1151/114/141
f 350/152/142 460/153/142 459/18/142 349/17/142
f 227/287/143 218/339/143 219/348/143 185/292/143 184/291/143 163/347/143 164/35/143 228/161/143
f 167/119/144 226/118/144 225/157/144 231/156/144 230/79/144 166/78/144
f 413/157/145 414/118/145 420/117/145 419/156/145
f 1175/288/146 1189/287/146 1188/414/146 1181/415/146 1174/416/146
f 416/161/147 417/80/147 429/162/147 428/163/147
f 417/80/148 418/79/148 430/164/148 429/162/148
f 418/79/149 419/156/149 431/165/149 430/164/149
f 419/156/150 420/117/150 432/116/150 431/165/150
f 263/417/151 274/227/151 273/124/151 220/123/151 221/143/151 261/204/151 262/203/151
f 421/172/152 422/173/152 434/174/152 433/175/152
f 422/173/153 423/176/153 435/177/153 434/174/153
f 236/336/154 345/178/154 344/192/154 335/325/154 324/303/154 316/294/154 305/293/154 288/188/154 280/258/154 275/186/154 266/185/154 264/184/154 260/337/154 258/200/154 252/197/154 247/177/154 235/176/154
f 240/163/155 241/162/155 249/418/155 248/342/155 239/341/155
f 439/198/156 440/197/156 446/200/156 445/201/156
f 410/52/157 443/51/157 447/202/157 450/203/157 449/204/157 409/143/157
f 256/50/158 257/201/158 258/200/158 260/337/158 259/202/158 255/51/158
f 259/202/159 260/337/159 264/184/159 263/417/159 262/203/159
f 1048/419/160 1047/112/160 1046/15/160 23/28/160 22/420/160 21/299/160 1028/17/160 1029/233/160 1050/148/160 1049/12/160
f 266/185/161 275/186/161 274/227/161 263/417/161 264/184/161
f 799/228/162 839/137/162 844/409/162 843/224/162 790/105/162 791/412/162
f 598/104/163 599/421/163 607/422/163 606/19/163 605/411/163 604/412/163 603/105/163
f 459/18/164 460/153/164 466/234/164 465/235/164
f 921/212/165 984/255/165 983/423/165 935/227/165 920/213/165
f 276/400/166 277/235/166 283/257/166 282/253/166 281/399/166
f 465/235/167 466/234/167 472/256/167 471/257/167
f 467/125/168 468/258/168 476/188/168 475/25/168 474/24/168 473/113/168
f 566/259/169 593/256/169 592/260/169 565/261/169
f 1079/103/170 107/371/170 106/310/170 1081/86/170 1074/68/170 1075/401/170 1076/106/170 1077/230/170 1078/232/170
f 478/249/171 479/248/171 484/267/171 483/264/171
f 479/248/172 480/247/172 485/268/172 484/267/172
f 480/247/173 481/246/173 486/269/173 485/268/173
f 481/246/174 482/270/174 487/271/174 486/269/174
f 564/284/175 578/283/175 577/424/175 563/425/175
f 485/268/176 486/269/176 491/242/176 490/241/176
f 486/269/177 487/271/177 492/272/177 491/242/177
f 1003/418/178 1002/426/178 999/427/178 996/165/178 991/428/178 992/115/178 1013/309/178 1012/429/178 1019/345/178 1018/430/178 1011/379/178 1010/431/178
f 283/257/179 308/261/179 307/238/179 296/267/179 297/268/179 302/241/179 303/242/179 304/272/179 299/271/179 294/270/179 293/246/179 292/247/179 291/248/179 290/249/179 289/263/179 84/251/179 85/252/179 282/253/179
f 138/328/180 736/432/180 735/367/180 139/433/180
f 922/211/181 923/210/181 924/209/181 937/22/181 936/25/181
f 307/238/182 308/261/182 318/297/182 317/266/182 306/265/182
f 496/261/183 497/295/183 507/296/183 506/297/183
f 988/40/184 989/118/184 994/434/184 995/156/184 998/155/184 997/435/184 15/38/184 14/352/184 13/353/184 979/436/184
f 502/302/185 503/22/185 504/294/185 512/303/185 511/304/185 510/305/185 509/306/185 508/307/185 498/308/185 499/309/185 500/115/185 501/114/185
f 1072/437/186 1073/316/186 1080/315/186 27/225/186 26/438/186
f 505/266/187 506/297/187 507/296/187 508/307/187 509/306/187 520/317/187 519/318/187 518/319/187 517/320/187 516/321/187 515/322/187 514/158/187 513/160/187
f 333/324/188 337/366/188 336/365/188 332/317/188 321/306/188 322/305/188
f 510/305/189 511/304/189 522/323/189 521/324/189
f 511/304/190 512/303/190 523/325/190 522/323/190
f 326/158/191 341/26/191 340/159/191 325/160/191
f 516/321/192 531/326/192 530/327/192 515/322/192
f 137/439/193 737/440/193 736/432/193 138/328/193
f 529/26/194 514/158/194 515/322/194 530/327/194
f 153/310/195 721/85/195 155/100/195 5/226/195 105/89/195 707/88/195 708/60/195 152/69/195
f 470/253/196 102/252/196 103/371/196 527/372/196 469/399/196
f 81/299/197 80/338/197 350/152/197 349/17/197
f 1218/441/198 1219/424/198 1220/249/198 1227/263/198 128/442/198 127/262/198 1216/443/198 1217/444/198
f 165/81/199 229/80/199 228/161/199 164/35/199 37/290/199 38/351/199
f 77/351/200 76/38/200 354/78/200 353/81/200
f 75/352/201 74/353/201 356/120/201 355/119/201
f 517/320/202 97/329/202 98/42/202 531/326/202 516/321/202
f 94/194/203 553/193/203 552/445/203 543/446/203 542/447/203 551/448/203 550/440/203 95/330/203
f 69/354/204 68/355/204 358/11/204 357/356/204
f 905/449/205 46/354/205 45/49/205 810/450/205 811/451/205 816/72/205 815/199/205 826/74/205 835/452/205 836/173/205 837/180/205 838/179/205 728/178/205 156/361/205 157/364/205 907/5/205 890/453/205 889/454/205 882/455/205 881/456/205 880/457/205 887/458/205 891/459/205 892/460/205 893/10/205 906/363/205
f 8/360/206 117/361/206 541/178/206 540/192/206 93/195/206 532/192/206 533/178/206 92/359/206
f 335/325/207 344/192/207 68/195/207 69/194/207 334/323/207
f 135/461/208 740/193/208 739/445/208 730/446/208 729/447/208 738/448/208 737/440/208 137/439/208 136/462/208
f 329/320/209 73/329/209 74/42/209 343/326/209 328/321/209
f 927/9/210 941/459/210 942/463/210 943/58/210 950/464/210 951/220/210 958/221/210 957/465/210 956/53/210 955/130/210 10/56/210 9/466/210 908/467/210 909/468/210 912/7/210 928/469/210
f 528/159/211 529/26/211 99/370/211 100/262/211
f 282/253/212 85/252/212 86/371/212 339/372/212 281/399/212
f 526/217/213 527/372/213 103/371/213 104/310/213
f 1044/239/214 1045/238/214 1053/441/214 1052/424/214
f 953/317/215 954/470/215 962/471/215 961/472/215
f 545/473/216 537/26/216 538/44/216 546/331/216
f 571/1/217 595/4/217 594/474/217 570/475/217
f 539/43/218 547/368/218 546/331/218 538/44/218
f 330/319/219 72/328/219 73/329/219 329/320/219
f 1005/288/220 1016/476/220 1015/477/220 1008/348/220 1007/292/220 1014/291/220 19/33/220 18/478/220 17/290/220 1004/35/220
f 939/479/221 940/480/221 949/481/221 948/482/221
f 545/473/222 546/331/222 547/368/222 548/367/222 549/432/222 550/440/222 551/448/222 559/483/222 558/484/222 557/296/222 556/485/222 555/486/222 544/443/222
f 91/358/223 1099/487/223 1111/456/223 1120/58/223 1121/458/223 1122/488/223 1113/9/223 1112/469/223 1100/7/223 1086/5/223 67/466/223 66/362/223 65/489/223 1126/220/223 1107/219/223 1108/72/223 1117/73/223 1118/74/223 1119/172/223 1110/490/223 1098/216/223 1085/179/223 1084/178/223 92/359/223
f 730/446/224 739/445/224 747/305/224 746/483/224 738/448/224 729/447/224
f 552/445/225 553/193/225 561/491/225 560/305/225
f 553/193/226 554/191/226 562/190/226 561/491/226
f 1033/297/227 1054/444/227 1053/441/227 1045/238/227 1032/237/227
f 556/485/228 557/296/228 566/259/228 565/261/228
f 558/484/229 559/483/229 560/305/229 561/491/229 562/190/229 573/189/229 572/2/229 571/1/229 570/475/229 569/374/229 568/309/229 567/308/229
f 987/321/230 112/42/230 111/41/230 993/331/230
f 760/189/231 784/188/231 783/3/231 759/2/231
f 569/374/232 638/375/232 637/165/232 636/376/232 635/162/232 627/377/232 626/378/232 621/379/232 620/380/232 582/381/232 583/382/232 568/309/232
f 574/281/233 575/280/233 580/492/233 579/282/233
f 575/280/234 576/279/234 581/278/234 580/492/234
f 325/160/235 340/159/235 83/262/235 84/251/235 289/263/235 290/249/235 295/264/235 306/265/235 317/266/235
f 577/424/236 578/283/236 586/275/236 585/249/236
f 578/283/237 579/282/237 587/276/237 586/275/237
f 579/282/238 580/492/238 588/246/238 587/276/238
f 580/492/239 581/278/239 589/277/239 588/246/239
f 1193/295/240 1194/493/240 1200/260/240 1199/237/240
f 475/25/241 503/22/241 502/302/241 474/24/241
f 778/273/242 779/260/242 786/421/242 785/104/242 777/103/242
f 592/260/243 593/256/243 600/494/243 599/421/243
f 595/4/244 596/3/244 597/188/244 602/187/244 601/255/244 594/474/244
f 785/104/245 786/421/245 794/422/245 793/19/245 792/411/245 791/412/245 790/105/245
f 599/421/246 600/494/246 608/153/246 607/422/246
f 273/124/247 274/227/247 275/186/247 280/258/247 279/125/247
f 802/168/248 803/167/248 804/184/248 806/183/248 805/196/248
f 622/495/249 665/52/249 664/170/249 614/169/249 615/168/249 618/196/249
f 805/196/250 806/183/250 812/182/250 811/451/250 810/450/250 809/495/250
f 403/142/251 412/332/251 411/137/251 402/133/251 393/132/251 394/140/251
f 624/451/252 625/182/252 630/77/252 629/72/252
f 428/163/253 429/162/253 437/418/253 436/342/253 427/341/253
f 816/72/254 817/77/254 828/181/254 827/174/254 826/74/254 815/199/254
f 820/496/255 821/497/255 830/288/255 829/476/255 819/414/255
f 634/497/256 635/162/256 644/349/256 643/288/256
f 635/162/257 636/376/257 645/155/257 644/349/257
f 636/376/258 637/165/258 646/156/258 645/155/258
f 637/165/259 638/375/259 647/498/259 646/156/259
f 797/166/260 803/167/260 802/168/260 801/169/260 851/170/260 850/123/260 796/171/260
f 639/74/261 640/174/261 649/173/261 648/452/261
f 640/174/262 641/181/262 650/180/262 649/173/262
f 728/178/263 838/179/263 837/180/263 828/181/263 817/77/263 812/182/263 806/183/263 804/184/263 800/185/263 798/186/263 789/187/263 784/188/263 760/189/263 749/190/263 741/191/263 727/192/263
f 608/153/264 711/152/264 710/30/264 607/422/264
f 849/348/265 848/339/265 829/476/265 830/288/265 900/35/265 899/34/265 875/499/265 876/292/265
f 1000/500/266 1001/501/266 1005/288/266 1004/35/266
f 842/154/267 903/40/267 902/39/267 832/155/267 833/156/267 841/157/267
f 646/156/268 647/498/268 655/154/268 654/157/268
f 845/406/269 855/407/269 854/408/269 844/409/269 839/137/269 840/410/269
f 268/229/270 265/228/270 223/137/270 224/332/270 215/142/270 216/141/270 269/144/270
f 1049/12/271 1050/148/271 1059/144/271 1058/147/271 1048/419/271
f 656/224/272 657/409/272 667/408/272 666/107/272
f 658/406/273 659/147/273 669/111/273 668/407/273
f 659/147/274 660/13/274 670/14/274 669/111/274
f 663/123/275 664/170/275 665/52/275 674/53/275 673/405/275 672/502/275 671/122/275
f 722/223/276 777/103/276 785/104/276 790/105/276 843/224/276 853/107/276 863/68/276 862/86/276 721/85/276
f 855/407/277 856/111/277 857/14/277 866/503/277 865/385/277 864/386/277 863/68/277 853/107/277 854/408/277
f 570/475/278 594/474/278 601/255/278 609/171/278 663/123/278 671/122/278 680/504/278 717/505/278 716/40/278 655/154/278 647/498/278 638/375/278 569/374/278
f 671/122/279 672/502/279 681/506/279 680/504/279
f 672/502/280 673/405/280 682/84/280 681/506/280
f 860/405/281 861/53/281 871/507/281 870/82/281 869/84/281
f 721/85/282 862/86/282 863/68/282 873/63/282 872/87/282 894/88/282 154/89/282 155/100/282
f 679/503/283 709/29/283 149/28/283 150/70/283 678/385/283
f 758/1/284 782/4/284 781/474/284 757/475/284
f 537/26/285 545/473/285 544/443/285 536/508/285
f 870/82/286 878/47/286 877/83/286 869/84/286
f 692/55/287 137/56/287 138/101/287 699/46/287 691/47/287 683/82/287 684/507/287
f 883/383/288 895/60/288 894/88/288 872/87/288 873/63/288 874/384/288
f 677/386/289 151/66/289 152/69/289 708/60/289 696/383/289 687/384/289 686/63/289 676/68/289
f 865/385/290 32/70/290 31/66/290 864/386/290
f 645/155/291 715/39/291 714/350/291 644/349/291
f 896/29/292 866/503/292 857/14/292 847/13/292 818/509/292 793/19/292 794/422/292 897/30/292
f 970/83/293 971/84/293 974/506/293 973/334/293 969/510/293
f 690/83/294 691/47/294 699/46/294 698/335/294
f 623/450/295 136/511/295 137/56/295 692/55/295 684/507/295 674/53/295 665/52/295 622/495/295
f 693/457/296 694/456/296 701/469/296 700/458/296
f 694/456/297 695/455/297 702/454/297 701/469/297
f 700/458/298 701/469/298 705/460/298 704/459/298
f 703/453/299 720/5/299 719/363/299 706/10/299 705/460/299 701/469/299 702/454/299
f 353/81/300 417/80/300 416/161/300 352/35/300 78/290/300 77/351/300
f 62/333/301 1149/334/301 1143/335/301 1139/512/301 63/101/301
f 100/262/302 99/370/302 537/26/302 536/508/302
f 1052/424/303 1053/441/303 1054/444/303 1055/443/303 110/262/303 109/251/303 1060/250/303 1051/249/303
f 139/433/304 735/367/304 734/368/304 726/43/304 140/42/304
f 907/5/305 157/364/305 2/513/305 48/357/305 171/5/305 170/11/305 47/355/305 906/363/305
f 334/323/306 69/194/306 70/514/306 71/330/306 331/318/306 332/317/306 336/365/306 337/366/306 333/324/306
f 727/192/307 741/191/307 740/193/307 135/461/307 134/515/307
f 718/449/308 719/363/308 134/362/308 135/516/308
f 884/334/309 42/333/309 41/353/309 904/505/309 867/504/309 868/506/309
f 716/40/310 717/505/310 140/353/310 141/352/310
f 714/350/311 715/39/311 142/38/311 143/517/311
f 829/476/312 848/339/312 849/348/312 876/292/312 875/499/312 899/34/312 36/33/312 35/338/312 898/152/312 795/153/312 787/494/312 780/256/312 753/259/312 744/296/312 745/484/312 754/308/312 755/309/312 770/382/312 769/381/312 807/380/312 808/379/312 813/378/312 820/496/312 819/414/312
f 710/30/313 711/152/313 146/338/313 147/299/313
f 732/473/314 724/26/314 725/44/314 733/331/314
f 474/24/315 502/302/315 501/114/315 473/113/315
f 726/43/316 734/368/316 733/331/316 725/44/316
f 96/328/317 549/432/317 548/367/317 97/329/317
f 95/330/318 550/440/318 549/432/318 96/328/318
f 732/473/319 733/331/319 734/368/319 735/367/319 736/432/319 737/440/319 738/448/319 746/483/319 745/484/319 744/296/319 743/485/319 742/486/319 731/443/319
f 1003/418/320 1010/431/320 1009/496/320 1006/163/320 1002/426/320
f 739/445/321 740/193/321 748/491/321 747/305/321
f 740/193/322 741/191/322 749/190/322 748/491/322
f 555/486/323 556/485/323 565/261/323 564/284/323 563/425/323
f 743/485/324 744/296/324 753/259/324 752/261/324
f 745/484/325 746/483/325 747/305/325 748/491/325 749/190/325 760/189/325 759/2/325 758/1/325 757/475/325 756/374/325 755/309/325 754/308/325
f 119/194/326 1101/518/326 1115/482/326 1114/481/326 1123/519/326 1124/317/326 1127/472/326 120/330/326
f 565/261/327 592/260/327 591/273/327 102/252/327 101/251/327 584/274/327 585/249/327 586/275/327 587/276/327 588/246/327 589/277/327 581/278/327 576/279/327 575/280/327 574/281/327 579/282/327 578/283/327 564/284/327
f 286/24/328 314/302/328 313/114/328 285/113/328
f 288/188/329 305/293/329 316/294/329 315/22/329 287/25/329
f 430/164/330 431/165/330 432/116/330 500/115/330 499/309/330 489/346/330 488/345/330 441/344/330 442/343/330 436/342/330 437/418/330 429/162/330
f 1213/520/331 1214/239/331 1219/424/331 1218/441/331
f 761/281/332 762/280/332 767/492/332 766/282/332
f 762/280/333 763/279/333 768/278/333 767/492/333
f 120/330/334 1127/472/334 1134/319/334 121/328/334
f 536/508/335 544/443/335 555/486/335 563/425/335 577/424/335 585/249/335 584/274/335 101/251/335 100/262/335
f 764/424/336 765/283/336 773/275/336 772/249/336
f 765/283/337 766/282/337 774/276/337 773/275/337
f 766/282/338 767/492/338 775/246/338 774/276/338
f 767/492/339 768/278/339 776/277/339 775/246/339
f 472/256/340 497/295/340 496/261/340 471/257/340
f 10/56/341 955/130/341 964/82/341 963/521/341 11/101/341
f 779/260/342 780/256/342 787/494/342 786/421/342
f 782/4/343 783/3/343 784/188/343 789/187/343 788/255/343 781/474/343
f 788/255/344 789/187/344 798/186/344 797/166/344 796/171/344
f 786/421/345 787/494/345 795/153/345 794/422/345
f 461/124/346 462/227/346 463/186/346 468/258/346 467/125/346
f 612/228/347 652/137/347 657/409/347 656/224/347 603/105/347 604/412/347
f 613/185/348 617/184/348 616/167/348 610/166/348 611/186/348
f 934/167/349 960/203/349 959/222/349 918/214/349 919/184/349
f 809/495/350 852/52/350 851/170/350 801/169/350 802/168/350 805/196/350
f 444/50/351 445/201/351 446/200/351 448/337/351 447/202/351 443/51/351
f 811/451/352 812/182/352 817/77/352 816/72/352
f 626/378/353 627/377/353 635/162/353 634/497/353 633/496/353
f 246/174/354 247/177/354 252/197/354 251/198/354 250/199/354 245/175/354
f 415/287/355 416/161/355 428/163/355 427/341/355 426/340/355
f 821/497/356 822/162/356 831/349/356 830/288/356
f 822/162/357 823/376/357 832/155/357 831/349/357
f 823/376/358 824/165/358 833/156/358 832/155/358
f 824/165/359 825/375/359 834/498/359 833/156/359
f 60/38/360 1169/155/360 1166/156/360 1167/434/360 1163/522/360 1164/523/360 1158/524/360 61/353/360
f 826/74/361 827/174/361 836/173/361 835/452/361
f 827/174/362 828/181/362 837/180/362 836/173/362
f 795/153/363 898/152/363 897/30/363 794/422/363
f 415/287/364 406/339/364 407/348/364 373/292/364 372/291/364 351/347/364 352/35/364 416/161/364
f 1169/155/365 60/38/365 59/351/365 1173/81/365 1172/349/365
f 833/156/366 834/498/366 842/154/366 841/157/366
f 215/142/367 224/332/367 223/137/367 214/133/367 205/132/367 206/140/367
f 605/411/368 659/147/368 658/406/368 653/410/368 652/137/368 612/228/368 604/412/368
f 606/19/369 631/509/369 660/13/369 659/147/369 605/411/369
f 843/224/370 844/409/370 854/408/370 853/107/370
f 845/406/371 846/147/371 856/111/371 855/407/371
f 846/147/372 847/13/372 857/14/372 856/111/372
f 159/60/373 175/61/373 183/62/373 193/63/373 192/64/373 158/65/373
f 850/123/374 851/170/374 852/52/374 861/53/374 860/405/374 859/502/374 858/122/374
f 469/399/375 527/372/375 526/217/375 382/218/375 383/68/375 392/131/375 401/134/375 455/230/375 464/400/375
f 384/67/376 385/71/376 386/15/376 396/14/376 395/111/376 394/140/376 393/132/376 392/131/376 383/68/376
f 757/475/377 781/474/377 788/255/377 796/171/377 850/123/377 858/122/377 867/504/377 904/505/377 903/40/377 842/154/377 834/498/377 825/375/377 756/374/377
f 858/122/378 859/502/378 868/506/378 867/504/378
f 859/502/379 860/405/379 869/84/379 868/506/379
f 202/82/380 203/54/380 212/53/380 211/128/380 201/84/380
f 866/503/381 896/29/381 33/28/381 32/70/381 865/385/381
f 1025/525/382 1026/526/382 1032/237/382 1031/236/382
f 963/521/383 964/82/383 971/84/383 970/83/383
f 879/55/384 44/56/384 43/101/384 886/46/384 878/47/384 870/82/384 871/507/384
f 9/100/385 338/217/385 87/225/385 86/69/385 347/60/385 346/65/385 89/89/385 3/527/385
f 864/386/386 31/66/386 30/69/386 895/60/386 883/383/386 874/384/386 873/63/386 863/68/386
f 1126/220/387 65/489/387 64/56/387 1133/130/387 1132/53/387 1131/465/387 1130/221/387
f 832/155/388 902/39/388 901/350/388 831/349/388
f 1009/496/389 1017/528/389 1016/476/389 1005/288/389 1006/163/389
f 1141/404/390 1142/83/390 1143/335/390 1149/334/390 1148/506/390
f 877/83/391 878/47/391 886/46/391 885/335/391
f 810/450/392 45/49/392 44/56/392 879/55/392 871/507/392 861/53/392 852/52/392 809/495/392
f 880/457/393 881/456/393 888/469/393 887/458/393
f 881/456/394 882/455/394 889/454/394 888/469/394
f 1068/137/395 1069/146/395 1070/145/395 1077/230/395 1076/106/395 1067/138/395
f 662/348/396 661/339/396 642/476/396 643/288/396 713/35/396 712/34/396 688/499/396 689/292/396
f 887/458/397 888/469/397 892/460/397 891/459/397
f 1159/331/398 1216/443/398 127/262/398 126/529/398 125/530/398 124/41/398
f 890/453/399 907/5/399 906/363/399 893/10/399 892/460/399 888/469/399 889/454/399
f 153/310/400 152/371/400 722/223/400 721/85/400
f 102/252/401 591/273/401 590/103/401 535/223/401 103/371/401
f 149/262/402 148/370/402 724/26/402 723/508/402
f 341/26/403 342/327/403 343/326/403 74/42/403 75/352/403 355/119/403 354/78/403 76/531/403 77/532/403 78/290/403 352/35/403 351/347/403 79/533/403 80/32/403 81/299/403 349/17/403 348/16/403 83/28/403 82/370/403
f 523/325/404 532/192/404 93/195/404 94/194/404 522/323/404
f 718/449/405 135/516/405 136/511/405 623/450/405 624/451/405 629/72/405 628/199/405 639/74/405 648/452/405 649/173/405 650/180/405 651/179/405 541/178/405 117/361/405 118/534/405 119/535/405 120/536/405 121/537/405 122/538/405 123/539/405 124/540/405 125/541/405 126/542/405 127/543/405 128/544/405 129/545/405 130/546/405 131/547/405 132/548/405 133/364/405 720/5/405 703/453/405 702/454/405 695/455/405 694/456/405 693/457/405 700/458/405 704/459/405 705/460/405 706/10/405 719/363/405
f 43/101/406 178/46/406 177/45/406 176/334/406 42/333/406
f 905/449/407 906/363/407 47/355/407 46/354/407
f 886/46/408 43/101/408 42/333/408 884/334/408 885/335/408
f 176/334/409 200/126/409 199/121/409 168/120/409 41/353/409 42/333/409
f 903/40/410 904/505/410 41/353/410 40/352/410
f 901/350/411 902/39/411 39/38/411 38/351/411
f 644/349/412 714/350/412 143/517/412 144/549/412 713/35/412 643/288/412
f 218/339/413 227/287/413 238/340/413 239/341/413 248/342/413 254/343/413 253/344/413 300/345/413 301/346/413 311/309/413 310/308/413 320/307/413 319/296/413 309/295/413 284/256/413 278/234/413 272/153/413 162/152/413 35/338/413 36/33/413 163/347/413 184/291/413 185/292/413 219/348/413
f 897/30/414 898/152/414 35/338/414 34/299/414
f 894/88/415 895/60/415 30/69/415 29/225/415
f 118/195/416 1087/550/416 1101/518/416 119/194/416
f 37/290/417 164/35/417 163/347/417 36/33/417 899/34/417 900/35/417
f 912/7/418 913/487/418 929/456/418 928/469/418
f 914/216/419 915/76/419 931/75/419 930/173/419
f 1109/551/420 1118/74/420 1117/73/420 1108/72/420 1096/77/420 1097/76/420
f 916/77/421 917/215/421 933/219/421 932/72/421
f 618/196/422 619/183/422 625/182/422 624/451/422 623/450/422 622/495/422
f 1094/214/423 1129/222/423 1128/168/423 1106/167/423 1093/184/423
f 1092/186/424 1093/184/424 1106/167/424 1105/227/424
f 601/255/425 602/187/425 611/186/425 610/166/425 609/171/425
f 1089/189/426 1090/211/426 1104/25/426 1103/22/426
f 925/208/427 926/207/427 939/479/427 938/304/427
f 927/9/428 928/469/428 942/463/428 941/459/428
f 928/469/429 929/456/429 943/58/429 942/463/429
f 930/173/430 931/75/430 945/74/430 944/552/430
f 938/304/431 939/479/431 948/482/431 947/553/431
f 543/446/432 552/445/432 560/305/432 559/483/432 551/448/432 542/447/432
f 642/476/433 661/339/433 662/348/433 689/292/433 688/499/433 712/34/433 145/33/433 146/338/433 711/152/433 608/153/433 600/494/433 593/256/433 566/259/433 557/296/433 558/484/433 567/308/433 568/309/433 583/382/433 582/381/433 620/380/433 621/379/433 626/378/433 633/496/433 632/414/433
f 390/82/434 391/54/434 400/53/434 399/128/434 389/84/434
f 965/143/435 982/123/435 981/554/435 975/502/435 972/129/435 956/53/435 957/465/435
f 957/465/436 958/221/436 959/222/436 960/203/436 966/555/436 965/143/436
f 993/331/437 1055/443/437 1054/444/437 1033/297/437 1027/556/437 1021/484/437 952/557/437 953/317/437 961/472/437 967/319/437 978/367/437 987/321/437
f 1137/82/438 1138/558/438 1142/83/438 1141/404/438
f 869/84/439 877/83/439 885/335/439 884/334/439 868/506/439
f 971/84/440 972/129/440 975/502/440 974/506/440
f 974/506/441 975/502/441 981/554/441 980/504/441
f 1105/227/442 1106/167/442 1128/168/442 1135/555/442 1136/559/442 1155/123/442 1154/254/442
f 936/25/443 976/24/443 985/113/443 984/255/443 921/212/443 922/211/443
f 985/113/444 986/114/444 992/115/444 991/428/444 990/560/444 989/118/444 988/40/444 979/436/444 980/504/444 981/554/444 982/123/444 983/423/444 984/255/444
f 952/557/445 1021/484/445 1020/561/445 1013/309/445 992/115/445 986/114/445 977/23/445 937/22/445 924/209/445 925/208/445 938/304/445 947/553/445
f 989/118/446 990/560/446 995/156/446 994/434/446
f 990/560/447 991/428/447 996/165/447 995/156/447
f 995/156/448 996/165/448 999/427/448 998/155/448
f 997/435/449 998/155/449 1001/501/449 1000/500/449
f 998/155/450 999/427/450 1002/426/450 1001/501/450
f 1172/349/451 1173/81/451 1176/289/451 1175/288/451
f 1001/501/452 1002/426/452 1006/163/452 1005/288/452
f 1174/416/453 1181/415/453 1180/378/453 1170/562/453 1171/162/453
f 668/407/454 669/111/454 670/14/454 679/503/454 678/385/454 677/386/454 676/68/454 666/107/454 667/408/454
f 633/496/455 634/497/455 643/288/455 642/476/455 632/414/455
f 1133/130/456 64/56/456 63/101/456 1139/512/456 1138/558/456 1137/82/456
f 1022/563/457 1023/564/457 1029/233/457 1028/17/457
f 1023/564/458 1024/565/458 1030/231/458 1029/233/458
f 1024/565/459 1025/525/459 1031/236/459 1030/231/459
f 284/256/460 309/295/460 308/261/460 283/257/460
f 1026/526/461 1027/556/461 1033/297/461 1032/237/461
f 1199/237/462 1213/520/462 1218/441/462 1217/444/462 1198/297/462
f 1034/245/463 1035/244/463 1038/566/463 1037/246/463
f 1035/244/464 1036/243/464 1039/242/464 1038/566/464
f 1037/246/465 1038/566/465 1041/240/465 1040/247/465
f 1038/566/466 1039/242/466 1042/241/466 1041/240/466
f 88/359/467 911/178/467 910/205/467 914/216/467 930/173/467 944/552/467 945/74/467 946/73/467 932/72/467 933/219/467 951/220/467 950/464/467 943/58/467 929/456/467 913/487/467 912/7/467 909/468/467 908/467/467 89/364/467
f 1040/247/468 1041/240/468 1044/239/468 1043/248/468
f 237/12/469 217/13/469 208/14/469 198/15/469 160/16/469 161/17/469 271/18/469 270/19/469
f 1043/248/470 1044/239/470 1052/424/470 1051/249/470
f 751/284/471 765/283/471 764/424/471 750/425/471
f 196/67/472 197/71/472 198/15/472 208/14/472 207/111/472 206/140/472 205/132/472 204/131/472 195/68/472
f 1047/112/473 1048/419/473 1058/147/473 1057/111/473
f 1168/427/474 1171/162/474 1170/562/474 1180/378/474 1179/379/474 1187/430/474 1186/567/474 1178/382/474 1177/309/474 1160/568/474 1161/569/474 1165/165/474
f 331/318/475 71/330/475 72/328/475 330/319/475
f 121/328/476 1134/319/476 1144/367/476 122/329/476
f 1057/111/477 1058/147/477 1062/135/477 1061/110/477
f 1228/144/478 1229/151/478 1233/406/478 1232/570/478 1238/571/478 1237/146/478 1236/145/478
f 1233/406/479 1234/110/479 1240/109/479 1239/133/479 1238/571/479 1232/570/479
f 1064/572/480 1065/402/480 1074/68/480 1073/316/480 1072/437/480
f 1066/139/481 1067/138/481 1076/106/481 1075/401/481
f 1238/571/482 1239/133/482 1246/106/482 1245/105/482 1236/145/482 1237/146/482
f 458/19/483 459/18/483 465/235/483 464/400/483 455/230/483 456/229/483 457/144/483
f 1201/235/484 1244/104/484 1243/103/484 1235/253/484 1200/260/484
f 723/508/485 731/443/485 742/486/485 750/425/485 764/424/485 772/249/485 771/274/485 150/251/485 149/262/485
f 122/329/486 1144/367/486 1150/321/486 123/42/486
f 976/24/487 977/23/487 986/114/487 985/113/487
f 3/513/488 89/364/488 908/467/488 9/466/488
f 88/359/489 7/360/489 116/206/489 911/178/489
f 534/85/490 116/100/490 7/527/490 88/100/490 526/217/490 104/310/490 103/371/490 535/223/490
f 91/358/491 90/357/491 1086/5/491 1100/7/491 1099/487/491
f 454/185/492 463/186/492 462/227/492 451/417/492 452/184/492
f 23/28/493 1046/15/493 1056/403/493 24/573/493
f 1231/71/494 52/70/494 51/66/494 50/69/494 1250/369/494 1242/572/494 1241/67/494
f 1083/312/495 105/311/495 5/527/495 155/100/495
f 28/314/496 1082/313/496 154/89/496 1/226/496
f 1148/506/497 1149/334/497 62/333/497 61/353/497 1158/524/497 1157/504/497
f 20/338/498 1022/563/498 1028/17/498 21/299/498
f 16/351/499 1000/500/499 1004/35/499 17/290/499
f 15/38/500 997/435/500 1000/500/500 16/351/500
f 1199/237/501 1200/260/501 1235/253/501 130/373/501 129/574/501 128/442/501 1227/263/501 1220/249/501 1215/248/501 1212/575/501 1209/246/501 1206/576/501 1205/271/501 1204/243/501 1207/280/501 1210/577/501 1211/268/501 1214/239/501 1213/520/501
f 926/207/502 115/195/502 114/194/502 940/480/502 939/479/502
f 72/101/503 366/46/503 365/45/503 364/334/503 73/333/503
f 973/334/504 974/506/504 980/504/504 979/436/504 13/353/504 12/333/504
f 1087/550/505 1088/208/505 1102/304/505 1101/518/505
f 464/400/506 465/235/506 471/257/506 470/253/506 469/399/506
f 800/185/507 804/184/507 803/167/507 797/166/507 798/186/507
f 447/202/508 448/337/508 452/184/508 451/417/508 450/203/508
f 918/214/509 959/222/509 958/221/509 951/220/509 933/219/509 917/215/509
f 1095/215/510 1096/77/510 1108/72/510 1107/219/510
f 629/72/511 630/77/511 641/181/511 640/174/511 639/74/511 628/199/511
f 1097/76/512 1098/216/512 1110/490/512 1109/551/512
f 1099/487/513 1100/7/513 1112/469/513 1111/456/513
f 11/101/514 963/521/514 970/83/514 969/510/514 973/334/514 12/333/514
f 1101/518/515 1102/304/515 1116/553/515 1115/482/515
f 1109/551/516 1110/490/516 1119/172/516 1118/74/516
f 1111/456/517 1112/469/517 1121/458/517 1120/58/517
f 1112/469/518 1113/9/518 1122/488/518 1121/458/518
f 521/324/519 525/366/519 524/365/519 520/317/519 509/306/519 510/305/519
f 961/472/520 962/471/520 968/578/520 967/319/520
f 1198/297/521 1217/444/521 1216/443/521 1159/331/521 1150/321/521 1144/367/521 1134/319/521 1127/472/521 1124/317/521 1125/557/521 1184/579/521 1192/556/521
f 1130/221/522 1131/465/522 1136/559/522 1135/555/522 1128/168/522 1129/222/522
f 425/12/523 458/19/523 457/144/523 404/141/523 405/13/523
f 1140/405/524 1147/502/524 1156/554/524 1155/123/524 1136/559/524 1131/465/524 1132/53/524
f 1114/481/525 1115/482/525 1116/553/525 1125/557/525 1124/317/525 1123/519/525
f 1138/558/526 1139/512/526 1143/335/526 1142/83/526
f 1140/405/527 1141/404/527 1148/506/527 1147/502/527
f 374/48/528 389/84/528 388/126/528 364/334/528 365/45/528
f 1091/212/529 1153/255/529 1152/413/529 1146/24/529 1104/25/529 1090/211/529
f 451/417/530 462/227/530 461/124/530 408/123/530 409/143/530 449/204/530 450/203/530
f 1147/502/531 1148/506/531 1157/504/531 1156/554/531
f 287/25/532 315/22/532 314/302/532 286/24/532
f 1103/22/533 1145/1/533 1151/114/533 1160/568/533 1177/309/533 1185/580/533 1184/579/533 1125/557/533 1116/553/533 1102/304/533 1088/208/533 1089/189/533
f 681/506/534 697/334/534 139/333/534 140/353/534 717/505/534 680/504/534
f 1151/114/535 1152/413/535 1153/255/535 1154/254/535 1155/123/535 1156/554/535 1157/504/535 1158/524/535 1164/523/535 1163/522/535 1162/581/535 1161/569/535 1160/568/535
f 242/164/536 243/165/536 244/116/536 312/115/536 311/309/536 301/346/536 300/345/536 253/344/536 254/343/536 248/342/536 249/418/536 241/162/536
f 1161/569/537 1162/581/537 1166/156/537 1165/165/537
f 1162/581/538 1163/522/538 1167/434/538 1166/156/538
f 1165/165/539 1166/156/539 1169/155/539 1168/427/539
f 1168/427/540 1169/155/540 1172/349/540 1171/162/540
f 1056/403/541 1065/402/541 1064/572/541 1072/437/541 26/438/541 25/66/541 24/573/541
f 813/378/542 814/377/542 822/162/542 821/497/542 820/496/542
f 1171/162/543 1172/349/543 1175/288/543 1174/416/543
f 227/287/544 228/161/544 240/163/544 239/341/544 238/340/544
f 1189/287/545 1190/286/545 1182/285/545 1183/292/545 1191/291/545 57/33/545 56/338/545 1197/582/545 1196/583/545 1195/234/545 1194/493/545 1193/295/545 1192/556/545 1184/579/545 1185/580/545 1177/309/545 1178/382/545 1186/567/545 1187/430/545 1179/379/545 1180/378/545 1181/415/545 1188/414/545
f 573/189/546 597/188/546 596/3/546 572/2/546
f 1192/556/547 1193/295/547 1199/237/547 1198/297/547
f 724/26/548 732/473/548 731/443/548 723/508/548
f 132/108/549 1251/86/549 1248/68/549 1249/63/549 1252/87/549 49/225/549 48/314/549 1254/584/549 157/89/549 156/585/549 1253/312/549 133/586/549
f 1194/493/550 1195/234/550 1201/235/550 1200/260/550
f 1195/234/551 1196/583/551 1202/233/551 1201/235/551
f 1196/583/552 1197/582/552 1203/298/552 1202/233/552
f 495/238/553 496/261/553 506/297/553 505/266/553 494/265/553
f 993/331/554 111/41/554 110/262/554 1055/443/554
f 471/257/555 496/261/555 495/238/555 484/267/555 485/268/555 490/241/555 491/242/555 492/272/555 487/271/555 482/270/555 481/246/555 480/247/555 479/248/555 478/249/555 477/263/555 101/251/555 102/252/555 470/253/555
f 1204/243/556 1205/271/556 1208/566/556 1207/280/556
f 1205/271/557 1206/576/557 1209/246/557 1208/566/557
f 1207/280/558 1208/566/558 1211/268/558 1210/577/558
f 1208/566/559 1209/246/559 1212/575/559 1211/268/559
f 1211/268/560 1212/575/560 1215/248/560 1214/239/560
f 1225/15/561 1226/301/561 53/28/561 52/70/561 1231/71/561
f 296/267/562 307/238/562 306/265/562 295/264/562
f 1214/239/563 1215/248/563 1220/249/563 1219/424/563
f 709/29/564 679/503/564 670/14/564 660/13/564 631/509/564 606/19/564 607/422/564 710/30/564
f 682/84/565 690/83/565 698/335/565 697/334/565 681/506/565
f 793/19/566 818/509/566 847/13/566 846/147/566 792/411/566
f 1223/150/567 1224/112/567 1230/111/567 1229/151/567
f 538/44/568 537/26/568 99/370/568 529/26/568 530/327/568 531/326/568 98/42/568 539/43/568
f 742/486/569 743/485/569 752/261/569 751/284/569 750/425/569
f 355/119/570 414/118/570 413/157/570 419/156/570 418/79/570 354/78/570
f 1229/151/571 1230/111/571 1234/110/571 1233/406/571
f 591/273/572 592/260/572 599/421/572 598/104/572 590/103/572
f 270/19/573 271/18/573 277/235/573 276/400/573 267/230/573 268/229/573 269/144/573
f 223/137/574 265/228/574 268/229/574 267/230/574 213/134/574 214/133/574
f 1239/133/575 1240/109/575 1247/107/575 1246/106/575
f 1241/67/576 1242/572/576 1250/369/576 1249/63/576 1248/68/576
f 1015/477/577 1016/476/577 1017/528/577 1009/496/577 1010/431/577 1011/379/577 1018/430/577 1019/345/577 1012/429/577 1013/309/577 1020/561/577 1021/484/577 1027/556/577 1026/526/577 1025/525/577 1024/565/577 1023/564/577 1022/563/577 20/338/577 19/33/577 1014/291/577 1007/292/577 1008/348/577
f 673/405/578 674/53/578 684/507/578 683/82/578 682/84/578
f 8/360/579 92/359/579 1084/178/579 117/206/579
f 45/49/580 46/354/580 169/356/580 170/11/580 174/10/580 173/9/580 172/20/580 179/21/580 189/58/580 190/57/580 191/59/580 181/7/580 182/6/580 171/5/580 48/357/580 49/587/580 50/588/580 51/358/580 52/589/580 53/543/580 54/542/580 55/590/580 56/591/580 57/592/580 58/593/580 59/594/580 60/595/580 61/539/580 62/538/580 63/537/580 64/596/580 65/597/580 66/598/580 67/359/580 345/178/580 236/336/580 235/176/580 234/173/580 233/172/580 245/175/580 250/199/580 251/198/580 257/201/580 256/50/580
f 90/357/581 4/513/581 67/466/581 1086/5/581
f 978/367/582 113/329/582 112/42/582 987/321/582
f 1173/81/583 59/351/583 58/290/583 1176/289/583
f 1197/582/584 56/338/584 55/299/584 1203/298/584
f 934/167/585 935/227/585 983/423/585 982/123/585 965/143/585 966/555/585 960/203/585
f 1254/584/586 48/314/586 2/226/586 157/89/586
f 1071/253/587 108/252/587 107/371/587 1079/103/587
f 133/586/588 1253/312/588 156/585/588 6/527/588
f 948/482/589 949/481/589 940/480/589 114/194/589 113/329/589 978/367/589 967/319/589 968/578/589 962/471/589 954/470/589 953/317/589 952/557/589 947/553/589
f 902/39/590 903/40/590 40/352/590 167/119/590 166/78/590 39/38/590
f 1202/233/591 1221/148/591 1228/144/591 1236/145/591 1245/105/591 1244/104/591 1201/235/591
f 375/47/592 390/82/592 389/84/592 374/48/592
f 4/513/593 90/357/593 359/5/593 358/11/593 68/195/593 344/192/593 345/178/593 67/359/593
f 1084/178/594 1085/179/594 1098/216/594 1097/76/594 1096/77/594 1095/215/594 1094/214/594 1093/184/594 1092/186/594 1091/212/594 1090/211/594 1089/189/594 1088/208/594 1087/550/594 118/195/594 117/206/594
